"Dirección","Repeticiones","Indexabilidad","Estado de indexabilidad","Elemento de enlace canónico 1","Canonical HTTP","Meta robots 1","X-Robots-Tag 1","rel=""next"" 1","rel=""prev"" 1","HTTP rel=""next"" 1","HTTP rel=""prev"" 1"
"https://clinicabelba.com/","1","Indexable","","https://clinicabelba.com/","","index, follow, max-image-preview:large, max-snippet:-1, max-video-preview:-1","","","","",""
"https://clinicabelba.com/mini-lifting-facial-barcelona/","1","Indexable","","https://clinicabelba.com/mini-lifting-facial-barcelona/","","index, follow, max-image-preview:large, max-snippet:-1, max-video-preview:-1","","","","",""
"https://clinicabelba.com/fr/","1","Indexable","","https://clinicabelba.com/fr/","","index, follow, max-image-preview:large, max-snippet:-1, max-video-preview:-1","","","","",""
"https://clinicabelba.com/mommy-makeover-barcelona/","1","Indexable","","https://clinicabelba.com/mommy-makeover-barcelona/","","index, follow, max-image-preview:large, max-snippet:-1, max-video-preview:-1","","","","",""
"https://clinicabelba.com/remodelacion-costal/","1","Indexable","","https://clinicabelba.com/remodelacion-costal/","","index, follow, max-image-preview:large, max-snippet:-1, max-video-preview:-1","","","","",""
"https://clinicabelba.com/minimal-scar/","1","Indexable","","https://clinicabelba.com/minimal-scar/","","index, follow, max-image-preview:large, max-snippet:-1, max-video-preview:-1","","","","",""
"https://clinicabelba.com/abdominoplastia-barcelona/","1","Indexable","","https://clinicabelba.com/abdominoplastia-barcelona/","","index, follow, max-image-preview:large, max-snippet:-1, max-video-preview:-1","","","","",""
"https://clinicabelba.com/lifting-de-brazos/","1","Indexable","","https://clinicabelba.com/lifting-de-brazos/","","index, follow, max-image-preview:large, max-snippet:-1, max-video-preview:-1","","","","",""
"https://clinicabelba.com/politica-de-privacidad/","1","Indexable","","https://clinicabelba.com/politica-de-privacidad/","","index, follow, max-image-preview:large, max-snippet:-1, max-video-preview:-1","","","","",""
"https://clinicabelba.com/aumento-pecho-barcelona/","1","Indexable","","https://clinicabelba.com/aumento-pecho-barcelona/","","index, follow, max-image-preview:large, max-snippet:-1, max-video-preview:-1","","","","",""
"https://clinicabelba.com/aumento-de-gluteos-barcelona/","1","Indexable","","https://clinicabelba.com/aumento-de-gluteos-barcelona/","","index, follow, max-image-preview:large, max-snippet:-1, max-video-preview:-1","","","","",""
"https://clinicabelba.com/vaginoplastia/","1","Indexable","","https://clinicabelba.com/vaginoplastia/","","index, follow, max-image-preview:large, max-snippet:-1, max-video-preview:-1","","","","",""
"https://clinicabelba.com/aumento-pecho-preserve/","1","Indexable","","https://clinicabelba.com/aumento-pecho-preserve/","","index, follow, max-image-preview:large, max-snippet:-1, max-video-preview:-1","","","","",""
"https://clinicabelba.com/consulta-online/","0","No indexable","noindex","","","noindex, nofollow","","","","",""
"https://clinicabelba.com/blefaroplastia-antes-y-despues/","1","Indexable","","https://clinicabelba.com/blefaroplastia-antes-y-despues/","","index, follow, max-image-preview:large, max-snippet:-1, max-video-preview:-1","","","","",""
"https://clinicabelba.com/quienes-somos/","1","Indexable","","https://clinicabelba.com/quienes-somos/","","index, follow, max-image-preview:large, max-snippet:-1, max-video-preview:-1","","","","",""
"https://clinicabelba.com/lobuloplastia-barcelona/","1","Indexable","","https://clinicabelba.com/lobuloplastia-barcelona/","","index, follow, max-image-preview:large, max-snippet:-1, max-video-preview:-1","","","","",""
"https://clinicabelba.com/politica-de-cookies/","1","Indexable","","https://clinicabelba.com/politica-de-cookies/","","index, follow, max-image-preview:large, max-snippet:-1, max-video-preview:-1","","","","",""
"https://clinicabelba.com/de/","1","Indexable","","https://clinicabelba.com/de/","","index, follow, max-image-preview:large, max-snippet:-1, max-video-preview:-1","","","","",""
"https://clinicabelba.com/blefaroplastia/","1","Indexable","","https://clinicabelba.com/blefaroplastia/","","index, follow, max-image-preview:large, max-snippet:-1, max-video-preview:-1","","","","",""
"https://clinicabelba.com/rinoplastia-barcelona/","1","Indexable","","https://clinicabelba.com/rinoplastia-barcelona/","","index, follow, max-image-preview:large, max-snippet:-1, max-video-preview:-1","","","","",""
"https://clinicabelba.com/ginecomastia-barcelona/","1","Indexable","","https://clinicabelba.com/ginecomastia-barcelona/","","index, follow, max-image-preview:large, max-snippet:-1, max-video-preview:-1","","","","",""
"https://clinicabelba.com/en/","1","Indexable","","https://clinicabelba.com/en/","","index, follow, max-image-preview:large, max-snippet:-1, max-video-preview:-1","","","","",""
"https://clinicabelba.com/reduccion-de-areola/","1","Indexable","","https://clinicabelba.com/reduccion-de-areola/","","index, follow, max-image-preview:large, max-snippet:-1, max-video-preview:-1","","","","",""
"https://clinicabelba.com/liposuccion-de-alta-definicion/","1","Indexable","","https://clinicabelba.com/liposuccion-de-alta-definicion/","","index, follow, max-image-preview:large, max-snippet:-1, max-video-preview:-1","","","","",""
"https://clinicabelba.com/lipo-vaser/","1","Indexable","","https://clinicabelba.com/lipo-vaser/","","index, follow, max-image-preview:large, max-snippet:-1, max-video-preview:-1","","","","",""
"https://clinicabelba.com/contacto/","1","Indexable","","https://clinicabelba.com/contacto/","","index, follow, max-image-preview:large, max-snippet:-1, max-video-preview:-1","","","","",""
"https://clinicabelba.com/cirugia-de-la-mama/","1","Indexable","","https://clinicabelba.com/cirugia-de-la-mama/","","index, follow, max-image-preview:large, max-snippet:-1, max-video-preview:-1","","","","",""
"https://clinicabelba.com/ca/","1","Indexable","","https://clinicabelba.com/ca/","","index, follow, max-image-preview:large, max-snippet:-1, max-video-preview:-1","","","","",""
"https://clinicabelba.com/rinoplastia-antes-y-despues/","1","Indexable","","https://clinicabelba.com/rinoplastia-antes-y-despues/","","index, follow, max-image-preview:large, max-snippet:-1, max-video-preview:-1","","","","",""
"https://clinicabelba.com/it/","1","Indexable","","https://clinicabelba.com/it/","","index, follow, max-image-preview:large, max-snippet:-1, max-video-preview:-1","","","","",""
"https://clinicabelba.com/rinomodelacion-barcelona/","1","Indexable","","https://clinicabelba.com/rinomodelacion-barcelona/","","index, follow, max-image-preview:large, max-snippet:-1, max-video-preview:-1","","","","",""
"https://clinicabelba.com/guia-del-paciente/","1","Indexable","","https://clinicabelba.com/guia-del-paciente/","","index, follow, max-image-preview:large, max-snippet:-1, max-video-preview:-1","","","","",""
"https://clinicabelba.com/aumento-de-pecho-tecnica-brst/","1","Indexable","","https://clinicabelba.com/aumento-de-pecho-tecnica-brst/","","index, follow, max-image-preview:large, max-snippet:-1, max-video-preview:-1","","","","",""
"https://clinicabelba.com/cirujanos-plasticos-barcelona/","1","Indexable","","https://clinicabelba.com/cirujanos-plasticos-barcelona/","","index, follow, max-image-preview:large, max-snippet:-1, max-video-preview:-1","","","","",""
"https://clinicabelba.com/mentoplastia-barcelona/","1","Indexable","","https://clinicabelba.com/mentoplastia-barcelona/","","index, follow, max-image-preview:large, max-snippet:-1, max-video-preview:-1","","","","",""
"https://clinicabelba.com/cirugia-corporal/","1","Indexable","","https://clinicabelba.com/cirugia-corporal/","","index, follow, max-image-preview:large, max-snippet:-1, max-video-preview:-1","","","","",""
"https://clinicabelba.com/ginecomastia-antes-y-despues/","1","Indexable","","https://clinicabelba.com/ginecomastia-antes-y-despues/","","index, follow, max-image-preview:large, max-snippet:-1, max-video-preview:-1","","","","",""
"https://clinicabelba.com/lifting-de-muslos/","1","Indexable","","https://clinicabelba.com/lifting-de-muslos/","","index, follow, max-image-preview:large, max-snippet:-1, max-video-preview:-1","","","","",""
"https://clinicabelba.com/lifting-facial-barcelona/","1","Indexable","","https://clinicabelba.com/lifting-facial-barcelona/","","index, follow, max-image-preview:large, max-snippet:-1, max-video-preview:-1","","","","",""
"https://clinicabelba.com/reduccion-de-mama/","1","Indexable","","https://clinicabelba.com/reduccion-de-mama/","","index, follow, max-image-preview:large, max-snippet:-1, max-video-preview:-1","","","","",""
"https://clinicabelba.com/liposuccion-barcelona/","1","Indexable","","https://clinicabelba.com/liposuccion-barcelona/","","index, follow, max-image-preview:large, max-snippet:-1, max-video-preview:-1","","","","",""
"https://clinicabelba.com/labioplastia/","1","Indexable","","https://clinicabelba.com/labioplastia/","","index, follow, max-image-preview:large, max-snippet:-1, max-video-preview:-1","","","","",""
"https://clinicabelba.com/otoplastia/","1","Indexable","","https://clinicabelba.com/otoplastia/","","index, follow, max-image-preview:large, max-snippet:-1, max-video-preview:-1","","","","",""
"https://clinicabelba.com/nl/","1","Indexable","","https://clinicabelba.com/nl/","","index, follow, max-image-preview:large, max-snippet:-1, max-video-preview:-1","","","","",""
"https://clinicabelba.com/cirugia-intima/","1","Indexable","","https://clinicabelba.com/cirugia-intima/","","index, follow, max-image-preview:large, max-snippet:-1, max-video-preview:-1","","","","",""
"https://clinicabelba.com/tipos-aumento-de-pecho/","1","Indexable","","https://clinicabelba.com/tipos-aumento-de-pecho/","","index, follow, max-image-preview:large, max-snippet:-1, max-video-preview:-1","","","","",""
"https://clinicabelba.com/lipovaser-antes-y-despues/","1","Indexable","","https://clinicabelba.com/lipovaser-antes-y-despues/","","index, follow, max-image-preview:large, max-snippet:-1, max-video-preview:-1","","","","",""
"https://clinicabelba.com/uk/","1","Indexable","","https://clinicabelba.com/uk/","","index, follow, max-image-preview:large, max-snippet:-1, max-video-preview:-1","","","","",""
"https://clinicabelba.com/test-paciente/","0","No indexable","noindex","","","noindex, nofollow","","","","",""
"https://clinicabelba.com/cirugia-facial/","0","No indexable","noindex","","","noindex, nofollow","","","","",""
"https://clinicabelba.com/recambio-de-protesis/","1","Indexable","","https://clinicabelba.com/recambio-de-protesis/","","index, follow, max-image-preview:large, max-snippet:-1, max-video-preview:-1","","","","",""
"https://clinicabelba.com/aviso-legal/","1","Indexable","","https://clinicabelba.com/aviso-legal/","","index, follow, max-image-preview:large, max-snippet:-1, max-video-preview:-1","","","","",""
"https://clinicabelba.com/elevacion-de-mama/","1","Indexable","","https://clinicabelba.com/elevacion-de-mama/","","index, follow, max-image-preview:large, max-snippet:-1, max-video-preview:-1","","","","",""
"https://clinicabelba.com/liposuccion-de-monte-de-venus/","1","Indexable","","https://clinicabelba.com/liposuccion-de-monte-de-venus/","","index, follow, max-image-preview:large, max-snippet:-1, max-video-preview:-1","","","","",""
"https://clinicabelba.com/ru/","1","Indexable","","https://clinicabelba.com/ru/","","index, follow, max-image-preview:large, max-snippet:-1, max-video-preview:-1","","","","",""
"https://clinicabelba.com/abdominoplastia-antes-y-despues/","1","Indexable","","https://clinicabelba.com/abdominoplastia-antes-y-despues/","","index, follow, max-image-preview:large, max-snippet:-1, max-video-preview:-1","","","","",""
"https://clinicabelba.com/blog/","1","Indexable","","https://clinicabelba.com/blog/","","index, follow, max-image-preview:large, max-snippet:-1, max-video-preview:-1","","","","",""
"https://clinicabelba.com/de/mini-lifting-gesicht-barcelona/","1","Indexable","","https://clinicabelba.com/de/mini-lifting-gesicht-barcelona/","","index, follow, max-image-preview:large, max-snippet:-1, max-video-preview:-1","","","","",""
"https://clinicabelba.com/it/mini-lifting-facciale-barcellona/","1","Indexable","","https://clinicabelba.com/it/mini-lifting-facciale-barcellona/","","index, follow, max-image-preview:large, max-snippet:-1, max-video-preview:-1","","","","",""
"https://clinicabelba.com/nl/mini-facelift-barcelona/","1","Indexable","","https://clinicabelba.com/nl/mini-facelift-barcelona/","","index, follow, max-image-preview:large, max-snippet:-1, max-video-preview:-1","","","","",""
"https://clinicabelba.com/uk/міні-ліфтинг-обличчя-в-барселоні/","1","Indexable","","https://clinicabelba.com/uk/міні-ліфтинг-обличчя-в-барселоні/","","index, follow, max-image-preview:large, max-snippet:-1, max-video-preview:-1","","","","",""
"https://clinicabelba.com/en/mini-lifting-facial-barcelona/","1","Indexable","","https://clinicabelba.com/en/mini-lifting-facial-barcelona/","","index, follow, max-image-preview:large, max-snippet:-1, max-video-preview:-1","","","","",""
"https://clinicabelba.com/ru/мини-лифтинг-лица-барселона/","1","Indexable","","https://clinicabelba.com/ru/мини-лифтинг-лица-барселона/","","index, follow, max-image-preview:large, max-snippet:-1, max-video-preview:-1","","","","",""
"https://clinicabelba.com/fr/mini-lifting-facial-barcelone/","1","Indexable","","https://clinicabelba.com/fr/mini-lifting-facial-barcelone/","","index, follow, max-image-preview:large, max-snippet:-1, max-video-preview:-1","","","","",""
"https://clinicabelba.com/ca/mini-lifting-facial-barcelona/","1","Indexable","","https://clinicabelba.com/ca/mini-lifting-facial-barcelona/","","index, follow, max-image-preview:large, max-snippet:-1, max-video-preview:-1","","","","",""
"https://clinicabelba.com/uk/лабіопластика/","1","Indexable","","https://clinicabelba.com/uk/лабіопластика/","","index, follow, max-image-preview:large, max-snippet:-1, max-video-preview:-1","","","","",""
"https://clinicabelba.com/nl/labiaplastiek/","1","Indexable","","https://clinicabelba.com/nl/labiaplastiek/","","index, follow, max-image-preview:large, max-snippet:-1, max-video-preview:-1","","","","",""
"https://clinicabelba.com/ru/лабиопластика/","1","Indexable","","https://clinicabelba.com/ru/лабиопластика/","","index, follow, max-image-preview:large, max-snippet:-1, max-video-preview:-1","","","","",""
"https://clinicabelba.com/nl/otoplastie/","1","Indexable","","https://clinicabelba.com/nl/otoplastie/","","index, follow, max-image-preview:large, max-snippet:-1, max-video-preview:-1","","","","",""
"https://clinicabelba.com/ru/отопластика/","1","Indexable","","https://clinicabelba.com/ru/отопластика/","","index, follow, max-image-preview:large, max-snippet:-1, max-video-preview:-1","","","","",""
"https://clinicabelba.com/uk/отопластика/","1","Indexable","","https://clinicabelba.com/uk/отопластика/","","index, follow, max-image-preview:large, max-snippet:-1, max-video-preview:-1","","","","",""
"https://clinicabelba.com/nl/lipovaser-voor-en-na/","1","Indexable","","https://clinicabelba.com/nl/lipovaser-voor-en-na/","","index, follow, max-image-preview:large, max-snippet:-1, max-video-preview:-1","","","","",""
"https://clinicabelba.com/nl/borstvergroting/","1","Indexable","","https://clinicabelba.com/nl/borstvergroting/","","index, follow, max-image-preview:large, max-snippet:-1, max-video-preview:-1","","","","",""
"https://clinicabelba.com/nl/online-consult/","0","No indexable","noindex","","","noindex, nofollow","","","","",""
"https://clinicabelba.com/nl/intieme-chirurgie/","1","Indexable","","https://clinicabelba.com/nl/intieme-chirurgie/","","index, follow, max-image-preview:large, max-snippet:-1, max-video-preview:-1","","","","",""
"https://clinicabelba.com/nl/liposuctie-venusheuvel/","1","Indexable","","https://clinicabelba.com/nl/liposuctie-venusheuvel/","","index, follow, max-image-preview:large, max-snippet:-1, max-video-preview:-1","","","","",""
"https://clinicabelba.com/nl/prothese-wisseling/","1","Indexable","","https://clinicabelba.com/nl/prothese-wisseling/","","index, follow, max-image-preview:large, max-snippet:-1, max-video-preview:-1","","","","",""
"https://clinicabelba.com/nl/soorten-borstvergroting/","1","Indexable","","https://clinicabelba.com/nl/soorten-borstvergroting/","","index, follow, max-image-preview:large, max-snippet:-1, max-video-preview:-1","","","","",""
"https://clinicabelba.com/nl/blog/","1","Indexable","","https://clinicabelba.com/nl/blog/","","index, follow, max-image-preview:large, max-snippet:-1, max-video-preview:-1","","","","",""
"https://clinicabelba.com/nl/test-patient/","0","No indexable","noindex","","","noindex, nofollow","","","","",""
"https://clinicabelba.com/nl/buikwandcorrectie-voor-en-na/","1","Indexable","","https://clinicabelba.com/nl/buikwandcorrectie-voor-en-na/","","index, follow, max-image-preview:large, max-snippet:-1, max-video-preview:-1","","","","",""
"https://clinicabelba.com/nl/juridische-mededeling/","1","Indexable","","https://clinicabelba.com/nl/juridische-mededeling/","","index, follow, max-image-preview:large, max-snippet:-1, max-video-preview:-1","","","","",""
"https://clinicabelba.com/nl/gezichtsoperatie/","0","No indexable","noindex","","","noindex, nofollow","","","","",""
"https://clinicabelba.com/monte-de-venus-abultado/","1","Indexable","","https://clinicabelba.com/monte-de-venus-abultado/","","index, follow, max-image-preview:large, max-snippet:-1, max-video-preview:-1","","","","",""
"https://clinicabelba.com/ru/интимная-хирургия/","1","Indexable","","https://clinicabelba.com/ru/интимная-хирургия/","","index, follow, max-image-preview:large, max-snippet:-1, max-video-preview:-1","","","","",""
"https://clinicabelba.com/vaginoplastia-cuando-se-recomienda/","1","Indexable","","https://clinicabelba.com/vaginoplastia-cuando-se-recomienda/","","index, follow, max-image-preview:large, max-snippet:-1, max-video-preview:-1","","","","",""
"https://clinicabelba.com/uk/хірургія-інтимних-органів/","1","Indexable","","https://clinicabelba.com/uk/хірургія-інтимних-органів/","","index, follow, max-image-preview:large, max-snippet:-1, max-video-preview:-1","","","","",""
"https://clinicabelba.com/ru/типы-увеличения-груди/","1","Indexable","","https://clinicabelba.com/ru/типы-увеличения-груди/","","index, follow, max-image-preview:large, max-snippet:-1, max-video-preview:-1","","","","",""
"https://clinicabelba.com/uk/види-збільшення-грудей/","1","Indexable","","https://clinicabelba.com/uk/види-збільшення-грудей/","","index, follow, max-image-preview:large, max-snippet:-1, max-video-preview:-1","","","","",""
"https://clinicabelba.com/uk/lipovaser-до-і-після/","1","Indexable","","https://clinicabelba.com/uk/lipovaser-до-і-після/","","index, follow, max-image-preview:large, max-snippet:-1, max-video-preview:-1","","","","",""
"https://clinicabelba.com/ru/липосакция-до-и-после/","1","Indexable","","https://clinicabelba.com/ru/липосакция-до-и-после/","","index, follow, max-image-preview:large, max-snippet:-1, max-video-preview:-1","","","","",""
"https://clinicabelba.com/uk/ліпосакція-лобка/","1","Indexable","","https://clinicabelba.com/uk/ліпосакція-лобка/","","index, follow, max-image-preview:large, max-snippet:-1, max-video-preview:-1","","","","",""
"https://clinicabelba.com/uk/підтяжка-грудей/","1","Indexable","","https://clinicabelba.com/uk/підтяжка-грудей/","","index, follow, max-image-preview:large, max-snippet:-1, max-video-preview:-1","","","","",""
"https://clinicabelba.com/uk/тест-пацієнта/","0","No indexable","noindex","","","noindex, nofollow","","","","",""
"https://clinicabelba.com/uk/абдомінопластика-до-і-після/","1","Indexable","","https://clinicabelba.com/uk/абдомінопластика-до-і-після/","","index, follow, max-image-preview:large, max-snippet:-1, max-video-preview:-1","","","","",""
"https://clinicabelba.com/uk/блог/","1","Indexable","","https://clinicabelba.com/uk/блог/","","index, follow, max-image-preview:large, max-snippet:-1, max-video-preview:-1","","","","",""
"https://clinicabelba.com/uk/онлайн-консультація/","0","No indexable","noindex","","","noindex, nofollow","","","","",""
"https://clinicabelba.com/uk/юридичне-повідомлення/","1","Indexable","","https://clinicabelba.com/uk/юридичне-повідомлення/","","index, follow, max-image-preview:large, max-snippet:-1, max-video-preview:-1","","","","",""
"https://clinicabelba.com/uk/пластична-хірургія-обличчя/","0","No indexable","noindex","","","noindex, nofollow","","","","",""
"https://clinicabelba.com/uk/заміна-протеза/","1","Indexable","","https://clinicabelba.com/uk/заміна-протеза/","","index, follow, max-image-preview:large, max-snippet:-1, max-video-preview:-1","","","","",""
"https://clinicabelba.com/ru/правовая-оговорка/","1","Indexable","","https://clinicabelba.com/ru/правовая-оговорка/","","index, follow, max-image-preview:large, max-snippet:-1, max-video-preview:-1","","","","",""
"https://clinicabelba.com/ru/замена-протеза/","1","Indexable","","https://clinicabelba.com/ru/замена-протеза/","","index, follow, max-image-preview:large, max-snippet:-1, max-video-preview:-1","","","","",""
"https://clinicabelba.com/ru/подтяжка-груди/","1","Indexable","","https://clinicabelba.com/ru/подтяжка-груди/","","index, follow, max-image-preview:large, max-snippet:-1, max-video-preview:-1","","","","",""
"https://clinicabelba.com/ru/тест-пациента/","0","No indexable","noindex","","","noindex, nofollow","","","","",""
"https://clinicabelba.com/ru/липосакция-лобка/","1","Indexable","","https://clinicabelba.com/ru/липосакция-лобка/","","index, follow, max-image-preview:large, max-snippet:-1, max-video-preview:-1","","","","",""
"https://clinicabelba.com/ru/челюстно-лицевая-хирургия/","0","No indexable","noindex","","","noindex, nofollow","","","","",""
"https://clinicabelba.com/ru/онлайн-консультация/","0","No indexable","noindex","","","noindex, nofollow","","","","",""
"https://clinicabelba.com/ru/блог/","1","Indexable","","https://clinicabelba.com/ru/блог/","","index, follow, max-image-preview:large, max-snippet:-1, max-video-preview:-1","","","","",""
"https://clinicabelba.com/ru/абдоминопластика-до-и-после/","1","Indexable","","https://clinicabelba.com/ru/абдоминопластика-до-и-после/","","index, follow, max-image-preview:large, max-snippet:-1, max-video-preview:-1","","","","",""
"https://clinicabelba.com/fr/mentoplastia-barcelona/","1","Indexable","","https://clinicabelba.com/fr/mentoplastia-barcelona/","","index, follow, max-image-preview:large, max-snippet:-1, max-video-preview:-1","","","","",""
"https://clinicabelba.com/fr/lifting-des-bras/","1","Indexable","","https://clinicabelba.com/fr/lifting-des-bras/","","index, follow, max-image-preview:large, max-snippet:-1, max-video-preview:-1","","","","",""
"https://clinicabelba.com/fr/chirurgie-mammaire/","1","Indexable","","https://clinicabelba.com/fr/chirurgie-mammaire/","","index, follow, max-image-preview:large, max-snippet:-1, max-video-preview:-1","","","","",""
"https://clinicabelba.com/fr/chirurgiens-plasticiens-barcelone/","1","Indexable","","https://clinicabelba.com/fr/chirurgiens-plasticiens-barcelone/","","index, follow, max-image-preview:large, max-snippet:-1, max-video-preview:-1","","","","",""
"https://clinicabelba.com/fr/mastopexie/","1","Indexable","","https://clinicabelba.com/fr/mastopexie/","","index, follow, max-image-preview:large, max-snippet:-1, max-video-preview:-1","","","","",""
"https://clinicabelba.com/fr/cicatrice-minimale/","1","Indexable","","https://clinicabelba.com/fr/cicatrice-minimale/","","index, follow, max-image-preview:large, max-snippet:-1, max-video-preview:-1","","","","",""
"https://clinicabelba.com/fr/gynecomastie-avant-et-apres/","1","Indexable","","https://clinicabelba.com/fr/gynecomastie-avant-et-apres/","","index, follow, max-image-preview:large, max-snippet:-1, max-video-preview:-1","","","","",""
"https://clinicabelba.com/fr/augmentation-mammaire-technique-brst/","1","Indexable","","https://clinicabelba.com/fr/augmentation-mammaire-technique-brst/","","index, follow, max-image-preview:large, max-snippet:-1, max-video-preview:-1","","","","",""
"https://clinicabelba.com/fr/maman-relooking-barcelone/","1","Indexable","","https://clinicabelba.com/fr/maman-relooking-barcelone/","","index, follow, max-image-preview:large, max-snippet:-1, max-video-preview:-1","","","","",""
"https://clinicabelba.com/fr/consultation-en-ligne/","0","No indexable","noindex","","","noindex, nofollow","","","","",""
"https://clinicabelba.com/fr/reduction-dareole/","1","Indexable","","https://clinicabelba.com/fr/reduction-dareole/","","index, follow, max-image-preview:large, max-snippet:-1, max-video-preview:-1","","","","",""
"https://clinicabelba.com/fr/abdominoplastie-barcelone/","1","Indexable","","https://clinicabelba.com/fr/abdominoplastie-barcelone/","","index, follow, max-image-preview:large, max-snippet:-1, max-video-preview:-1","","","","",""
"https://clinicabelba.com/fr/augmentation-mammaire-sans-alteration-de-laspect-naturel/","1","Indexable","","https://clinicabelba.com/fr/augmentation-mammaire-sans-alteration-de-laspect-naturel/","","index, follow, max-image-preview:large, max-snippet:-1, max-video-preview:-1","","","","",""
"https://clinicabelba.com/fr/lipo-vaser/","1","Indexable","","https://clinicabelba.com/fr/lipo-vaser/","","index, follow, max-image-preview:large, max-snippet:-1, max-video-preview:-1","","","","",""
"https://clinicabelba.com/fr/lifting-de-cuisse/","1","Indexable","","https://clinicabelba.com/fr/lifting-de-cuisse/","","index, follow, max-image-preview:large, max-snippet:-1, max-video-preview:-1","","","","",""
"https://clinicabelba.com/fr/rhinoplastie-avant-et-apres/","1","Indexable","","https://clinicabelba.com/fr/rhinoplastie-avant-et-apres/","","index, follow, max-image-preview:large, max-snippet:-1, max-video-preview:-1","","","","",""
"https://clinicabelba.com/fr/labioplastie/","1","Indexable","","https://clinicabelba.com/fr/labioplastie/","","index, follow, max-image-preview:large, max-snippet:-1, max-video-preview:-1","","","","",""
"https://clinicabelba.com/fr/ginecomastia-barcelona/","1","Indexable","","https://clinicabelba.com/fr/ginecomastia-barcelona/","","index, follow, max-image-preview:large, max-snippet:-1, max-video-preview:-1","","","","",""
"https://clinicabelba.com/fr/lifting-facial-barcelone/","1","Indexable","","https://clinicabelba.com/fr/lifting-facial-barcelone/","","index, follow, max-image-preview:large, max-snippet:-1, max-video-preview:-1","","","","",""
"https://clinicabelba.com/fr/liposuccion-barcelone/","1","Indexable","","https://clinicabelba.com/fr/liposuccion-barcelone/","","index, follow, max-image-preview:large, max-snippet:-1, max-video-preview:-1","","","","",""
"https://clinicabelba.com/fr/otoplastie/","1","Indexable","","https://clinicabelba.com/fr/otoplastie/","","index, follow, max-image-preview:large, max-snippet:-1, max-video-preview:-1","","","","",""
"https://clinicabelba.com/fr/reduction-mammaire/","1","Indexable","","https://clinicabelba.com/fr/reduction-mammaire/","","index, follow, max-image-preview:large, max-snippet:-1, max-video-preview:-1","","","","",""
"https://clinicabelba.com/fr/liposuccion-haute-definition/","1","Indexable","","https://clinicabelba.com/fr/liposuccion-haute-definition/","","index, follow, max-image-preview:large, max-snippet:-1, max-video-preview:-1","","","","",""
"https://clinicabelba.com/fr/vaginoplastie/","1","Indexable","","https://clinicabelba.com/fr/vaginoplastie/","","index, follow, max-image-preview:large, max-snippet:-1, max-video-preview:-1","","","","",""
"https://clinicabelba.com/fr/liposuccion-du-mont-de-venus/","1","Indexable","","https://clinicabelba.com/fr/liposuccion-du-mont-de-venus/","","index, follow, max-image-preview:large, max-snippet:-1, max-video-preview:-1","","","","",""
"https://clinicabelba.com/fr/types-deaugmentation-mammaire/","1","Indexable","","https://clinicabelba.com/fr/types-deaugmentation-mammaire/","","index, follow, max-image-preview:large, max-snippet:-1, max-video-preview:-1","","","","",""
"https://clinicabelba.com/fr/guide-du-patient/","1","Indexable","","https://clinicabelba.com/fr/guide-du-patient/","","index, follow, max-image-preview:large, max-snippet:-1, max-video-preview:-1","","","","",""
"https://clinicabelba.com/fr/blog/","1","Indexable","","https://clinicabelba.com/fr/blog/","","index, follow, max-image-preview:large, max-snippet:-1, max-video-preview:-1","","","","",""
"https://clinicabelba.com/fr/abdominoplastie-avant-et-apres/","1","Indexable","","https://clinicabelba.com/fr/abdominoplastie-avant-et-apres/","","index, follow, max-image-preview:large, max-snippet:-1, max-video-preview:-1","","","","",""
"https://clinicabelba.com/fr/augmentation-des-fessiers-barcelone/","1","Indexable","","https://clinicabelba.com/fr/augmentation-des-fessiers-barcelone/","","index, follow, max-image-preview:large, max-snippet:-1, max-video-preview:-1","","","","",""
"https://clinicabelba.com/fr/blepharoplastie-avant-et-apres/","1","Indexable","","https://clinicabelba.com/fr/blepharoplastie-avant-et-apres/","","index, follow, max-image-preview:large, max-snippet:-1, max-video-preview:-1","","","","",""
"https://clinicabelba.com/fr/rinomodelacion-barcelona/","1","Indexable","","https://clinicabelba.com/fr/rinomodelacion-barcelona/","","index, follow, max-image-preview:large, max-snippet:-1, max-video-preview:-1","","","","",""
"https://clinicabelba.com/fr/patient-test/","0","No indexable","noindex","","","noindex, nofollow","","","","",""
"https://clinicabelba.com/fr/blepharoplastie/","1","Indexable","","https://clinicabelba.com/fr/blepharoplastie/","","index, follow, max-image-preview:large, max-snippet:-1, max-video-preview:-1","","","","",""
"https://clinicabelba.com/fr/remplacement-de-prothese/","1","Indexable","","https://clinicabelba.com/fr/remplacement-de-prothese/","","index, follow, max-image-preview:large, max-snippet:-1, max-video-preview:-1","","","","",""
"https://clinicabelba.com/fr/resection-costale/","1","Indexable","","https://clinicabelba.com/fr/resection-costale/","","index, follow, max-image-preview:large, max-snippet:-1, max-video-preview:-1","","","","",""
"https://clinicabelba.com/fr/contact/","1","Indexable","","https://clinicabelba.com/fr/contact/","","index, follow, max-image-preview:large, max-snippet:-1, max-video-preview:-1","","","","",""
"https://clinicabelba.com/fr/rhinoplastie-barcelone/","1","Indexable","","https://clinicabelba.com/fr/rhinoplastie-barcelone/","","index, follow, max-image-preview:large, max-snippet:-1, max-video-preview:-1","","","","",""
"https://clinicabelba.com/fr/augmentation-mammaire-barcelone/","1","Indexable","","https://clinicabelba.com/fr/augmentation-mammaire-barcelone/","","index, follow, max-image-preview:large, max-snippet:-1, max-video-preview:-1","","","","",""
"https://clinicabelba.com/fr/chirurgie-corporelle/","1","Indexable","","https://clinicabelba.com/fr/chirurgie-corporelle/","","index, follow, max-image-preview:large, max-snippet:-1, max-video-preview:-1","","","","",""
"https://clinicabelba.com/fr/lipovaser-avant-et-apres/","1","Indexable","","https://clinicabelba.com/fr/lipovaser-avant-et-apres/","","index, follow, max-image-preview:large, max-snippet:-1, max-video-preview:-1","","","","",""
"https://clinicabelba.com/fr/lobuloplastia-barcelona/","1","Indexable","","https://clinicabelba.com/fr/lobuloplastia-barcelona/","","index, follow, max-image-preview:large, max-snippet:-1, max-video-preview:-1","","","","",""
"https://clinicabelba.com/fr/politique-de-cookies/","1","Indexable","","https://clinicabelba.com/fr/politique-de-cookies/","","index, follow, max-image-preview:large, max-snippet:-1, max-video-preview:-1","","","","",""
"https://clinicabelba.com/fr/aviso-legal/","1","Indexable","","https://clinicabelba.com/fr/aviso-legal/","","index, follow, max-image-preview:large, max-snippet:-1, max-video-preview:-1","","","","",""
"https://clinicabelba.com/fr/chirurgie-faciale/","0","No indexable","noindex","","","noindex, nofollow","","","","",""
"https://clinicabelba.com/fr/politique-de-confidentialite/","1","Indexable","","https://clinicabelba.com/fr/politique-de-confidentialite/","","index, follow, max-image-preview:large, max-snippet:-1, max-video-preview:-1","","","","",""
"https://clinicabelba.com/fr/qui-sommes-nous/","1","Indexable","","https://clinicabelba.com/fr/qui-sommes-nous/","","index, follow, max-image-preview:large, max-snippet:-1, max-video-preview:-1","","","","",""
"https://clinicabelba.com/de/mutti-umstyling-barcelona/","1","Indexable","","https://clinicabelba.com/de/mutti-umstyling-barcelona/","","index, follow, max-image-preview:large, max-snippet:-1, max-video-preview:-1","","","","",""
"https://clinicabelba.com/fr/cirugia-intima/","1","Indexable","","https://clinicabelba.com/fr/cirugia-intima/","","index, follow, max-image-preview:large, max-snippet:-1, max-video-preview:-1","","","","",""
"https://clinicabelba.com/abdominoplastia-o-liposuccion/","1","Indexable","","https://clinicabelba.com/abdominoplastia-o-liposuccion/","","index, follow, max-image-preview:large, max-snippet:-1, max-video-preview:-1","","","","",""
"https://clinicabelba.com/ru/мамочкин-макияж-барселона/","1","Indexable","","https://clinicabelba.com/ru/мамочкин-макияж-барселона/","","index, follow, max-image-preview:large, max-snippet:-1, max-video-preview:-1","","","","",""
"https://clinicabelba.com/uk/мамине-оновлення-у-барселоні/","1","Indexable","","https://clinicabelba.com/uk/мамине-оновлення-у-барселоні/","","index, follow, max-image-preview:large, max-snippet:-1, max-video-preview:-1","","","","",""
"https://clinicabelba.com/en/mommy-makeover-barcelona/","1","Indexable","","https://clinicabelba.com/en/mommy-makeover-barcelona/","","index, follow, max-image-preview:large, max-snippet:-1, max-video-preview:-1","","","","",""
"https://clinicabelba.com/nl/mommy-makeover-barcelona/","1","Indexable","","https://clinicabelba.com/nl/mommy-makeover-barcelona/","","index, follow, max-image-preview:large, max-snippet:-1, max-video-preview:-1","","","","",""
"https://clinicabelba.com/wp-content/uploads/2026/01/CV-Dra-Marel-Gomez.pdf","0","Indexable","","","","","","","","",""
"https://clinicabelba.com/it/mommy-makeover-barcellona/","1","Indexable","","https://clinicabelba.com/it/mommy-makeover-barcellona/","","index, follow, max-image-preview:large, max-snippet:-1, max-video-preview:-1","","","","",""
"https://clinicabelba.com/ca/mommy-makeover-barcelona/","1","Indexable","","https://clinicabelba.com/ca/mommy-makeover-barcelona/","","index, follow, max-image-preview:large, max-snippet:-1, max-video-preview:-1","","","","",""
"https://clinicabelba.com/quitarse-costillas-flotantes-mito-o-realidad/","1","Indexable","","https://clinicabelba.com/quitarse-costillas-flotantes-mito-o-realidad/","","index, follow, max-image-preview:large, max-snippet:-1, max-video-preview:-1","","","","",""
"https://clinicabelba.com/de/rippenrekonstruktion/","1","Indexable","","https://clinicabelba.com/de/rippenrekonstruktion/","","index, follow, max-image-preview:large, max-snippet:-1, max-video-preview:-1","","","","",""
"https://clinicabelba.com/nl/ribreconstructie/","1","Indexable","","https://clinicabelba.com/nl/ribreconstructie/","","index, follow, max-image-preview:large, max-snippet:-1, max-video-preview:-1","","","","",""
"https://clinicabelba.com/it/rimozione-costale/","1","Indexable","","https://clinicabelba.com/it/rimozione-costale/","","index, follow, max-image-preview:large, max-snippet:-1, max-video-preview:-1","","","","",""
"https://clinicabelba.com/en/rib-remodeling/","1","Indexable","","https://clinicabelba.com/en/rib-remodeling/","","index, follow, max-image-preview:large, max-snippet:-1, max-video-preview:-1","","","","",""
"https://clinicabelba.com/cintura-de-avispa-que-es-y-como-tenerla/","1","Indexable","","https://clinicabelba.com/cintura-de-avispa-que-es-y-como-tenerla/","","index, follow, max-image-preview:large, max-snippet:-1, max-video-preview:-1","","","","",""
"https://clinicabelba.com/wp-content/uploads/2025/12/Cv-Dr.-Mike-Dewever.pdf","0","Indexable","","","","","","","","",""
"https://clinicabelba.com/ru/ремоделирование-ребер/","1","Indexable","","https://clinicabelba.com/ru/ремоделирование-ребер/","","index, follow, max-image-preview:large, max-snippet:-1, max-video-preview:-1","","","","",""
"https://clinicabelba.com/wp-content/uploads/2025/12/Cv-Dr.-Felix-Chavarria.pdf","0","Indexable","","","","","","","","",""
"https://clinicabelba.com/ribxcar-vs-tecnica-tradicional-cual-es-mejor/","1","Indexable","","https://clinicabelba.com/ribxcar-vs-tecnica-tradicional-cual-es-mejor/","","index, follow, max-image-preview:large, max-snippet:-1, max-video-preview:-1","","","","",""
"https://clinicabelba.com/quitar-costillas-flotantes/","1","Indexable","","https://clinicabelba.com/quitar-costillas-flotantes/","","index, follow, max-image-preview:large, max-snippet:-1, max-video-preview:-1","","","","",""
"https://clinicabelba.com/ca/remodelacio-costal/","1","Indexable","","https://clinicabelba.com/ca/remodelacio-costal/","","index, follow, max-image-preview:large, max-snippet:-1, max-video-preview:-1","","","","",""
"https://clinicabelba.com/uk/реконструкція-ребер/","1","Indexable","","https://clinicabelba.com/uk/реконструкція-ребер/","","index, follow, max-image-preview:large, max-snippet:-1, max-video-preview:-1","","","","",""
"https://clinicabelba.com/de/minimale-narbe/","1","Indexable","","https://clinicabelba.com/de/minimale-narbe/","","index, follow, max-image-preview:large, max-snippet:-1, max-video-preview:-1","","","","",""
"https://clinicabelba.com/ca/cicatritz-minima/","1","Indexable","","https://clinicabelba.com/ca/cicatritz-minima/","","index, follow, max-image-preview:large, max-snippet:-1, max-video-preview:-1","","","","",""
"https://clinicabelba.com/en/minimal-scar/","1","Indexable","","https://clinicabelba.com/en/minimal-scar/","","index, follow, max-image-preview:large, max-snippet:-1, max-video-preview:-1","","","","",""
"https://clinicabelba.com/nl/minimale-litteken/","1","Indexable","","https://clinicabelba.com/nl/minimale-litteken/","","index, follow, max-image-preview:large, max-snippet:-1, max-video-preview:-1","","","","",""
"https://clinicabelba.com/ru/минимальный-шрам/","1","Indexable","","https://clinicabelba.com/ru/минимальный-шрам/","","index, follow, max-image-preview:large, max-snippet:-1, max-video-preview:-1","","","","",""
"https://clinicabelba.com/uk/мінімальний-рубець/","1","Indexable","","https://clinicabelba.com/uk/мінімальний-рубець/","","index, follow, max-image-preview:large, max-snippet:-1, max-video-preview:-1","","","","",""
"https://clinicabelba.com/it/cicatrice-minima/","1","Indexable","","https://clinicabelba.com/it/cicatrice-minima/","","index, follow, max-image-preview:large, max-snippet:-1, max-video-preview:-1","","","","",""
"https://clinicabelba.com/it/addominoplastica-barcellona/","1","Indexable","","https://clinicabelba.com/it/addominoplastica-barcellona/","","index, follow, max-image-preview:large, max-snippet:-1, max-video-preview:-1","","","","",""
"https://clinicabelba.com/uk/абдомінопластика-в-барселоні/","1","Indexable","","https://clinicabelba.com/uk/абдомінопластика-в-барселоні/","","index, follow, max-image-preview:large, max-snippet:-1, max-video-preview:-1","","","","",""
"https://clinicabelba.com/nl/buikwandcorrectie-barcelona/","1","Indexable","","https://clinicabelba.com/nl/buikwandcorrectie-barcelona/","","index, follow, max-image-preview:large, max-snippet:-1, max-video-preview:-1","","","","",""
"https://clinicabelba.com/en/tummy-tuck-barcelona/","1","Indexable","","https://clinicabelba.com/en/tummy-tuck-barcelona/","","index, follow, max-image-preview:large, max-snippet:-1, max-video-preview:-1","","","","",""
"https://clinicabelba.com/de/bauchdeckenstraffung-barcelona/","1","Indexable","","https://clinicabelba.com/de/bauchdeckenstraffung-barcelona/","","index, follow, max-image-preview:large, max-snippet:-1, max-video-preview:-1","","","","",""
"https://clinicabelba.com/ca/abdominoplastia-barcelona/","1","Indexable","","https://clinicabelba.com/ca/abdominoplastia-barcelona/","","index, follow, max-image-preview:large, max-snippet:-1, max-video-preview:-1","","","","",""
"https://clinicabelba.com/ru/абдоминопластика-барселона/","1","Indexable","","https://clinicabelba.com/ru/абдоминопластика-барселона/","","index, follow, max-image-preview:large, max-snippet:-1, max-video-preview:-1","","","","",""
"https://clinicabelba.com/de/armheben/","1","Indexable","","https://clinicabelba.com/de/armheben/","","index, follow, max-image-preview:large, max-snippet:-1, max-video-preview:-1","","","","",""
"https://clinicabelba.com/uk/підтяжка-рук/","1","Indexable","","https://clinicabelba.com/uk/підтяжка-рук/","","index, follow, max-image-preview:large, max-snippet:-1, max-video-preview:-1","","","","",""
"https://clinicabelba.com/ru/жим-руками/","1","Indexable","","https://clinicabelba.com/ru/жим-руками/","","index, follow, max-image-preview:large, max-snippet:-1, max-video-preview:-1","","","","",""
"https://clinicabelba.com/braquioplastia-o-liposuccion-de-brazos/","1","Indexable","","https://clinicabelba.com/braquioplastia-o-liposuccion-de-brazos/","","index, follow, max-image-preview:large, max-snippet:-1, max-video-preview:-1","","","","",""
"https://clinicabelba.com/ca/elevacio-de-bracos/","1","Indexable","","https://clinicabelba.com/ca/elevacio-de-bracos/","","index, follow, max-image-preview:large, max-snippet:-1, max-video-preview:-1","","","","",""
"https://clinicabelba.com/nl/armen-heffen/","1","Indexable","","https://clinicabelba.com/nl/armen-heffen/","","index, follow, max-image-preview:large, max-snippet:-1, max-video-preview:-1","","","","",""
"https://clinicabelba.com/ru/политика-конфиденциальности/","1","Indexable","","https://clinicabelba.com/ru/политика-конфиденциальности/","","index, follow, max-image-preview:large, max-snippet:-1, max-video-preview:-1","","","","",""
"https://clinicabelba.com/it/sollevamento-delle-braccia/","1","Indexable","","https://clinicabelba.com/it/sollevamento-delle-braccia/","","index, follow, max-image-preview:large, max-snippet:-1, max-video-preview:-1","","","","",""
"https://clinicabelba.com/nl/privacybeleid/","1","Indexable","","https://clinicabelba.com/nl/privacybeleid/","","index, follow, max-image-preview:large, max-snippet:-1, max-video-preview:-1","","","","",""
"https://clinicabelba.com/en/privacy-policy/","1","Indexable","","https://clinicabelba.com/en/privacy-policy/","","index, follow, max-image-preview:large, max-snippet:-1, max-video-preview:-1","","","","",""
"https://clinicabelba.com/uk/політика-конфіденційності/","1","Indexable","","https://clinicabelba.com/uk/політика-конфіденційності/","","index, follow, max-image-preview:large, max-snippet:-1, max-video-preview:-1","","","","",""
"https://clinicabelba.com/it/politica-di-privacy/","1","Indexable","","https://clinicabelba.com/it/politica-di-privacy/","","index, follow, max-image-preview:large, max-snippet:-1, max-video-preview:-1","","","","",""
"https://clinicabelba.com/ca/politica-de-privadesa/","1","Indexable","","https://clinicabelba.com/ca/politica-de-privadesa/","","index, follow, max-image-preview:large, max-snippet:-1, max-video-preview:-1","","","","",""
"https://clinicabelba.com/cuanto-duran-protesis-pecho/","1","Indexable","","https://clinicabelba.com/cuanto-duran-protesis-pecho/","","index, follow, max-image-preview:large, max-snippet:-1, max-video-preview:-1","","","","",""
"https://clinicabelba.com/de/datenschutzrichtlinie/","1","Indexable","","https://clinicabelba.com/de/datenschutzrichtlinie/","","index, follow, max-image-preview:large, max-snippet:-1, max-video-preview:-1","","","","",""
"https://clinicabelba.com/como-conseguir-aumento-pecho-natural-opciones-resultados/","1","Indexable","","https://clinicabelba.com/como-conseguir-aumento-pecho-natural-opciones-resultados/","","index, follow, max-image-preview:large, max-snippet:-1, max-video-preview:-1","","","","",""
"https://clinicabelba.com/it/aumento-seno-barcellona/","1","Indexable","","https://clinicabelba.com/it/aumento-seno-barcellona/","","index, follow, max-image-preview:large, max-snippet:-1, max-video-preview:-1","","","","",""
"https://clinicabelba.com/que-tamano-protesis-pecho-elegir-aumento-de-pecho/","1","Indexable","","https://clinicabelba.com/que-tamano-protesis-pecho-elegir-aumento-de-pecho/","","index, follow, max-image-preview:large, max-snippet:-1, max-video-preview:-1","","","","",""
"https://clinicabelba.com/de/brustvergroserung-barcelona/","1","Indexable","","https://clinicabelba.com/de/brustvergroserung-barcelona/","","index, follow, max-image-preview:large, max-snippet:-1, max-video-preview:-1","","","","",""
"https://clinicabelba.com/en/breast-augmentation-barcelona/","1","Indexable","","https://clinicabelba.com/en/breast-augmentation-barcelona/","","index, follow, max-image-preview:large, max-snippet:-1, max-video-preview:-1","","","","",""
"https://clinicabelba.com/protesis-motiva-ventajas-duracion-resultados/","1","Indexable","","https://clinicabelba.com/protesis-motiva-ventajas-duracion-resultados/","","index, follow, max-image-preview:large, max-snippet:-1, max-video-preview:-1","","","","",""
"https://clinicabelba.com/uk/збільшення-грудей-у-барселоні/","1","Indexable","","https://clinicabelba.com/uk/збільшення-грудей-у-барселоні/","","index, follow, max-image-preview:large, max-snippet:-1, max-video-preview:-1","","","","",""
"https://clinicabelba.com/recuperacion-aumento-pecho-tiempos-cuidados-evolucion/","1","Indexable","","https://clinicabelba.com/recuperacion-aumento-pecho-tiempos-cuidados-evolucion/","","index, follow, max-image-preview:large, max-snippet:-1, max-video-preview:-1","","","","",""
"https://clinicabelba.com/cuando-hacer-ejercicio-despues-aumento-pecho/","1","Indexable","","https://clinicabelba.com/cuando-hacer-ejercicio-despues-aumento-pecho/","","index, follow, max-image-preview:large, max-snippet:-1, max-video-preview:-1","","","","",""
"https://clinicabelba.com/ca/augment-de-pit-barcelona/","1","Indexable","","https://clinicabelba.com/ca/augment-de-pit-barcelona/","","index, follow, max-image-preview:large, max-snippet:-1, max-video-preview:-1","","","","",""
"https://clinicabelba.com/nl/borstvergroting-barcelona/","1","Indexable","","https://clinicabelba.com/nl/borstvergroting-barcelona/","","index, follow, max-image-preview:large, max-snippet:-1, max-video-preview:-1","","","","",""
"https://clinicabelba.com/ru/увеличение-груди-барселона/","1","Indexable","","https://clinicabelba.com/ru/увеличение-груди-барселона/","","index, follow, max-image-preview:large, max-snippet:-1, max-video-preview:-1","","","","",""
"https://clinicabelba.com/nl/biljartkeu-grens/","1","Indexable","","https://clinicabelba.com/nl/biljartkeu-grens/","","index, follow, max-image-preview:large, max-snippet:-1, max-video-preview:-1","","","","",""
"https://clinicabelba.com/it/aumento-di-glutei-barcellona/","1","Indexable","","https://clinicabelba.com/it/aumento-di-glutei-barcellona/","","index, follow, max-image-preview:large, max-snippet:-1, max-video-preview:-1","","","","",""
"https://clinicabelba.com/uk/збільшення-сідниць-у-барселоні/","1","Indexable","","https://clinicabelba.com/uk/збільшення-сідниць-у-барселоні/","","index, follow, max-image-preview:large, max-snippet:-1, max-video-preview:-1","","","","",""
"https://clinicabelba.com/ru/увеличение-яго/","1","Indexable","","https://clinicabelba.com/ru/увеличение-яго/","","index, follow, max-image-preview:large, max-snippet:-1, max-video-preview:-1","","","","",""
"https://clinicabelba.com/ca/augment-de-glutis-barcelona/","1","Indexable","","https://clinicabelba.com/ca/augment-de-glutis-barcelona/","","index, follow, max-image-preview:large, max-snippet:-1, max-video-preview:-1","","","","",""
"https://clinicabelba.com/de/gesasvergroserung-barcelona/","1","Indexable","","https://clinicabelba.com/de/gesasvergroserung-barcelona/","","index, follow, max-image-preview:large, max-snippet:-1, max-video-preview:-1","","","","",""
"https://clinicabelba.com/en/vaginoplasty/","1","Indexable","","https://clinicabelba.com/en/vaginoplasty/","","index, follow, max-image-preview:large, max-snippet:-1, max-video-preview:-1","","","","",""
"https://clinicabelba.com/uk/вагінопластика/","1","Indexable","","https://clinicabelba.com/uk/вагінопластика/","","index, follow, max-image-preview:large, max-snippet:-1, max-video-preview:-1","","","","",""
"https://clinicabelba.com/it/vaginoplastica/","1","Indexable","","https://clinicabelba.com/it/vaginoplastica/","","index, follow, max-image-preview:large, max-snippet:-1, max-video-preview:-1","","","","",""
"https://clinicabelba.com/nl/vaginoplastiek/","1","Indexable","","https://clinicabelba.com/nl/vaginoplastiek/","","index, follow, max-image-preview:large, max-snippet:-1, max-video-preview:-1","","","","",""
"https://clinicabelba.com/ru/вагинопластика/","1","Indexable","","https://clinicabelba.com/ru/вагинопластика/","","index, follow, max-image-preview:large, max-snippet:-1, max-video-preview:-1","","","","",""
"https://clinicabelba.com/de/vaginoplastik/","1","Indexable","","https://clinicabelba.com/de/vaginoplastik/","","index, follow, max-image-preview:large, max-snippet:-1, max-video-preview:-1","","","","",""
"https://clinicabelba.com/ca/vaginoplastia/","1","Indexable","","https://clinicabelba.com/ca/vaginoplastia/","","index, follow, max-image-preview:large, max-snippet:-1, max-video-preview:-1","","","","",""
"https://clinicabelba.com/it/aumento-del-seno-preservato/","1","Indexable","","https://clinicabelba.com/it/aumento-del-seno-preservato/","","index, follow, max-image-preview:large, max-snippet:-1, max-video-preview:-1","","","","",""
"https://clinicabelba.com/nl/borstvergroting-bewaren/","1","Indexable","","https://clinicabelba.com/nl/borstvergroting-bewaren/","","index, follow, max-image-preview:large, max-snippet:-1, max-video-preview:-1","","","","",""
"https://clinicabelba.com/de/brustvergroserung-erhalten/","1","Indexable","","https://clinicabelba.com/de/brustvergroserung-erhalten/","","index, follow, max-image-preview:large, max-snippet:-1, max-video-preview:-1","","","","",""
"https://clinicabelba.com/uk/збільшення-грудей-з-збереженням-форм/","1","Indexable","","https://clinicabelba.com/uk/збільшення-грудей-з-збереженням-форм/","","index, follow, max-image-preview:large, max-snippet:-1, max-video-preview:-1","","","","",""
"https://clinicabelba.com/ca/augment-de-pit-preserve/","1","Indexable","","https://clinicabelba.com/ca/augment-de-pit-preserve/","","index, follow, max-image-preview:large, max-snippet:-1, max-video-preview:-1","","","","",""
"https://clinicabelba.com/ru/увеличить-грудь-сохранить/","1","Indexable","","https://clinicabelba.com/ru/увеличить-грудь-сохранить/","","index, follow, max-image-preview:large, max-snippet:-1, max-video-preview:-1","","","","",""
"https://clinicabelba.com/en/breast-augmentation-preserve/","1","Indexable","","https://clinicabelba.com/en/breast-augmentation-preserve/","","index, follow, max-image-preview:large, max-snippet:-1, max-video-preview:-1","","","","",""
"https://clinicabelba.com/uk/блефаропластика-до-і-після/","1","Indexable","","https://clinicabelba.com/uk/блефаропластика-до-і-після/","","index, follow, max-image-preview:large, max-snippet:-1, max-video-preview:-1","","","","",""
"https://clinicabelba.com/it/blefaroplastica-prima-e-dopo/","1","Indexable","","https://clinicabelba.com/it/blefaroplastica-prima-e-dopo/","","index, follow, max-image-preview:large, max-snippet:-1, max-video-preview:-1","","","","",""
"https://clinicabelba.com/nl/blefaroplastiek-voor-en-na/","1","Indexable","","https://clinicabelba.com/nl/blefaroplastiek-voor-en-na/","","index, follow, max-image-preview:large, max-snippet:-1, max-video-preview:-1","","","","",""
"https://clinicabelba.com/ru/блефаропластика-до-и-после/","1","Indexable","","https://clinicabelba.com/ru/блефаропластика-до-и-после/","","index, follow, max-image-preview:large, max-snippet:-1, max-video-preview:-1","","","","",""
"https://clinicabelba.com/de/blepharoplastik-vorher-und-nachher/","1","Indexable","","https://clinicabelba.com/de/blepharoplastik-vorher-und-nachher/","","index, follow, max-image-preview:large, max-snippet:-1, max-video-preview:-1","","","","",""
"https://clinicabelba.com/ca/blefaroplastia-abans-i-despres/","1","Indexable","","https://clinicabelba.com/ca/blefaroplastia-abans-i-despres/","","index, follow, max-image-preview:large, max-snippet:-1, max-video-preview:-1","","","","",""
"https://clinicabelba.com/drfelixchavarriacirugiaplastica/","1","Indexable","","https://clinicabelba.com/drfelixchavarriacirugiaplastica/","","index, follow, max-image-preview:large, max-snippet:-1, max-video-preview:-1","","","","",""
"https://clinicabelba.com/nl/wie-zijn-wij/","1","Indexable","","https://clinicabelba.com/nl/wie-zijn-wij/","","index, follow, max-image-preview:large, max-snippet:-1, max-video-preview:-1","","","","",""
"https://clinicabelba.com/ca/qui-som/","1","Indexable","","https://clinicabelba.com/ca/qui-som/","","index, follow, max-image-preview:large, max-snippet:-1, max-video-preview:-1","","","","",""
"https://clinicabelba.com/de/wer-wir-sind/","1","Indexable","","https://clinicabelba.com/de/wer-wir-sind/","","index, follow, max-image-preview:large, max-snippet:-1, max-video-preview:-1","","","","",""
"https://clinicabelba.com/uk/про-нас/","1","Indexable","","https://clinicabelba.com/uk/про-нас/","","index, follow, max-image-preview:large, max-snippet:-1, max-video-preview:-1","","","","",""
"https://clinicabelba.com/it/chi-siamo/","1","Indexable","","https://clinicabelba.com/it/chi-siamo/","","index, follow, max-image-preview:large, max-snippet:-1, max-video-preview:-1","","","","",""
"https://clinicabelba.com/drdewevercirugiaplastica/","1","Indexable","","https://clinicabelba.com/drdewevercirugiaplastica/","","index, follow, max-image-preview:large, max-snippet:-1, max-video-preview:-1","","","","",""
"https://clinicabelba.com/ru/кто-мы/","1","Indexable","","https://clinicabelba.com/ru/кто-мы/","","index, follow, max-image-preview:large, max-snippet:-1, max-video-preview:-1","","","","",""
"https://clinicabelba.com/en/who-are-we/","1","Indexable","","https://clinicabelba.com/en/who-are-we/","","index, follow, max-image-preview:large, max-snippet:-1, max-video-preview:-1","","","","",""
"https://clinicabelba.com/ca/lobuloplastia-barcelona/","1","Indexable","","https://clinicabelba.com/ca/lobuloplastia-barcelona/","","index, follow, max-image-preview:large, max-snippet:-1, max-video-preview:-1","","","","",""
"https://clinicabelba.com/ru/лобулопластика-барселона/","1","Indexable","","https://clinicabelba.com/ru/лобулопластика-барселона/","","index, follow, max-image-preview:large, max-snippet:-1, max-video-preview:-1","","","","",""
"https://clinicabelba.com/en/lobuloplasty-barcelona/","1","Indexable","","https://clinicabelba.com/en/lobuloplasty-barcelona/","","index, follow, max-image-preview:large, max-snippet:-1, max-video-preview:-1","","","","",""
"https://clinicabelba.com/uk/лобулопластика-в-барселоні/","1","Indexable","","https://clinicabelba.com/uk/лобулопластика-в-барселоні/","","index, follow, max-image-preview:large, max-snippet:-1, max-video-preview:-1","","","","",""
"https://clinicabelba.com/it/lobuloplastica-barcellona/","1","Indexable","","https://clinicabelba.com/it/lobuloplastica-barcellona/","","index, follow, max-image-preview:large, max-snippet:-1, max-video-preview:-1","","","","",""
"https://clinicabelba.com/de/lobuloplastik-barcelona/","1","Indexable","","https://clinicabelba.com/de/lobuloplastik-barcelona/","","index, follow, max-image-preview:large, max-snippet:-1, max-video-preview:-1","","","","",""
"https://clinicabelba.com/nl/lobuloplastiek-barcelona/","1","Indexable","","https://clinicabelba.com/nl/lobuloplastiek-barcelona/","","index, follow, max-image-preview:large, max-snippet:-1, max-video-preview:-1","","","","",""
"https://clinicabelba.com/en/cookie-policy/","1","Indexable","","https://clinicabelba.com/en/cookie-policy/","","index, follow, max-image-preview:large, max-snippet:-1, max-video-preview:-1","","","","",""
"https://clinicabelba.com/uk/політика-щодо-файлів-cookie/","1","Indexable","","https://clinicabelba.com/uk/політика-щодо-файлів-cookie/","","index, follow, max-image-preview:large, max-snippet:-1, max-video-preview:-1","","","","",""
"https://clinicabelba.com/ru/политика-использования-файлов-cookie/","1","Indexable","","https://clinicabelba.com/ru/политика-использования-файлов-cookie/","","index, follow, max-image-preview:large, max-snippet:-1, max-video-preview:-1","","","","",""
"https://clinicabelba.com/it/politica-dei-cookie/","1","Indexable","","https://clinicabelba.com/it/politica-dei-cookie/","","index, follow, max-image-preview:large, max-snippet:-1, max-video-preview:-1","","","","",""
"https://clinicabelba.com/nl/cookiebeleid/","1","Indexable","","https://clinicabelba.com/nl/cookiebeleid/","","index, follow, max-image-preview:large, max-snippet:-1, max-video-preview:-1","","","","",""
"https://clinicabelba.com/de/cookie-richtlinie/","1","Indexable","","https://clinicabelba.com/de/cookie-richtlinie/","","index, follow, max-image-preview:large, max-snippet:-1, max-video-preview:-1","","","","",""
"https://clinicabelba.com/ca/politica-de-cookies/","1","Indexable","","https://clinicabelba.com/ca/politica-de-cookies/","","index, follow, max-image-preview:large, max-snippet:-1, max-video-preview:-1","","","","",""
"https://clinicabelba.com/de/plastische-chirurgen-barcelona/","1","Indexable","","https://clinicabelba.com/de/plastische-chirurgen-barcelona/","","index, follow, max-image-preview:large, max-snippet:-1, max-video-preview:-1","","","","",""
"https://clinicabelba.com/de/fettabsaugung-am-venushugel/","1","Indexable","","https://clinicabelba.com/de/fettabsaugung-am-venushugel/","","index, follow, max-image-preview:large, max-snippet:-1, max-video-preview:-1","","","","",""
"https://clinicabelba.com/de/rhinoplastik-barcelona/","1","Indexable","","https://clinicabelba.com/de/rhinoplastik-barcelona/","","index, follow, max-image-preview:large, max-snippet:-1, max-video-preview:-1","","","","",""
"https://clinicabelba.com/de/bruststraffung/","1","Indexable","","https://clinicabelba.com/de/bruststraffung/","","index, follow, max-image-preview:large, max-snippet:-1, max-video-preview:-1","","","","",""
"https://clinicabelba.com/de/kontakt/","1","Indexable","","https://clinicabelba.com/de/kontakt/","","index, follow, max-image-preview:large, max-snippet:-1, max-video-preview:-1","","","","",""
"https://clinicabelba.com/de/patientenleitfaden/","1","Indexable","","https://clinicabelba.com/de/patientenleitfaden/","","index, follow, max-image-preview:large, max-snippet:-1, max-video-preview:-1","","","","",""
"https://clinicabelba.com/de/intimchirurgie/","1","Indexable","","https://clinicabelba.com/de/intimchirurgie/","","index, follow, max-image-preview:large, max-snippet:-1, max-video-preview:-1","","","","",""
"https://clinicabelba.com/de/bauchdeckenstraffung-vorher-und-nachher/","1","Indexable","","https://clinicabelba.com/de/bauchdeckenstraffung-vorher-und-nachher/","","index, follow, max-image-preview:large, max-snippet:-1, max-video-preview:-1","","","","",""
"https://clinicabelba.com/de/ginekomastie-barcelona/","1","Indexable","","https://clinicabelba.com/de/ginekomastie-barcelona/","","index, follow, max-image-preview:large, max-snippet:-1, max-video-preview:-1","","","","",""
"https://clinicabelba.com/de/korperchirurgie/","1","Indexable","","https://clinicabelba.com/de/korperchirurgie/","","index, follow, max-image-preview:large, max-snippet:-1, max-video-preview:-1","","","","",""
"https://clinicabelba.com/de/patiententest/","0","No indexable","noindex","","","noindex, nofollow","","","","",""
"https://clinicabelba.com/de/blepharoplastik/","1","Indexable","","https://clinicabelba.com/de/blepharoplastik/","","index, follow, max-image-preview:large, max-snippet:-1, max-video-preview:-1","","","","",""
"https://clinicabelba.com/de/brustvergroserungstechnik/","1","Indexable","","https://clinicabelba.com/de/brustvergroserungstechnik/","","index, follow, max-image-preview:large, max-snippet:-1, max-video-preview:-1","","","","",""
"https://clinicabelba.com/de/oberschenkelstraffung/","1","Indexable","","https://clinicabelba.com/de/oberschenkelstraffung/","","index, follow, max-image-preview:large, max-snippet:-1, max-video-preview:-1","","","","",""
"https://clinicabelba.com/de/hochdefinitions-fettabsaugung/","1","Indexable","","https://clinicabelba.com/de/hochdefinitions-fettabsaugung/","","index, follow, max-image-preview:large, max-snippet:-1, max-video-preview:-1","","","","",""
"https://clinicabelba.com/de/mentoplastik-barcelona/","1","Indexable","","https://clinicabelba.com/de/mentoplastik-barcelona/","","index, follow, max-image-preview:large, max-snippet:-1, max-video-preview:-1","","","","",""
"https://clinicabelba.com/de/impressum/","1","Indexable","","https://clinicabelba.com/de/impressum/","","index, follow, max-image-preview:large, max-snippet:-1, max-video-preview:-1","","","","",""
"https://clinicabelba.com/de/rinomodellierung-barcelona/","1","Indexable","","https://clinicabelba.com/de/rinomodellierung-barcelona/","","index, follow, max-image-preview:large, max-snippet:-1, max-video-preview:-1","","","","",""
"https://clinicabelba.com/de/online-beratung/","0","No indexable","noindex","","","noindex, nofollow","","","","",""
"https://clinicabelba.com/de/brustverkleinerung/","1","Indexable","","https://clinicabelba.com/de/brustverkleinerung/","","index, follow, max-image-preview:large, max-snippet:-1, max-video-preview:-1","","","","",""
"https://clinicabelba.com/de/blog/","1","Indexable","","https://clinicabelba.com/de/blog/","","index, follow, max-image-preview:large, max-snippet:-1, max-video-preview:-1","","","","",""
"https://clinicabelba.com/de/brustwarzenhofverkleinerung/","1","Indexable","","https://clinicabelba.com/de/brustwarzenhofverkleinerung/","","index, follow, max-image-preview:large, max-snippet:-1, max-video-preview:-1","","","","",""
"https://clinicabelba.com/de/gesichtsoperation/","0","No indexable","noindex","","","noindex, nofollow","","","","",""
"https://clinicabelba.com/de/gesichtsstraffung-barcelona/","1","Indexable","","https://clinicabelba.com/de/gesichtsstraffung-barcelona/","","index, follow, max-image-preview:large, max-snippet:-1, max-video-preview:-1","","","","",""
"https://clinicabelba.com/de/lippenkorrektur/","1","Indexable","","https://clinicabelba.com/de/lippenkorrektur/","","index, follow, max-image-preview:large, max-snippet:-1, max-video-preview:-1","","","","",""
"https://clinicabelba.com/de/prothesenersatz/","1","Indexable","","https://clinicabelba.com/de/prothesenersatz/","","index, follow, max-image-preview:large, max-snippet:-1, max-video-preview:-1","","","","",""
"https://clinicabelba.com/de/ginekomastie-vorher-und-nachher/","1","Indexable","","https://clinicabelba.com/de/ginekomastie-vorher-und-nachher/","","index, follow, max-image-preview:large, max-snippet:-1, max-video-preview:-1","","","","",""
"https://clinicabelba.com/de/lipovaser-davor-und-danach/","1","Indexable","","https://clinicabelba.com/de/lipovaser-davor-und-danach/","","index, follow, max-image-preview:large, max-snippet:-1, max-video-preview:-1","","","","",""
"https://clinicabelba.com/de/brustoperation/","1","Indexable","","https://clinicabelba.com/de/brustoperation/","","index, follow, max-image-preview:large, max-snippet:-1, max-video-preview:-1","","","","",""
"https://clinicabelba.com/de/rhinoplastik-davor-und-danach/","1","Indexable","","https://clinicabelba.com/de/rhinoplastik-davor-und-danach/","","index, follow, max-image-preview:large, max-snippet:-1, max-video-preview:-1","","","","",""
"https://clinicabelba.com/de/fettabsaugung-barcelona/","1","Indexable","","https://clinicabelba.com/de/fettabsaugung-barcelona/","","index, follow, max-image-preview:large, max-snippet:-1, max-video-preview:-1","","","","",""
"https://clinicabelba.com/de/arten-von-brustvergroserungen/","1","Indexable","","https://clinicabelba.com/de/arten-von-brustvergroserungen/","","index, follow, max-image-preview:large, max-snippet:-1, max-video-preview:-1","","","","",""
"https://clinicabelba.com/de/lipo-vaser/","1","Indexable","","https://clinicabelba.com/de/lipo-vaser/","","index, follow, max-image-preview:large, max-snippet:-1, max-video-preview:-1","","","","",""
"https://clinicabelba.com/de/ohrenkorrektur/","1","Indexable","","https://clinicabelba.com/de/ohrenkorrektur/","","index, follow, max-image-preview:large, max-snippet:-1, max-video-preview:-1","","","","",""
"https://clinicabelba.com/ca/blefaroplastia/","1","Indexable","","https://clinicabelba.com/ca/blefaroplastia/","","index, follow, max-image-preview:large, max-snippet:-1, max-video-preview:-1","","","","",""
"https://clinicabelba.com/ru/блефаропластика/","1","Indexable","","https://clinicabelba.com/ru/блефаропластика/","","index, follow, max-image-preview:large, max-snippet:-1, max-video-preview:-1","","","","",""
"https://clinicabelba.com/nl/blefaroplastiek/","1","Indexable","","https://clinicabelba.com/nl/blefaroplastiek/","","index, follow, max-image-preview:large, max-snippet:-1, max-video-preview:-1","","","","",""
"https://clinicabelba.com/uk/блефаропластика/","1","Indexable","","https://clinicabelba.com/uk/блефаропластика/","","index, follow, max-image-preview:large, max-snippet:-1, max-video-preview:-1","","","","",""
"https://clinicabelba.com/en/blepharoplasty/","1","Indexable","","https://clinicabelba.com/en/blepharoplasty/","","index, follow, max-image-preview:large, max-snippet:-1, max-video-preview:-1","","","","",""
"https://clinicabelba.com/it/blefaroplastica/","1","Indexable","","https://clinicabelba.com/it/blefaroplastica/","","index, follow, max-image-preview:large, max-snippet:-1, max-video-preview:-1","","","","",""
"https://clinicabelba.com/nl/rinoplastiek-barcelona/","1","Indexable","","https://clinicabelba.com/nl/rinoplastiek-barcelona/","","index, follow, max-image-preview:large, max-snippet:-1, max-video-preview:-1","","","","",""
"https://clinicabelba.com/it/rinoplastica-barcellona/","1","Indexable","","https://clinicabelba.com/it/rinoplastica-barcellona/","","index, follow, max-image-preview:large, max-snippet:-1, max-video-preview:-1","","","","",""
"https://clinicabelba.com/en/rhinoplasty-barcelona/","1","Indexable","","https://clinicabelba.com/en/rhinoplasty-barcelona/","","index, follow, max-image-preview:large, max-snippet:-1, max-video-preview:-1","","","","",""
"https://clinicabelba.com/ru/ринопластика-барселона/","1","Indexable","","https://clinicabelba.com/ru/ринопластика-барселона/","","index, follow, max-image-preview:large, max-snippet:-1, max-video-preview:-1","","","","",""
"https://clinicabelba.com/ca/rinoplastia-barcelona/","1","Indexable","","https://clinicabelba.com/ca/rinoplastia-barcelona/","","index, follow, max-image-preview:large, max-snippet:-1, max-video-preview:-1","","","","",""
"https://clinicabelba.com/uk/ринопластика-в-барселоні/","1","Indexable","","https://clinicabelba.com/uk/ринопластика-в-барселоні/","","index, follow, max-image-preview:large, max-snippet:-1, max-video-preview:-1","","","","",""
"https://clinicabelba.com/ca/ginecomastia-barcelona/","1","Indexable","","https://clinicabelba.com/ca/ginecomastia-barcelona/","","index, follow, max-image-preview:large, max-snippet:-1, max-video-preview:-1","","","","",""
"https://clinicabelba.com/uk/гінекомастія-в-барселоні/","1","Indexable","","https://clinicabelba.com/uk/гінекомастія-в-барселоні/","","index, follow, max-image-preview:large, max-snippet:-1, max-video-preview:-1","","","","",""
"https://clinicabelba.com/it/ginecomastia-barcellona/","1","Indexable","","https://clinicabelba.com/it/ginecomastia-barcellona/","","index, follow, max-image-preview:large, max-snippet:-1, max-video-preview:-1","","","","",""
"https://clinicabelba.com/ru/гинекомастия-барселона/","1","Indexable","","https://clinicabelba.com/ru/гинекомастия-барселона/","","index, follow, max-image-preview:large, max-snippet:-1, max-video-preview:-1","","","","",""
"https://clinicabelba.com/nl/gynecomastie-barcelona/","1","Indexable","","https://clinicabelba.com/nl/gynecomastie-barcelona/","","index, follow, max-image-preview:large, max-snippet:-1, max-video-preview:-1","","","","",""
"https://clinicabelba.com/en/breast-surgery/","1","Indexable","","https://clinicabelba.com/en/breast-surgery/","","index, follow, max-image-preview:large, max-snippet:-1, max-video-preview:-1","","","","",""
"https://clinicabelba.com/en/thigh-lift/","1","Indexable","","https://clinicabelba.com/en/thigh-lift/","","index, follow, max-image-preview:large, max-snippet:-1, max-video-preview:-1","","","","",""
"https://clinicabelba.com/en/rhinoplasty-before-and-after/","1","Indexable","","https://clinicabelba.com/en/rhinoplasty-before-and-after/","","index, follow, max-image-preview:large, max-snippet:-1, max-video-preview:-1","","","","",""
"https://clinicabelba.com/en/breast-lift/","1","Indexable","","https://clinicabelba.com/en/breast-lift/","","index, follow, max-image-preview:large, max-snippet:-1, max-video-preview:-1","","","","",""
"https://clinicabelba.com/en/online-consultation/","0","No indexable","noindex","","","noindex, nofollow","","","","",""
"https://clinicabelba.com/en/body-surgery/","1","Indexable","","https://clinicabelba.com/en/body-surgery/","","index, follow, max-image-preview:large, max-snippet:-1, max-video-preview:-1","","","","",""
"https://clinicabelba.com/en/breast-augmentation-brst-technique/","1","Indexable","","https://clinicabelba.com/en/breast-augmentation-brst-technique/","","index, follow, max-image-preview:large, max-snippet:-1, max-video-preview:-1","","","","",""
"https://clinicabelba.com/en/labiaplasty/","1","Indexable","","https://clinicabelba.com/en/labiaplasty/","","index, follow, max-image-preview:large, max-snippet:-1, max-video-preview:-1","","","","",""
"https://clinicabelba.com/en/lipolaser-before-and-after/","1","Indexable","","https://clinicabelba.com/en/lipolaser-before-and-after/","","index, follow, max-image-preview:large, max-snippet:-1, max-video-preview:-1","","","","",""
"https://clinicabelba.com/en/abdominoplasty-before-and-after/","1","Indexable","","https://clinicabelba.com/en/abdominoplasty-before-and-after/","","index, follow, max-image-preview:large, max-snippet:-1, max-video-preview:-1","","","","",""
"https://clinicabelba.com/en/patient-guide/","1","Indexable","","https://clinicabelba.com/en/patient-guide/","","index, follow, max-image-preview:large, max-snippet:-1, max-video-preview:-1","","","","",""
"https://clinicabelba.com/en/facelift-barcelona/","1","Indexable","","https://clinicabelba.com/en/facelift-barcelona/","","index, follow, max-image-preview:large, max-snippet:-1, max-video-preview:-1","","","","",""
"https://clinicabelba.com/en/intimate-surgery/","1","Indexable","","https://clinicabelba.com/en/intimate-surgery/","","index, follow, max-image-preview:large, max-snippet:-1, max-video-preview:-1","","","","",""
"https://clinicabelba.com/en/mons-pubis-liposuction/","1","Indexable","","https://clinicabelba.com/en/mons-pubis-liposuction/","","index, follow, max-image-preview:large, max-snippet:-1, max-video-preview:-1","","","","",""
"https://clinicabelba.com/en/facial-surgery/","0","No indexable","noindex","","","noindex, nofollow","","","","",""
"https://clinicabelba.com/en/legal-notice/","1","Indexable","","https://clinicabelba.com/en/legal-notice/","","index, follow, max-image-preview:large, max-snippet:-1, max-video-preview:-1","","","","",""
"https://clinicabelba.com/en/prosthesis-replacement/","1","Indexable","","https://clinicabelba.com/en/prosthesis-replacement/","","index, follow, max-image-preview:large, max-snippet:-1, max-video-preview:-1","","","","",""
"https://clinicabelba.com/en/test-patient/","0","No indexable","noindex","","","noindex, nofollow","","","","",""
"https://clinicabelba.com/en/vaser-liposuction/","1","Indexable","","https://clinicabelba.com/en/vaser-liposuction/","","index, follow, max-image-preview:large, max-snippet:-1, max-video-preview:-1","","","","",""
"https://clinicabelba.com/en/plastic-surgeons-barcelona/","1","Indexable","","https://clinicabelba.com/en/plastic-surgeons-barcelona/","","index, follow, max-image-preview:large, max-snippet:-1, max-video-preview:-1","","","","",""
"https://clinicabelba.com/en/gynecomastia-before-and-after/","1","Indexable","","https://clinicabelba.com/en/gynecomastia-before-and-after/","","index, follow, max-image-preview:large, max-snippet:-1, max-video-preview:-1","","","","",""
"https://clinicabelba.com/en/breast-augmentation-types/","1","Indexable","","https://clinicabelba.com/en/breast-augmentation-types/","","index, follow, max-image-preview:large, max-snippet:-1, max-video-preview:-1","","","","",""
"https://clinicabelba.com/en/areola-reduction/","1","Indexable","","https://clinicabelba.com/en/areola-reduction/","","index, follow, max-image-preview:large, max-snippet:-1, max-video-preview:-1","","","","",""
"https://clinicabelba.com/en/contact/","1","Indexable","","https://clinicabelba.com/en/contact/","","index, follow, max-image-preview:large, max-snippet:-1, max-video-preview:-1","","","","",""
"https://clinicabelba.com/en/otoplasty/","1","Indexable","","https://clinicabelba.com/en/otoplasty/","","index, follow, max-image-preview:large, max-snippet:-1, max-video-preview:-1","","","","",""
"https://clinicabelba.com/en/blog/","1","Indexable","","https://clinicabelba.com/en/blog/","","index, follow, max-image-preview:large, max-snippet:-1, max-video-preview:-1","","","","",""
"https://clinicabelba.com/en/liposuction-barcelona/","1","Indexable","","https://clinicabelba.com/en/liposuction-barcelona/","","index, follow, max-image-preview:large, max-snippet:-1, max-video-preview:-1","","","","",""
"https://clinicabelba.com/en/high-definition-liposuction/","1","Indexable","","https://clinicabelba.com/en/high-definition-liposuction/","","index, follow, max-image-preview:large, max-snippet:-1, max-video-preview:-1","","","","",""
"https://clinicabelba.com/en/mentoplasty-barcelona/","1","Indexable","","https://clinicabelba.com/en/mentoplasty-barcelona/","","index, follow, max-image-preview:large, max-snippet:-1, max-video-preview:-1","","","","",""
"https://clinicabelba.com/en/rhinomodeling-barcelona/","1","Indexable","","https://clinicabelba.com/en/rhinomodeling-barcelona/","","index, follow, max-image-preview:large, max-snippet:-1, max-video-preview:-1","","","","",""
"https://clinicabelba.com/en/breast-reduction/","1","Indexable","","https://clinicabelba.com/en/breast-reduction/","","index, follow, max-image-preview:large, max-snippet:-1, max-video-preview:-1","","","","",""
"https://clinicabelba.com/ca/reduccio-dareola/","1","Indexable","","https://clinicabelba.com/ca/reduccio-dareola/","","index, follow, max-image-preview:large, max-snippet:-1, max-video-preview:-1","","","","",""
"https://clinicabelba.com/it/riduzione-dellareola/","1","Indexable","","https://clinicabelba.com/it/riduzione-dellareola/","","index, follow, max-image-preview:large, max-snippet:-1, max-video-preview:-1","","","","",""
"https://clinicabelba.com/uk/зменшення-ареоли/","1","Indexable","","https://clinicabelba.com/uk/зменшення-ареоли/","","index, follow, max-image-preview:large, max-snippet:-1, max-video-preview:-1","","","","",""
"https://clinicabelba.com/ru/редукция-ареолы/","1","Indexable","","https://clinicabelba.com/ru/редукция-ареолы/","","index, follow, max-image-preview:large, max-snippet:-1, max-video-preview:-1","","","","",""
"https://clinicabelba.com/nl/reductie-van-de-areola/","1","Indexable","","https://clinicabelba.com/nl/reductie-van-de-areola/","","index, follow, max-image-preview:large, max-snippet:-1, max-video-preview:-1","","","","",""
"https://clinicabelba.com/ca/liposuccio-dalta-definicio/","1","Indexable","","https://clinicabelba.com/ca/liposuccio-dalta-definicio/","","index, follow, max-image-preview:large, max-snippet:-1, max-video-preview:-1","","","","",""
"https://clinicabelba.com/it/lipoaspirazione-ad-alta-definizione/","1","Indexable","","https://clinicabelba.com/it/lipoaspirazione-ad-alta-definizione/","","index, follow, max-image-preview:large, max-snippet:-1, max-video-preview:-1","","","","",""
"https://clinicabelba.com/ru/липосакция-высокой-четкости/","1","Indexable","","https://clinicabelba.com/ru/липосакция-высокой-четкости/","","index, follow, max-image-preview:large, max-snippet:-1, max-video-preview:-1","","","","",""
"https://clinicabelba.com/nl/high-definition-liposuctie/","1","Indexable","","https://clinicabelba.com/nl/high-definition-liposuctie/","","index, follow, max-image-preview:large, max-snippet:-1, max-video-preview:-1","","","","",""
"https://clinicabelba.com/uk/ліпосакція-високої-чіткості/","1","Indexable","","https://clinicabelba.com/uk/ліпосакція-високої-чіткості/","","index, follow, max-image-preview:large, max-snippet:-1, max-video-preview:-1","","","","",""
"https://clinicabelba.com/it/lipo-vaser/","1","Indexable","","https://clinicabelba.com/it/lipo-vaser/","","index, follow, max-image-preview:large, max-snippet:-1, max-video-preview:-1","","","","",""
"https://clinicabelba.com/ca/lipo-vaser/","1","Indexable","","https://clinicabelba.com/ca/lipo-vaser/","","index, follow, max-image-preview:large, max-snippet:-1, max-video-preview:-1","","","","",""
"https://clinicabelba.com/ru/липо-вазер/","1","Indexable","","https://clinicabelba.com/ru/липо-вазер/","","index, follow, max-image-preview:large, max-snippet:-1, max-video-preview:-1","","","","",""
"https://clinicabelba.com/uk/ліпо-вазер/","1","Indexable","","https://clinicabelba.com/uk/ліпо-вазер/","","index, follow, max-image-preview:large, max-snippet:-1, max-video-preview:-1","","","","",""
"https://clinicabelba.com/nl/lipo-vaser/","1","Indexable","","https://clinicabelba.com/nl/lipo-vaser/","","index, follow, max-image-preview:large, max-snippet:-1, max-video-preview:-1","","","","",""
"https://clinicabelba.com/it/contatto/","1","Indexable","","https://clinicabelba.com/it/contatto/","","index, follow, max-image-preview:large, max-snippet:-1, max-video-preview:-1","","","","",""
"https://clinicabelba.com/nl/contact/","1","Indexable","","https://clinicabelba.com/nl/contact/","","index, follow, max-image-preview:large, max-snippet:-1, max-video-preview:-1","","","","",""
"https://clinicabelba.com/ru/контакто/","1","Indexable","","https://clinicabelba.com/ru/контакто/","","index, follow, max-image-preview:large, max-snippet:-1, max-video-preview:-1","","","","",""
"https://clinicabelba.com/ca/contacte/","1","Indexable","","https://clinicabelba.com/ca/contacte/","","index, follow, max-image-preview:large, max-snippet:-1, max-video-preview:-1","","","","",""
"https://clinicabelba.com/uk/контакт/","1","Indexable","","https://clinicabelba.com/uk/контакт/","","index, follow, max-image-preview:large, max-snippet:-1, max-video-preview:-1","","","","",""
"https://clinicabelba.com/nl/borstoperatie/","1","Indexable","","https://clinicabelba.com/nl/borstoperatie/","","index, follow, max-image-preview:large, max-snippet:-1, max-video-preview:-1","","","","",""
"https://clinicabelba.com/ru/маммопластика/","1","Indexable","","https://clinicabelba.com/ru/маммопластика/","","index, follow, max-image-preview:large, max-snippet:-1, max-video-preview:-1","","","","",""
"https://clinicabelba.com/it/chirurgia-mammaria/","1","Indexable","","https://clinicabelba.com/it/chirurgia-mammaria/","","index, follow, max-image-preview:large, max-snippet:-1, max-video-preview:-1","","","","",""
"https://clinicabelba.com/ca/cirurgia-de-mama/","1","Indexable","","https://clinicabelba.com/ca/cirurgia-de-mama/","","index, follow, max-image-preview:large, max-snippet:-1, max-video-preview:-1","","","","",""
"https://clinicabelba.com/uk/хірургія-молочної-залози/","1","Indexable","","https://clinicabelba.com/uk/хірургія-молочної-залози/","","index, follow, max-image-preview:large, max-snippet:-1, max-video-preview:-1","","","","",""
"https://clinicabelba.com/ca/bloc/","1","Indexable","","https://clinicabelba.com/ca/bloc/","","index, follow, max-image-preview:large, max-snippet:-1, max-video-preview:-1","","","","",""
"https://clinicabelba.com/ca/guia-del-pacient/","1","Indexable","","https://clinicabelba.com/ca/guia-del-pacient/","","index, follow, max-image-preview:large, max-snippet:-1, max-video-preview:-1","","","","",""
"https://clinicabelba.com/ca/lifting-facial-barcelona/","1","Indexable","","https://clinicabelba.com/ca/lifting-facial-barcelona/","","index, follow, max-image-preview:large, max-snippet:-1, max-video-preview:-1","","","","",""
"https://clinicabelba.com/ca/rinomodelacio-barcelona/","1","Indexable","","https://clinicabelba.com/ca/rinomodelacio-barcelona/","","index, follow, max-image-preview:large, max-snippet:-1, max-video-preview:-1","","","","",""
"https://clinicabelba.com/ca/cirurgians-plastics-barcelona/","1","Indexable","","https://clinicabelba.com/ca/cirurgians-plastics-barcelona/","","index, follow, max-image-preview:large, max-snippet:-1, max-video-preview:-1","","","","",""
"https://clinicabelba.com/ca/tipus-daugment-de-pit/","1","Indexable","","https://clinicabelba.com/ca/tipus-daugment-de-pit/","","index, follow, max-image-preview:large, max-snippet:-1, max-video-preview:-1","","","","",""
"https://clinicabelba.com/ca/reduccio-de-mama/","1","Indexable","","https://clinicabelba.com/ca/reduccio-de-mama/","","index, follow, max-image-preview:large, max-snippet:-1, max-video-preview:-1","","","","",""
"https://clinicabelba.com/ca/cirugia-corporal/","1","Indexable","","https://clinicabelba.com/ca/cirugia-corporal/","","index, follow, max-image-preview:large, max-snippet:-1, max-video-preview:-1","","","","",""
"https://clinicabelba.com/ca/lipovaser-abans-i-despres/","1","Indexable","","https://clinicabelba.com/ca/lipovaser-abans-i-despres/","","index, follow, max-image-preview:large, max-snippet:-1, max-video-preview:-1","","","","",""
"https://clinicabelba.com/ca/augment-de-pit-tecnica-brst/","1","Indexable","","https://clinicabelba.com/ca/augment-de-pit-tecnica-brst/","","index, follow, max-image-preview:large, max-snippet:-1, max-video-preview:-1","","","","",""
"https://clinicabelba.com/ca/labioplastia/","1","Indexable","","https://clinicabelba.com/ca/labioplastia/","","index, follow, max-image-preview:large, max-snippet:-1, max-video-preview:-1","","","","",""
"https://clinicabelba.com/ca/abdominoplastia-abans-i-despres/","1","Indexable","","https://clinicabelba.com/ca/abdominoplastia-abans-i-despres/","","index, follow, max-image-preview:large, max-snippet:-1, max-video-preview:-1","","","","",""
"https://clinicabelba.com/ca/elevacio-de-mama/","1","Indexable","","https://clinicabelba.com/ca/elevacio-de-mama/","","index, follow, max-image-preview:large, max-snippet:-1, max-video-preview:-1","","","","",""
"https://clinicabelba.com/ca/rinoplastia-abans-i-despres/","1","Indexable","","https://clinicabelba.com/ca/rinoplastia-abans-i-despres/","","index, follow, max-image-preview:large, max-snippet:-1, max-video-preview:-1","","","","",""
"https://clinicabelba.com/ca/recanvi-de-protesi/","1","Indexable","","https://clinicabelba.com/ca/recanvi-de-protesi/","","index, follow, max-image-preview:large, max-snippet:-1, max-video-preview:-1","","","","",""
"https://clinicabelba.com/ca/prova-pacient/","0","No indexable","noindex","","","noindex, nofollow","","","","",""
"https://clinicabelba.com/ca/cirurgia-facial/","0","No indexable","noindex","","","noindex, nofollow","","","","",""
"https://clinicabelba.com/ca/ginecomastia-abans-i-despres/","1","Indexable","","https://clinicabelba.com/ca/ginecomastia-abans-i-despres/","","index, follow, max-image-preview:large, max-snippet:-1, max-video-preview:-1","","","","",""
"https://clinicabelba.com/ca/consulta-en-linia/","0","No indexable","noindex","","","noindex, nofollow","","","","",""
"https://clinicabelba.com/ca/mentoplastia-barcelona/","1","Indexable","","https://clinicabelba.com/ca/mentoplastia-barcelona/","","index, follow, max-image-preview:large, max-snippet:-1, max-video-preview:-1","","","","",""
"https://clinicabelba.com/ca/cirurgia-intima/","1","Indexable","","https://clinicabelba.com/ca/cirurgia-intima/","","index, follow, max-image-preview:large, max-snippet:-1, max-video-preview:-1","","","","",""
"https://clinicabelba.com/ca/liposuccio-barcelona/","1","Indexable","","https://clinicabelba.com/ca/liposuccio-barcelona/","","index, follow, max-image-preview:large, max-snippet:-1, max-video-preview:-1","","","","",""
"https://clinicabelba.com/ca/otoplastia/","1","Indexable","","https://clinicabelba.com/ca/otoplastia/","","index, follow, max-image-preview:large, max-snippet:-1, max-video-preview:-1","","","","",""
"https://clinicabelba.com/ca/avis-legal/","1","Indexable","","https://clinicabelba.com/ca/avis-legal/","","index, follow, max-image-preview:large, max-snippet:-1, max-video-preview:-1","","","","",""
"https://clinicabelba.com/ca/liposuccio-del-mont-de-venus/","1","Indexable","","https://clinicabelba.com/ca/liposuccio-del-mont-de-venus/","","index, follow, max-image-preview:large, max-snippet:-1, max-video-preview:-1","","","","",""
"https://clinicabelba.com/ca/elevacio-de-cuixes/","1","Indexable","","https://clinicabelba.com/ca/elevacio-de-cuixes/","","index, follow, max-image-preview:large, max-snippet:-1, max-video-preview:-1","","","","",""
"https://clinicabelba.com/uk/ринопластика-до-і-після/","1","Indexable","","https://clinicabelba.com/uk/ринопластика-до-і-після/","","index, follow, max-image-preview:large, max-snippet:-1, max-video-preview:-1","","","","",""
"https://clinicabelba.com/it/rinoplastica-prima-e-dopo/","1","Indexable","","https://clinicabelba.com/it/rinoplastica-prima-e-dopo/","","index, follow, max-image-preview:large, max-snippet:-1, max-video-preview:-1","","","","",""
"https://clinicabelba.com/nl/rinoplastiek-voor-en-na/","1","Indexable","","https://clinicabelba.com/nl/rinoplastiek-voor-en-na/","","index, follow, max-image-preview:large, max-snippet:-1, max-video-preview:-1","","","","",""
"https://clinicabelba.com/ru/ринопластика-до-и-после/","1","Indexable","","https://clinicabelba.com/ru/ринопластика-до-и-после/","","index, follow, max-image-preview:large, max-snippet:-1, max-video-preview:-1","","","","",""
"https://clinicabelba.com/it/liposuzione-del-monte-di-venere/","1","Indexable","","https://clinicabelba.com/it/liposuzione-del-monte-di-venere/","","index, follow, max-image-preview:large, max-snippet:-1, max-video-preview:-1","","","","",""
"https://clinicabelba.com/it/riduzione-mammaria/","1","Indexable","","https://clinicabelba.com/it/riduzione-mammaria/","","index, follow, max-image-preview:large, max-snippet:-1, max-video-preview:-1","","","","",""
"https://clinicabelba.com/it/ginecomastia-prima-e-dopo/","1","Indexable","","https://clinicabelba.com/it/ginecomastia-prima-e-dopo/","","index, follow, max-image-preview:large, max-snippet:-1, max-video-preview:-1","","","","",""
"https://clinicabelba.com/it/lipovaser-prima-e-dopo/","1","Indexable","","https://clinicabelba.com/it/lipovaser-prima-e-dopo/","","index, follow, max-image-preview:large, max-snippet:-1, max-video-preview:-1","","","","",""
"https://clinicabelba.com/it/chirurghi-plastici-barcellona/","1","Indexable","","https://clinicabelba.com/it/chirurghi-plastici-barcellona/","","index, follow, max-image-preview:large, max-snippet:-1, max-video-preview:-1","","","","",""
"https://clinicabelba.com/it/mastoplastica-additiva-tecnica-b-r-s-t/","1","Indexable","","https://clinicabelba.com/it/mastoplastica-additiva-tecnica-b-r-s-t/","","index, follow, max-image-preview:large, max-snippet:-1, max-video-preview:-1","","","","",""
"https://clinicabelba.com/it/guida-del-paziente/","1","Indexable","","https://clinicabelba.com/it/guida-del-paziente/","","index, follow, max-image-preview:large, max-snippet:-1, max-video-preview:-1","","","","",""
"https://clinicabelba.com/it/liposuzione-barcellona/","1","Indexable","","https://clinicabelba.com/it/liposuzione-barcellona/","","index, follow, max-image-preview:large, max-snippet:-1, max-video-preview:-1","","","","",""
"https://clinicabelba.com/it/chirurgia-del-corpo/","1","Indexable","","https://clinicabelba.com/it/chirurgia-del-corpo/","","index, follow, max-image-preview:large, max-snippet:-1, max-video-preview:-1","","","","",""
"https://clinicabelba.com/it/chirurgia-intima/","1","Indexable","","https://clinicabelba.com/it/chirurgia-intima/","","index, follow, max-image-preview:large, max-snippet:-1, max-video-preview:-1","","","","",""
"https://clinicabelba.com/it/chirurgia-facciale/","0","No indexable","noindex","","","noindex, nofollow","","","","",""
"https://clinicabelba.com/it/lifting-delle-cosce/","1","Indexable","","https://clinicabelba.com/it/lifting-delle-cosce/","","index, follow, max-image-preview:large, max-snippet:-1, max-video-preview:-1","","","","",""
"https://clinicabelba.com/it/blog/","1","Indexable","","https://clinicabelba.com/it/blog/","","index, follow, max-image-preview:large, max-snippet:-1, max-video-preview:-1","","","","",""
"https://clinicabelba.com/it/consultazione-online/","0","No indexable","noindex","","","noindex, nofollow","","","","",""
"https://clinicabelba.com/it/mentoplastica-barcellona/","1","Indexable","","https://clinicabelba.com/it/mentoplastica-barcellona/","","index, follow, max-image-preview:large, max-snippet:-1, max-video-preview:-1","","","","",""
"https://clinicabelba.com/it/mastopessi/","1","Indexable","","https://clinicabelba.com/it/mastopessi/","","index, follow, max-image-preview:large, max-snippet:-1, max-video-preview:-1","","","","",""
"https://clinicabelba.com/it/otoplastica/","1","Indexable","","https://clinicabelba.com/it/otoplastica/","","index, follow, max-image-preview:large, max-snippet:-1, max-video-preview:-1","","","","",""
"https://clinicabelba.com/it/ricambio-di-protesi/","1","Indexable","","https://clinicabelba.com/it/ricambio-di-protesi/","","index, follow, max-image-preview:large, max-snippet:-1, max-video-preview:-1","","","","",""
"https://clinicabelba.com/it/lifting-facciale-barcellona/","1","Indexable","","https://clinicabelba.com/it/lifting-facciale-barcellona/","","index, follow, max-image-preview:large, max-snippet:-1, max-video-preview:-1","","","","",""
"https://clinicabelba.com/it/addominoplastica-prima-e-dopo/","1","Indexable","","https://clinicabelba.com/it/addominoplastica-prima-e-dopo/","","index, follow, max-image-preview:large, max-snippet:-1, max-video-preview:-1","","","","",""
"https://clinicabelba.com/it/rinoplastica-a-barcellona/","1","Indexable","","https://clinicabelba.com/it/rinoplastica-a-barcellona/","","index, follow, max-image-preview:large, max-snippet:-1, max-video-preview:-1","","","","",""
"https://clinicabelba.com/it/avviso-legale/","1","Indexable","","https://clinicabelba.com/it/avviso-legale/","","index, follow, max-image-preview:large, max-snippet:-1, max-video-preview:-1","","","","",""
"https://clinicabelba.com/it/tipi-di-aumento-del-seno/","1","Indexable","","https://clinicabelba.com/it/tipi-di-aumento-del-seno/","","index, follow, max-image-preview:large, max-snippet:-1, max-video-preview:-1","","","","",""
"https://clinicabelba.com/it/paziente-di-prova/","0","No indexable","noindex","","","noindex, nofollow","","","","",""
"https://clinicabelba.com/it/labioplastica/","1","Indexable","","https://clinicabelba.com/it/labioplastica/","","index, follow, max-image-preview:large, max-snippet:-1, max-video-preview:-1","","","","",""
"https://clinicabelba.com/ru/риномоделирование-барселона/","1","Indexable","","https://clinicabelba.com/ru/риномоделирование-барселона/","","index, follow, max-image-preview:large, max-snippet:-1, max-video-preview:-1","","","","",""
"https://clinicabelba.com/nl/rinomodelacion-barcelona/","1","Indexable","","https://clinicabelba.com/nl/rinomodelacion-barcelona/","","index, follow, max-image-preview:large, max-snippet:-1, max-video-preview:-1","","","","",""
"https://clinicabelba.com/uk/ринопластика-в-барселоні-2/","1","Indexable","","https://clinicabelba.com/uk/ринопластика-в-барселоні-2/","","index, follow, max-image-preview:large, max-snippet:-1, max-video-preview:-1","","","","",""
"https://clinicabelba.com/wp-content/uploads/2023/01/Guia-del-paciente-Consulta-de-Cirurgia-Plastica.pdf","0","Indexable","","","","","","","","",""
"https://clinicabelba.com/nl/patienten-gids/","1","Indexable","","https://clinicabelba.com/nl/patienten-gids/","","index, follow, max-image-preview:large, max-snippet:-1, max-video-preview:-1","","","","",""
"https://clinicabelba.com/uk/посібник-для-пацієнта/","1","Indexable","","https://clinicabelba.com/uk/посібник-для-пацієнта/","","index, follow, max-image-preview:large, max-snippet:-1, max-video-preview:-1","","","","",""
"https://clinicabelba.com/ru/памятка-для-пациента/","1","Indexable","","https://clinicabelba.com/ru/памятка-для-пациента/","","index, follow, max-image-preview:large, max-snippet:-1, max-video-preview:-1","","","","",""
"https://clinicabelba.com/nl/borstvergroting-techniek-brst/","1","Indexable","","https://clinicabelba.com/nl/borstvergroting-techniek-brst/","","index, follow, max-image-preview:large, max-snippet:-1, max-video-preview:-1","","","","",""
"https://clinicabelba.com/uk/збільшення-грудей-за-допомогою-техні/","1","Indexable","","https://clinicabelba.com/uk/збільшення-грудей-за-допомогою-техні/","","index, follow, max-image-preview:large, max-snippet:-1, max-video-preview:-1","","","","",""
"https://clinicabelba.com/ru/увеличить-грудь-техника-brst/","1","Indexable","","https://clinicabelba.com/ru/увеличить-грудь-техника-brst/","","index, follow, max-image-preview:large, max-snippet:-1, max-video-preview:-1","","","","",""
"https://clinicabelba.com/wp-content/uploads/2026/03/cv-laura-torrano-romero-esp.pdf","0","Indexable","","","","","","","","",""
"https://clinicabelba.com/uk/пластичні-хірурги-в-барселоні/","1","Indexable","","https://clinicabelba.com/uk/пластичні-хірурги-в-барселоні/","","index, follow, max-image-preview:large, max-snippet:-1, max-video-preview:-1","","","","",""
"https://clinicabelba.com/nl/plastisch-chirurgen-barcelona/","1","Indexable","","https://clinicabelba.com/nl/plastisch-chirurgen-barcelona/","","index, follow, max-image-preview:large, max-snippet:-1, max-video-preview:-1","","","","",""
"https://clinicabelba.com/nl/mentoplastiek-barcelona/","1","Indexable","","https://clinicabelba.com/nl/mentoplastiek-barcelona/","","index, follow, max-image-preview:large, max-snippet:-1, max-video-preview:-1","","","","",""
"https://clinicabelba.com/ru/пластические-хирурги-барселона/","1","Indexable","","https://clinicabelba.com/ru/пластические-хирурги-барселона/","","index, follow, max-image-preview:large, max-snippet:-1, max-video-preview:-1","","","","",""
"https://clinicabelba.com/uk/ментопластика-в-барселоні/","1","Indexable","","https://clinicabelba.com/uk/ментопластика-в-барселоні/","","index, follow, max-image-preview:large, max-snippet:-1, max-video-preview:-1","","","","",""
"https://clinicabelba.com/ru/ментопластика-барселона/","1","Indexable","","https://clinicabelba.com/ru/ментопластика-барселона/","","index, follow, max-image-preview:large, max-snippet:-1, max-video-preview:-1","","","","",""
"https://clinicabelba.com/primera-consulta-cirugia-estetica/","1","Indexable","","https://clinicabelba.com/primera-consulta-cirugia-estetica/","","index, follow, max-image-preview:large, max-snippet:-1, max-video-preview:-1","","","","",""
"https://clinicabelba.com/nl/lichaamschirurgie/","1","Indexable","","https://clinicabelba.com/nl/lichaamschirurgie/","","index, follow, max-image-preview:large, max-snippet:-1, max-video-preview:-1","","","","",""
"https://clinicabelba.com/ru/пластическая-хирургия/","1","Indexable","","https://clinicabelba.com/ru/пластическая-хирургия/","","index, follow, max-image-preview:large, max-snippet:-1, max-video-preview:-1","","","","",""
"https://clinicabelba.com/como-eliminar-grasa-abdominal/","1","Indexable","","https://clinicabelba.com/como-eliminar-grasa-abdominal/","","index, follow, max-image-preview:large, max-snippet:-1, max-video-preview:-1","","","","",""
"https://clinicabelba.com/uk/хірургія-тіла/","1","Indexable","","https://clinicabelba.com/uk/хірургія-тіла/","","index, follow, max-image-preview:large, max-snippet:-1, max-video-preview:-1","","","","",""
"https://clinicabelba.com/nl/ginecomastie-voor-en-na/","1","Indexable","","https://clinicabelba.com/nl/ginecomastie-voor-en-na/","","index, follow, max-image-preview:large, max-snippet:-1, max-video-preview:-1","","","","",""
"https://clinicabelba.com/uk/гінекомастія-до-і-після/","1","Indexable","","https://clinicabelba.com/uk/гінекомастія-до-і-після/","","index, follow, max-image-preview:large, max-snippet:-1, max-video-preview:-1","","","","",""
"https://clinicabelba.com/ru/гинекомастия-до-и-после/","1","Indexable","","https://clinicabelba.com/ru/гинекомастия-до-и-после/","","index, follow, max-image-preview:large, max-snippet:-1, max-video-preview:-1","","","","",""
"https://clinicabelba.com/nl/lifting-van-de-dijen/","1","Indexable","","https://clinicabelba.com/nl/lifting-van-de-dijen/","","index, follow, max-image-preview:large, max-snippet:-1, max-video-preview:-1","","","","",""
"https://clinicabelba.com/ru/подтяжка-бедер/","1","Indexable","","https://clinicabelba.com/ru/подтяжка-бедер/","","index, follow, max-image-preview:large, max-snippet:-1, max-video-preview:-1","","","","",""
"https://clinicabelba.com/uk/підтяжка-стегон/","1","Indexable","","https://clinicabelba.com/uk/підтяжка-стегон/","","index, follow, max-image-preview:large, max-snippet:-1, max-video-preview:-1","","","","",""
"https://clinicabelba.com/nl/gezichtsbehandeling-barcelona/","1","Indexable","","https://clinicabelba.com/nl/gezichtsbehandeling-barcelona/","","index, follow, max-image-preview:large, max-snippet:-1, max-video-preview:-1","","","","",""
"https://clinicabelba.com/ru/лифтинг-лица-барселона/","1","Indexable","","https://clinicabelba.com/ru/лифтинг-лица-барселона/","","index, follow, max-image-preview:large, max-snippet:-1, max-video-preview:-1","","","","",""
"https://clinicabelba.com/uk/підтяжка-обличчя-в-барселоні/","1","Indexable","","https://clinicabelba.com/uk/підтяжка-обличчя-в-барселоні/","","index, follow, max-image-preview:large, max-snippet:-1, max-video-preview:-1","","","","",""
"https://clinicabelba.com/nl/borstverkleining/","1","Indexable","","https://clinicabelba.com/nl/borstverkleining/","","index, follow, max-image-preview:large, max-snippet:-1, max-video-preview:-1","","","","",""
"https://clinicabelba.com/ru/редукция-груди/","1","Indexable","","https://clinicabelba.com/ru/редукция-груди/","","index, follow, max-image-preview:large, max-snippet:-1, max-video-preview:-1","","","","",""
"https://clinicabelba.com/uk/зменшення-грудей/","1","Indexable","","https://clinicabelba.com/uk/зменшення-грудей/","","index, follow, max-image-preview:large, max-snippet:-1, max-video-preview:-1","","","","",""
"https://clinicabelba.com/ru/липосакция-барселона/","1","Indexable","","https://clinicabelba.com/ru/липосакция-барселона/","","index, follow, max-image-preview:large, max-snippet:-1, max-video-preview:-1","","","","",""
"https://clinicabelba.com/nl/liposuctie-barcelona/","1","Indexable","","https://clinicabelba.com/nl/liposuctie-barcelona/","","index, follow, max-image-preview:large, max-snippet:-1, max-video-preview:-1","","","","",""
"https://clinicabelba.com/blog/2/","1","No indexable","Canonicalizada","https://clinicabelba.com/blog/","","index, follow, max-image-preview:large, max-snippet:-1, max-video-preview:-1","","","","",""
"https://clinicabelba.com/blog/10/","1","No indexable","Canonicalizada","https://clinicabelba.com/blog/","","index, follow, max-image-preview:large, max-snippet:-1, max-video-preview:-1","","","","",""
"https://clinicabelba.com/blog/4/","1","No indexable","Canonicalizada","https://clinicabelba.com/blog/","","index, follow, max-image-preview:large, max-snippet:-1, max-video-preview:-1","","","","",""
"https://clinicabelba.com/uk/ліпосакція-в-барселоні/","1","Indexable","","https://clinicabelba.com/uk/ліпосакція-в-барселоні/","","index, follow, max-image-preview:large, max-snippet:-1, max-video-preview:-1","","","","",""
"https://clinicabelba.com/blog/3/","1","No indexable","Canonicalizada","https://clinicabelba.com/blog/","","index, follow, max-image-preview:large, max-snippet:-1, max-video-preview:-1","","","","",""
"https://clinicabelba.com/blog/6/","1","No indexable","Canonicalizada","https://clinicabelba.com/blog/","","index, follow, max-image-preview:large, max-snippet:-1, max-video-preview:-1","","","","",""
"https://clinicabelba.com/pezones-invertidos-correccion/","1","Indexable","","https://clinicabelba.com/pezones-invertidos-correccion/","","index, follow, max-image-preview:large, max-snippet:-1, max-video-preview:-1","","","","",""
"https://clinicabelba.com/lipovaser-que-es/","1","Indexable","","https://clinicabelba.com/lipovaser-que-es/","","index, follow, max-image-preview:large, max-snippet:-1, max-video-preview:-1","","","","",""
"https://clinicabelba.com/blog/5/","1","No indexable","Canonicalizada","https://clinicabelba.com/blog/","","index, follow, max-image-preview:large, max-snippet:-1, max-video-preview:-1","","","","",""
"https://clinicabelba.com/blog/8/","1","No indexable","Canonicalizada","https://clinicabelba.com/blog/","","index, follow, max-image-preview:large, max-snippet:-1, max-video-preview:-1","","","","",""
"https://clinicabelba.com/blog/7/","1","No indexable","Canonicalizada","https://clinicabelba.com/blog/","","index, follow, max-image-preview:large, max-snippet:-1, max-video-preview:-1","","","","",""
"https://clinicabelba.com/cicatriz-cesarea-correccion/","1","Indexable","","https://clinicabelba.com/cicatriz-cesarea-correccion/","","index, follow, max-image-preview:large, max-snippet:-1, max-video-preview:-1","","","","",""
"https://clinicabelba.com/blog/9/","1","No indexable","Canonicalizada","https://clinicabelba.com/blog/","","index, follow, max-image-preview:large, max-snippet:-1, max-video-preview:-1","","","","",""
"https://clinicabelba.com/test-post-2193c672-50fa-4ac0-84bf-874e83e57613-c19602556d950424/","1","Indexable","","https://clinicabelba.com/test-post-2193c672-50fa-4ac0-84bf-874e83e57613-c19602556d950424/","","index, follow, max-image-preview:large, max-snippet:-1, max-video-preview:-1","","","","",""
"https://clinicabelba.com/asimetria-mamaria-cuando-operar/","1","Indexable","","https://clinicabelba.com/asimetria-mamaria-cuando-operar/","","index, follow, max-image-preview:large, max-snippet:-1, max-video-preview:-1","","","","",""
"https://clinicabelba.com/blefaroplastia-sin-cirugia/","1","Indexable","","https://clinicabelba.com/blefaroplastia-sin-cirugia/","","index, follow, max-image-preview:large, max-snippet:-1, max-video-preview:-1","","","","",""
"https://clinicabelba.com/fr/drdeweverplasticsurgery/","1","Indexable","","https://clinicabelba.com/fr/drdeweverplasticsurgery/","","index, follow, max-image-preview:large, max-snippet:-1, max-video-preview:-1","","","","",""
"https://clinicabelba.com/fr/blog/2/","1","No indexable","Canonicalizada","https://clinicabelba.com/fr/blog/","","index, follow, max-image-preview:large, max-snippet:-1, max-video-preview:-1","","","","",""
"https://clinicabelba.com/fr/blog/3/","1","No indexable","Canonicalizada","https://clinicabelba.com/fr/blog/","","index, follow, max-image-preview:large, max-snippet:-1, max-video-preview:-1","","","","",""
"https://clinicabelba.com/fr/blog/4/","1","No indexable","Canonicalizada","https://clinicabelba.com/fr/blog/","","index, follow, max-image-preview:large, max-snippet:-1, max-video-preview:-1","","","","",""
"https://clinicabelba.com/fr/blog/5/","1","No indexable","Canonicalizada","https://clinicabelba.com/fr/blog/","","index, follow, max-image-preview:large, max-snippet:-1, max-video-preview:-1","","","","",""
"https://clinicabelba.com/fr/asimetria-mamaria-cuando-operar/","1","Indexable","","https://clinicabelba.com/fr/asimetria-mamaria-cuando-operar/","","index, follow, max-image-preview:large, max-snippet:-1, max-video-preview:-1","","","","",""
"https://clinicabelba.com/fr/test-post-2193c672-50fa-4ac0-84bf-874e83e57613-c19602556d950424/","1","Indexable","","https://clinicabelba.com/fr/test-post-2193c672-50fa-4ac0-84bf-874e83e57613-c19602556d950424/","","index, follow, max-image-preview:large, max-snippet:-1, max-video-preview:-1","","","","",""
"https://clinicabelba.com/fr/blog/6/","1","No indexable","Canonicalizada","https://clinicabelba.com/fr/blog/","","index, follow, max-image-preview:large, max-snippet:-1, max-video-preview:-1","","","","",""
"https://clinicabelba.com/fr/blog/7/","1","No indexable","Canonicalizada","https://clinicabelba.com/fr/blog/","","index, follow, max-image-preview:large, max-snippet:-1, max-video-preview:-1","","","","",""
"https://clinicabelba.com/fr/lipovaser-que-es/","1","Indexable","","https://clinicabelba.com/fr/lipovaser-que-es/","","index, follow, max-image-preview:large, max-snippet:-1, max-video-preview:-1","","","","",""
"https://clinicabelba.com/fr/blepharoplastie-sans-chirurgie/","1","Indexable","","https://clinicabelba.com/fr/blepharoplastie-sans-chirurgie/","","index, follow, max-image-preview:large, max-snippet:-1, max-video-preview:-1","","","","",""
"https://clinicabelba.com/fr/blog/10/","1","No indexable","Canonicalizada","https://clinicabelba.com/fr/blog/","","index, follow, max-image-preview:large, max-snippet:-1, max-video-preview:-1","","","","",""
"https://clinicabelba.com/fr/pezones-invertidos-correccion/","1","Indexable","","https://clinicabelba.com/fr/pezones-invertidos-correccion/","","index, follow, max-image-preview:large, max-snippet:-1, max-video-preview:-1","","","","",""
"https://clinicabelba.com/fr/cicatriz-cesarea-correccion/","1","Indexable","","https://clinicabelba.com/fr/cicatriz-cesarea-correccion/","","index, follow, max-image-preview:large, max-snippet:-1, max-video-preview:-1","","","","",""
"https://clinicabelba.com/fr/blog/8/","1","No indexable","Canonicalizada","https://clinicabelba.com/fr/blog/","","index, follow, max-image-preview:large, max-snippet:-1, max-video-preview:-1","","","","",""
"https://clinicabelba.com/fr/blog/9/","1","No indexable","Canonicalizada","https://clinicabelba.com/fr/blog/","","index, follow, max-image-preview:large, max-snippet:-1, max-video-preview:-1","","","","",""
"https://clinicabelba.com/precio-liposuccion-espana/","1","Indexable","","https://clinicabelba.com/precio-liposuccion-espana/","","index, follow, max-image-preview:large, max-snippet:-1, max-video-preview:-1","","","","",""
"https://clinicabelba.com/author/webbelba/","1","Indexable","","https://clinicabelba.com/author/webbelba/","","index, follow, max-image-preview:large, max-snippet:-1, max-video-preview:-1","","https://clinicabelba.com/author/webbelba/page/2/","","",""
"https://clinicabelba.com/ca/drfelixchavarriacirugiaplastica/","1","Indexable","","https://clinicabelba.com/ca/drfelixchavarriacirugiaplastica/","","index, follow, max-image-preview:large, max-snippet:-1, max-video-preview:-1","","","","",""
"https://clinicabelba.com/en/drfelixchavarriacirugiaplastica/","1","Indexable","","https://clinicabelba.com/en/drfelixchavarriacirugiaplastica/","","index, follow, max-image-preview:large, max-snippet:-1, max-video-preview:-1","","","","",""
"https://clinicabelba.com/ru/дрфеликсчаварриацируджиапластика/","1","Indexable","","https://clinicabelba.com/ru/дрфеликсчаварриацируджиапластика/","","index, follow, max-image-preview:large, max-snippet:-1, max-video-preview:-1","","","","",""
"https://clinicabelba.com/it/dr-felix-chavarria-chirurgia-plastica/","1","Indexable","","https://clinicabelba.com/it/dr-felix-chavarria-chirurgia-plastica/","","index, follow, max-image-preview:large, max-snippet:-1, max-video-preview:-1","","","","",""
"https://clinicabelba.com/uk/drfelixchavarriacirugiaplastica/","1","Indexable","","https://clinicabelba.com/uk/drfelixchavarriacirugiaplastica/","","index, follow, max-image-preview:large, max-snippet:-1, max-video-preview:-1","","","","",""
"https://clinicabelba.com/nl/drfelixchavarriacirugiaplastica/","1","Indexable","","https://clinicabelba.com/nl/drfelixchavarriacirugiaplastica/","","index, follow, max-image-preview:large, max-snippet:-1, max-video-preview:-1","","","","",""
"https://clinicabelba.com/de/dr-felix-chavarria-plastische-chirurgie/","1","Indexable","","https://clinicabelba.com/de/dr-felix-chavarria-plastische-chirurgie/","","index, follow, max-image-preview:large, max-snippet:-1, max-video-preview:-1","","","","",""
"https://clinicabelba.com/ca/drdewevercirugiaplastica/","1","Indexable","","https://clinicabelba.com/ca/drdewevercirugiaplastica/","","index, follow, max-image-preview:large, max-snippet:-1, max-video-preview:-1","","","","",""
"https://clinicabelba.com/nl/drdeweverplastischechirurgie/","1","Indexable","","https://clinicabelba.com/nl/drdeweverplastischechirurgie/","","index, follow, max-image-preview:large, max-snippet:-1, max-video-preview:-1","","","","",""
"https://clinicabelba.com/de/dr-dewever-plastische-chirurgie/","1","Indexable","","https://clinicabelba.com/de/dr-dewever-plastische-chirurgie/","","index, follow, max-image-preview:large, max-snippet:-1, max-video-preview:-1","","","","",""
"https://clinicabelba.com/uk/drdeweverпластичнахірургія/","1","Indexable","","https://clinicabelba.com/uk/drdeweverпластичнахірургія/","","index, follow, max-image-preview:large, max-snippet:-1, max-video-preview:-1","","","","",""
"https://clinicabelba.com/it/drdeweverchirurgiaplastica/","1","Indexable","","https://clinicabelba.com/it/drdeweverchirurgiaplastica/","","index, follow, max-image-preview:large, max-snippet:-1, max-video-preview:-1","","","","",""
"https://clinicabelba.com/en/drdewevercosmeticsurgery/","1","Indexable","","https://clinicabelba.com/en/drdewevercosmeticsurgery/","","index, follow, max-image-preview:large, max-snippet:-1, max-video-preview:-1","","","","",""
"https://clinicabelba.com/ru/ждрдеверхирургияпластическая/","1","Indexable","","https://clinicabelba.com/ru/ждрдеверхирургияпластическая/","","index, follow, max-image-preview:large, max-snippet:-1, max-video-preview:-1","","","","",""
"https://clinicabelba.com/de/blog/2/","1","No indexable","Canonicalizada","https://clinicabelba.com/de/blog/","","index, follow, max-image-preview:large, max-snippet:-1, max-video-preview:-1","","","","",""
"https://clinicabelba.com/de/asimetria-mamaria-cuando-operar/","1","Indexable","","https://clinicabelba.com/de/asimetria-mamaria-cuando-operar/","","index, follow, max-image-preview:large, max-snippet:-1, max-video-preview:-1","","","","",""
"https://clinicabelba.com/de/blog/3/","1","No indexable","Canonicalizada","https://clinicabelba.com/de/blog/","","index, follow, max-image-preview:large, max-snippet:-1, max-video-preview:-1","","","","",""
"https://clinicabelba.com/de/blog/4/","1","No indexable","Canonicalizada","https://clinicabelba.com/de/blog/","","index, follow, max-image-preview:large, max-snippet:-1, max-video-preview:-1","","","","",""
"https://clinicabelba.com/de/cicatriz-cesarea-correccion/","1","Indexable","","https://clinicabelba.com/de/cicatriz-cesarea-correccion/","","index, follow, max-image-preview:large, max-snippet:-1, max-video-preview:-1","","","","",""
"https://clinicabelba.com/de/blog/9/","1","No indexable","Canonicalizada","https://clinicabelba.com/de/blog/","","index, follow, max-image-preview:large, max-snippet:-1, max-video-preview:-1","","","","",""
"https://clinicabelba.com/de/blog/6/","1","No indexable","Canonicalizada","https://clinicabelba.com/de/blog/","","index, follow, max-image-preview:large, max-snippet:-1, max-video-preview:-1","","","","",""
"https://clinicabelba.com/de/lipovaser-was-ist/","1","Indexable","","https://clinicabelba.com/de/lipovaser-was-ist/","","index, follow, max-image-preview:large, max-snippet:-1, max-video-preview:-1","","","","",""
"https://clinicabelba.com/de/pezones-invertidos-correccion/","1","Indexable","","https://clinicabelba.com/de/pezones-invertidos-correccion/","","index, follow, max-image-preview:large, max-snippet:-1, max-video-preview:-1","","","","",""
"https://clinicabelba.com/de/blog/10/","1","No indexable","Canonicalizada","https://clinicabelba.com/de/blog/","","index, follow, max-image-preview:large, max-snippet:-1, max-video-preview:-1","","","","",""
"https://clinicabelba.com/de/blog/5/","1","No indexable","Canonicalizada","https://clinicabelba.com/de/blog/","","index, follow, max-image-preview:large, max-snippet:-1, max-video-preview:-1","","","","",""
"https://clinicabelba.com/de/blog/7/","1","No indexable","Canonicalizada","https://clinicabelba.com/de/blog/","","index, follow, max-image-preview:large, max-snippet:-1, max-video-preview:-1","","","","",""
"https://clinicabelba.com/de/test-post-2193c672-50fa-4ac0-84bf-874e83e57613-c19602556d950424/","1","Indexable","","https://clinicabelba.com/de/test-post-2193c672-50fa-4ac0-84bf-874e83e57613-c19602556d950424/","","index, follow, max-image-preview:large, max-snippet:-1, max-video-preview:-1","","","","",""
"https://clinicabelba.com/de/blog/8/","1","No indexable","Canonicalizada","https://clinicabelba.com/de/blog/","","index, follow, max-image-preview:large, max-snippet:-1, max-video-preview:-1","","","","",""
"https://clinicabelba.com/de/blepharoplastik-ohne-operation/","1","Indexable","","https://clinicabelba.com/de/blepharoplastik-ohne-operation/","","index, follow, max-image-preview:large, max-snippet:-1, max-video-preview:-1","","","","",""
"https://clinicabelba.com/en/test-post-2193c672-50fa-4ac0-84bf-874e83e57613-c19602556d950424/","1","Indexable","","https://clinicabelba.com/en/test-post-2193c672-50fa-4ac0-84bf-874e83e57613-c19602556d950424/","","index, follow, max-image-preview:large, max-snippet:-1, max-video-preview:-1","","","","",""
"https://clinicabelba.com/en/cicatriz-cesarea-correccion/","1","Indexable","","https://clinicabelba.com/en/cicatriz-cesarea-correccion/","","index, follow, max-image-preview:large, max-snippet:-1, max-video-preview:-1","","","","",""
"https://clinicabelba.com/en/asimetria-mamaria-cuando-operar/","1","Indexable","","https://clinicabelba.com/en/asimetria-mamaria-cuando-operar/","","index, follow, max-image-preview:large, max-snippet:-1, max-video-preview:-1","","","","",""
"https://clinicabelba.com/en/non-surgical-blepharoplasty/","1","Indexable","","https://clinicabelba.com/en/non-surgical-blepharoplasty/","","index, follow, max-image-preview:large, max-snippet:-1, max-video-preview:-1","","","","",""
"https://clinicabelba.com/en/pezones-invertidos-correccion/","1","Indexable","","https://clinicabelba.com/en/pezones-invertidos-correccion/","","index, follow, max-image-preview:large, max-snippet:-1, max-video-preview:-1","","","","",""
"https://clinicabelba.com/en/blog/4/","1","No indexable","Canonicalizada","https://clinicabelba.com/en/blog/","","index, follow, max-image-preview:large, max-snippet:-1, max-video-preview:-1","","","","",""
"https://clinicabelba.com/en/blog/3/","1","No indexable","Canonicalizada","https://clinicabelba.com/en/blog/","","index, follow, max-image-preview:large, max-snippet:-1, max-video-preview:-1","","","","",""
"https://clinicabelba.com/en/blog/2/","1","No indexable","Canonicalizada","https://clinicabelba.com/en/blog/","","index, follow, max-image-preview:large, max-snippet:-1, max-video-preview:-1","","","","",""
"https://clinicabelba.com/en/blog/8/","1","No indexable","Canonicalizada","https://clinicabelba.com/en/blog/","","index, follow, max-image-preview:large, max-snippet:-1, max-video-preview:-1","","","","",""
"https://clinicabelba.com/en/blog/7/","1","No indexable","Canonicalizada","https://clinicabelba.com/en/blog/","","index, follow, max-image-preview:large, max-snippet:-1, max-video-preview:-1","","","","",""
"https://clinicabelba.com/en/blog/6/","1","No indexable","Canonicalizada","https://clinicabelba.com/en/blog/","","index, follow, max-image-preview:large, max-snippet:-1, max-video-preview:-1","","","","",""
"https://clinicabelba.com/en/blog/5/","1","No indexable","Canonicalizada","https://clinicabelba.com/en/blog/","","index, follow, max-image-preview:large, max-snippet:-1, max-video-preview:-1","","","","",""
"https://clinicabelba.com/en/blog/10/","1","No indexable","Canonicalizada","https://clinicabelba.com/en/blog/","","index, follow, max-image-preview:large, max-snippet:-1, max-video-preview:-1","","","","",""
"https://clinicabelba.com/en/blog/9/","1","No indexable","Canonicalizada","https://clinicabelba.com/en/blog/","","index, follow, max-image-preview:large, max-snippet:-1, max-video-preview:-1","","","","",""
"https://clinicabelba.com/en/lipovaser-what-is-it/","1","Indexable","","https://clinicabelba.com/en/lipovaser-what-is-it/","","index, follow, max-image-preview:large, max-snippet:-1, max-video-preview:-1","","","","",""
"https://clinicabelba.com/ca/bloc/2/","1","No indexable","Canonicalizada","https://clinicabelba.com/ca/bloc/","","index, follow, max-image-preview:large, max-snippet:-1, max-video-preview:-1","","","","",""
"https://clinicabelba.com/ca/bloc/4/","1","No indexable","Canonicalizada","https://clinicabelba.com/ca/bloc/","","index, follow, max-image-preview:large, max-snippet:-1, max-video-preview:-1","","","","",""
"https://clinicabelba.com/ca/bloc/5/","1","No indexable","Canonicalizada","https://clinicabelba.com/ca/bloc/","","index, follow, max-image-preview:large, max-snippet:-1, max-video-preview:-1","","","","",""
"https://clinicabelba.com/ca/bloc/3/","1","No indexable","Canonicalizada","https://clinicabelba.com/ca/bloc/","","index, follow, max-image-preview:large, max-snippet:-1, max-video-preview:-1","","","","",""
"https://clinicabelba.com/ca/test-post-2193c672-50fa-4ac0-84bf-874e83e57613-c19602556d950424/","1","Indexable","","https://clinicabelba.com/ca/test-post-2193c672-50fa-4ac0-84bf-874e83e57613-c19602556d950424/","","index, follow, max-image-preview:large, max-snippet:-1, max-video-preview:-1","","","","",""
"https://clinicabelba.com/ca/bloc/8/","1","No indexable","Canonicalizada","https://clinicabelba.com/ca/bloc/","","index, follow, max-image-preview:large, max-snippet:-1, max-video-preview:-1","","","","",""
"https://clinicabelba.com/ca/bloc/9/","1","No indexable","Canonicalizada","https://clinicabelba.com/ca/bloc/","","index, follow, max-image-preview:large, max-snippet:-1, max-video-preview:-1","","","","",""
"https://clinicabelba.com/ca/bloc/6/","1","No indexable","Canonicalizada","https://clinicabelba.com/ca/bloc/","","index, follow, max-image-preview:large, max-snippet:-1, max-video-preview:-1","","","","",""
"https://clinicabelba.com/ca/asimetria-mamaria-cuando-operar/","1","Indexable","","https://clinicabelba.com/ca/asimetria-mamaria-cuando-operar/","","index, follow, max-image-preview:large, max-snippet:-1, max-video-preview:-1","","","","",""
"https://clinicabelba.com/ca/pezones-invertidos-correccion/","1","Indexable","","https://clinicabelba.com/ca/pezones-invertidos-correccion/","","index, follow, max-image-preview:large, max-snippet:-1, max-video-preview:-1","","","","",""
"https://clinicabelba.com/ca/bloc/7/","1","No indexable","Canonicalizada","https://clinicabelba.com/ca/bloc/","","index, follow, max-image-preview:large, max-snippet:-1, max-video-preview:-1","","","","",""
"https://clinicabelba.com/ca/bloc/10/","1","No indexable","Canonicalizada","https://clinicabelba.com/ca/bloc/","","index, follow, max-image-preview:large, max-snippet:-1, max-video-preview:-1","","","","",""
"https://clinicabelba.com/ca/cicatriz-cesarea-correccion/","1","Indexable","","https://clinicabelba.com/ca/cicatriz-cesarea-correccion/","","index, follow, max-image-preview:large, max-snippet:-1, max-video-preview:-1","","","","",""
"https://clinicabelba.com/ca/lipovaser-que-es/","1","Indexable","","https://clinicabelba.com/ca/lipovaser-que-es/","","index, follow, max-image-preview:large, max-snippet:-1, max-video-preview:-1","","","","",""
"https://clinicabelba.com/ca/blefaroplastia-sense-cirurgia/","1","Indexable","","https://clinicabelba.com/ca/blefaroplastia-sense-cirurgia/","","index, follow, max-image-preview:large, max-snippet:-1, max-video-preview:-1","","","","",""
"https://clinicabelba.com/mama-tuberosa-grados-cirugia/","1","Indexable","","https://clinicabelba.com/mama-tuberosa-grados-cirugia/","","index, follow, max-image-preview:large, max-snippet:-1, max-video-preview:-1","","","","",""
"https://clinicabelba.com/lipovaser-vs-liposuccion/","1","Indexable","","https://clinicabelba.com/lipovaser-vs-liposuccion/","","index, follow, max-image-preview:large, max-snippet:-1, max-video-preview:-1","","","","",""
"https://clinicabelba.com/rinoplastia-hombre-antes-y-despues-mejorado/","1","Indexable","","https://clinicabelba.com/rinoplastia-hombre-antes-y-despues-mejorado/","","index, follow, max-image-preview:large, max-snippet:-1, max-video-preview:-1","","","","",""
"https://clinicabelba.com/labios-vaginales/","1","Indexable","","https://clinicabelba.com/labios-vaginales/","","index, follow, max-image-preview:large, max-snippet:-1, max-video-preview:-1","","","","",""
"https://clinicabelba.com/recuperacion-rinoplastia-semana-a-semana/","1","Indexable","","https://clinicabelba.com/recuperacion-rinoplastia-semana-a-semana/","","index, follow, max-image-preview:large, max-snippet:-1, max-video-preview:-1","","","","",""
"https://clinicabelba.com/diastasis-abdominal-es-peligroso/","1","Indexable","","https://clinicabelba.com/diastasis-abdominal-es-peligroso/","","index, follow, max-image-preview:large, max-snippet:-1, max-video-preview:-1","","","","",""
"https://clinicabelba.com/recuperacion-liposuccion-semana-a-semana/","1","Indexable","","https://clinicabelba.com/recuperacion-liposuccion-semana-a-semana/","","index, follow, max-image-preview:large, max-snippet:-1, max-video-preview:-1","","","","",""
"https://clinicabelba.com/rinoplastia-hombre-antes-y-despues/","1","Indexable","","https://clinicabelba.com/rinoplastia-hombre-antes-y-despues/","","index, follow, max-image-preview:large, max-snippet:-1, max-video-preview:-1","","","","",""
"https://clinicabelba.com/hipertrofia-labios-menores/","1","Indexable","","https://clinicabelba.com/hipertrofia-labios-menores/","","index, follow, max-image-preview:large, max-snippet:-1, max-video-preview:-1","","","","",""
"https://clinicabelba.com/bbl-hialuronico-o-protesis-gluteo-cual-elegir/","1","Indexable","","https://clinicabelba.com/bbl-hialuronico-o-protesis-gluteo-cual-elegir/","","index, follow, max-image-preview:large, max-snippet:-1, max-video-preview:-1","","","","",""
"https://clinicabelba.com/cuanto-dura-una-blefaroplastia/","1","Indexable","","https://clinicabelba.com/cuanto-dura-una-blefaroplastia/","","index, follow, max-image-preview:large, max-snippet:-1, max-video-preview:-1","","","","",""
"https://clinicabelba.com/merece-la-pena-operarse-el-pecho/","1","Indexable","","https://clinicabelba.com/merece-la-pena-operarse-el-pecho/","","index, follow, max-image-preview:large, max-snippet:-1, max-video-preview:-1","","","","",""
"https://clinicabelba.com/que-es-bichectomia/","1","Indexable","","https://clinicabelba.com/que-es-bichectomia/","","index, follow, max-image-preview:large, max-snippet:-1, max-video-preview:-1","","","","",""
"https://clinicabelba.com/lifting-denise-richards/","1","Indexable","","https://clinicabelba.com/lifting-denise-richards/","","index, follow, max-image-preview:large, max-snippet:-1, max-video-preview:-1","","","","",""
"https://clinicabelba.com/aumento-hibrido-vs-implantes/","1","Indexable","","https://clinicabelba.com/aumento-hibrido-vs-implantes/","","index, follow, max-image-preview:large, max-snippet:-1, max-video-preview:-1","","","","",""
"https://clinicabelba.com/aumento-pecho-150cc/","1","Indexable","","https://clinicabelba.com/aumento-pecho-150cc/","","index, follow, max-image-preview:large, max-snippet:-1, max-video-preview:-1","","","","",""
"https://clinicabelba.com/abdominoplastia-recuperacion/","1","Indexable","","https://clinicabelba.com/abdominoplastia-recuperacion/","","index, follow, max-image-preview:large, max-snippet:-1, max-video-preview:-1","","","","",""
"https://clinicabelba.com/aumento-pecho-barcelona-elegir-cirujano/","1","Indexable","","https://clinicabelba.com/aumento-pecho-barcelona-elegir-cirujano/","","index, follow, max-image-preview:large, max-snippet:-1, max-video-preview:-1","","","","",""
"https://clinicabelba.com/que-es-un-bbl-brazilian-butt-lift/","1","Indexable","","https://clinicabelba.com/que-es-un-bbl-brazilian-butt-lift/","","index, follow, max-image-preview:large, max-snippet:-1, max-video-preview:-1","","","","",""
"https://clinicabelba.com/postoperatorio-lifting-facial-semana-a-semana/","1","Indexable","","https://clinicabelba.com/postoperatorio-lifting-facial-semana-a-semana/","","index, follow, max-image-preview:large, max-snippet:-1, max-video-preview:-1","","","","",""
"https://clinicabelba.com/rinomodelacion-cuanto-dura/","1","Indexable","","https://clinicabelba.com/rinomodelacion-cuanto-dura/","","index, follow, max-image-preview:large, max-snippet:-1, max-video-preview:-1","","","","",""
"https://clinicabelba.com/precio-abdominoplastia/","1","Indexable","","https://clinicabelba.com/precio-abdominoplastia/","","index, follow, max-image-preview:large, max-snippet:-1, max-video-preview:-1","","","","",""
"https://clinicabelba.com/mejor-edad-para-aumento-pecho/","1","Indexable","","https://clinicabelba.com/mejor-edad-para-aumento-pecho/","","index, follow, max-image-preview:large, max-snippet:-1, max-video-preview:-1","","","","",""
"https://clinicabelba.com/precio-blefaroplastia/","1","Indexable","","https://clinicabelba.com/precio-blefaroplastia/","","index, follow, max-image-preview:large, max-snippet:-1, max-video-preview:-1","","","","",""
"https://clinicabelba.com/recuperacion-blefaroplastia/","1","Indexable","","https://clinicabelba.com/recuperacion-blefaroplastia/","","index, follow, max-image-preview:large, max-snippet:-1, max-video-preview:-1","","","","",""
"https://clinicabelba.com/tipos-lifting-facial-corporal/","1","Indexable","","https://clinicabelba.com/tipos-lifting-facial-corporal/","","index, follow, max-image-preview:large, max-snippet:-1, max-video-preview:-1","","","","",""
"https://clinicabelba.com/precio-aumento-pecho-barcelona/","1","Indexable","","https://clinicabelba.com/precio-aumento-pecho-barcelona/","","index, follow, max-image-preview:large, max-snippet:-1, max-video-preview:-1","","","","",""
"https://clinicabelba.com/tipos-protesis-pecho-redondas-anatomicas/","1","Indexable","","https://clinicabelba.com/tipos-protesis-pecho-redondas-anatomicas/","","index, follow, max-image-preview:large, max-snippet:-1, max-video-preview:-1","","","","",""
"https://clinicabelba.com/cuanto-vale-aumento-pecho-espana/","1","Indexable","","https://clinicabelba.com/cuanto-vale-aumento-pecho-espana/","","index, follow, max-image-preview:large, max-snippet:-1, max-video-preview:-1","","","","",""
"https://clinicabelba.com/nl/blog/10/","1","No indexable","Canonicalizada","https://clinicabelba.com/nl/blog/","","index, follow, max-image-preview:large, max-snippet:-1, max-video-preview:-1","","","","",""
"https://clinicabelba.com/nl/test-post-2193c672-50fa-4ac0-84bf-874e83e57613-c19602556d950424/","1","Indexable","","https://clinicabelba.com/nl/test-post-2193c672-50fa-4ac0-84bf-874e83e57613-c19602556d950424/","","index, follow, max-image-preview:large, max-snippet:-1, max-video-preview:-1","","","","",""
"https://clinicabelba.com/nl/pezones-invertidos-correccion/","1","Indexable","","https://clinicabelba.com/nl/pezones-invertidos-correccion/","","index, follow, max-image-preview:large, max-snippet:-1, max-video-preview:-1","","","","",""
"https://clinicabelba.com/nl/blog/8/","1","No indexable","Canonicalizada","https://clinicabelba.com/nl/blog/","","index, follow, max-image-preview:large, max-snippet:-1, max-video-preview:-1","","","","",""
"https://clinicabelba.com/nl/blog/9/","1","No indexable","Canonicalizada","https://clinicabelba.com/nl/blog/","","index, follow, max-image-preview:large, max-snippet:-1, max-video-preview:-1","","","","",""
"https://clinicabelba.com/nl/blog/6/","1","No indexable","Canonicalizada","https://clinicabelba.com/nl/blog/","","index, follow, max-image-preview:large, max-snippet:-1, max-video-preview:-1","","","","",""
"https://clinicabelba.com/nl/blog/5/","1","No indexable","Canonicalizada","https://clinicabelba.com/nl/blog/","","index, follow, max-image-preview:large, max-snippet:-1, max-video-preview:-1","","","","",""
"https://clinicabelba.com/nl/blog/7/","1","No indexable","Canonicalizada","https://clinicabelba.com/nl/blog/","","index, follow, max-image-preview:large, max-snippet:-1, max-video-preview:-1","","","","",""
"https://clinicabelba.com/nl/blog/4/","1","No indexable","Canonicalizada","https://clinicabelba.com/nl/blog/","","index, follow, max-image-preview:large, max-snippet:-1, max-video-preview:-1","","","","",""
"https://clinicabelba.com/nl/blog/3/","1","No indexable","Canonicalizada","https://clinicabelba.com/nl/blog/","","index, follow, max-image-preview:large, max-snippet:-1, max-video-preview:-1","","","","",""
"https://clinicabelba.com/nl/blog/2/","1","No indexable","Canonicalizada","https://clinicabelba.com/nl/blog/","","index, follow, max-image-preview:large, max-snippet:-1, max-video-preview:-1","","","","",""
"https://clinicabelba.com/nl/cicatriz-cesarea-correccion/","1","Indexable","","https://clinicabelba.com/nl/cicatriz-cesarea-correccion/","","index, follow, max-image-preview:large, max-snippet:-1, max-video-preview:-1","","","","",""
"https://clinicabelba.com/nl/blefaroplastiek-zonder-chirurgie/","1","Indexable","","https://clinicabelba.com/nl/blefaroplastiek-zonder-chirurgie/","","index, follow, max-image-preview:large, max-snippet:-1, max-video-preview:-1","","","","",""
"https://clinicabelba.com/nl/lipovaser-wat-is-dat/","1","Indexable","","https://clinicabelba.com/nl/lipovaser-wat-is-dat/","","index, follow, max-image-preview:large, max-snippet:-1, max-video-preview:-1","","","","",""
"https://clinicabelba.com/nl/asimetria-mamaria-cuando-operar/","1","Indexable","","https://clinicabelba.com/nl/asimetria-mamaria-cuando-operar/","","index, follow, max-image-preview:large, max-snippet:-1, max-video-preview:-1","","","","",""
"https://clinicabelba.com/como-elegir-cirujano-plastico/","1","Indexable","","https://clinicabelba.com/como-elegir-cirujano-plastico/","","index, follow, max-image-preview:large, max-snippet:-1, max-video-preview:-1","","","","",""
"https://clinicabelba.com/labios-vaginales-que-son-tipos-cuidados-y-cuando-consultar/","1","Indexable","","https://clinicabelba.com/labios-vaginales-que-son-tipos-cuidados-y-cuando-consultar/","","index, follow, max-image-preview:large, max-snippet:-1, max-video-preview:-1","","","","",""
"https://clinicabelba.com/uk/блог/9/","1","No indexable","Canonicalizada","https://clinicabelba.com/uk/блог/","","index, follow, max-image-preview:large, max-snippet:-1, max-video-preview:-1","","","","",""
"https://clinicabelba.com/uk/що-таке-lipovaser/","1","Indexable","","https://clinicabelba.com/uk/що-таке-lipovaser/","","index, follow, max-image-preview:large, max-snippet:-1, max-video-preview:-1","","","","",""
"https://clinicabelba.com/uk/блог/3/","1","No indexable","Canonicalizada","https://clinicabelba.com/uk/блог/","","index, follow, max-image-preview:large, max-snippet:-1, max-video-preview:-1","","","","",""
"https://clinicabelba.com/uk/блог/4/","1","No indexable","Canonicalizada","https://clinicabelba.com/uk/блог/","","index, follow, max-image-preview:large, max-snippet:-1, max-video-preview:-1","","","","",""
"https://clinicabelba.com/uk/блог/2/","1","No indexable","Canonicalizada","https://clinicabelba.com/uk/блог/","","index, follow, max-image-preview:large, max-snippet:-1, max-video-preview:-1","","","","",""
"https://clinicabelba.com/uk/блог/7/","1","No indexable","Canonicalizada","https://clinicabelba.com/uk/блог/","","index, follow, max-image-preview:large, max-snippet:-1, max-video-preview:-1","","","","",""
"https://clinicabelba.com/uk/блог/8/","1","No indexable","Canonicalizada","https://clinicabelba.com/uk/блог/","","index, follow, max-image-preview:large, max-snippet:-1, max-video-preview:-1","","","","",""
"https://clinicabelba.com/uk/asimetria-mamaria-cuando-operar/","1","Indexable","","https://clinicabelba.com/uk/asimetria-mamaria-cuando-operar/","","index, follow, max-image-preview:large, max-snippet:-1, max-video-preview:-1","","","","",""
"https://clinicabelba.com/uk/блог/6/","1","No indexable","Canonicalizada","https://clinicabelba.com/uk/блог/","","index, follow, max-image-preview:large, max-snippet:-1, max-video-preview:-1","","","","",""
"https://clinicabelba.com/uk/блог/5/","1","No indexable","Canonicalizada","https://clinicabelba.com/uk/блог/","","index, follow, max-image-preview:large, max-snippet:-1, max-video-preview:-1","","","","",""
"https://clinicabelba.com/uk/блог/10/","1","No indexable","Canonicalizada","https://clinicabelba.com/uk/блог/","","index, follow, max-image-preview:large, max-snippet:-1, max-video-preview:-1","","","","",""
"https://clinicabelba.com/uk/cicatriz-cesarea-correccion/","1","Indexable","","https://clinicabelba.com/uk/cicatriz-cesarea-correccion/","","index, follow, max-image-preview:large, max-snippet:-1, max-video-preview:-1","","","","",""
"https://clinicabelba.com/uk/pezones-invertidos-correccion/","1","Indexable","","https://clinicabelba.com/uk/pezones-invertidos-correccion/","","index, follow, max-image-preview:large, max-snippet:-1, max-video-preview:-1","","","","",""
"https://clinicabelba.com/uk/test-post-2193c672-50fa-4ac0-84bf-874e83e57613-c19602556d950424/","1","Indexable","","https://clinicabelba.com/uk/test-post-2193c672-50fa-4ac0-84bf-874e83e57613-c19602556d950424/","","index, follow, max-image-preview:large, max-snippet:-1, max-video-preview:-1","","","","",""
"https://clinicabelba.com/uk/блефаропластика-без-хірургічного-вт/","1","Indexable","","https://clinicabelba.com/uk/блефаропластика-без-хірургічного-вт/","","index, follow, max-image-preview:large, max-snippet:-1, max-video-preview:-1","","","","",""
"https://clinicabelba.com/ru/блог/3/","1","No indexable","Canonicalizada","https://clinicabelba.com/ru/блог/","","index, follow, max-image-preview:large, max-snippet:-1, max-video-preview:-1","","","","",""
"https://clinicabelba.com/ru/cicatriz-cesarea-correccion/","1","Indexable","","https://clinicabelba.com/ru/cicatriz-cesarea-correccion/","","index, follow, max-image-preview:large, max-snippet:-1, max-video-preview:-1","","","","",""
"https://clinicabelba.com/ru/блог/2/","1","No indexable","Canonicalizada","https://clinicabelba.com/ru/блог/","","index, follow, max-image-preview:large, max-snippet:-1, max-video-preview:-1","","","","",""
"https://clinicabelba.com/ru/блог/5/","1","No indexable","Canonicalizada","https://clinicabelba.com/ru/блог/","","index, follow, max-image-preview:large, max-snippet:-1, max-video-preview:-1","","","","",""
"https://clinicabelba.com/ru/asimetria-mamaria-cuando-operar/","1","Indexable","","https://clinicabelba.com/ru/asimetria-mamaria-cuando-operar/","","index, follow, max-image-preview:large, max-snippet:-1, max-video-preview:-1","","","","",""
"https://clinicabelba.com/ru/блог/4/","1","No indexable","Canonicalizada","https://clinicabelba.com/ru/блог/","","index, follow, max-image-preview:large, max-snippet:-1, max-video-preview:-1","","","","",""
"https://clinicabelba.com/ru/блог/10/","1","No indexable","Canonicalizada","https://clinicabelba.com/ru/блог/","","index, follow, max-image-preview:large, max-snippet:-1, max-video-preview:-1","","","","",""
"https://clinicabelba.com/ru/блог/7/","1","No indexable","Canonicalizada","https://clinicabelba.com/ru/блог/","","index, follow, max-image-preview:large, max-snippet:-1, max-video-preview:-1","","","","",""
"https://clinicabelba.com/ru/блог/6/","1","No indexable","Canonicalizada","https://clinicabelba.com/ru/блог/","","index, follow, max-image-preview:large, max-snippet:-1, max-video-preview:-1","","","","",""
"https://clinicabelba.com/ru/test-post-2193c672-50fa-4ac0-84bf-874e83e57613-c19602556d950424/","1","Indexable","","https://clinicabelba.com/ru/test-post-2193c672-50fa-4ac0-84bf-874e83e57613-c19602556d950424/","","index, follow, max-image-preview:large, max-snippet:-1, max-video-preview:-1","","","","",""
"https://clinicabelba.com/ru/блог/9/","1","No indexable","Canonicalizada","https://clinicabelba.com/ru/блог/","","index, follow, max-image-preview:large, max-snippet:-1, max-video-preview:-1","","","","",""
"https://clinicabelba.com/ru/блог/8/","1","No indexable","Canonicalizada","https://clinicabelba.com/ru/блог/","","index, follow, max-image-preview:large, max-snippet:-1, max-video-preview:-1","","","","",""
"https://clinicabelba.com/ru/липосер-что-это/","1","Indexable","","https://clinicabelba.com/ru/липосер-что-это/","","index, follow, max-image-preview:large, max-snippet:-1, max-video-preview:-1","","","","",""
"https://clinicabelba.com/ru/блефаропластика-без-хирургического/","1","Indexable","","https://clinicabelba.com/ru/блефаропластика-без-хирургического/","","index, follow, max-image-preview:large, max-snippet:-1, max-video-preview:-1","","","","",""
"https://clinicabelba.com/ru/pezones-invertidos-correccion/","1","Indexable","","https://clinicabelba.com/ru/pezones-invertidos-correccion/","","index, follow, max-image-preview:large, max-snippet:-1, max-video-preview:-1","","","","",""
"https://clinicabelba.com/fr/drfelixchavarriacirugiaplastica/","1","Indexable","","https://clinicabelba.com/fr/drfelixchavarriacirugiaplastica/","","index, follow, max-image-preview:large, max-snippet:-1, max-video-preview:-1","","","","",""
"https://clinicabelba.com/it/blog/2/","1","No indexable","Canonicalizada","https://clinicabelba.com/it/blog/","","index, follow, max-image-preview:large, max-snippet:-1, max-video-preview:-1","","","","",""
"https://clinicabelba.com/it/asimetria-mamaria-cuando-operar/","1","Indexable","","https://clinicabelba.com/it/asimetria-mamaria-cuando-operar/","","index, follow, max-image-preview:large, max-snippet:-1, max-video-preview:-1","","","","",""
"https://clinicabelba.com/it/pezones-invertidos-correccion/","1","Indexable","","https://clinicabelba.com/it/pezones-invertidos-correccion/","","index, follow, max-image-preview:large, max-snippet:-1, max-video-preview:-1","","","","",""
"https://clinicabelba.com/it/blog/6/","1","No indexable","Canonicalizada","https://clinicabelba.com/it/blog/","","index, follow, max-image-preview:large, max-snippet:-1, max-video-preview:-1","","","","",""
"https://clinicabelba.com/it/test-post-2193c672-50fa-4ac0-84bf-874e83e57613-c19602556d950424/","1","Indexable","","https://clinicabelba.com/it/test-post-2193c672-50fa-4ac0-84bf-874e83e57613-c19602556d950424/","","index, follow, max-image-preview:large, max-snippet:-1, max-video-preview:-1","","","","",""
"https://clinicabelba.com/it/blog/10/","1","No indexable","Canonicalizada","https://clinicabelba.com/it/blog/","","index, follow, max-image-preview:large, max-snippet:-1, max-video-preview:-1","","","","",""
"https://clinicabelba.com/it/blog/4/","1","No indexable","Canonicalizada","https://clinicabelba.com/it/blog/","","index, follow, max-image-preview:large, max-snippet:-1, max-video-preview:-1","","","","",""
"https://clinicabelba.com/it/blog/5/","1","No indexable","Canonicalizada","https://clinicabelba.com/it/blog/","","index, follow, max-image-preview:large, max-snippet:-1, max-video-preview:-1","","","","",""
"https://clinicabelba.com/it/blog/3/","1","No indexable","Canonicalizada","https://clinicabelba.com/it/blog/","","index, follow, max-image-preview:large, max-snippet:-1, max-video-preview:-1","","","","",""
"https://clinicabelba.com/it/blog/9/","1","No indexable","Canonicalizada","https://clinicabelba.com/it/blog/","","index, follow, max-image-preview:large, max-snippet:-1, max-video-preview:-1","","","","",""
"https://clinicabelba.com/it/blog/8/","1","No indexable","Canonicalizada","https://clinicabelba.com/it/blog/","","index, follow, max-image-preview:large, max-snippet:-1, max-video-preview:-1","","","","",""
"https://clinicabelba.com/it/blog/7/","1","No indexable","Canonicalizada","https://clinicabelba.com/it/blog/","","index, follow, max-image-preview:large, max-snippet:-1, max-video-preview:-1","","","","",""
"https://clinicabelba.com/it/cicatriz-cesarea-correccion/","1","Indexable","","https://clinicabelba.com/it/cicatriz-cesarea-correccion/","","index, follow, max-image-preview:large, max-snippet:-1, max-video-preview:-1","","","","",""
"https://clinicabelba.com/it/blefaroplastica-non-chirurgica/","1","Indexable","","https://clinicabelba.com/it/blefaroplastica-non-chirurgica/","","index, follow, max-image-preview:large, max-snippet:-1, max-video-preview:-1","","","","",""
"https://clinicabelba.com/it/la-lipovaser-e-una-tecnica-di-liposuzione-assistita-da-ultrasuoni-che-utilizza-onde-ultrasoniche-per-sciogliere-il-grasso-prima-della-sua-rimozione/","1","Indexable","","https://clinicabelba.com/it/la-lipovaser-e-una-tecnica-di-liposuzione-assistita-da-ultrasuoni-che-utilizza-onde-ultrasoniche-per-sciogliere-il-grasso-prima-della-sua-rimozione/","","index, follow, max-image-preview:large, max-snippet:-1, max-video-preview:-1","","","","",""
"https://clinicabelba.com/seroma-tras-cirugia-que-es-como-prevenir/","1","Indexable","","https://clinicabelba.com/seroma-tras-cirugia-que-es-como-prevenir/","","index, follow, max-image-preview:large, max-snippet:-1, max-video-preview:-1","","","","",""
"https://clinicabelba.com/rinoplastia-ultrasonica-ventajas-limites/","1","Indexable","","https://clinicabelba.com/rinoplastia-ultrasonica-ventajas-limites/","","index, follow, max-image-preview:large, max-snippet:-1, max-video-preview:-1","","","","",""
"https://clinicabelba.com/en/rhinoplasty-male-before-and-after-improved/","1","Indexable","","https://clinicabelba.com/en/rhinoplasty-male-before-and-after-improved/","","index, follow, max-image-preview:large, max-snippet:-1, max-video-preview:-1","","","","",""
"https://clinicabelba.com/en/labia-what-they-are-types-care-and-when-to-consult-a-doctor/","1","Indexable","","https://clinicabelba.com/en/labia-what-they-are-types-care-and-when-to-consult-a-doctor/","","index, follow, max-image-preview:large, max-snippet:-1, max-video-preview:-1","","","","",""
"https://clinicabelba.com/en/labia/","1","Indexable","","https://clinicabelba.com/en/labia/","","index, follow, max-image-preview:large, max-snippet:-1, max-video-preview:-1","","","","",""
"https://clinicabelba.com/en/ultrasonic-rhinoplasty-advantages-limitations/","1","Indexable","","https://clinicabelba.com/en/ultrasonic-rhinoplasty-advantages-limitations/","","index, follow, max-image-preview:large, max-snippet:-1, max-video-preview:-1","","","","",""
"https://clinicabelba.com/ca/llavis-vaginals-quins-son-tipus-cures-i-quan-consultar/","1","Indexable","","https://clinicabelba.com/ca/llavis-vaginals-quins-son-tipus-cures-i-quan-consultar/","","index, follow, max-image-preview:large, max-snippet:-1, max-video-preview:-1","","","","",""
"https://clinicabelba.com/ca/rinoplastia-home-abans-i-despres-millorat/","1","Indexable","","https://clinicabelba.com/ca/rinoplastia-home-abans-i-despres-millorat/","","index, follow, max-image-preview:large, max-snippet:-1, max-video-preview:-1","","","","",""
"https://clinicabelba.com/ca/rinoplastia-ultrasonica-avantatges-limits/","1","Indexable","","https://clinicabelba.com/ca/rinoplastia-ultrasonica-avantatges-limits/","","index, follow, max-image-preview:large, max-snippet:-1, max-video-preview:-1","","","","",""
"https://clinicabelba.com/ca/llavis-vaginals/","1","Indexable","","https://clinicabelba.com/ca/llavis-vaginals/","","index, follow, max-image-preview:large, max-snippet:-1, max-video-preview:-1","","","","",""
"https://clinicabelba.com/ru/ринопластика-мужчина-до-и-после-улучш/","1","Indexable","","https://clinicabelba.com/ru/ринопластика-мужчина-до-и-после-улучш/","","index, follow, max-image-preview:large, max-snippet:-1, max-video-preview:-1","","","","",""
"https://clinicabelba.com/it/rinoplastica-uomo-prima-e-dopo-migliorata/","1","Indexable","","https://clinicabelba.com/it/rinoplastica-uomo-prima-e-dopo-migliorata/","","index, follow, max-image-preview:large, max-snippet:-1, max-video-preview:-1","","","","",""
"https://clinicabelba.com/nl/rhinoplastiek-man-voor-en-na-verbeterd/","1","Indexable","","https://clinicabelba.com/nl/rhinoplastiek-man-voor-en-na-verbeterd/","","index, follow, max-image-preview:large, max-snippet:-1, max-video-preview:-1","","","","",""
"https://clinicabelba.com/uk/ринопластика-у-чоловіків-до-і-післ/","1","Indexable","","https://clinicabelba.com/uk/ринопластика-у-чоловіків-до-і-післ/","","index, follow, max-image-preview:large, max-snippet:-1, max-video-preview:-1","","","","",""
"https://clinicabelba.com/ru/лабии-вульвы/","1","Indexable","","https://clinicabelba.com/ru/лабии-вульвы/","","index, follow, max-image-preview:large, max-snippet:-1, max-video-preview:-1","","","","",""
"https://clinicabelba.com/it/labbra-vaginali/","1","Indexable","","https://clinicabelba.com/it/labbra-vaginali/","","index, follow, max-image-preview:large, max-snippet:-1, max-video-preview:-1","","","","",""
"https://clinicabelba.com/uk/статеві-губи/","1","Indexable","","https://clinicabelba.com/uk/статеві-губи/","","index, follow, max-image-preview:large, max-snippet:-1, max-video-preview:-1","","","","",""
"https://clinicabelba.com/nl/labia-minora/","1","Indexable","","https://clinicabelba.com/nl/labia-minora/","","index, follow, max-image-preview:large, max-snippet:-1, max-video-preview:-1","","","","",""
"https://clinicabelba.com/aumento-pecho-precio/","1","Indexable","","https://clinicabelba.com/aumento-pecho-precio/","","index, follow, max-image-preview:large, max-snippet:-1, max-video-preview:-1","","","","",""
"https://clinicabelba.com/de/schamlippen/","1","Indexable","","https://clinicabelba.com/de/schamlippen/","","index, follow, max-image-preview:large, max-snippet:-1, max-video-preview:-1","","","","",""
"https://clinicabelba.com/de/ultraschall-rhinoplastik-vorteile-grenzen/","1","Indexable","","https://clinicabelba.com/de/ultraschall-rhinoplastik-vorteile-grenzen/","","index, follow, max-image-preview:large, max-snippet:-1, max-video-preview:-1","","","","",""
"https://clinicabelba.com/de/vaginale-lippen-was-sie-sind-arten-pflege-und-wann-ein-arzt-aufgesucht-werden-sollte/","1","Indexable","","https://clinicabelba.com/de/vaginale-lippen-was-sie-sind-arten-pflege-und-wann-ein-arzt-aufgesucht-werden-sollte/","","index, follow, max-image-preview:large, max-snippet:-1, max-video-preview:-1","","","","",""
"https://clinicabelba.com/de/rhinoplastik-mann-vorher-und-nachher-verbessert/","1","Indexable","","https://clinicabelba.com/de/rhinoplastik-mann-vorher-und-nachher-verbessert/","","index, follow, max-image-preview:large, max-snippet:-1, max-video-preview:-1","","","","",""
"https://clinicabelba.com/ru/aumento-de-mama-hibrido/","0","No indexable","noindex","","","noindex, nofollow","","","","",""
"https://clinicabelba.com/en/aumento-de-mama-hibrido/","0","No indexable","noindex","","","noindex, nofollow","","","","",""
"https://clinicabelba.com/it/aumento-de-mama-hibrido/","0","No indexable","noindex","","","noindex, nofollow","","","","",""
"https://clinicabelba.com/de/aumento-de-mama-hibrido/","0","No indexable","noindex","","","noindex, nofollow","","","","",""
"https://clinicabelba.com/uk/гібридне-збільшення-грудей/","0","No indexable","noindex","","","noindex, nofollow","","","","",""
"https://clinicabelba.com/nl/hybride-borstvergroting/","0","No indexable","noindex","","","noindex, nofollow","","","","",""
"https://clinicabelba.com/ca/aumento-de-mama-hibrido/","0","No indexable","noindex","","","noindex, nofollow","","","","",""
"https://clinicabelba.com/nl/auteur/webbel/","1","Indexable","","https://clinicabelba.com/nl/auteur/webbel/","","index, follow, max-image-preview:large, max-snippet:-1, max-video-preview:-1","","https://clinicabelba.com/nl/auteur/webbel/pagina/2/","","",""
"https://clinicabelba.com/it/autore/bellissima/","1","Indexable","","https://clinicabelba.com/it/autore/bellissima/","","index, follow, max-image-preview:large, max-snippet:-1, max-video-preview:-1","","https://clinicabelba.com/it/autore/bellissima/pagina/2/","","",""
"https://clinicabelba.com/en/author/webbelba/","1","Indexable","","https://clinicabelba.com/en/author/webbelba/","","index, follow, max-image-preview:large, max-snippet:-1, max-video-preview:-1","","https://clinicabelba.com/en/author/webbelba/page/2/","","",""
"https://clinicabelba.com/de/autor/webbelba/","1","Indexable","","https://clinicabelba.com/de/autor/webbelba/","","index, follow, max-image-preview:large, max-snippet:-1, max-video-preview:-1","","https://clinicabelba.com/de/autor/webbelba/seite/2/","","",""
"https://clinicabelba.com/uk/автор/webbelba/","1","Indexable","","https://clinicabelba.com/uk/автор/webbelba/","","index, follow, max-image-preview:large, max-snippet:-1, max-video-preview:-1","","https://clinicabelba.com/uk/автор/webbelba/сторінка/2/","","",""
"https://clinicabelba.com/fr/auteur/webbelba/","1","Indexable","","https://clinicabelba.com/fr/auteur/webbelba/","","index, follow, max-image-preview:large, max-snippet:-1, max-video-preview:-1","","https://clinicabelba.com/fr/auteur/webbelba/page/2/","","",""
"https://clinicabelba.com/author/webbelba/page/2/","1","Indexable","","https://clinicabelba.com/author/webbelba/page/2/","","index, follow, max-image-preview:large, max-snippet:-1, max-video-preview:-1","","https://clinicabelba.com/author/webbelba/page/3/","https://clinicabelba.com/author/webbelba/","",""
"https://clinicabelba.com/ru/автор/веббелба/","1","Indexable","","https://clinicabelba.com/ru/автор/веббелба/","","index, follow, max-image-preview:large, max-snippet:-1, max-video-preview:-1","","https://clinicabelba.com/ru/автор/веббелба/страница/2/","","",""
"https://clinicabelba.com/ca/autor/webbelba/","1","Indexable","","https://clinicabelba.com/ca/autor/webbelba/","","index, follow, max-image-preview:large, max-snippet:-1, max-video-preview:-1","","https://clinicabelba.com/ca/autor/webbelba/pagina/2/","","",""
"https://clinicabelba.com/fr/rinoplastia-ultrasonica-ventajas-limites/","1","Indexable","","https://clinicabelba.com/fr/rinoplastia-ultrasonica-ventajas-limites/","","index, follow, max-image-preview:large, max-snippet:-1, max-video-preview:-1","","","","",""
"https://clinicabelba.com/fr/rhinoplastie-homme-avant-et-apres-ameliore/","1","Indexable","","https://clinicabelba.com/fr/rhinoplastie-homme-avant-et-apres-ameliore/","","index, follow, max-image-preview:large, max-snippet:-1, max-video-preview:-1","","","","",""
"https://clinicabelba.com/fr/levres-vaginales/","1","Indexable","","https://clinicabelba.com/fr/levres-vaginales/","","index, follow, max-image-preview:large, max-snippet:-1, max-video-preview:-1","","","","",""
"https://clinicabelba.com/fr/levres-vaginales-quest-ce-que-cest-types-soins-et-quand-consulter/","1","Indexable","","https://clinicabelba.com/fr/levres-vaginales-quest-ce-que-cest-types-soins-et-quand-consulter/","","index, follow, max-image-preview:large, max-snippet:-1, max-video-preview:-1","","","","",""
"https://clinicabelba.com/fr/aumento-de-mama-hibrido/","0","No indexable","noindex","","","noindex, nofollow","","","","",""
"https://clinicabelba.com/it/rinoplastica-ultrasonica-vantaggi-e-limiti/","1","Indexable","","https://clinicabelba.com/it/rinoplastica-ultrasonica-vantaggi-e-limiti/","","index, follow, max-image-preview:large, max-snippet:-1, max-video-preview:-1","","","","",""
"https://clinicabelba.com/ru/ультразвуковая-ринопластика-преиму/","1","Indexable","","https://clinicabelba.com/ru/ультразвуковая-ринопластика-преиму/","","index, follow, max-image-preview:large, max-snippet:-1, max-video-preview:-1","","","","",""
"https://clinicabelba.com/uk/ультразвукова-ринопластика-переваг/","1","Indexable","","https://clinicabelba.com/uk/ультразвукова-ринопластика-переваг/","","index, follow, max-image-preview:large, max-snippet:-1, max-video-preview:-1","","","","",""
"https://clinicabelba.com/uk/статеві-губи-як-доглядати-за-ними-та-ко/","1","Indexable","","https://clinicabelba.com/uk/статеві-губи-як-доглядати-за-ними-та-ко/","","index, follow, max-image-preview:large, max-snippet:-1, max-video-preview:-1","","","","",""
"https://clinicabelba.com/it/labbra-vaginali-cosa-sono-tipologie-cura-e-quando-consultare-un-medico/","1","Indexable","","https://clinicabelba.com/it/labbra-vaginali-cosa-sono-tipologie-cura-e-quando-consultare-un-medico/","","index, follow, max-image-preview:large, max-snippet:-1, max-video-preview:-1","","","","",""
"https://clinicabelba.com/ru/половой-жизни-являющиеся-типами-уход/","1","Indexable","","https://clinicabelba.com/ru/половой-жизни-являющиеся-типами-уход/","","index, follow, max-image-preview:large, max-snippet:-1, max-video-preview:-1","","","","",""
"https://clinicabelba.com/nl/labios-vaginales-que-son-tipos-cuidados-y-cuando-consultar/","1","Indexable","","https://clinicabelba.com/nl/labios-vaginales-que-son-tipos-cuidados-y-cuando-consultar/","","index, follow, max-image-preview:large, max-snippet:-1, max-video-preview:-1","","","","",""
"https://clinicabelba.com/nl/ultrasone-neuscorrectie-voordelen-beperkingen/","1","Indexable","","https://clinicabelba.com/nl/ultrasone-neuscorrectie-voordelen-beperkingen/","","index, follow, max-image-preview:large, max-snippet:-1, max-video-preview:-1","","","","",""
"https://clinicabelba.com/uk/вартість-збільшення-грудей/","1","Indexable","","https://clinicabelba.com/uk/вартість-збільшення-грудей/","","index, follow, max-image-preview:large, max-snippet:-1, max-video-preview:-1","","","","",""
"https://clinicabelba.com/it/aumento-seno-prezzo/","1","Indexable","","https://clinicabelba.com/it/aumento-seno-prezzo/","","index, follow, max-image-preview:large, max-snippet:-1, max-video-preview:-1","","","","",""
"https://clinicabelba.com/ca/augment-de-pits-preu/","1","Indexable","","https://clinicabelba.com/ca/augment-de-pits-preu/","","index, follow, max-image-preview:large, max-snippet:-1, max-video-preview:-1","","","","",""
"https://clinicabelba.com/ru/увеличение-груди-цена/","1","Indexable","","https://clinicabelba.com/ru/увеличение-груди-цена/","","index, follow, max-image-preview:large, max-snippet:-1, max-video-preview:-1","","","","",""
"https://clinicabelba.com/nl/borstvergroting-prijs/","1","Indexable","","https://clinicabelba.com/nl/borstvergroting-prijs/","","index, follow, max-image-preview:large, max-snippet:-1, max-video-preview:-1","","","","",""
"https://clinicabelba.com/en/breast-augmentation-price/","1","Indexable","","https://clinicabelba.com/en/breast-augmentation-price/","","index, follow, max-image-preview:large, max-snippet:-1, max-video-preview:-1","","","","",""
"https://clinicabelba.com/de/brustvergroserung-preis/","1","Indexable","","https://clinicabelba.com/de/brustvergroserung-preis/","","index, follow, max-image-preview:large, max-snippet:-1, max-video-preview:-1","","","","",""
"https://clinicabelba.com/fr/augmentation-mammaire-prix/","1","Indexable","","https://clinicabelba.com/fr/augmentation-mammaire-prix/","","index, follow, max-image-preview:large, max-snippet:-1, max-video-preview:-1","","","","",""
"https://clinicabelba.com/author/webbelba/page/3/","1","Indexable","","https://clinicabelba.com/author/webbelba/page/3/","","index, follow, max-image-preview:large, max-snippet:-1, max-video-preview:-1","","https://clinicabelba.com/author/webbelba/page/4/","https://clinicabelba.com/author/webbelba/page/2/","",""
"https://clinicabelba.com/ru/автор/веббелба/страница/2/","1","Indexable","","https://clinicabelba.com/ru/автор/веббелба/страница/2/","","index, follow, max-image-preview:large, max-snippet:-1, max-video-preview:-1","","https://clinicabelba.com/ru/автор/веббелба/страница/3/","https://clinicabelba.com/ru/автор/веббелба/","",""
"https://clinicabelba.com/ca/autor/webbelba/pagina/2/","1","Indexable","","https://clinicabelba.com/ca/autor/webbelba/pagina/2/","","index, follow, max-image-preview:large, max-snippet:-1, max-video-preview:-1","","https://clinicabelba.com/ca/autor/webbelba/pagina/3/","https://clinicabelba.com/ca/autor/webbelba/","",""
"https://clinicabelba.com/fr/auteur/webbelba/page/2/","1","Indexable","","https://clinicabelba.com/fr/auteur/webbelba/page/2/","","index, follow, max-image-preview:large, max-snippet:-1, max-video-preview:-1","","https://clinicabelba.com/fr/auteur/webbelba/page/3/","https://clinicabelba.com/fr/auteur/webbelba/","",""
"https://clinicabelba.com/uk/автор/webbelba/сторінка/2/","1","Indexable","","https://clinicabelba.com/uk/автор/webbelba/сторінка/2/","","index, follow, max-image-preview:large, max-snippet:-1, max-video-preview:-1","","https://clinicabelba.com/uk/автор/webbelba/сторінка/3/","https://clinicabelba.com/uk/автор/webbelba/","",""
"https://clinicabelba.com/de/autor/webbelba/seite/2/","1","Indexable","","https://clinicabelba.com/de/autor/webbelba/seite/2/","","index, follow, max-image-preview:large, max-snippet:-1, max-video-preview:-1","","https://clinicabelba.com/de/autor/webbelba/seite/3/","https://clinicabelba.com/de/autor/webbelba/","",""
"https://clinicabelba.com/en/author/webbelba/page/2/","1","Indexable","","https://clinicabelba.com/en/author/webbelba/page/2/","","index, follow, max-image-preview:large, max-snippet:-1, max-video-preview:-1","","https://clinicabelba.com/en/author/webbelba/page/3/","https://clinicabelba.com/en/author/webbelba/","",""
"https://clinicabelba.com/nl/auteur/webbel/pagina/2/","1","Indexable","","https://clinicabelba.com/nl/auteur/webbel/pagina/2/","","index, follow, max-image-preview:large, max-snippet:-1, max-video-preview:-1","","https://clinicabelba.com/nl/auteur/webbel/pagina/3/","https://clinicabelba.com/nl/auteur/webbel/","",""
"https://clinicabelba.com/it/autore/bellissima/pagina/2/","1","Indexable","","https://clinicabelba.com/it/autore/bellissima/pagina/2/","","index, follow, max-image-preview:large, max-snippet:-1, max-video-preview:-1","","https://clinicabelba.com/it/autore/bellissima/pagina/3/","https://clinicabelba.com/it/autore/bellissima/","",""
"https://clinicabelba.com/fr/auteur/webbelba/page/3/","1","Indexable","","https://clinicabelba.com/fr/auteur/webbelba/page/3/","","index, follow, max-image-preview:large, max-snippet:-1, max-video-preview:-1","","https://clinicabelba.com/fr/auteur/webbelba/page/4/","https://clinicabelba.com/fr/auteur/webbelba/page/2/","",""
"https://clinicabelba.com/de/autor/webbelba/seite/3/","1","Indexable","","https://clinicabelba.com/de/autor/webbelba/seite/3/","","index, follow, max-image-preview:large, max-snippet:-1, max-video-preview:-1","","https://clinicabelba.com/de/autor/webbelba/seite/4/","https://clinicabelba.com/de/autor/webbelba/seite/2/","",""
"https://clinicabelba.com/en/author/webbelba/page/3/","1","Indexable","","https://clinicabelba.com/en/author/webbelba/page/3/","","index, follow, max-image-preview:large, max-snippet:-1, max-video-preview:-1","","https://clinicabelba.com/en/author/webbelba/page/4/","https://clinicabelba.com/en/author/webbelba/page/2/","",""
"https://clinicabelba.com/it/autore/bellissima/pagina/3/","1","Indexable","","https://clinicabelba.com/it/autore/bellissima/pagina/3/","","index, follow, max-image-preview:large, max-snippet:-1, max-video-preview:-1","","https://clinicabelba.com/it/autore/bellissima/pagina/4/","https://clinicabelba.com/it/autore/bellissima/pagina/2/","",""
"https://clinicabelba.com/ru/автор/веббелба/страница/3/","1","Indexable","","https://clinicabelba.com/ru/автор/веббелба/страница/3/","","index, follow, max-image-preview:large, max-snippet:-1, max-video-preview:-1","","https://clinicabelba.com/ru/автор/веббелба/страница/4/","https://clinicabelba.com/ru/автор/веббелба/страница/2/","",""
"https://clinicabelba.com/author/webbelba/page/4/","1","Indexable","","https://clinicabelba.com/author/webbelba/page/4/","","index, follow, max-image-preview:large, max-snippet:-1, max-video-preview:-1","","https://clinicabelba.com/author/webbelba/page/5/","https://clinicabelba.com/author/webbelba/page/3/","",""
"https://clinicabelba.com/nl/auteur/webbel/pagina/3/","1","Indexable","","https://clinicabelba.com/nl/auteur/webbel/pagina/3/","","index, follow, max-image-preview:large, max-snippet:-1, max-video-preview:-1","","https://clinicabelba.com/nl/auteur/webbel/pagina/4/","https://clinicabelba.com/nl/auteur/webbel/pagina/2/","",""
"https://clinicabelba.com/ca/autor/webbelba/pagina/3/","1","Indexable","","https://clinicabelba.com/ca/autor/webbelba/pagina/3/","","index, follow, max-image-preview:large, max-snippet:-1, max-video-preview:-1","","https://clinicabelba.com/ca/autor/webbelba/pagina/4/","https://clinicabelba.com/ca/autor/webbelba/pagina/2/","",""
"https://clinicabelba.com/uk/автор/webbelba/сторінка/3/","1","Indexable","","https://clinicabelba.com/uk/автор/webbelba/сторінка/3/","","index, follow, max-image-preview:large, max-snippet:-1, max-video-preview:-1","","https://clinicabelba.com/uk/автор/webbelba/сторінка/4/","https://clinicabelba.com/uk/автор/webbelba/сторінка/2/","",""
"https://clinicabelba.com/author/webbelba/page/5/","1","Indexable","","https://clinicabelba.com/author/webbelba/page/5/","","index, follow, max-image-preview:large, max-snippet:-1, max-video-preview:-1","","https://clinicabelba.com/author/webbelba/page/6/","https://clinicabelba.com/author/webbelba/page/4/","",""
"https://clinicabelba.com/nl/auteur/webbel/pagina/4/","1","Indexable","","https://clinicabelba.com/nl/auteur/webbel/pagina/4/","","index, follow, max-image-preview:large, max-snippet:-1, max-video-preview:-1","","https://clinicabelba.com/nl/auteur/webbel/pagina/5/","https://clinicabelba.com/nl/auteur/webbel/pagina/3/","",""
"https://clinicabelba.com/uk/автор/webbelba/сторінка/4/","1","Indexable","","https://clinicabelba.com/uk/автор/webbelba/сторінка/4/","","index, follow, max-image-preview:large, max-snippet:-1, max-video-preview:-1","","https://clinicabelba.com/uk/автор/webbelba/сторінка/5/","https://clinicabelba.com/uk/автор/webbelba/сторінка/3/","",""
"https://clinicabelba.com/ca/autor/webbelba/pagina/4/","1","Indexable","","https://clinicabelba.com/ca/autor/webbelba/pagina/4/","","index, follow, max-image-preview:large, max-snippet:-1, max-video-preview:-1","","https://clinicabelba.com/ca/autor/webbelba/pagina/5/","https://clinicabelba.com/ca/autor/webbelba/pagina/3/","",""
"https://clinicabelba.com/ru/автор/веббелба/страница/4/","1","Indexable","","https://clinicabelba.com/ru/автор/веббелба/страница/4/","","index, follow, max-image-preview:large, max-snippet:-1, max-video-preview:-1","","https://clinicabelba.com/ru/автор/веббелба/страница/5/","https://clinicabelba.com/ru/автор/веббелба/страница/3/","",""
"https://clinicabelba.com/it/autore/bellissima/pagina/4/","1","Indexable","","https://clinicabelba.com/it/autore/bellissima/pagina/4/","","index, follow, max-image-preview:large, max-snippet:-1, max-video-preview:-1","","https://clinicabelba.com/it/autore/bellissima/pagina/5/","https://clinicabelba.com/it/autore/bellissima/pagina/3/","",""
"https://clinicabelba.com/en/author/webbelba/page/4/","1","Indexable","","https://clinicabelba.com/en/author/webbelba/page/4/","","index, follow, max-image-preview:large, max-snippet:-1, max-video-preview:-1","","https://clinicabelba.com/en/author/webbelba/page/5/","https://clinicabelba.com/en/author/webbelba/page/3/","",""
"https://clinicabelba.com/fr/auteur/webbelba/page/4/","1","Indexable","","https://clinicabelba.com/fr/auteur/webbelba/page/4/","","index, follow, max-image-preview:large, max-snippet:-1, max-video-preview:-1","","https://clinicabelba.com/fr/auteur/webbelba/page/5/","https://clinicabelba.com/fr/auteur/webbelba/page/3/","",""
"https://clinicabelba.com/de/autor/webbelba/seite/4/","1","Indexable","","https://clinicabelba.com/de/autor/webbelba/seite/4/","","index, follow, max-image-preview:large, max-snippet:-1, max-video-preview:-1","","https://clinicabelba.com/de/autor/webbelba/seite/5/","https://clinicabelba.com/de/autor/webbelba/seite/3/","",""
"https://clinicabelba.com/de/autor/webbelba/seite/5/","1","Indexable","","https://clinicabelba.com/de/autor/webbelba/seite/5/","","index, follow, max-image-preview:large, max-snippet:-1, max-video-preview:-1","","https://clinicabelba.com/de/autor/webbelba/seite/6/","https://clinicabelba.com/de/autor/webbelba/seite/4/","",""
"https://clinicabelba.com/it/autore/bellissima/pagina/5/","1","Indexable","","https://clinicabelba.com/it/autore/bellissima/pagina/5/","","index, follow, max-image-preview:large, max-snippet:-1, max-video-preview:-1","","https://clinicabelba.com/it/autore/bellissima/pagina/6/","https://clinicabelba.com/it/autore/bellissima/pagina/4/","",""
"https://clinicabelba.com/en/author/webbelba/page/5/","1","Indexable","","https://clinicabelba.com/en/author/webbelba/page/5/","","index, follow, max-image-preview:large, max-snippet:-1, max-video-preview:-1","","https://clinicabelba.com/en/author/webbelba/page/6/","https://clinicabelba.com/en/author/webbelba/page/4/","",""
"https://clinicabelba.com/fr/auteur/webbelba/page/5/","1","Indexable","","https://clinicabelba.com/fr/auteur/webbelba/page/5/","","index, follow, max-image-preview:large, max-snippet:-1, max-video-preview:-1","","https://clinicabelba.com/fr/auteur/webbelba/page/6/","https://clinicabelba.com/fr/auteur/webbelba/page/4/","",""
"https://clinicabelba.com/nl/auteur/webbel/pagina/5/","1","Indexable","","https://clinicabelba.com/nl/auteur/webbel/pagina/5/","","index, follow, max-image-preview:large, max-snippet:-1, max-video-preview:-1","","https://clinicabelba.com/nl/auteur/webbel/pagina/6/","https://clinicabelba.com/nl/auteur/webbel/pagina/4/","",""
"https://clinicabelba.com/ca/autor/webbelba/pagina/5/","1","Indexable","","https://clinicabelba.com/ca/autor/webbelba/pagina/5/","","index, follow, max-image-preview:large, max-snippet:-1, max-video-preview:-1","","https://clinicabelba.com/ca/autor/webbelba/pagina/6/","https://clinicabelba.com/ca/autor/webbelba/pagina/4/","",""
"https://clinicabelba.com/author/webbelba/page/6/","1","Indexable","","https://clinicabelba.com/author/webbelba/page/6/","","index, follow, max-image-preview:large, max-snippet:-1, max-video-preview:-1","","","https://clinicabelba.com/author/webbelba/page/5/","",""
"https://clinicabelba.com/ru/автор/веббелба/страница/5/","1","Indexable","","https://clinicabelba.com/ru/автор/веббелба/страница/5/","","index, follow, max-image-preview:large, max-snippet:-1, max-video-preview:-1","","https://clinicabelba.com/ru/автор/веббелба/страница/6/","https://clinicabelba.com/ru/автор/веббелба/страница/4/","",""
"https://clinicabelba.com/uk/автор/webbelba/сторінка/5/","1","Indexable","","https://clinicabelba.com/uk/автор/webbelba/сторінка/5/","","index, follow, max-image-preview:large, max-snippet:-1, max-video-preview:-1","","https://clinicabelba.com/uk/автор/webbelba/сторінка/6/","https://clinicabelba.com/uk/автор/webbelba/сторінка/4/","",""
"https://clinicabelba.com/nl/auteur/webbel/pagina/6/","1","Indexable","","https://clinicabelba.com/nl/auteur/webbel/pagina/6/","","index, follow, max-image-preview:large, max-snippet:-1, max-video-preview:-1","","","https://clinicabelba.com/nl/auteur/webbel/pagina/5/","",""
"https://clinicabelba.com/ca/autor/webbelba/pagina/6/","1","Indexable","","https://clinicabelba.com/ca/autor/webbelba/pagina/6/","","index, follow, max-image-preview:large, max-snippet:-1, max-video-preview:-1","","","https://clinicabelba.com/ca/autor/webbelba/pagina/5/","",""
"https://clinicabelba.com/uk/автор/webbelba/сторінка/6/","1","Indexable","","https://clinicabelba.com/uk/автор/webbelba/сторінка/6/","","index, follow, max-image-preview:large, max-snippet:-1, max-video-preview:-1","","","https://clinicabelba.com/uk/автор/webbelba/сторінка/5/","",""
"https://clinicabelba.com/ru/автор/веббелба/страница/6/","1","Indexable","","https://clinicabelba.com/ru/автор/веббелба/страница/6/","","index, follow, max-image-preview:large, max-snippet:-1, max-video-preview:-1","","","https://clinicabelba.com/ru/автор/веббелба/страница/5/","",""
"https://clinicabelba.com/fr/auteur/webbelba/page/6/","1","Indexable","","https://clinicabelba.com/fr/auteur/webbelba/page/6/","","index, follow, max-image-preview:large, max-snippet:-1, max-video-preview:-1","","","https://clinicabelba.com/fr/auteur/webbelba/page/5/","",""
"https://clinicabelba.com/en/author/webbelba/page/6/","1","Indexable","","https://clinicabelba.com/en/author/webbelba/page/6/","","index, follow, max-image-preview:large, max-snippet:-1, max-video-preview:-1","","","https://clinicabelba.com/en/author/webbelba/page/5/","",""
"https://clinicabelba.com/it/autore/bellissima/pagina/6/","1","Indexable","","https://clinicabelba.com/it/autore/bellissima/pagina/6/","","index, follow, max-image-preview:large, max-snippet:-1, max-video-preview:-1","","","https://clinicabelba.com/it/autore/bellissima/pagina/5/","",""
"https://clinicabelba.com/de/autor/webbelba/seite/6/","1","Indexable","","https://clinicabelba.com/de/autor/webbelba/seite/6/","","index, follow, max-image-preview:large, max-snippet:-1, max-video-preview:-1","","","https://clinicabelba.com/de/autor/webbelba/seite/5/","",""
