"Dirección","Título 1","Repeticiones","HTML hreflang 1","URL de 1 HTML hreflang","HTML hreflang 2","URL de 2 HTML hreflang","HTML hreflang 3","URL de 3 HTML hreflang","HTML hreflang 4","URL de 4 HTML hreflang","HTML hreflang 5","URL de 5 HTML hreflang","HTML hreflang 6","URL de 6 HTML hreflang","HTML hreflang 7","URL de 7 HTML hreflang","HTML hreflang 8","URL de 8 HTML hreflang","HTML hreflang 9","URL de 9 HTML hreflang","HTML hreflang 10","URL de 10 HTML hreflang","HTML hreflang 11","URL de 11 HTML hreflang","HTML hreflang 12","URL de 12 HTML hreflang","HTML hreflang 13","URL de 13 HTML hreflang","HTML hreflang 14","URL de 14 HTML hreflang","HTML hreflang 15","URL de 15 HTML hreflang","HTML hreflang 16","URL de 16 HTML hreflang","HTML hreflang 17","URL de 17 HTML hreflang","HTTP hreflang 1","URL de 1 HTTP hreflang","Sitemap hreflang 1","URL de 1 de sitemap hreflang","Indexabilidad","Estado de indexabilidad"
"https://clinicabelba.com/","Clínica Cirugía Plástica Barcelona | Clínica Belba","17","es-ES","https://clinicabelba.com/","ru-RU","https://clinicabelba.com/ru/","uk","https://clinicabelba.com/uk/","de-DE","https://clinicabelba.com/de/","it-IT","https://clinicabelba.com/it/","nl-NL","https://clinicabelba.com/nl/","ca","https://clinicabelba.com/ca/","fr-FR","https://clinicabelba.com/fr/","en-US","https://clinicabelba.com/en/","es","https://clinicabelba.com/","ru","https://clinicabelba.com/ru/","de","https://clinicabelba.com/de/","it","https://clinicabelba.com/it/","nl","https://clinicabelba.com/nl/","fr","https://clinicabelba.com/fr/","en","https://clinicabelba.com/en/","x-default","https://clinicabelba.com/","","","","","Indexable",""
"https://clinicabelba.com/mini-lifting-facial-barcelona/","MiniLifting Facial en Barcelona | Clinica Belba ⭐","17","es-ES","https://clinicabelba.com/mini-lifting-facial-barcelona/","ru-RU","https://clinicabelba.com/ru/мини-лифтинг-лица-барселона/","uk","https://clinicabelba.com/uk/міні-ліфтинг-обличчя-в-барселоні/","de-DE","https://clinicabelba.com/de/mini-lifting-gesicht-barcelona/","it-IT","https://clinicabelba.com/it/mini-lifting-facciale-barcellona/","nl-NL","https://clinicabelba.com/nl/mini-facelift-barcelona/","ca","https://clinicabelba.com/ca/mini-lifting-facial-barcelona/","fr-FR","https://clinicabelba.com/fr/mini-lifting-facial-barcelone/","en-US","https://clinicabelba.com/en/mini-lifting-facial-barcelona/","es","https://clinicabelba.com/mini-lifting-facial-barcelona/","ru","https://clinicabelba.com/ru/мини-лифтинг-лица-барселона/","de","https://clinicabelba.com/de/mini-lifting-gesicht-barcelona/","it","https://clinicabelba.com/it/mini-lifting-facciale-barcellona/","nl","https://clinicabelba.com/nl/mini-facelift-barcelona/","fr","https://clinicabelba.com/fr/mini-lifting-facial-barcelone/","en","https://clinicabelba.com/en/mini-lifting-facial-barcelona/","x-default","https://clinicabelba.com/mini-lifting-facial-barcelona/","","","","","Indexable",""
"https://clinicabelba.com/fr/","Clínica Cirugía Plástica Barcelona | Clínica Belba","17","es-ES","https://clinicabelba.com/","ru-RU","https://clinicabelba.com/ru/","uk","https://clinicabelba.com/uk/","de-DE","https://clinicabelba.com/de/","it-IT","https://clinicabelba.com/it/","nl-NL","https://clinicabelba.com/nl/","ca","https://clinicabelba.com/ca/","fr-FR","https://clinicabelba.com/fr/","en-US","https://clinicabelba.com/en/","es","https://clinicabelba.com/","ru","https://clinicabelba.com/ru/","de","https://clinicabelba.com/de/","it","https://clinicabelba.com/it/","nl","https://clinicabelba.com/nl/","fr","https://clinicabelba.com/fr/","en","https://clinicabelba.com/en/","x-default","https://clinicabelba.com/","","","","","Indexable",""
"https://clinicabelba.com/mommy-makeover-barcelona/","Mommy Makeover en Barcelona - Cirugía Postparto 🥇","17","es-ES","https://clinicabelba.com/mommy-makeover-barcelona/","ru-RU","https://clinicabelba.com/ru/мамочкин-макияж-барселона/","uk","https://clinicabelba.com/uk/мамине-оновлення-у-барселоні/","de-DE","https://clinicabelba.com/de/mutti-umstyling-barcelona/","it-IT","https://clinicabelba.com/it/mommy-makeover-barcellona/","nl-NL","https://clinicabelba.com/nl/mommy-makeover-barcelona/","ca","https://clinicabelba.com/ca/mommy-makeover-barcelona/","fr-FR","https://clinicabelba.com/fr/maman-relooking-barcelone/","en-US","https://clinicabelba.com/en/mommy-makeover-barcelona/","es","https://clinicabelba.com/mommy-makeover-barcelona/","ru","https://clinicabelba.com/ru/мамочкин-макияж-барселона/","de","https://clinicabelba.com/de/mutti-umstyling-barcelona/","it","https://clinicabelba.com/it/mommy-makeover-barcellona/","nl","https://clinicabelba.com/nl/mommy-makeover-barcelona/","fr","https://clinicabelba.com/fr/maman-relooking-barcelone/","en","https://clinicabelba.com/en/mommy-makeover-barcelona/","x-default","https://clinicabelba.com/mommy-makeover-barcelona/","","","","","Indexable",""
"https://clinicabelba.com/remodelacion-costal/","Remodelación Costal Barcelona | Luxación de Costillas | Belba","17","es-ES","https://clinicabelba.com/remodelacion-costal/","ru-RU","https://clinicabelba.com/ru/ремоделирование-ребер/","uk","https://clinicabelba.com/uk/реконструкція-ребер/","de-DE","https://clinicabelba.com/de/rippenrekonstruktion/","it-IT","https://clinicabelba.com/it/rimozione-costale/","nl-NL","https://clinicabelba.com/nl/ribreconstructie/","ca","https://clinicabelba.com/ca/remodelacio-costal/","fr-FR","https://clinicabelba.com/fr/resection-costale/","en-US","https://clinicabelba.com/en/rib-remodeling/","es","https://clinicabelba.com/remodelacion-costal/","ru","https://clinicabelba.com/ru/ремоделирование-ребер/","de","https://clinicabelba.com/de/rippenrekonstruktion/","it","https://clinicabelba.com/it/rimozione-costale/","nl","https://clinicabelba.com/nl/ribreconstructie/","fr","https://clinicabelba.com/fr/resection-costale/","en","https://clinicabelba.com/en/rib-remodeling/","x-default","https://clinicabelba.com/remodelacion-costal/","","","","","Indexable",""
"https://clinicabelba.com/minimal-scar/","【 Minimal Scar Barcelona | Clínica Belba 】®","17","es-ES","https://clinicabelba.com/minimal-scar/","ru-RU","https://clinicabelba.com/ru/минимальный-шрам/","uk","https://clinicabelba.com/uk/мінімальний-рубець/","de-DE","https://clinicabelba.com/de/minimale-narbe/","it-IT","https://clinicabelba.com/it/cicatrice-minima/","nl-NL","https://clinicabelba.com/nl/minimale-litteken/","ca","https://clinicabelba.com/ca/cicatritz-minima/","fr-FR","https://clinicabelba.com/fr/cicatrice-minimale/","en-US","https://clinicabelba.com/en/minimal-scar/","es","https://clinicabelba.com/minimal-scar/","ru","https://clinicabelba.com/ru/минимальный-шрам/","de","https://clinicabelba.com/de/minimale-narbe/","it","https://clinicabelba.com/it/cicatrice-minima/","nl","https://clinicabelba.com/nl/minimale-litteken/","fr","https://clinicabelba.com/fr/cicatrice-minimale/","en","https://clinicabelba.com/en/minimal-scar/","x-default","https://clinicabelba.com/minimal-scar/","","","","","Indexable",""
"https://clinicabelba.com/abdominoplastia-barcelona/","Abdominoplastia en Barcelona - Cirugía Abdominal - Clínica Belba","17","es-ES","https://clinicabelba.com/abdominoplastia-barcelona/","ru-RU","https://clinicabelba.com/ru/абдоминопластика-барселона/","uk","https://clinicabelba.com/uk/абдомінопластика-в-барселоні/","de-DE","https://clinicabelba.com/de/bauchdeckenstraffung-barcelona/","it-IT","https://clinicabelba.com/it/addominoplastica-barcellona/","nl-NL","https://clinicabelba.com/nl/buikwandcorrectie-barcelona/","ca","https://clinicabelba.com/ca/abdominoplastia-barcelona/","fr-FR","https://clinicabelba.com/fr/abdominoplastie-barcelone/","en-US","https://clinicabelba.com/en/tummy-tuck-barcelona/","es","https://clinicabelba.com/abdominoplastia-barcelona/","ru","https://clinicabelba.com/ru/абдоминопластика-барселона/","de","https://clinicabelba.com/de/bauchdeckenstraffung-barcelona/","it","https://clinicabelba.com/it/addominoplastica-barcellona/","nl","https://clinicabelba.com/nl/buikwandcorrectie-barcelona/","fr","https://clinicabelba.com/fr/abdominoplastie-barcelone/","en","https://clinicabelba.com/en/tummy-tuck-barcelona/","x-default","https://clinicabelba.com/abdominoplastia-barcelona/","","","","","Indexable",""
"https://clinicabelba.com/lifting-de-brazos/","Braquioplastia Barcelona o Lifting de Brazos | Clínica BELBA","17","es-ES","https://clinicabelba.com/lifting-de-brazos/","ru-RU","https://clinicabelba.com/ru/жим-руками/","uk","https://clinicabelba.com/uk/підтяжка-рук/","de-DE","https://clinicabelba.com/de/armheben/","it-IT","https://clinicabelba.com/it/sollevamento-delle-braccia/","nl-NL","https://clinicabelba.com/nl/armen-heffen/","ca","https://clinicabelba.com/ca/elevacio-de-bracos/","fr-FR","https://clinicabelba.com/fr/lifting-des-bras/","en-US","https://clinicabelba.com/en/arm-lift/","es","https://clinicabelba.com/lifting-de-brazos/","ru","https://clinicabelba.com/ru/жим-руками/","de","https://clinicabelba.com/de/armheben/","it","https://clinicabelba.com/it/sollevamento-delle-braccia/","nl","https://clinicabelba.com/nl/armen-heffen/","fr","https://clinicabelba.com/fr/lifting-des-bras/","en","https://clinicabelba.com/en/arm-lift/","x-default","https://clinicabelba.com/lifting-de-brazos/","","","","","Indexable",""
"https://clinicabelba.com/politica-de-privacidad/","Política de privacidad | Clinica Belba","17","es-ES","https://clinicabelba.com/politica-de-privacidad/","ru-RU","https://clinicabelba.com/ru/политика-конфиденциальности/","uk","https://clinicabelba.com/uk/політика-конфіденційності/","de-DE","https://clinicabelba.com/de/datenschutzrichtlinie/","it-IT","https://clinicabelba.com/it/politica-di-privacy/","nl-NL","https://clinicabelba.com/nl/privacybeleid/","ca","https://clinicabelba.com/ca/politica-de-privadesa/","fr-FR","https://clinicabelba.com/fr/politique-de-confidentialite/","en-US","https://clinicabelba.com/en/privacy-policy/","es","https://clinicabelba.com/politica-de-privacidad/","ru","https://clinicabelba.com/ru/политика-конфиденциальности/","de","https://clinicabelba.com/de/datenschutzrichtlinie/","it","https://clinicabelba.com/it/politica-di-privacy/","nl","https://clinicabelba.com/nl/privacybeleid/","fr","https://clinicabelba.com/fr/politique-de-confidentialite/","en","https://clinicabelba.com/en/privacy-policy/","x-default","https://clinicabelba.com/politica-de-privacidad/","","","","","Indexable",""
"https://clinicabelba.com/aumento-pecho-barcelona/","Aumento de Pecho Barcelona | Cirugía Mamaria | Prótesis","17","es-ES","https://clinicabelba.com/aumento-pecho-barcelona/","ru-RU","https://clinicabelba.com/ru/увеличение-груди-барселона/","uk","https://clinicabelba.com/uk/збільшення-грудей-у-барселоні/","de-DE","https://clinicabelba.com/de/brustvergroserung-barcelona/","it-IT","https://clinicabelba.com/it/aumento-seno-barcellona/","nl-NL","https://clinicabelba.com/nl/borstvergroting-barcelona/","ca","https://clinicabelba.com/ca/augment-de-pit-barcelona/","fr-FR","https://clinicabelba.com/fr/augmentation-mammaire-barcelone/","en-US","https://clinicabelba.com/en/breast-augmentation-barcelona/","es","https://clinicabelba.com/aumento-pecho-barcelona/","ru","https://clinicabelba.com/ru/увеличение-груди-барселона/","de","https://clinicabelba.com/de/brustvergroserung-barcelona/","it","https://clinicabelba.com/it/aumento-seno-barcellona/","nl","https://clinicabelba.com/nl/borstvergroting-barcelona/","fr","https://clinicabelba.com/fr/augmentation-mammaire-barcelone/","en","https://clinicabelba.com/en/breast-augmentation-barcelona/","x-default","https://clinicabelba.com/aumento-pecho-barcelona/","","","","","Indexable",""
"https://clinicabelba.com/aumento-de-gluteos-barcelona/","Aumento de glúteos en Barcelona | Con Ácido Hialurónico | BBL","17","es-ES","https://clinicabelba.com/aumento-de-gluteos-barcelona/","ru-RU","https://clinicabelba.com/ru/увеличение-яго/","uk","https://clinicabelba.com/uk/збільшення-сідниць-у-барселоні/","de-DE","https://clinicabelba.com/de/gesasvergroserung-barcelona/","it-IT","https://clinicabelba.com/it/aumento-di-glutei-barcellona/","nl-NL","https://clinicabelba.com/nl/biljartkeu-grens/","ca","https://clinicabelba.com/ca/augment-de-glutis-barcelona/","fr-FR","https://clinicabelba.com/fr/augmentation-des-fessiers-barcelone/","en-US","https://clinicabelba.com/en/buttock-augmentation-barcelona/","es","https://clinicabelba.com/aumento-de-gluteos-barcelona/","ru","https://clinicabelba.com/ru/увеличение-яго/","de","https://clinicabelba.com/de/gesasvergroserung-barcelona/","it","https://clinicabelba.com/it/aumento-di-glutei-barcellona/","nl","https://clinicabelba.com/nl/biljartkeu-grens/","fr","https://clinicabelba.com/fr/augmentation-des-fessiers-barcelone/","en","https://clinicabelba.com/en/buttock-augmentation-barcelona/","x-default","https://clinicabelba.com/aumento-de-gluteos-barcelona/","","","","","Indexable",""
"https://clinicabelba.com/vaginoplastia/","【 Vaginoplastia en Barcelona | Renovación vaginal 】®","17","es-ES","https://clinicabelba.com/vaginoplastia/","ru-RU","https://clinicabelba.com/ru/вагинопластика/","uk","https://clinicabelba.com/uk/вагінопластика/","de-DE","https://clinicabelba.com/de/vaginoplastik/","it-IT","https://clinicabelba.com/it/vaginoplastica/","nl-NL","https://clinicabelba.com/nl/vaginoplastiek/","ca","https://clinicabelba.com/ca/vaginoplastia/","fr-FR","https://clinicabelba.com/fr/vaginoplastie/","en-US","https://clinicabelba.com/en/vaginoplasty/","es","https://clinicabelba.com/vaginoplastia/","ru","https://clinicabelba.com/ru/вагинопластика/","de","https://clinicabelba.com/de/vaginoplastik/","it","https://clinicabelba.com/it/vaginoplastica/","nl","https://clinicabelba.com/nl/vaginoplastiek/","fr","https://clinicabelba.com/fr/vaginoplastie/","en","https://clinicabelba.com/en/vaginoplasty/","x-default","https://clinicabelba.com/vaginoplastia/","","","","","Indexable",""
"https://clinicabelba.com/aumento-pecho-preserve/","Aumento de Pecho Preservé | Clinica Belba ® N°1","17","es-ES","https://clinicabelba.com/aumento-pecho-preserve/","ru-RU","https://clinicabelba.com/ru/увеличить-грудь-сохранить/","uk","https://clinicabelba.com/uk/збільшення-грудей-з-збереженням-форм/","de-DE","https://clinicabelba.com/de/brustvergroserung-erhalten/","it-IT","https://clinicabelba.com/it/aumento-del-seno-preservato/","nl-NL","https://clinicabelba.com/nl/borstvergroting-bewaren/","ca","https://clinicabelba.com/ca/augment-de-pit-preserve/","fr-FR","https://clinicabelba.com/fr/augmentation-mammaire-sans-alteration-de-laspect-naturel/","en-US","https://clinicabelba.com/en/breast-augmentation-preserve/","es","https://clinicabelba.com/aumento-pecho-preserve/","ru","https://clinicabelba.com/ru/увеличить-грудь-сохранить/","de","https://clinicabelba.com/de/brustvergroserung-erhalten/","it","https://clinicabelba.com/it/aumento-del-seno-preservato/","nl","https://clinicabelba.com/nl/borstvergroting-bewaren/","fr","https://clinicabelba.com/fr/augmentation-mammaire-sans-alteration-de-laspect-naturel/","en","https://clinicabelba.com/en/breast-augmentation-preserve/","x-default","https://clinicabelba.com/aumento-pecho-preserve/","","","","","Indexable",""
"https://clinicabelba.com/consulta-online/","Consulta online | Clinica Belba","17","es-ES","https://clinicabelba.com/consulta-online/","ru-RU","https://clinicabelba.com/ru/онлайн-консультация/","uk","https://clinicabelba.com/uk/онлайн-консультація/","de-DE","https://clinicabelba.com/de/online-beratung/","it-IT","https://clinicabelba.com/it/consultazione-online/","nl-NL","https://clinicabelba.com/nl/online-consult/","ca","https://clinicabelba.com/ca/consulta-en-linia/","fr-FR","https://clinicabelba.com/fr/consultation-en-ligne/","en-US","https://clinicabelba.com/en/online-consultation/","es","https://clinicabelba.com/consulta-online/","ru","https://clinicabelba.com/ru/онлайн-консультация/","de","https://clinicabelba.com/de/online-beratung/","it","https://clinicabelba.com/it/consultazione-online/","nl","https://clinicabelba.com/nl/online-consult/","fr","https://clinicabelba.com/fr/consultation-en-ligne/","en","https://clinicabelba.com/en/online-consultation/","x-default","https://clinicabelba.com/consulta-online/","","","","","No indexable","noindex"
"https://clinicabelba.com/blefaroplastia-antes-y-despues/","【 Blefaroplastia Antes y Después | Clinica Belba 】◁","17","es-ES","https://clinicabelba.com/blefaroplastia-antes-y-despues/","ru-RU","https://clinicabelba.com/ru/блефаропластика-до-и-после/","uk","https://clinicabelba.com/uk/блефаропластика-до-і-після/","de-DE","https://clinicabelba.com/de/blepharoplastik-vorher-und-nachher/","it-IT","https://clinicabelba.com/it/blefaroplastica-prima-e-dopo/","nl-NL","https://clinicabelba.com/nl/blefaroplastiek-voor-en-na/","ca","https://clinicabelba.com/ca/blefaroplastia-abans-i-despres/","fr-FR","https://clinicabelba.com/fr/blepharoplastie-avant-et-apres/","en-US","https://clinicabelba.com/en/blepharoplasty-before-and-after/","es","https://clinicabelba.com/blefaroplastia-antes-y-despues/","ru","https://clinicabelba.com/ru/блефаропластика-до-и-после/","de","https://clinicabelba.com/de/blepharoplastik-vorher-und-nachher/","it","https://clinicabelba.com/it/blefaroplastica-prima-e-dopo/","nl","https://clinicabelba.com/nl/blefaroplastiek-voor-en-na/","fr","https://clinicabelba.com/fr/blepharoplastie-avant-et-apres/","en","https://clinicabelba.com/en/blepharoplasty-before-and-after/","x-default","https://clinicabelba.com/blefaroplastia-antes-y-despues/","","","","","Indexable",""
"https://clinicabelba.com/quienes-somos/","Quienes somos | Clinica Belba","17","es-ES","https://clinicabelba.com/quienes-somos/","ru-RU","https://clinicabelba.com/ru/кто-мы/","uk","https://clinicabelba.com/uk/про-нас/","de-DE","https://clinicabelba.com/de/wer-wir-sind/","it-IT","https://clinicabelba.com/it/chi-siamo/","nl-NL","https://clinicabelba.com/nl/wie-zijn-wij/","ca","https://clinicabelba.com/ca/qui-som/","fr-FR","https://clinicabelba.com/fr/qui-sommes-nous/","en-US","https://clinicabelba.com/en/who-are-we/","es","https://clinicabelba.com/quienes-somos/","ru","https://clinicabelba.com/ru/кто-мы/","de","https://clinicabelba.com/de/wer-wir-sind/","it","https://clinicabelba.com/it/chi-siamo/","nl","https://clinicabelba.com/nl/wie-zijn-wij/","fr","https://clinicabelba.com/fr/qui-sommes-nous/","en","https://clinicabelba.com/en/who-are-we/","x-default","https://clinicabelba.com/quienes-somos/","","","","","Indexable",""
"https://clinicabelba.com/lobuloplastia-barcelona/","【 Lobuloplastia Barcelona | Corrección Lóbulo Orejas 】®","17","es-ES","https://clinicabelba.com/lobuloplastia-barcelona/","ru-RU","https://clinicabelba.com/ru/лобулопластика-барселона/","uk","https://clinicabelba.com/uk/лобулопластика-в-барселоні/","de-DE","https://clinicabelba.com/de/lobuloplastik-barcelona/","it-IT","https://clinicabelba.com/it/lobuloplastica-barcellona/","nl-NL","https://clinicabelba.com/nl/lobuloplastiek-barcelona/","ca","https://clinicabelba.com/ca/lobuloplastia-barcelona/","fr-FR","https://clinicabelba.com/fr/lobuloplastia-barcelona/","en-US","https://clinicabelba.com/en/lobuloplasty-barcelona/","es","https://clinicabelba.com/lobuloplastia-barcelona/","ru","https://clinicabelba.com/ru/лобулопластика-барселона/","de","https://clinicabelba.com/de/lobuloplastik-barcelona/","it","https://clinicabelba.com/it/lobuloplastica-barcellona/","nl","https://clinicabelba.com/nl/lobuloplastiek-barcelona/","fr","https://clinicabelba.com/fr/lobuloplastia-barcelona/","en","https://clinicabelba.com/en/lobuloplasty-barcelona/","x-default","https://clinicabelba.com/lobuloplastia-barcelona/","","","","","Indexable",""
"https://clinicabelba.com/politica-de-cookies/","Política de cookies | Clinica Belba","17","es-ES","https://clinicabelba.com/politica-de-cookies/","ru-RU","https://clinicabelba.com/ru/политика-использования-файлов-cookie/","uk","https://clinicabelba.com/uk/політика-щодо-файлів-cookie/","de-DE","https://clinicabelba.com/de/cookie-richtlinie/","it-IT","https://clinicabelba.com/it/politica-dei-cookie/","nl-NL","https://clinicabelba.com/nl/cookiebeleid/","ca","https://clinicabelba.com/ca/politica-de-cookies/","fr-FR","https://clinicabelba.com/fr/politique-de-cookies/","en-US","https://clinicabelba.com/en/cookie-policy/","es","https://clinicabelba.com/politica-de-cookies/","ru","https://clinicabelba.com/ru/политика-использования-файлов-cookie/","de","https://clinicabelba.com/de/cookie-richtlinie/","it","https://clinicabelba.com/it/politica-dei-cookie/","nl","https://clinicabelba.com/nl/cookiebeleid/","fr","https://clinicabelba.com/fr/politique-de-cookies/","en","https://clinicabelba.com/en/cookie-policy/","x-default","https://clinicabelba.com/politica-de-cookies/","","","","","Indexable",""
"https://clinicabelba.com/de/","Clínica Cirugía Plástica Barcelona | Clínica Belba","17","es-ES","https://clinicabelba.com/","ru-RU","https://clinicabelba.com/ru/","uk","https://clinicabelba.com/uk/","de-DE","https://clinicabelba.com/de/","it-IT","https://clinicabelba.com/it/","nl-NL","https://clinicabelba.com/nl/","ca","https://clinicabelba.com/ca/","fr-FR","https://clinicabelba.com/fr/","en-US","https://clinicabelba.com/en/","es","https://clinicabelba.com/","ru","https://clinicabelba.com/ru/","de","https://clinicabelba.com/de/","it","https://clinicabelba.com/it/","nl","https://clinicabelba.com/nl/","fr","https://clinicabelba.com/fr/","en","https://clinicabelba.com/en/","x-default","https://clinicabelba.com/","","","","","Indexable",""
"https://clinicabelba.com/blefaroplastia/","Blefaroplastia en Barcelona | Cirugía de párpados","17","es-ES","https://clinicabelba.com/blefaroplastia/","ru-RU","https://clinicabelba.com/ru/блефаропластика/","uk","https://clinicabelba.com/uk/блефаропластика/","de-DE","https://clinicabelba.com/de/blepharoplastik/","it-IT","https://clinicabelba.com/it/blefaroplastica/","nl-NL","https://clinicabelba.com/nl/blefaroplastiek/","ca","https://clinicabelba.com/ca/blefaroplastia/","fr-FR","https://clinicabelba.com/fr/blepharoplastie/","en-US","https://clinicabelba.com/en/blepharoplasty/","es","https://clinicabelba.com/blefaroplastia/","ru","https://clinicabelba.com/ru/блефаропластика/","de","https://clinicabelba.com/de/blepharoplastik/","it","https://clinicabelba.com/it/blefaroplastica/","nl","https://clinicabelba.com/nl/blefaroplastiek/","fr","https://clinicabelba.com/fr/blepharoplastie/","en","https://clinicabelba.com/en/blepharoplasty/","x-default","https://clinicabelba.com/blefaroplastia/","","","","","Indexable",""
"https://clinicabelba.com/rinoplastia-barcelona/","Rinoplastia y Rinoplastia Ultrasónica - Barcelona - Clinica Belba","17","es-ES","https://clinicabelba.com/rinoplastia-barcelona/","ru-RU","https://clinicabelba.com/ru/ринопластика-барселона/","uk","https://clinicabelba.com/uk/ринопластика-в-барселоні/","de-DE","https://clinicabelba.com/de/rhinoplastik-barcelona/","it-IT","https://clinicabelba.com/it/rinoplastica-barcellona/","nl-NL","https://clinicabelba.com/nl/rinoplastiek-barcelona/","ca","https://clinicabelba.com/ca/rinoplastia-barcelona/","fr-FR","https://clinicabelba.com/fr/rhinoplastie-barcelone/","en-US","https://clinicabelba.com/en/rhinoplasty-barcelona/","es","https://clinicabelba.com/rinoplastia-barcelona/","ru","https://clinicabelba.com/ru/ринопластика-барселона/","de","https://clinicabelba.com/de/rhinoplastik-barcelona/","it","https://clinicabelba.com/it/rinoplastica-barcellona/","nl","https://clinicabelba.com/nl/rinoplastiek-barcelona/","fr","https://clinicabelba.com/fr/rhinoplastie-barcelone/","en","https://clinicabelba.com/en/rhinoplasty-barcelona/","x-default","https://clinicabelba.com/rinoplastia-barcelona/","","","","","Indexable",""
"https://clinicabelba.com/ginecomastia-barcelona/","Ginecomastia en Barcelona - Cirugía Plástica - Clinica Belba","17","es-ES","https://clinicabelba.com/ginecomastia-barcelona/","ru-RU","https://clinicabelba.com/ru/гинекомастия-барселона/","uk","https://clinicabelba.com/uk/гінекомастія-в-барселоні/","de-DE","https://clinicabelba.com/de/ginekomastie-barcelona/","it-IT","https://clinicabelba.com/it/ginecomastia-barcellona/","nl-NL","https://clinicabelba.com/nl/gynecomastie-barcelona/","ca","https://clinicabelba.com/ca/ginecomastia-barcelona/","fr-FR","https://clinicabelba.com/fr/ginecomastia-barcelona/","en-US","https://clinicabelba.com/en/gynecomastia-barcelona/","es","https://clinicabelba.com/ginecomastia-barcelona/","ru","https://clinicabelba.com/ru/гинекомастия-барселона/","de","https://clinicabelba.com/de/ginekomastie-barcelona/","it","https://clinicabelba.com/it/ginecomastia-barcellona/","nl","https://clinicabelba.com/nl/gynecomastie-barcelona/","fr","https://clinicabelba.com/fr/ginecomastia-barcelona/","en","https://clinicabelba.com/en/gynecomastia-barcelona/","x-default","https://clinicabelba.com/ginecomastia-barcelona/","","","","","Indexable",""
"https://clinicabelba.com/en/","Clínica Cirugía Plástica Barcelona | Clínica Belba","17","es-ES","https://clinicabelba.com/","ru-RU","https://clinicabelba.com/ru/","uk","https://clinicabelba.com/uk/","de-DE","https://clinicabelba.com/de/","it-IT","https://clinicabelba.com/it/","nl-NL","https://clinicabelba.com/nl/","ca","https://clinicabelba.com/ca/","fr-FR","https://clinicabelba.com/fr/","en-US","https://clinicabelba.com/en/","es","https://clinicabelba.com/","ru","https://clinicabelba.com/ru/","de","https://clinicabelba.com/de/","it","https://clinicabelba.com/it/","nl","https://clinicabelba.com/nl/","fr","https://clinicabelba.com/fr/","en","https://clinicabelba.com/en/","x-default","https://clinicabelba.com/","","","","","Indexable",""
"https://clinicabelba.com/reduccion-de-areola/","Reducción de Areola | Reducción de Pezón | Clínica Belba","17","es-ES","https://clinicabelba.com/reduccion-de-areola/","ru-RU","https://clinicabelba.com/ru/редукция-ареолы/","uk","https://clinicabelba.com/uk/зменшення-ареоли/","de-DE","https://clinicabelba.com/de/brustwarzenhofverkleinerung/","it-IT","https://clinicabelba.com/it/riduzione-dellareola/","nl-NL","https://clinicabelba.com/nl/reductie-van-de-areola/","ca","https://clinicabelba.com/ca/reduccio-dareola/","fr-FR","https://clinicabelba.com/fr/reduction-dareole/","en-US","https://clinicabelba.com/en/areola-reduction/","es","https://clinicabelba.com/reduccion-de-areola/","ru","https://clinicabelba.com/ru/редукция-ареолы/","de","https://clinicabelba.com/de/brustwarzenhofverkleinerung/","it","https://clinicabelba.com/it/riduzione-dellareola/","nl","https://clinicabelba.com/nl/reductie-van-de-areola/","fr","https://clinicabelba.com/fr/reduction-dareole/","en","https://clinicabelba.com/en/areola-reduction/","x-default","https://clinicabelba.com/reduccion-de-areola/","","","","","Indexable",""
"https://clinicabelba.com/liposuccion-de-alta-definicion/","Lipo HD Barcelona | Lipo 4D | Clinica Belba","17","es-ES","https://clinicabelba.com/liposuccion-de-alta-definicion/","ru-RU","https://clinicabelba.com/ru/липосакция-высокой-четкости/","uk","https://clinicabelba.com/uk/ліпосакція-високої-чіткості/","de-DE","https://clinicabelba.com/de/hochdefinitions-fettabsaugung/","it-IT","https://clinicabelba.com/it/lipoaspirazione-ad-alta-definizione/","nl-NL","https://clinicabelba.com/nl/high-definition-liposuctie/","ca","https://clinicabelba.com/ca/liposuccio-dalta-definicio/","fr-FR","https://clinicabelba.com/fr/liposuccion-haute-definition/","en-US","https://clinicabelba.com/en/high-definition-liposuction/","es","https://clinicabelba.com/liposuccion-de-alta-definicion/","ru","https://clinicabelba.com/ru/липосакция-высокой-четкости/","de","https://clinicabelba.com/de/hochdefinitions-fettabsaugung/","it","https://clinicabelba.com/it/lipoaspirazione-ad-alta-definizione/","nl","https://clinicabelba.com/nl/high-definition-liposuctie/","fr","https://clinicabelba.com/fr/liposuccion-haute-definition/","en","https://clinicabelba.com/en/high-definition-liposuction/","x-default","https://clinicabelba.com/liposuccion-de-alta-definicion/","","","","","Indexable",""
"https://clinicabelba.com/lipo-vaser/","Lipo Vaser Barcelona | Lipovaser Corporal | Clínica Belba","17","es-ES","https://clinicabelba.com/lipo-vaser/","ru-RU","https://clinicabelba.com/ru/липо-вазер/","uk","https://clinicabelba.com/uk/ліпо-вазер/","de-DE","https://clinicabelba.com/de/lipo-vaser/","it-IT","https://clinicabelba.com/it/lipo-vaser/","nl-NL","https://clinicabelba.com/nl/lipo-vaser/","ca","https://clinicabelba.com/ca/lipo-vaser/","fr-FR","https://clinicabelba.com/fr/lipo-vaser/","en-US","https://clinicabelba.com/en/vaser-liposuction/","es","https://clinicabelba.com/lipo-vaser/","ru","https://clinicabelba.com/ru/липо-вазер/","de","https://clinicabelba.com/de/lipo-vaser/","it","https://clinicabelba.com/it/lipo-vaser/","nl","https://clinicabelba.com/nl/lipo-vaser/","fr","https://clinicabelba.com/fr/lipo-vaser/","en","https://clinicabelba.com/en/vaser-liposuction/","x-default","https://clinicabelba.com/lipo-vaser/","","","","","Indexable",""
"https://clinicabelba.com/contacto/","Contacto | Clinica Belba","17","es-ES","https://clinicabelba.com/contacto/","ru-RU","https://clinicabelba.com/ru/контакто/","uk","https://clinicabelba.com/uk/контакт/","de-DE","https://clinicabelba.com/de/kontakt/","it-IT","https://clinicabelba.com/it/contatto/","nl-NL","https://clinicabelba.com/nl/contact/","ca","https://clinicabelba.com/ca/contacte/","fr-FR","https://clinicabelba.com/fr/contact/","en-US","https://clinicabelba.com/en/contact/","es","https://clinicabelba.com/contacto/","ru","https://clinicabelba.com/ru/контакто/","de","https://clinicabelba.com/de/kontakt/","it","https://clinicabelba.com/it/contatto/","nl","https://clinicabelba.com/nl/contact/","fr","https://clinicabelba.com/fr/contact/","en","https://clinicabelba.com/en/contact/","x-default","https://clinicabelba.com/contacto/","","","","","Indexable",""
"https://clinicabelba.com/cirugia-de-la-mama/","Cirugía de mama en Barcelona | Clínica Belba","17","es-ES","https://clinicabelba.com/cirugia-de-la-mama/","ru-RU","https://clinicabelba.com/ru/маммопластика/","uk","https://clinicabelba.com/uk/хірургія-молочної-залози/","de-DE","https://clinicabelba.com/de/brustoperation/","it-IT","https://clinicabelba.com/it/chirurgia-mammaria/","nl-NL","https://clinicabelba.com/nl/borstoperatie/","ca","https://clinicabelba.com/ca/cirurgia-de-mama/","fr-FR","https://clinicabelba.com/fr/chirurgie-mammaire/","en-US","https://clinicabelba.com/en/breast-surgery/","es","https://clinicabelba.com/cirugia-de-la-mama/","ru","https://clinicabelba.com/ru/маммопластика/","de","https://clinicabelba.com/de/brustoperation/","it","https://clinicabelba.com/it/chirurgia-mammaria/","nl","https://clinicabelba.com/nl/borstoperatie/","fr","https://clinicabelba.com/fr/chirurgie-mammaire/","en","https://clinicabelba.com/en/breast-surgery/","x-default","https://clinicabelba.com/cirugia-de-la-mama/","","","","","Indexable",""
"https://clinicabelba.com/ca/","Clínica Cirugía Plástica Barcelona | Clínica Belba","17","es-ES","https://clinicabelba.com/","ru-RU","https://clinicabelba.com/ru/","uk","https://clinicabelba.com/uk/","de-DE","https://clinicabelba.com/de/","it-IT","https://clinicabelba.com/it/","nl-NL","https://clinicabelba.com/nl/","ca","https://clinicabelba.com/ca/","fr-FR","https://clinicabelba.com/fr/","en-US","https://clinicabelba.com/en/","es","https://clinicabelba.com/","ru","https://clinicabelba.com/ru/","de","https://clinicabelba.com/de/","it","https://clinicabelba.com/it/","nl","https://clinicabelba.com/nl/","fr","https://clinicabelba.com/fr/","en","https://clinicabelba.com/en/","x-default","https://clinicabelba.com/","","","","","Indexable",""
"https://clinicabelba.com/rinoplastia-antes-y-despues/","Fotos de Rinoplastia antes y después - Dr. Mike Dewever","17","es-ES","https://clinicabelba.com/rinoplastia-antes-y-despues/","ru-RU","https://clinicabelba.com/ru/ринопластика-до-и-после/","uk","https://clinicabelba.com/uk/ринопластика-до-і-після/","de-DE","https://clinicabelba.com/de/rhinoplastik-davor-und-danach/","it-IT","https://clinicabelba.com/it/rinoplastica-prima-e-dopo/","nl-NL","https://clinicabelba.com/nl/rinoplastiek-voor-en-na/","ca","https://clinicabelba.com/ca/rinoplastia-abans-i-despres/","fr-FR","https://clinicabelba.com/fr/rhinoplastie-avant-et-apres/","en-US","https://clinicabelba.com/en/rhinoplasty-before-and-after/","es","https://clinicabelba.com/rinoplastia-antes-y-despues/","ru","https://clinicabelba.com/ru/ринопластика-до-и-после/","de","https://clinicabelba.com/de/rhinoplastik-davor-und-danach/","it","https://clinicabelba.com/it/rinoplastica-prima-e-dopo/","nl","https://clinicabelba.com/nl/rinoplastiek-voor-en-na/","fr","https://clinicabelba.com/fr/rhinoplastie-avant-et-apres/","en","https://clinicabelba.com/en/rhinoplasty-before-and-after/","x-default","https://clinicabelba.com/rinoplastia-antes-y-despues/","","","","","Indexable",""
"https://clinicabelba.com/it/","Clínica Cirugía Plástica Barcelona | Clínica Belba","17","es-ES","https://clinicabelba.com/","ru-RU","https://clinicabelba.com/ru/","uk","https://clinicabelba.com/uk/","de-DE","https://clinicabelba.com/de/","it-IT","https://clinicabelba.com/it/","nl-NL","https://clinicabelba.com/nl/","ca","https://clinicabelba.com/ca/","fr-FR","https://clinicabelba.com/fr/","en-US","https://clinicabelba.com/en/","es","https://clinicabelba.com/","ru","https://clinicabelba.com/ru/","de","https://clinicabelba.com/de/","it","https://clinicabelba.com/it/","nl","https://clinicabelba.com/nl/","fr","https://clinicabelba.com/fr/","en","https://clinicabelba.com/en/","x-default","https://clinicabelba.com/","","","","","Indexable",""
"https://clinicabelba.com/rinomodelacion-barcelona/","Rinomodelación en Barcelona Sin Cirugía - Clinica Belba ®","17","es-ES","https://clinicabelba.com/rinomodelacion-barcelona/","ru-RU","https://clinicabelba.com/ru/риномоделирование-барселона/","uk","https://clinicabelba.com/uk/ринопластика-в-барселоні-2/","de-DE","https://clinicabelba.com/de/rinomodellierung-barcelona/","it-IT","https://clinicabelba.com/it/rinoplastica-a-barcellona/","nl-NL","https://clinicabelba.com/nl/rinomodelacion-barcelona/","ca","https://clinicabelba.com/ca/rinomodelacio-barcelona/","fr-FR","https://clinicabelba.com/fr/rinomodelacion-barcelona/","en-US","https://clinicabelba.com/en/rhinomodeling-barcelona/","es","https://clinicabelba.com/rinomodelacion-barcelona/","ru","https://clinicabelba.com/ru/риномоделирование-барселона/","de","https://clinicabelba.com/de/rinomodellierung-barcelona/","it","https://clinicabelba.com/it/rinoplastica-a-barcellona/","nl","https://clinicabelba.com/nl/rinomodelacion-barcelona/","fr","https://clinicabelba.com/fr/rinomodelacion-barcelona/","en","https://clinicabelba.com/en/rhinomodeling-barcelona/","x-default","https://clinicabelba.com/rinomodelacion-barcelona/","","","","","Indexable",""
"https://clinicabelba.com/guia-del-paciente/","Guía del paciente | Clinica Belba","17","es-ES","https://clinicabelba.com/guia-del-paciente/","ru-RU","https://clinicabelba.com/ru/памятка-для-пациента/","uk","https://clinicabelba.com/uk/посібник-для-пацієнта/","de-DE","https://clinicabelba.com/de/patientenleitfaden/","it-IT","https://clinicabelba.com/it/guida-del-paziente/","nl-NL","https://clinicabelba.com/nl/patienten-gids/","ca","https://clinicabelba.com/ca/guia-del-pacient/","fr-FR","https://clinicabelba.com/fr/guide-du-patient/","en-US","https://clinicabelba.com/en/patient-guide/","es","https://clinicabelba.com/guia-del-paciente/","ru","https://clinicabelba.com/ru/памятка-для-пациента/","de","https://clinicabelba.com/de/patientenleitfaden/","it","https://clinicabelba.com/it/guida-del-paziente/","nl","https://clinicabelba.com/nl/patienten-gids/","fr","https://clinicabelba.com/fr/guide-du-patient/","en","https://clinicabelba.com/en/patient-guide/","x-default","https://clinicabelba.com/guia-del-paciente/","","","","","Indexable",""
"https://clinicabelba.com/aumento-de-pecho-tecnica-brst/","Técnica BRST Aumento de pecho | Clinica Belba ®🥇","17","es-ES","https://clinicabelba.com/aumento-de-pecho-tecnica-brst/","ru-RU","https://clinicabelba.com/ru/увеличить-грудь-техника-brst/","uk","https://clinicabelba.com/uk/збільшення-грудей-за-допомогою-техні/","de-DE","https://clinicabelba.com/de/brustvergroserungstechnik/","it-IT","https://clinicabelba.com/it/mastoplastica-additiva-tecnica-b-r-s-t/","nl-NL","https://clinicabelba.com/nl/borstvergroting-techniek-brst/","ca","https://clinicabelba.com/ca/augment-de-pit-tecnica-brst/","fr-FR","https://clinicabelba.com/fr/augmentation-mammaire-technique-brst/","en-US","https://clinicabelba.com/en/breast-augmentation-brst-technique/","es","https://clinicabelba.com/aumento-de-pecho-tecnica-brst/","ru","https://clinicabelba.com/ru/увеличить-грудь-техника-brst/","de","https://clinicabelba.com/de/brustvergroserungstechnik/","it","https://clinicabelba.com/it/mastoplastica-additiva-tecnica-b-r-s-t/","nl","https://clinicabelba.com/nl/borstvergroting-techniek-brst/","fr","https://clinicabelba.com/fr/augmentation-mammaire-technique-brst/","en","https://clinicabelba.com/en/breast-augmentation-brst-technique/","x-default","https://clinicabelba.com/aumento-de-pecho-tecnica-brst/","","","","","Indexable",""
"https://clinicabelba.com/cirujanos-plasticos-barcelona/","Mejores Cirujanos Plásticos Barcelona - Dr. Chavarría Dr. Dewever","17","es-ES","https://clinicabelba.com/cirujanos-plasticos-barcelona/","ru-RU","https://clinicabelba.com/ru/пластические-хирурги-барселона/","uk","https://clinicabelba.com/uk/пластичні-хірурги-в-барселоні/","de-DE","https://clinicabelba.com/de/plastische-chirurgen-barcelona/","it-IT","https://clinicabelba.com/it/chirurghi-plastici-barcellona/","nl-NL","https://clinicabelba.com/nl/plastisch-chirurgen-barcelona/","ca","https://clinicabelba.com/ca/cirurgians-plastics-barcelona/","fr-FR","https://clinicabelba.com/fr/chirurgiens-plasticiens-barcelone/","en-US","https://clinicabelba.com/en/plastic-surgeons-barcelona/","es","https://clinicabelba.com/cirujanos-plasticos-barcelona/","ru","https://clinicabelba.com/ru/пластические-хирурги-барселона/","de","https://clinicabelba.com/de/plastische-chirurgen-barcelona/","it","https://clinicabelba.com/it/chirurghi-plastici-barcellona/","nl","https://clinicabelba.com/nl/plastisch-chirurgen-barcelona/","fr","https://clinicabelba.com/fr/chirurgiens-plasticiens-barcelone/","en","https://clinicabelba.com/en/plastic-surgeons-barcelona/","x-default","https://clinicabelba.com/cirujanos-plasticos-barcelona/","","","","","Indexable",""
"https://clinicabelba.com/mentoplastia-barcelona/","Mentoplastia Barcelona | Cirugía plástica de Mentón | Belba","17","es-ES","https://clinicabelba.com/mentoplastia-barcelona/","ru-RU","https://clinicabelba.com/ru/ментопластика-барселона/","uk","https://clinicabelba.com/uk/ментопластика-в-барселоні/","de-DE","https://clinicabelba.com/de/mentoplastik-barcelona/","it-IT","https://clinicabelba.com/it/mentoplastica-barcellona/","nl-NL","https://clinicabelba.com/nl/mentoplastiek-barcelona/","ca","https://clinicabelba.com/ca/mentoplastia-barcelona/","fr-FR","https://clinicabelba.com/fr/mentoplastia-barcelona/","en-US","https://clinicabelba.com/en/mentoplasty-barcelona/","es","https://clinicabelba.com/mentoplastia-barcelona/","ru","https://clinicabelba.com/ru/ментопластика-барселона/","de","https://clinicabelba.com/de/mentoplastik-barcelona/","it","https://clinicabelba.com/it/mentoplastica-barcellona/","nl","https://clinicabelba.com/nl/mentoplastiek-barcelona/","fr","https://clinicabelba.com/fr/mentoplastia-barcelona/","en","https://clinicabelba.com/en/mentoplasty-barcelona/","x-default","https://clinicabelba.com/mentoplastia-barcelona/","","","","","Indexable",""
"https://clinicabelba.com/cirugia-corporal/","Cirugía Corporal y Estética en España | Clínica Belba","17","es-ES","https://clinicabelba.com/cirugia-corporal/","ru-RU","https://clinicabelba.com/ru/пластическая-хирургия/","uk","https://clinicabelba.com/uk/хірургія-тіла/","de-DE","https://clinicabelba.com/de/korperchirurgie/","it-IT","https://clinicabelba.com/it/chirurgia-del-corpo/","nl-NL","https://clinicabelba.com/nl/lichaamschirurgie/","ca","https://clinicabelba.com/ca/cirugia-corporal/","fr-FR","https://clinicabelba.com/fr/chirurgie-corporelle/","en-US","https://clinicabelba.com/en/body-surgery/","es","https://clinicabelba.com/cirugia-corporal/","ru","https://clinicabelba.com/ru/пластическая-хирургия/","de","https://clinicabelba.com/de/korperchirurgie/","it","https://clinicabelba.com/it/chirurgia-del-corpo/","nl","https://clinicabelba.com/nl/lichaamschirurgie/","fr","https://clinicabelba.com/fr/chirurgie-corporelle/","en","https://clinicabelba.com/en/body-surgery/","x-default","https://clinicabelba.com/cirugia-corporal/","","","","","Indexable",""
"https://clinicabelba.com/ginecomastia-antes-y-despues/","【 Ginecomastia Antes y Después | CLINICA BELBA 】⊛⊛","17","es-ES","https://clinicabelba.com/ginecomastia-antes-y-despues/","ru-RU","https://clinicabelba.com/ru/гинекомастия-до-и-после/","uk","https://clinicabelba.com/uk/гінекомастія-до-і-після/","de-DE","https://clinicabelba.com/de/ginekomastie-vorher-und-nachher/","it-IT","https://clinicabelba.com/it/ginecomastia-prima-e-dopo/","nl-NL","https://clinicabelba.com/nl/ginecomastie-voor-en-na/","ca","https://clinicabelba.com/ca/ginecomastia-abans-i-despres/","fr-FR","https://clinicabelba.com/fr/gynecomastie-avant-et-apres/","en-US","https://clinicabelba.com/en/gynecomastia-before-and-after/","es","https://clinicabelba.com/ginecomastia-antes-y-despues/","ru","https://clinicabelba.com/ru/гинекомастия-до-и-после/","de","https://clinicabelba.com/de/ginekomastie-vorher-und-nachher/","it","https://clinicabelba.com/it/ginecomastia-prima-e-dopo/","nl","https://clinicabelba.com/nl/ginecomastie-voor-en-na/","fr","https://clinicabelba.com/fr/gynecomastie-avant-et-apres/","en","https://clinicabelba.com/en/gynecomastia-before-and-after/","x-default","https://clinicabelba.com/ginecomastia-antes-y-despues/","","","","","Indexable",""
"https://clinicabelba.com/lifting-de-muslos/","Lifting de Muslos en Barcelona | Cruroplastia ◁ © BELBA","17","es-ES","https://clinicabelba.com/lifting-de-muslos/","ru-RU","https://clinicabelba.com/ru/подтяжка-бедер/","uk","https://clinicabelba.com/uk/підтяжка-стегон/","de-DE","https://clinicabelba.com/de/oberschenkelstraffung/","it-IT","https://clinicabelba.com/it/lifting-delle-cosce/","nl-NL","https://clinicabelba.com/nl/lifting-van-de-dijen/","ca","https://clinicabelba.com/ca/elevacio-de-cuixes/","fr-FR","https://clinicabelba.com/fr/lifting-de-cuisse/","en-US","https://clinicabelba.com/en/thigh-lift/","es","https://clinicabelba.com/lifting-de-muslos/","ru","https://clinicabelba.com/ru/подтяжка-бедер/","de","https://clinicabelba.com/de/oberschenkelstraffung/","it","https://clinicabelba.com/it/lifting-delle-cosce/","nl","https://clinicabelba.com/nl/lifting-van-de-dijen/","fr","https://clinicabelba.com/fr/lifting-de-cuisse/","en","https://clinicabelba.com/en/thigh-lift/","x-default","https://clinicabelba.com/lifting-de-muslos/","","","","","Indexable",""
"https://clinicabelba.com/lifting-facial-barcelona/","Lifting Facial - Barcelona - Clinica Belba","17","es-ES","https://clinicabelba.com/lifting-facial-barcelona/","ru-RU","https://clinicabelba.com/ru/лифтинг-лица-барселона/","uk","https://clinicabelba.com/uk/підтяжка-обличчя-в-барселоні/","de-DE","https://clinicabelba.com/de/gesichtsstraffung-barcelona/","it-IT","https://clinicabelba.com/it/lifting-facciale-barcellona/","nl-NL","https://clinicabelba.com/nl/gezichtsbehandeling-barcelona/","ca","https://clinicabelba.com/ca/lifting-facial-barcelona/","fr-FR","https://clinicabelba.com/fr/lifting-facial-barcelone/","en-US","https://clinicabelba.com/en/facelift-barcelona/","es","https://clinicabelba.com/lifting-facial-barcelona/","ru","https://clinicabelba.com/ru/лифтинг-лица-барселона/","de","https://clinicabelba.com/de/gesichtsstraffung-barcelona/","it","https://clinicabelba.com/it/lifting-facciale-barcellona/","nl","https://clinicabelba.com/nl/gezichtsbehandeling-barcelona/","fr","https://clinicabelba.com/fr/lifting-facial-barcelone/","en","https://clinicabelba.com/en/facelift-barcelona/","x-default","https://clinicabelba.com/lifting-facial-barcelona/","","","","","Indexable",""
"https://clinicabelba.com/reduccion-de-mama/","Reducción de Pecho - Barcelona | Clinica Belba ⭐","17","es-ES","https://clinicabelba.com/reduccion-de-mama/","ru-RU","https://clinicabelba.com/ru/редукция-груди/","uk","https://clinicabelba.com/uk/зменшення-грудей/","de-DE","https://clinicabelba.com/de/brustverkleinerung/","it-IT","https://clinicabelba.com/it/riduzione-mammaria/","nl-NL","https://clinicabelba.com/nl/borstverkleining/","ca","https://clinicabelba.com/ca/reduccio-de-mama/","fr-FR","https://clinicabelba.com/fr/reduction-mammaire/","en-US","https://clinicabelba.com/en/breast-reduction/","es","https://clinicabelba.com/reduccion-de-mama/","ru","https://clinicabelba.com/ru/редукция-груди/","de","https://clinicabelba.com/de/brustverkleinerung/","it","https://clinicabelba.com/it/riduzione-mammaria/","nl","https://clinicabelba.com/nl/borstverkleining/","fr","https://clinicabelba.com/fr/reduction-mammaire/","en","https://clinicabelba.com/en/breast-reduction/","x-default","https://clinicabelba.com/reduccion-de-mama/","","","","","Indexable",""
"https://clinicabelba.com/liposuccion-barcelona/","CIRUGÍA LIPOSUCCIÓN BARCELONA | LIPOESCULTURA 360°","17","es-ES","https://clinicabelba.com/liposuccion-barcelona/","ru-RU","https://clinicabelba.com/ru/липосакция-барселона/","uk","https://clinicabelba.com/uk/ліпосакція-в-барселоні/","de-DE","https://clinicabelba.com/de/fettabsaugung-barcelona/","it-IT","https://clinicabelba.com/it/liposuzione-barcellona/","nl-NL","https://clinicabelba.com/nl/liposuctie-barcelona/","ca","https://clinicabelba.com/ca/liposuccio-barcelona/","fr-FR","https://clinicabelba.com/fr/liposuccion-barcelone/","en-US","https://clinicabelba.com/en/liposuction-barcelona/","es","https://clinicabelba.com/liposuccion-barcelona/","ru","https://clinicabelba.com/ru/липосакция-барселона/","de","https://clinicabelba.com/de/fettabsaugung-barcelona/","it","https://clinicabelba.com/it/liposuzione-barcellona/","nl","https://clinicabelba.com/nl/liposuctie-barcelona/","fr","https://clinicabelba.com/fr/liposuccion-barcelone/","en","https://clinicabelba.com/en/liposuction-barcelona/","x-default","https://clinicabelba.com/liposuccion-barcelona/","","","","","Indexable",""
"https://clinicabelba.com/labioplastia/","Labioplastia en Barcelona | Cirugía genital Láser Femenina❤️","17","es-ES","https://clinicabelba.com/labioplastia/","ru-RU","https://clinicabelba.com/ru/лабиопластика/","uk","https://clinicabelba.com/uk/лабіопластика/","de-DE","https://clinicabelba.com/de/lippenkorrektur/","it-IT","https://clinicabelba.com/it/labioplastica/","nl-NL","https://clinicabelba.com/nl/labiaplastiek/","ca","https://clinicabelba.com/ca/labioplastia/","fr-FR","https://clinicabelba.com/fr/labioplastie/","en-US","https://clinicabelba.com/en/labiaplasty/","es","https://clinicabelba.com/labioplastia/","ru","https://clinicabelba.com/ru/лабиопластика/","de","https://clinicabelba.com/de/lippenkorrektur/","it","https://clinicabelba.com/it/labioplastica/","nl","https://clinicabelba.com/nl/labiaplastiek/","fr","https://clinicabelba.com/fr/labioplastie/","en","https://clinicabelba.com/en/labiaplasty/","x-default","https://clinicabelba.com/labioplastia/","","","","","Indexable",""
"https://clinicabelba.com/otoplastia/","Otoplastia - Barcelona - Cirugía de Orejas - Dr. Mike Dewever","17","es-ES","https://clinicabelba.com/otoplastia/","ru-RU","https://clinicabelba.com/ru/отопластика/","uk","https://clinicabelba.com/uk/отопластика/","de-DE","https://clinicabelba.com/de/ohrenkorrektur/","it-IT","https://clinicabelba.com/it/otoplastica/","nl-NL","https://clinicabelba.com/nl/otoplastie/","ca","https://clinicabelba.com/ca/otoplastia/","fr-FR","https://clinicabelba.com/fr/otoplastie/","en-US","https://clinicabelba.com/en/otoplasty/","es","https://clinicabelba.com/otoplastia/","ru","https://clinicabelba.com/ru/отопластика/","de","https://clinicabelba.com/de/ohrenkorrektur/","it","https://clinicabelba.com/it/otoplastica/","nl","https://clinicabelba.com/nl/otoplastie/","fr","https://clinicabelba.com/fr/otoplastie/","en","https://clinicabelba.com/en/otoplasty/","x-default","https://clinicabelba.com/otoplastia/","","","","","Indexable",""
"https://clinicabelba.com/nl/","Clínica Cirugía Plástica Barcelona | Clínica Belba","17","es-ES","https://clinicabelba.com/","ru-RU","https://clinicabelba.com/ru/","uk","https://clinicabelba.com/uk/","de-DE","https://clinicabelba.com/de/","it-IT","https://clinicabelba.com/it/","nl-NL","https://clinicabelba.com/nl/","ca","https://clinicabelba.com/ca/","fr-FR","https://clinicabelba.com/fr/","en-US","https://clinicabelba.com/en/","es","https://clinicabelba.com/","ru","https://clinicabelba.com/ru/","de","https://clinicabelba.com/de/","it","https://clinicabelba.com/it/","nl","https://clinicabelba.com/nl/","fr","https://clinicabelba.com/fr/","en","https://clinicabelba.com/en/","x-default","https://clinicabelba.com/","","","","","Indexable",""
"https://clinicabelba.com/cirugia-intima/","Cirugía Íntima en España | Clínica Belba","17","es-ES","https://clinicabelba.com/cirugia-intima/","ru-RU","https://clinicabelba.com/ru/интимная-хирургия/","uk","https://clinicabelba.com/uk/хірургія-інтимних-органів/","de-DE","https://clinicabelba.com/de/intimchirurgie/","it-IT","https://clinicabelba.com/it/chirurgia-intima/","nl-NL","https://clinicabelba.com/nl/intieme-chirurgie/","ca","https://clinicabelba.com/ca/cirurgia-intima/","fr-FR","https://clinicabelba.com/fr/cirugia-intima/","en-US","https://clinicabelba.com/en/intimate-surgery/","es","https://clinicabelba.com/cirugia-intima/","ru","https://clinicabelba.com/ru/интимная-хирургия/","de","https://clinicabelba.com/de/intimchirurgie/","it","https://clinicabelba.com/it/chirurgia-intima/","nl","https://clinicabelba.com/nl/intieme-chirurgie/","fr","https://clinicabelba.com/fr/cirugia-intima/","en","https://clinicabelba.com/en/intimate-surgery/","x-default","https://clinicabelba.com/cirugia-intima/","","","","","Indexable",""
"https://clinicabelba.com/tipos-aumento-de-pecho/","Tipos de aumento de pecho | Clinica Belba","17","es-ES","https://clinicabelba.com/tipos-aumento-de-pecho/","ru-RU","https://clinicabelba.com/ru/типы-увеличения-груди/","uk","https://clinicabelba.com/uk/види-збільшення-грудей/","de-DE","https://clinicabelba.com/de/arten-von-brustvergroserungen/","it-IT","https://clinicabelba.com/it/tipi-di-aumento-del-seno/","nl-NL","https://clinicabelba.com/nl/soorten-borstvergroting/","ca","https://clinicabelba.com/ca/tipus-daugment-de-pit/","fr-FR","https://clinicabelba.com/fr/types-deaugmentation-mammaire/","en-US","https://clinicabelba.com/en/breast-augmentation-types/","es","https://clinicabelba.com/tipos-aumento-de-pecho/","ru","https://clinicabelba.com/ru/типы-увеличения-груди/","de","https://clinicabelba.com/de/arten-von-brustvergroserungen/","it","https://clinicabelba.com/it/tipi-di-aumento-del-seno/","nl","https://clinicabelba.com/nl/soorten-borstvergroting/","fr","https://clinicabelba.com/fr/types-deaugmentation-mammaire/","en","https://clinicabelba.com/en/breast-augmentation-types/","x-default","https://clinicabelba.com/tipos-aumento-de-pecho/","","","","","Indexable",""
"https://clinicabelba.com/lipovaser-antes-y-despues/","【 Lipo Vaser antes y después | CLINICA BELBA 】®","17","es-ES","https://clinicabelba.com/lipovaser-antes-y-despues/","ru-RU","https://clinicabelba.com/ru/липосакция-до-и-после/","uk","https://clinicabelba.com/uk/lipovaser-до-і-після/","de-DE","https://clinicabelba.com/de/lipovaser-davor-und-danach/","it-IT","https://clinicabelba.com/it/lipovaser-prima-e-dopo/","nl-NL","https://clinicabelba.com/nl/lipovaser-voor-en-na/","ca","https://clinicabelba.com/ca/lipovaser-abans-i-despres/","fr-FR","https://clinicabelba.com/fr/lipovaser-avant-et-apres/","en-US","https://clinicabelba.com/en/lipolaser-before-and-after/","es","https://clinicabelba.com/lipovaser-antes-y-despues/","ru","https://clinicabelba.com/ru/липосакция-до-и-после/","de","https://clinicabelba.com/de/lipovaser-davor-und-danach/","it","https://clinicabelba.com/it/lipovaser-prima-e-dopo/","nl","https://clinicabelba.com/nl/lipovaser-voor-en-na/","fr","https://clinicabelba.com/fr/lipovaser-avant-et-apres/","en","https://clinicabelba.com/en/lipolaser-before-and-after/","x-default","https://clinicabelba.com/lipovaser-antes-y-despues/","","","","","Indexable",""
"https://clinicabelba.com/uk/","Clínica Cirugía Plástica Barcelona | Clínica Belba","17","es-ES","https://clinicabelba.com/","ru-RU","https://clinicabelba.com/ru/","uk","https://clinicabelba.com/uk/","de-DE","https://clinicabelba.com/de/","it-IT","https://clinicabelba.com/it/","nl-NL","https://clinicabelba.com/nl/","ca","https://clinicabelba.com/ca/","fr-FR","https://clinicabelba.com/fr/","en-US","https://clinicabelba.com/en/","es","https://clinicabelba.com/","ru","https://clinicabelba.com/ru/","de","https://clinicabelba.com/de/","it","https://clinicabelba.com/it/","nl","https://clinicabelba.com/nl/","fr","https://clinicabelba.com/fr/","en","https://clinicabelba.com/en/","x-default","https://clinicabelba.com/","","","","","Indexable",""
"https://clinicabelba.com/test-paciente/","Test paciente | Clinica Belba","17","es-ES","https://clinicabelba.com/test-paciente/","ru-RU","https://clinicabelba.com/ru/тест-пациента/","uk","https://clinicabelba.com/uk/тест-пацієнта/","de-DE","https://clinicabelba.com/de/patiententest/","it-IT","https://clinicabelba.com/it/paziente-di-prova/","nl-NL","https://clinicabelba.com/nl/test-patient/","ca","https://clinicabelba.com/ca/prova-pacient/","fr-FR","https://clinicabelba.com/fr/patient-test/","en-US","https://clinicabelba.com/en/test-patient/","es","https://clinicabelba.com/test-paciente/","ru","https://clinicabelba.com/ru/тест-пациента/","de","https://clinicabelba.com/de/patiententest/","it","https://clinicabelba.com/it/paziente-di-prova/","nl","https://clinicabelba.com/nl/test-patient/","fr","https://clinicabelba.com/fr/patient-test/","en","https://clinicabelba.com/en/test-patient/","x-default","https://clinicabelba.com/test-paciente/","","","","","No indexable","noindex"
"https://clinicabelba.com/cirugia-facial/","Cirugía Facial en España | Clínica Belba","17","es-ES","https://clinicabelba.com/cirugia-facial/","ru-RU","https://clinicabelba.com/ru/челюстно-лицевая-хирургия/","uk","https://clinicabelba.com/uk/пластична-хірургія-обличчя/","de-DE","https://clinicabelba.com/de/gesichtsoperation/","it-IT","https://clinicabelba.com/it/chirurgia-facciale/","nl-NL","https://clinicabelba.com/nl/gezichtsoperatie/","ca","https://clinicabelba.com/ca/cirurgia-facial/","fr-FR","https://clinicabelba.com/fr/chirurgie-faciale/","en-US","https://clinicabelba.com/en/facial-surgery/","es","https://clinicabelba.com/cirugia-facial/","ru","https://clinicabelba.com/ru/челюстно-лицевая-хирургия/","de","https://clinicabelba.com/de/gesichtsoperation/","it","https://clinicabelba.com/it/chirurgia-facciale/","nl","https://clinicabelba.com/nl/gezichtsoperatie/","fr","https://clinicabelba.com/fr/chirurgie-faciale/","en","https://clinicabelba.com/en/facial-surgery/","x-default","https://clinicabelba.com/cirugia-facial/","","","","","No indexable","noindex"
"https://clinicabelba.com/recambio-de-protesis/","Recambio de Prótesis Barcelona | Clínica Belba ⭐","17","es-ES","https://clinicabelba.com/recambio-de-protesis/","ru-RU","https://clinicabelba.com/ru/замена-протеза/","uk","https://clinicabelba.com/uk/заміна-протеза/","de-DE","https://clinicabelba.com/de/prothesenersatz/","it-IT","https://clinicabelba.com/it/ricambio-di-protesi/","nl-NL","https://clinicabelba.com/nl/prothese-wisseling/","ca","https://clinicabelba.com/ca/recanvi-de-protesi/","fr-FR","https://clinicabelba.com/fr/remplacement-de-prothese/","en-US","https://clinicabelba.com/en/prosthesis-replacement/","es","https://clinicabelba.com/recambio-de-protesis/","ru","https://clinicabelba.com/ru/замена-протеза/","de","https://clinicabelba.com/de/prothesenersatz/","it","https://clinicabelba.com/it/ricambio-di-protesi/","nl","https://clinicabelba.com/nl/prothese-wisseling/","fr","https://clinicabelba.com/fr/remplacement-de-prothese/","en","https://clinicabelba.com/en/prosthesis-replacement/","x-default","https://clinicabelba.com/recambio-de-protesis/","","","","","Indexable",""
"https://clinicabelba.com/aviso-legal/","Aviso legal | Clinica Belba","17","es-ES","https://clinicabelba.com/aviso-legal/","ru-RU","https://clinicabelba.com/ru/правовая-оговорка/","uk","https://clinicabelba.com/uk/юридичне-повідомлення/","de-DE","https://clinicabelba.com/de/impressum/","it-IT","https://clinicabelba.com/it/avviso-legale/","nl-NL","https://clinicabelba.com/nl/juridische-mededeling/","ca","https://clinicabelba.com/ca/avis-legal/","fr-FR","https://clinicabelba.com/fr/aviso-legal/","en-US","https://clinicabelba.com/en/legal-notice/","es","https://clinicabelba.com/aviso-legal/","ru","https://clinicabelba.com/ru/правовая-оговорка/","de","https://clinicabelba.com/de/impressum/","it","https://clinicabelba.com/it/avviso-legale/","nl","https://clinicabelba.com/nl/juridische-mededeling/","fr","https://clinicabelba.com/fr/aviso-legal/","en","https://clinicabelba.com/en/legal-notice/","x-default","https://clinicabelba.com/aviso-legal/","","","","","Indexable",""
"https://clinicabelba.com/elevacion-de-mama/","Elevación de Pecho Barcelona | Mastopexia | Lifting de Pechos","17","es-ES","https://clinicabelba.com/elevacion-de-mama/","ru-RU","https://clinicabelba.com/ru/подтяжка-груди/","uk","https://clinicabelba.com/uk/підтяжка-грудей/","de-DE","https://clinicabelba.com/de/bruststraffung/","it-IT","https://clinicabelba.com/it/mastopessi/","nl-NL","https://clinicabelba.com/nl/borstvergroting/","ca","https://clinicabelba.com/ca/elevacio-de-mama/","fr-FR","https://clinicabelba.com/fr/mastopexie/","en-US","https://clinicabelba.com/en/breast-lift/","es","https://clinicabelba.com/elevacion-de-mama/","ru","https://clinicabelba.com/ru/подтяжка-груди/","de","https://clinicabelba.com/de/bruststraffung/","it","https://clinicabelba.com/it/mastopessi/","nl","https://clinicabelba.com/nl/borstvergroting/","fr","https://clinicabelba.com/fr/mastopexie/","en","https://clinicabelba.com/en/breast-lift/","x-default","https://clinicabelba.com/elevacion-de-mama/","","","","","Indexable",""
"https://clinicabelba.com/liposuccion-de-monte-de-venus/","Liposuccion de monte de venus Barcelona ❤️ | Clínica Belba","17","es-ES","https://clinicabelba.com/liposuccion-de-monte-de-venus/","ru-RU","https://clinicabelba.com/ru/липосакция-лобка/","uk","https://clinicabelba.com/uk/ліпосакція-лобка/","de-DE","https://clinicabelba.com/de/fettabsaugung-am-venushugel/","it-IT","https://clinicabelba.com/it/liposuzione-del-monte-di-venere/","nl-NL","https://clinicabelba.com/nl/liposuctie-venusheuvel/","ca","https://clinicabelba.com/ca/liposuccio-del-mont-de-venus/","fr-FR","https://clinicabelba.com/fr/liposuccion-du-mont-de-venus/","en-US","https://clinicabelba.com/en/mons-pubis-liposuction/","es","https://clinicabelba.com/liposuccion-de-monte-de-venus/","ru","https://clinicabelba.com/ru/липосакция-лобка/","de","https://clinicabelba.com/de/fettabsaugung-am-venushugel/","it","https://clinicabelba.com/it/liposuzione-del-monte-di-venere/","nl","https://clinicabelba.com/nl/liposuctie-venusheuvel/","fr","https://clinicabelba.com/fr/liposuccion-du-mont-de-venus/","en","https://clinicabelba.com/en/mons-pubis-liposuction/","x-default","https://clinicabelba.com/liposuccion-de-monte-de-venus/","","","","","Indexable",""
"https://clinicabelba.com/ru/","Clínica Cirugía Plástica Barcelona | Clínica Belba","17","es-ES","https://clinicabelba.com/","ru-RU","https://clinicabelba.com/ru/","uk","https://clinicabelba.com/uk/","de-DE","https://clinicabelba.com/de/","it-IT","https://clinicabelba.com/it/","nl-NL","https://clinicabelba.com/nl/","ca","https://clinicabelba.com/ca/","fr-FR","https://clinicabelba.com/fr/","en-US","https://clinicabelba.com/en/","es","https://clinicabelba.com/","ru","https://clinicabelba.com/ru/","de","https://clinicabelba.com/de/","it","https://clinicabelba.com/it/","nl","https://clinicabelba.com/nl/","fr","https://clinicabelba.com/fr/","en","https://clinicabelba.com/en/","x-default","https://clinicabelba.com/","","","","","Indexable",""
"https://clinicabelba.com/abdominoplastia-antes-y-despues/","【 Abdominoplastia Antes y Después | fotos reales 】© BELBA","17","es-ES","https://clinicabelba.com/abdominoplastia-antes-y-despues/","ru-RU","https://clinicabelba.com/ru/абдоминопластика-до-и-после/","uk","https://clinicabelba.com/uk/абдомінопластика-до-і-після/","de-DE","https://clinicabelba.com/de/bauchdeckenstraffung-vorher-und-nachher/","it-IT","https://clinicabelba.com/it/addominoplastica-prima-e-dopo/","nl-NL","https://clinicabelba.com/nl/buikwandcorrectie-voor-en-na/","ca","https://clinicabelba.com/ca/abdominoplastia-abans-i-despres/","fr-FR","https://clinicabelba.com/fr/abdominoplastie-avant-et-apres/","en-US","https://clinicabelba.com/en/abdominoplasty-before-and-after/","es","https://clinicabelba.com/abdominoplastia-antes-y-despues/","ru","https://clinicabelba.com/ru/абдоминопластика-до-и-после/","de","https://clinicabelba.com/de/bauchdeckenstraffung-vorher-und-nachher/","it","https://clinicabelba.com/it/addominoplastica-prima-e-dopo/","nl","https://clinicabelba.com/nl/buikwandcorrectie-voor-en-na/","fr","https://clinicabelba.com/fr/abdominoplastie-avant-et-apres/","en","https://clinicabelba.com/en/abdominoplasty-before-and-after/","x-default","https://clinicabelba.com/abdominoplastia-antes-y-despues/","","","","","Indexable",""
"https://clinicabelba.com/blog/","Blog de Cirugía Plástica y Estética | Clinica Belba","17","es-ES","https://clinicabelba.com/blog/","ru-RU","https://clinicabelba.com/ru/блог/","uk","https://clinicabelba.com/uk/блог/","de-DE","https://clinicabelba.com/de/blog/","it-IT","https://clinicabelba.com/it/blog/","nl-NL","https://clinicabelba.com/nl/blog/","ca","https://clinicabelba.com/ca/bloc/","fr-FR","https://clinicabelba.com/fr/blog/","en-US","https://clinicabelba.com/en/blog/","es","https://clinicabelba.com/blog/","ru","https://clinicabelba.com/ru/блог/","de","https://clinicabelba.com/de/blog/","it","https://clinicabelba.com/it/blog/","nl","https://clinicabelba.com/nl/blog/","fr","https://clinicabelba.com/fr/blog/","en","https://clinicabelba.com/en/blog/","x-default","https://clinicabelba.com/blog/","","","","","Indexable",""
"https://clinicabelba.com/de/mini-lifting-gesicht-barcelona/","MiniFacelift in Barcelona | Belba Klinik ⭐","17","es-ES","https://clinicabelba.com/mini-lifting-facial-barcelona/","ru-RU","https://clinicabelba.com/ru/мини-лифтинг-лица-барселона/","uk","https://clinicabelba.com/uk/міні-ліфтинг-обличчя-в-барселоні/","de-DE","https://clinicabelba.com/de/mini-lifting-gesicht-barcelona/","it-IT","https://clinicabelba.com/it/mini-lifting-facciale-barcellona/","nl-NL","https://clinicabelba.com/nl/mini-facelift-barcelona/","ca","https://clinicabelba.com/ca/mini-lifting-facial-barcelona/","fr-FR","https://clinicabelba.com/fr/mini-lifting-facial-barcelone/","en-US","https://clinicabelba.com/en/mini-lifting-facial-barcelona/","es","https://clinicabelba.com/mini-lifting-facial-barcelona/","ru","https://clinicabelba.com/ru/мини-лифтинг-лица-барселона/","de","https://clinicabelba.com/de/mini-lifting-gesicht-barcelona/","it","https://clinicabelba.com/it/mini-lifting-facciale-barcellona/","nl","https://clinicabelba.com/nl/mini-facelift-barcelona/","fr","https://clinicabelba.com/fr/mini-lifting-facial-barcelone/","en","https://clinicabelba.com/en/mini-lifting-facial-barcelona/","x-default","https://clinicabelba.com/mini-lifting-facial-barcelona/","","","","","Indexable",""
"https://clinicabelba.com/it/mini-lifting-facciale-barcellona/","MiniLifting Facciale a Barcellona | Clinica Belba ⭐","17","es-ES","https://clinicabelba.com/mini-lifting-facial-barcelona/","ru-RU","https://clinicabelba.com/ru/мини-лифтинг-лица-барселона/","uk","https://clinicabelba.com/uk/міні-ліфтинг-обличчя-в-барселоні/","de-DE","https://clinicabelba.com/de/mini-lifting-gesicht-barcelona/","it-IT","https://clinicabelba.com/it/mini-lifting-facciale-barcellona/","nl-NL","https://clinicabelba.com/nl/mini-facelift-barcelona/","ca","https://clinicabelba.com/ca/mini-lifting-facial-barcelona/","fr-FR","https://clinicabelba.com/fr/mini-lifting-facial-barcelone/","en-US","https://clinicabelba.com/en/mini-lifting-facial-barcelona/","es","https://clinicabelba.com/mini-lifting-facial-barcelona/","ru","https://clinicabelba.com/ru/мини-лифтинг-лица-барселона/","de","https://clinicabelba.com/de/mini-lifting-gesicht-barcelona/","it","https://clinicabelba.com/it/mini-lifting-facciale-barcellona/","nl","https://clinicabelba.com/nl/mini-facelift-barcelona/","fr","https://clinicabelba.com/fr/mini-lifting-facial-barcelone/","en","https://clinicabelba.com/en/mini-lifting-facial-barcelona/","x-default","https://clinicabelba.com/mini-lifting-facial-barcelona/","","","","","Indexable",""
"https://clinicabelba.com/nl/mini-facelift-barcelona/","MiniFacelift Gezicht en Barcelona | Clinica Belba ⭐","17","es-ES","https://clinicabelba.com/mini-lifting-facial-barcelona/","ru-RU","https://clinicabelba.com/ru/мини-лифтинг-лица-барселона/","uk","https://clinicabelba.com/uk/міні-ліфтинг-обличчя-в-барселоні/","de-DE","https://clinicabelba.com/de/mini-lifting-gesicht-barcelona/","it-IT","https://clinicabelba.com/it/mini-lifting-facciale-barcellona/","nl-NL","https://clinicabelba.com/nl/mini-facelift-barcelona/","ca","https://clinicabelba.com/ca/mini-lifting-facial-barcelona/","fr-FR","https://clinicabelba.com/fr/mini-lifting-facial-barcelone/","en-US","https://clinicabelba.com/en/mini-lifting-facial-barcelona/","es","https://clinicabelba.com/mini-lifting-facial-barcelona/","ru","https://clinicabelba.com/ru/мини-лифтинг-лица-барселона/","de","https://clinicabelba.com/de/mini-lifting-gesicht-barcelona/","it","https://clinicabelba.com/it/mini-lifting-facciale-barcellona/","nl","https://clinicabelba.com/nl/mini-facelift-barcelona/","fr","https://clinicabelba.com/fr/mini-lifting-facial-barcelone/","en","https://clinicabelba.com/en/mini-lifting-facial-barcelona/","x-default","https://clinicabelba.com/mini-lifting-facial-barcelona/","","","","","Indexable",""
"https://clinicabelba.com/uk/міні-ліфтинг-обличчя-в-барселоні/","Міні-ліфтинг обличчя в Барселоні | Клініка «Белба» ⭐","17","es-ES","https://clinicabelba.com/mini-lifting-facial-barcelona/","ru-RU","https://clinicabelba.com/ru/мини-лифтинг-лица-барселона/","uk","https://clinicabelba.com/uk/міні-ліфтинг-обличчя-в-барселоні/","de-DE","https://clinicabelba.com/de/mini-lifting-gesicht-barcelona/","it-IT","https://clinicabelba.com/it/mini-lifting-facciale-barcellona/","nl-NL","https://clinicabelba.com/nl/mini-facelift-barcelona/","ca","https://clinicabelba.com/ca/mini-lifting-facial-barcelona/","fr-FR","https://clinicabelba.com/fr/mini-lifting-facial-barcelone/","en-US","https://clinicabelba.com/en/mini-lifting-facial-barcelona/","es","https://clinicabelba.com/mini-lifting-facial-barcelona/","ru","https://clinicabelba.com/ru/мини-лифтинг-лица-барселона/","de","https://clinicabelba.com/de/mini-lifting-gesicht-barcelona/","it","https://clinicabelba.com/it/mini-lifting-facciale-barcellona/","nl","https://clinicabelba.com/nl/mini-facelift-barcelona/","fr","https://clinicabelba.com/fr/mini-lifting-facial-barcelone/","en","https://clinicabelba.com/en/mini-lifting-facial-barcelona/","x-default","https://clinicabelba.com/mini-lifting-facial-barcelona/","","","","","Indexable",""
"https://clinicabelba.com/en/mini-lifting-facial-barcelona/","MiniLifting Facial en Barcelona | Clinica Belba ⭐","17","es-ES","https://clinicabelba.com/mini-lifting-facial-barcelona/","ru-RU","https://clinicabelba.com/ru/мини-лифтинг-лица-барселона/","uk","https://clinicabelba.com/uk/міні-ліфтинг-обличчя-в-барселоні/","de-DE","https://clinicabelba.com/de/mini-lifting-gesicht-barcelona/","it-IT","https://clinicabelba.com/it/mini-lifting-facciale-barcellona/","nl-NL","https://clinicabelba.com/nl/mini-facelift-barcelona/","ca","https://clinicabelba.com/ca/mini-lifting-facial-barcelona/","fr-FR","https://clinicabelba.com/fr/mini-lifting-facial-barcelone/","en-US","https://clinicabelba.com/en/mini-lifting-facial-barcelona/","es","https://clinicabelba.com/mini-lifting-facial-barcelona/","ru","https://clinicabelba.com/ru/мини-лифтинг-лица-барселона/","de","https://clinicabelba.com/de/mini-lifting-gesicht-barcelona/","it","https://clinicabelba.com/it/mini-lifting-facciale-barcellona/","nl","https://clinicabelba.com/nl/mini-facelift-barcelona/","fr","https://clinicabelba.com/fr/mini-lifting-facial-barcelone/","en","https://clinicabelba.com/en/mini-lifting-facial-barcelona/","x-default","https://clinicabelba.com/mini-lifting-facial-barcelona/","","","","","Indexable",""
"https://clinicabelba.com/ru/мини-лифтинг-лица-барселона/","Мини-лифтинг лица в Барселоне | Клиника Бельба ⭐","17","es-ES","https://clinicabelba.com/mini-lifting-facial-barcelona/","ru-RU","https://clinicabelba.com/ru/мини-лифтинг-лица-барселона/","uk","https://clinicabelba.com/uk/міні-ліфтинг-обличчя-в-барселоні/","de-DE","https://clinicabelba.com/de/mini-lifting-gesicht-barcelona/","it-IT","https://clinicabelba.com/it/mini-lifting-facciale-barcellona/","nl-NL","https://clinicabelba.com/nl/mini-facelift-barcelona/","ca","https://clinicabelba.com/ca/mini-lifting-facial-barcelona/","fr-FR","https://clinicabelba.com/fr/mini-lifting-facial-barcelone/","en-US","https://clinicabelba.com/en/mini-lifting-facial-barcelona/","es","https://clinicabelba.com/mini-lifting-facial-barcelona/","ru","https://clinicabelba.com/ru/мини-лифтинг-лица-барселона/","de","https://clinicabelba.com/de/mini-lifting-gesicht-barcelona/","it","https://clinicabelba.com/it/mini-lifting-facciale-barcellona/","nl","https://clinicabelba.com/nl/mini-facelift-barcelona/","fr","https://clinicabelba.com/fr/mini-lifting-facial-barcelone/","en","https://clinicabelba.com/en/mini-lifting-facial-barcelona/","x-default","https://clinicabelba.com/mini-lifting-facial-barcelona/","","","","","Indexable",""
"https://clinicabelba.com/fr/mini-lifting-facial-barcelone/","MiniLifting Facial à Barcelone | Clinique Belba ⭐","17","es-ES","https://clinicabelba.com/mini-lifting-facial-barcelona/","ru-RU","https://clinicabelba.com/ru/мини-лифтинг-лица-барселона/","uk","https://clinicabelba.com/uk/міні-ліфтинг-обличчя-в-барселоні/","de-DE","https://clinicabelba.com/de/mini-lifting-gesicht-barcelona/","it-IT","https://clinicabelba.com/it/mini-lifting-facciale-barcellona/","nl-NL","https://clinicabelba.com/nl/mini-facelift-barcelona/","ca","https://clinicabelba.com/ca/mini-lifting-facial-barcelona/","fr-FR","https://clinicabelba.com/fr/mini-lifting-facial-barcelone/","en-US","https://clinicabelba.com/en/mini-lifting-facial-barcelona/","es","https://clinicabelba.com/mini-lifting-facial-barcelona/","ru","https://clinicabelba.com/ru/мини-лифтинг-лица-барселона/","de","https://clinicabelba.com/de/mini-lifting-gesicht-barcelona/","it","https://clinicabelba.com/it/mini-lifting-facciale-barcellona/","nl","https://clinicabelba.com/nl/mini-facelift-barcelona/","fr","https://clinicabelba.com/fr/mini-lifting-facial-barcelone/","en","https://clinicabelba.com/en/mini-lifting-facial-barcelona/","x-default","https://clinicabelba.com/mini-lifting-facial-barcelona/","","","","","Indexable",""
"https://clinicabelba.com/ca/mini-lifting-facial-barcelona/","MiniLifting Facial a Barcelona | Clínica Belba ⭐","17","es-ES","https://clinicabelba.com/mini-lifting-facial-barcelona/","ru-RU","https://clinicabelba.com/ru/мини-лифтинг-лица-барселона/","uk","https://clinicabelba.com/uk/міні-ліфтинг-обличчя-в-барселоні/","de-DE","https://clinicabelba.com/de/mini-lifting-gesicht-barcelona/","it-IT","https://clinicabelba.com/it/mini-lifting-facciale-barcellona/","nl-NL","https://clinicabelba.com/nl/mini-facelift-barcelona/","ca","https://clinicabelba.com/ca/mini-lifting-facial-barcelona/","fr-FR","https://clinicabelba.com/fr/mini-lifting-facial-barcelone/","en-US","https://clinicabelba.com/en/mini-lifting-facial-barcelona/","es","https://clinicabelba.com/mini-lifting-facial-barcelona/","ru","https://clinicabelba.com/ru/мини-лифтинг-лица-барселона/","de","https://clinicabelba.com/de/mini-lifting-gesicht-barcelona/","it","https://clinicabelba.com/it/mini-lifting-facciale-barcellona/","nl","https://clinicabelba.com/nl/mini-facelift-barcelona/","fr","https://clinicabelba.com/fr/mini-lifting-facial-barcelone/","en","https://clinicabelba.com/en/mini-lifting-facial-barcelona/","x-default","https://clinicabelba.com/mini-lifting-facial-barcelona/","","","","","Indexable",""
"https://clinicabelba.com/uk/лабіопластика/","Лабіопластика в Барселоні | Лазерна хірургія жіночих статевих органів❤️","17","es-ES","https://clinicabelba.com/labioplastia/","ru-RU","https://clinicabelba.com/ru/лабиопластика/","uk","https://clinicabelba.com/uk/лабіопластика/","de-DE","https://clinicabelba.com/de/lippenkorrektur/","it-IT","https://clinicabelba.com/it/labioplastica/","nl-NL","https://clinicabelba.com/nl/labiaplastiek/","ca","https://clinicabelba.com/ca/labioplastia/","fr-FR","https://clinicabelba.com/fr/labioplastie/","en-US","https://clinicabelba.com/en/labiaplasty/","es","https://clinicabelba.com/labioplastia/","ru","https://clinicabelba.com/ru/лабиопластика/","de","https://clinicabelba.com/de/lippenkorrektur/","it","https://clinicabelba.com/it/labioplastica/","nl","https://clinicabelba.com/nl/labiaplastiek/","fr","https://clinicabelba.com/fr/labioplastie/","en","https://clinicabelba.com/en/labiaplasty/","x-default","https://clinicabelba.com/labioplastia/","","","","","Indexable",""
"https://clinicabelba.com/nl/labiaplastiek/","Labioplastiek in Barcelona | Vrouwelijke laser-genitale chirurgie❤️","17","es-ES","https://clinicabelba.com/labioplastia/","ru-RU","https://clinicabelba.com/ru/лабиопластика/","uk","https://clinicabelba.com/uk/лабіопластика/","de-DE","https://clinicabelba.com/de/lippenkorrektur/","it-IT","https://clinicabelba.com/it/labioplastica/","nl-NL","https://clinicabelba.com/nl/labiaplastiek/","ca","https://clinicabelba.com/ca/labioplastia/","fr-FR","https://clinicabelba.com/fr/labioplastie/","en-US","https://clinicabelba.com/en/labiaplasty/","es","https://clinicabelba.com/labioplastia/","ru","https://clinicabelba.com/ru/лабиопластика/","de","https://clinicabelba.com/de/lippenkorrektur/","it","https://clinicabelba.com/it/labioplastica/","nl","https://clinicabelba.com/nl/labiaplastiek/","fr","https://clinicabelba.com/fr/labioplastie/","en","https://clinicabelba.com/en/labiaplasty/","x-default","https://clinicabelba.com/labioplastia/","","","","","Indexable",""
"https://clinicabelba.com/ru/лабиопластика/","Лабиопластика в Барселоне | Женская генитальная лазерная хирургия❤️","17","es-ES","https://clinicabelba.com/labioplastia/","ru-RU","https://clinicabelba.com/ru/лабиопластика/","uk","https://clinicabelba.com/uk/лабіопластика/","de-DE","https://clinicabelba.com/de/lippenkorrektur/","it-IT","https://clinicabelba.com/it/labioplastica/","nl-NL","https://clinicabelba.com/nl/labiaplastiek/","ca","https://clinicabelba.com/ca/labioplastia/","fr-FR","https://clinicabelba.com/fr/labioplastie/","en-US","https://clinicabelba.com/en/labiaplasty/","es","https://clinicabelba.com/labioplastia/","ru","https://clinicabelba.com/ru/лабиопластика/","de","https://clinicabelba.com/de/lippenkorrektur/","it","https://clinicabelba.com/it/labioplastica/","nl","https://clinicabelba.com/nl/labiaplastiek/","fr","https://clinicabelba.com/fr/labioplastie/","en","https://clinicabelba.com/en/labiaplasty/","x-default","https://clinicabelba.com/labioplastia/","","","","","Indexable",""
"https://clinicabelba.com/nl/otoplastie/","Otoplastiek - Barcelona - Oorcorrectie - Dr. Mike Dewever","17","es-ES","https://clinicabelba.com/otoplastia/","ru-RU","https://clinicabelba.com/ru/отопластика/","uk","https://clinicabelba.com/uk/отопластика/","de-DE","https://clinicabelba.com/de/ohrenkorrektur/","it-IT","https://clinicabelba.com/it/otoplastica/","nl-NL","https://clinicabelba.com/nl/otoplastie/","ca","https://clinicabelba.com/ca/otoplastia/","fr-FR","https://clinicabelba.com/fr/otoplastie/","en-US","https://clinicabelba.com/en/otoplasty/","es","https://clinicabelba.com/otoplastia/","ru","https://clinicabelba.com/ru/отопластика/","de","https://clinicabelba.com/de/ohrenkorrektur/","it","https://clinicabelba.com/it/otoplastica/","nl","https://clinicabelba.com/nl/otoplastie/","fr","https://clinicabelba.com/fr/otoplastie/","en","https://clinicabelba.com/en/otoplasty/","x-default","https://clinicabelba.com/otoplastia/","","","","","Indexable",""
"https://clinicabelba.com/ru/отопластика/","Отопластика - Барселона - Пластика ушей - Доктор Майк Девевер","17","es-ES","https://clinicabelba.com/otoplastia/","ru-RU","https://clinicabelba.com/ru/отопластика/","uk","https://clinicabelba.com/uk/отопластика/","de-DE","https://clinicabelba.com/de/ohrenkorrektur/","it-IT","https://clinicabelba.com/it/otoplastica/","nl-NL","https://clinicabelba.com/nl/otoplastie/","ca","https://clinicabelba.com/ca/otoplastia/","fr-FR","https://clinicabelba.com/fr/otoplastie/","en-US","https://clinicabelba.com/en/otoplasty/","es","https://clinicabelba.com/otoplastia/","ru","https://clinicabelba.com/ru/отопластика/","de","https://clinicabelba.com/de/ohrenkorrektur/","it","https://clinicabelba.com/it/otoplastica/","nl","https://clinicabelba.com/nl/otoplastie/","fr","https://clinicabelba.com/fr/otoplastie/","en","https://clinicabelba.com/en/otoplasty/","x-default","https://clinicabelba.com/otoplastia/","","","","","Indexable",""
"https://clinicabelba.com/uk/отопластика/","Отопластика — Барселона — Хірургія вух — д-р Майк Девевер","17","es-ES","https://clinicabelba.com/otoplastia/","ru-RU","https://clinicabelba.com/ru/отопластика/","uk","https://clinicabelba.com/uk/отопластика/","de-DE","https://clinicabelba.com/de/ohrenkorrektur/","it-IT","https://clinicabelba.com/it/otoplastica/","nl-NL","https://clinicabelba.com/nl/otoplastie/","ca","https://clinicabelba.com/ca/otoplastia/","fr-FR","https://clinicabelba.com/fr/otoplastie/","en-US","https://clinicabelba.com/en/otoplasty/","es","https://clinicabelba.com/otoplastia/","ru","https://clinicabelba.com/ru/отопластика/","de","https://clinicabelba.com/de/ohrenkorrektur/","it","https://clinicabelba.com/it/otoplastica/","nl","https://clinicabelba.com/nl/otoplastie/","fr","https://clinicabelba.com/fr/otoplastie/","en","https://clinicabelba.com/en/otoplasty/","x-default","https://clinicabelba.com/otoplastia/","","","","","Indexable",""
"https://clinicabelba.com/nl/lipovaser-voor-en-na/","【 Lipo Vaser voor en na | CLINICA BELBA 】®","17","es-ES","https://clinicabelba.com/lipovaser-antes-y-despues/","ru-RU","https://clinicabelba.com/ru/липосакция-до-и-после/","uk","https://clinicabelba.com/uk/lipovaser-до-і-після/","de-DE","https://clinicabelba.com/de/lipovaser-davor-und-danach/","it-IT","https://clinicabelba.com/it/lipovaser-prima-e-dopo/","nl-NL","https://clinicabelba.com/nl/lipovaser-voor-en-na/","ca","https://clinicabelba.com/ca/lipovaser-abans-i-despres/","fr-FR","https://clinicabelba.com/fr/lipovaser-avant-et-apres/","en-US","https://clinicabelba.com/en/lipolaser-before-and-after/","es","https://clinicabelba.com/lipovaser-antes-y-despues/","ru","https://clinicabelba.com/ru/липосакция-до-и-после/","de","https://clinicabelba.com/de/lipovaser-davor-und-danach/","it","https://clinicabelba.com/it/lipovaser-prima-e-dopo/","nl","https://clinicabelba.com/nl/lipovaser-voor-en-na/","fr","https://clinicabelba.com/fr/lipovaser-avant-et-apres/","en","https://clinicabelba.com/en/lipolaser-before-and-after/","x-default","https://clinicabelba.com/lipovaser-antes-y-despues/","","","","","Indexable",""
"https://clinicabelba.com/nl/borstvergroting/","Borstlift Barcelona | Mastopexie | Borstversteviging","17","es-ES","https://clinicabelba.com/elevacion-de-mama/","ru-RU","https://clinicabelba.com/ru/подтяжка-груди/","uk","https://clinicabelba.com/uk/підтяжка-грудей/","de-DE","https://clinicabelba.com/de/bruststraffung/","it-IT","https://clinicabelba.com/it/mastopessi/","nl-NL","https://clinicabelba.com/nl/borstvergroting/","ca","https://clinicabelba.com/ca/elevacio-de-mama/","fr-FR","https://clinicabelba.com/fr/mastopexie/","en-US","https://clinicabelba.com/en/breast-lift/","es","https://clinicabelba.com/elevacion-de-mama/","ru","https://clinicabelba.com/ru/подтяжка-груди/","de","https://clinicabelba.com/de/bruststraffung/","it","https://clinicabelba.com/it/mastopessi/","nl","https://clinicabelba.com/nl/borstvergroting/","fr","https://clinicabelba.com/fr/mastopexie/","en","https://clinicabelba.com/en/breast-lift/","x-default","https://clinicabelba.com/elevacion-de-mama/","","","","","Indexable",""
"https://clinicabelba.com/nl/online-consult/","Online consult | Clinica Belba","17","es-ES","https://clinicabelba.com/consulta-online/","ru-RU","https://clinicabelba.com/ru/онлайн-консультация/","uk","https://clinicabelba.com/uk/онлайн-консультація/","de-DE","https://clinicabelba.com/de/online-beratung/","it-IT","https://clinicabelba.com/it/consultazione-online/","nl-NL","https://clinicabelba.com/nl/online-consult/","ca","https://clinicabelba.com/ca/consulta-en-linia/","fr-FR","https://clinicabelba.com/fr/consultation-en-ligne/","en-US","https://clinicabelba.com/en/online-consultation/","es","https://clinicabelba.com/consulta-online/","ru","https://clinicabelba.com/ru/онлайн-консультация/","de","https://clinicabelba.com/de/online-beratung/","it","https://clinicabelba.com/it/consultazione-online/","nl","https://clinicabelba.com/nl/online-consult/","fr","https://clinicabelba.com/fr/consultation-en-ligne/","en","https://clinicabelba.com/en/online-consultation/","x-default","https://clinicabelba.com/consulta-online/","","","","","No indexable","noindex"
"https://clinicabelba.com/nl/intieme-chirurgie/","Intieme chirurgie in Spanje | Clínica Belba","17","es-ES","https://clinicabelba.com/cirugia-intima/","ru-RU","https://clinicabelba.com/ru/интимная-хирургия/","uk","https://clinicabelba.com/uk/хірургія-інтимних-органів/","de-DE","https://clinicabelba.com/de/intimchirurgie/","it-IT","https://clinicabelba.com/it/chirurgia-intima/","nl-NL","https://clinicabelba.com/nl/intieme-chirurgie/","ca","https://clinicabelba.com/ca/cirurgia-intima/","fr-FR","https://clinicabelba.com/fr/cirugia-intima/","en-US","https://clinicabelba.com/en/intimate-surgery/","es","https://clinicabelba.com/cirugia-intima/","ru","https://clinicabelba.com/ru/интимная-хирургия/","de","https://clinicabelba.com/de/intimchirurgie/","it","https://clinicabelba.com/it/chirurgia-intima/","nl","https://clinicabelba.com/nl/intieme-chirurgie/","fr","https://clinicabelba.com/fr/cirugia-intima/","en","https://clinicabelba.com/en/intimate-surgery/","x-default","https://clinicabelba.com/cirugia-intima/","","","","","Indexable",""
"https://clinicabelba.com/nl/liposuctie-venusheuvel/","Liposuctie venusheuvel Barcelona ❤️ | Clínica Belba","17","es-ES","https://clinicabelba.com/liposuccion-de-monte-de-venus/","ru-RU","https://clinicabelba.com/ru/липосакция-лобка/","uk","https://clinicabelba.com/uk/ліпосакція-лобка/","de-DE","https://clinicabelba.com/de/fettabsaugung-am-venushugel/","it-IT","https://clinicabelba.com/it/liposuzione-del-monte-di-venere/","nl-NL","https://clinicabelba.com/nl/liposuctie-venusheuvel/","ca","https://clinicabelba.com/ca/liposuccio-del-mont-de-venus/","fr-FR","https://clinicabelba.com/fr/liposuccion-du-mont-de-venus/","en-US","https://clinicabelba.com/en/mons-pubis-liposuction/","es","https://clinicabelba.com/liposuccion-de-monte-de-venus/","ru","https://clinicabelba.com/ru/липосакция-лобка/","de","https://clinicabelba.com/de/fettabsaugung-am-venushugel/","it","https://clinicabelba.com/it/liposuzione-del-monte-di-venere/","nl","https://clinicabelba.com/nl/liposuctie-venusheuvel/","fr","https://clinicabelba.com/fr/liposuccion-du-mont-de-venus/","en","https://clinicabelba.com/en/mons-pubis-liposuction/","x-default","https://clinicabelba.com/liposuccion-de-monte-de-venus/","","","","","Indexable",""
"https://clinicabelba.com/nl/prothese-wisseling/","Prothesevervanging Barcelona | Belba Kliniek ⭐","17","es-ES","https://clinicabelba.com/recambio-de-protesis/","ru-RU","https://clinicabelba.com/ru/замена-протеза/","uk","https://clinicabelba.com/uk/заміна-протеза/","de-DE","https://clinicabelba.com/de/prothesenersatz/","it-IT","https://clinicabelba.com/it/ricambio-di-protesi/","nl-NL","https://clinicabelba.com/nl/prothese-wisseling/","ca","https://clinicabelba.com/ca/recanvi-de-protesi/","fr-FR","https://clinicabelba.com/fr/remplacement-de-prothese/","en-US","https://clinicabelba.com/en/prosthesis-replacement/","es","https://clinicabelba.com/recambio-de-protesis/","ru","https://clinicabelba.com/ru/замена-протеза/","de","https://clinicabelba.com/de/prothesenersatz/","it","https://clinicabelba.com/it/ricambio-di-protesi/","nl","https://clinicabelba.com/nl/prothese-wisseling/","fr","https://clinicabelba.com/fr/remplacement-de-prothese/","en","https://clinicabelba.com/en/prosthesis-replacement/","x-default","https://clinicabelba.com/recambio-de-protesis/","","","","","Indexable",""
"https://clinicabelba.com/nl/soorten-borstvergroting/","Borstvergroting soorten | Clinica Belba","17","es-ES","https://clinicabelba.com/tipos-aumento-de-pecho/","ru-RU","https://clinicabelba.com/ru/типы-увеличения-груди/","uk","https://clinicabelba.com/uk/види-збільшення-грудей/","de-DE","https://clinicabelba.com/de/arten-von-brustvergroserungen/","it-IT","https://clinicabelba.com/it/tipi-di-aumento-del-seno/","nl-NL","https://clinicabelba.com/nl/soorten-borstvergroting/","ca","https://clinicabelba.com/ca/tipus-daugment-de-pit/","fr-FR","https://clinicabelba.com/fr/types-deaugmentation-mammaire/","en-US","https://clinicabelba.com/en/breast-augmentation-types/","es","https://clinicabelba.com/tipos-aumento-de-pecho/","ru","https://clinicabelba.com/ru/типы-увеличения-груди/","de","https://clinicabelba.com/de/arten-von-brustvergroserungen/","it","https://clinicabelba.com/it/tipi-di-aumento-del-seno/","nl","https://clinicabelba.com/nl/soorten-borstvergroting/","fr","https://clinicabelba.com/fr/types-deaugmentation-mammaire/","en","https://clinicabelba.com/en/breast-augmentation-types/","x-default","https://clinicabelba.com/tipos-aumento-de-pecho/","","","","","Indexable",""
"https://clinicabelba.com/nl/blog/","Chirurgie Blog Plastische en Esthetische | Belba Kliniek","17","es-ES","https://clinicabelba.com/blog/","ru-RU","https://clinicabelba.com/ru/блог/","uk","https://clinicabelba.com/uk/блог/","de-DE","https://clinicabelba.com/de/blog/","it-IT","https://clinicabelba.com/it/blog/","nl-NL","https://clinicabelba.com/nl/blog/","ca","https://clinicabelba.com/ca/bloc/","fr-FR","https://clinicabelba.com/fr/blog/","en-US","https://clinicabelba.com/en/blog/","es","https://clinicabelba.com/blog/","ru","https://clinicabelba.com/ru/блог/","de","https://clinicabelba.com/de/blog/","it","https://clinicabelba.com/it/blog/","nl","https://clinicabelba.com/nl/blog/","fr","https://clinicabelba.com/fr/blog/","en","https://clinicabelba.com/en/blog/","x-default","https://clinicabelba.com/blog/","","","","","Indexable",""
"https://clinicabelba.com/nl/test-patient/","Test patiënt | Kliniek Belba","17","es-ES","https://clinicabelba.com/test-paciente/","ru-RU","https://clinicabelba.com/ru/тест-пациента/","uk","https://clinicabelba.com/uk/тест-пацієнта/","de-DE","https://clinicabelba.com/de/patiententest/","it-IT","https://clinicabelba.com/it/paziente-di-prova/","nl-NL","https://clinicabelba.com/nl/test-patient/","ca","https://clinicabelba.com/ca/prova-pacient/","fr-FR","https://clinicabelba.com/fr/patient-test/","en-US","https://clinicabelba.com/en/test-patient/","es","https://clinicabelba.com/test-paciente/","ru","https://clinicabelba.com/ru/тест-пациента/","de","https://clinicabelba.com/de/patiententest/","it","https://clinicabelba.com/it/paziente-di-prova/","nl","https://clinicabelba.com/nl/test-patient/","fr","https://clinicabelba.com/fr/patient-test/","en","https://clinicabelba.com/en/test-patient/","x-default","https://clinicabelba.com/test-paciente/","","","","","No indexable","noindex"
"https://clinicabelba.com/nl/buikwandcorrectie-voor-en-na/","Abdominoplastiek Voor en Na | Echte foto's © BELBA","17","es-ES","https://clinicabelba.com/abdominoplastia-antes-y-despues/","ru-RU","https://clinicabelba.com/ru/абдоминопластика-до-и-после/","uk","https://clinicabelba.com/uk/абдомінопластика-до-і-після/","de-DE","https://clinicabelba.com/de/bauchdeckenstraffung-vorher-und-nachher/","it-IT","https://clinicabelba.com/it/addominoplastica-prima-e-dopo/","nl-NL","https://clinicabelba.com/nl/buikwandcorrectie-voor-en-na/","ca","https://clinicabelba.com/ca/abdominoplastia-abans-i-despres/","fr-FR","https://clinicabelba.com/fr/abdominoplastie-avant-et-apres/","en-US","https://clinicabelba.com/en/abdominoplasty-before-and-after/","es","https://clinicabelba.com/abdominoplastia-antes-y-despues/","ru","https://clinicabelba.com/ru/абдоминопластика-до-и-после/","de","https://clinicabelba.com/de/bauchdeckenstraffung-vorher-und-nachher/","it","https://clinicabelba.com/it/addominoplastica-prima-e-dopo/","nl","https://clinicabelba.com/nl/buikwandcorrectie-voor-en-na/","fr","https://clinicabelba.com/fr/abdominoplastie-avant-et-apres/","en","https://clinicabelba.com/en/abdominoplasty-before-and-after/","x-default","https://clinicabelba.com/abdominoplastia-antes-y-despues/","","","","","Indexable",""
"https://clinicabelba.com/nl/juridische-mededeling/","Juridische mededeling | Clinica Belba","17","es-ES","https://clinicabelba.com/aviso-legal/","ru-RU","https://clinicabelba.com/ru/правовая-оговорка/","uk","https://clinicabelba.com/uk/юридичне-повідомлення/","de-DE","https://clinicabelba.com/de/impressum/","it-IT","https://clinicabelba.com/it/avviso-legale/","nl-NL","https://clinicabelba.com/nl/juridische-mededeling/","ca","https://clinicabelba.com/ca/avis-legal/","fr-FR","https://clinicabelba.com/fr/aviso-legal/","en-US","https://clinicabelba.com/en/legal-notice/","es","https://clinicabelba.com/aviso-legal/","ru","https://clinicabelba.com/ru/правовая-оговорка/","de","https://clinicabelba.com/de/impressum/","it","https://clinicabelba.com/it/avviso-legale/","nl","https://clinicabelba.com/nl/juridische-mededeling/","fr","https://clinicabelba.com/fr/aviso-legal/","en","https://clinicabelba.com/en/legal-notice/","x-default","https://clinicabelba.com/aviso-legal/","","","","","Indexable",""
"https://clinicabelba.com/nl/gezichtsoperatie/","Gezichtsbehandelingen in Spanje | Clínica Belba","17","es-ES","https://clinicabelba.com/cirugia-facial/","ru-RU","https://clinicabelba.com/ru/челюстно-лицевая-хирургия/","uk","https://clinicabelba.com/uk/пластична-хірургія-обличчя/","de-DE","https://clinicabelba.com/de/gesichtsoperation/","it-IT","https://clinicabelba.com/it/chirurgia-facciale/","nl-NL","https://clinicabelba.com/nl/gezichtsoperatie/","ca","https://clinicabelba.com/ca/cirurgia-facial/","fr-FR","https://clinicabelba.com/fr/chirurgie-faciale/","en-US","https://clinicabelba.com/en/facial-surgery/","es","https://clinicabelba.com/cirugia-facial/","ru","https://clinicabelba.com/ru/челюстно-лицевая-хирургия/","de","https://clinicabelba.com/de/gesichtsoperation/","it","https://clinicabelba.com/it/chirurgia-facciale/","nl","https://clinicabelba.com/nl/gezichtsoperatie/","fr","https://clinicabelba.com/fr/chirurgie-faciale/","en","https://clinicabelba.com/en/facial-surgery/","x-default","https://clinicabelba.com/cirugia-facial/","","","","","No indexable","noindex"
"https://clinicabelba.com/monte-de-venus-abultado/","¿Que es un monte de venus abultado? ✅ Clinica Belba","0","","","","","","","","","","","","","","","","","","","","","","","","","","","","","","","","","","","","","","","Indexable",""
"https://clinicabelba.com/ru/интимная-хирургия/","Интимная хирургия в Испании | Клиника Belba","17","es-ES","https://clinicabelba.com/cirugia-intima/","ru-RU","https://clinicabelba.com/ru/интимная-хирургия/","uk","https://clinicabelba.com/uk/хірургія-інтимних-органів/","de-DE","https://clinicabelba.com/de/intimchirurgie/","it-IT","https://clinicabelba.com/it/chirurgia-intima/","nl-NL","https://clinicabelba.com/nl/intieme-chirurgie/","ca","https://clinicabelba.com/ca/cirurgia-intima/","fr-FR","https://clinicabelba.com/fr/cirugia-intima/","en-US","https://clinicabelba.com/en/intimate-surgery/","es","https://clinicabelba.com/cirugia-intima/","ru","https://clinicabelba.com/ru/интимная-хирургия/","de","https://clinicabelba.com/de/intimchirurgie/","it","https://clinicabelba.com/it/chirurgia-intima/","nl","https://clinicabelba.com/nl/intieme-chirurgie/","fr","https://clinicabelba.com/fr/cirugia-intima/","en","https://clinicabelba.com/en/intimate-surgery/","x-default","https://clinicabelba.com/cirugia-intima/","","","","","Indexable",""
"https://clinicabelba.com/vaginoplastia-cuando-se-recomienda/","¿Qué es una Vaginoplastia y cuándo se recomienda?","0","","","","","","","","","","","","","","","","","","","","","","","","","","","","","","","","","","","","","","","Indexable",""
"https://clinicabelba.com/uk/хірургія-інтимних-органів/","Інтимна хірургія в Іспанії | Клініка «Белба»","17","es-ES","https://clinicabelba.com/cirugia-intima/","ru-RU","https://clinicabelba.com/ru/интимная-хирургия/","uk","https://clinicabelba.com/uk/хірургія-інтимних-органів/","de-DE","https://clinicabelba.com/de/intimchirurgie/","it-IT","https://clinicabelba.com/it/chirurgia-intima/","nl-NL","https://clinicabelba.com/nl/intieme-chirurgie/","ca","https://clinicabelba.com/ca/cirurgia-intima/","fr-FR","https://clinicabelba.com/fr/cirugia-intima/","en-US","https://clinicabelba.com/en/intimate-surgery/","es","https://clinicabelba.com/cirugia-intima/","ru","https://clinicabelba.com/ru/интимная-хирургия/","de","https://clinicabelba.com/de/intimchirurgie/","it","https://clinicabelba.com/it/chirurgia-intima/","nl","https://clinicabelba.com/nl/intieme-chirurgie/","fr","https://clinicabelba.com/fr/cirugia-intima/","en","https://clinicabelba.com/en/intimate-surgery/","x-default","https://clinicabelba.com/cirugia-intima/","","","","","Indexable",""
"https://clinicabelba.com/ru/типы-увеличения-груди/","Типы увеличения груди | Клиника Бельба","17","es-ES","https://clinicabelba.com/tipos-aumento-de-pecho/","ru-RU","https://clinicabelba.com/ru/типы-увеличения-груди/","uk","https://clinicabelba.com/uk/види-збільшення-грудей/","de-DE","https://clinicabelba.com/de/arten-von-brustvergroserungen/","it-IT","https://clinicabelba.com/it/tipi-di-aumento-del-seno/","nl-NL","https://clinicabelba.com/nl/soorten-borstvergroting/","ca","https://clinicabelba.com/ca/tipus-daugment-de-pit/","fr-FR","https://clinicabelba.com/fr/types-deaugmentation-mammaire/","en-US","https://clinicabelba.com/en/breast-augmentation-types/","es","https://clinicabelba.com/tipos-aumento-de-pecho/","ru","https://clinicabelba.com/ru/типы-увеличения-груди/","de","https://clinicabelba.com/de/arten-von-brustvergroserungen/","it","https://clinicabelba.com/it/tipi-di-aumento-del-seno/","nl","https://clinicabelba.com/nl/soorten-borstvergroting/","fr","https://clinicabelba.com/fr/types-deaugmentation-mammaire/","en","https://clinicabelba.com/en/breast-augmentation-types/","x-default","https://clinicabelba.com/tipos-aumento-de-pecho/","","","","","Indexable",""
"https://clinicabelba.com/uk/види-збільшення-грудей/","Види операцій зі збільшення грудей | Клініка «Белба»","17","es-ES","https://clinicabelba.com/tipos-aumento-de-pecho/","ru-RU","https://clinicabelba.com/ru/типы-увеличения-груди/","uk","https://clinicabelba.com/uk/види-збільшення-грудей/","de-DE","https://clinicabelba.com/de/arten-von-brustvergroserungen/","it-IT","https://clinicabelba.com/it/tipi-di-aumento-del-seno/","nl-NL","https://clinicabelba.com/nl/soorten-borstvergroting/","ca","https://clinicabelba.com/ca/tipus-daugment-de-pit/","fr-FR","https://clinicabelba.com/fr/types-deaugmentation-mammaire/","en-US","https://clinicabelba.com/en/breast-augmentation-types/","es","https://clinicabelba.com/tipos-aumento-de-pecho/","ru","https://clinicabelba.com/ru/типы-увеличения-груди/","de","https://clinicabelba.com/de/arten-von-brustvergroserungen/","it","https://clinicabelba.com/it/tipi-di-aumento-del-seno/","nl","https://clinicabelba.com/nl/soorten-borstvergroting/","fr","https://clinicabelba.com/fr/types-deaugmentation-mammaire/","en","https://clinicabelba.com/en/breast-augmentation-types/","x-default","https://clinicabelba.com/tipos-aumento-de-pecho/","","","","","Indexable",""
"https://clinicabelba.com/uk/lipovaser-до-і-після/","【 Lipo Vaser: до і після | КЛІНІКА BELBA 】®","17","es-ES","https://clinicabelba.com/lipovaser-antes-y-despues/","ru-RU","https://clinicabelba.com/ru/липосакция-до-и-после/","uk","https://clinicabelba.com/uk/lipovaser-до-і-після/","de-DE","https://clinicabelba.com/de/lipovaser-davor-und-danach/","it-IT","https://clinicabelba.com/it/lipovaser-prima-e-dopo/","nl-NL","https://clinicabelba.com/nl/lipovaser-voor-en-na/","ca","https://clinicabelba.com/ca/lipovaser-abans-i-despres/","fr-FR","https://clinicabelba.com/fr/lipovaser-avant-et-apres/","en-US","https://clinicabelba.com/en/lipolaser-before-and-after/","es","https://clinicabelba.com/lipovaser-antes-y-despues/","ru","https://clinicabelba.com/ru/липосакция-до-и-после/","de","https://clinicabelba.com/de/lipovaser-davor-und-danach/","it","https://clinicabelba.com/it/lipovaser-prima-e-dopo/","nl","https://clinicabelba.com/nl/lipovaser-voor-en-na/","fr","https://clinicabelba.com/fr/lipovaser-avant-et-apres/","en","https://clinicabelba.com/en/lipolaser-before-and-after/","x-default","https://clinicabelba.com/lipovaser-antes-y-despues/","","","","","Indexable",""
"https://clinicabelba.com/ru/липосакция-до-и-после/","【 Липосакция VASER до и после | CLINICA BELBA 】®","17","es-ES","https://clinicabelba.com/lipovaser-antes-y-despues/","ru-RU","https://clinicabelba.com/ru/липосакция-до-и-после/","uk","https://clinicabelba.com/uk/lipovaser-до-і-після/","de-DE","https://clinicabelba.com/de/lipovaser-davor-und-danach/","it-IT","https://clinicabelba.com/it/lipovaser-prima-e-dopo/","nl-NL","https://clinicabelba.com/nl/lipovaser-voor-en-na/","ca","https://clinicabelba.com/ca/lipovaser-abans-i-despres/","fr-FR","https://clinicabelba.com/fr/lipovaser-avant-et-apres/","en-US","https://clinicabelba.com/en/lipolaser-before-and-after/","es","https://clinicabelba.com/lipovaser-antes-y-despues/","ru","https://clinicabelba.com/ru/липосакция-до-и-после/","de","https://clinicabelba.com/de/lipovaser-davor-und-danach/","it","https://clinicabelba.com/it/lipovaser-prima-e-dopo/","nl","https://clinicabelba.com/nl/lipovaser-voor-en-na/","fr","https://clinicabelba.com/fr/lipovaser-avant-et-apres/","en","https://clinicabelba.com/en/lipolaser-before-and-after/","x-default","https://clinicabelba.com/lipovaser-antes-y-despues/","","","","","Indexable",""
"https://clinicabelba.com/uk/ліпосакція-лобка/","Ліпосакція «гори Венери» у Барселоні ❤️ | Клініка «Белба»","17","es-ES","https://clinicabelba.com/liposuccion-de-monte-de-venus/","ru-RU","https://clinicabelba.com/ru/липосакция-лобка/","uk","https://clinicabelba.com/uk/ліпосакція-лобка/","de-DE","https://clinicabelba.com/de/fettabsaugung-am-venushugel/","it-IT","https://clinicabelba.com/it/liposuzione-del-monte-di-venere/","nl-NL","https://clinicabelba.com/nl/liposuctie-venusheuvel/","ca","https://clinicabelba.com/ca/liposuccio-del-mont-de-venus/","fr-FR","https://clinicabelba.com/fr/liposuccion-du-mont-de-venus/","en-US","https://clinicabelba.com/en/mons-pubis-liposuction/","es","https://clinicabelba.com/liposuccion-de-monte-de-venus/","ru","https://clinicabelba.com/ru/липосакция-лобка/","de","https://clinicabelba.com/de/fettabsaugung-am-venushugel/","it","https://clinicabelba.com/it/liposuzione-del-monte-di-venere/","nl","https://clinicabelba.com/nl/liposuctie-venusheuvel/","fr","https://clinicabelba.com/fr/liposuccion-du-mont-de-venus/","en","https://clinicabelba.com/en/mons-pubis-liposuction/","x-default","https://clinicabelba.com/liposuccion-de-monte-de-venus/","","","","","Indexable",""
"https://clinicabelba.com/uk/підтяжка-грудей/","Підтяжка грудей у Барселоні | Мастопексія | Ліфтинг грудей","17","es-ES","https://clinicabelba.com/elevacion-de-mama/","ru-RU","https://clinicabelba.com/ru/подтяжка-груди/","uk","https://clinicabelba.com/uk/підтяжка-грудей/","de-DE","https://clinicabelba.com/de/bruststraffung/","it-IT","https://clinicabelba.com/it/mastopessi/","nl-NL","https://clinicabelba.com/nl/borstvergroting/","ca","https://clinicabelba.com/ca/elevacio-de-mama/","fr-FR","https://clinicabelba.com/fr/mastopexie/","en-US","https://clinicabelba.com/en/breast-lift/","es","https://clinicabelba.com/elevacion-de-mama/","ru","https://clinicabelba.com/ru/подтяжка-груди/","de","https://clinicabelba.com/de/bruststraffung/","it","https://clinicabelba.com/it/mastopessi/","nl","https://clinicabelba.com/nl/borstvergroting/","fr","https://clinicabelba.com/fr/mastopexie/","en","https://clinicabelba.com/en/breast-lift/","x-default","https://clinicabelba.com/elevacion-de-mama/","","","","","Indexable",""
"https://clinicabelba.com/uk/тест-пацієнта/","Тест для пацієнтів | Клініка «Белба»","17","es-ES","https://clinicabelba.com/test-paciente/","ru-RU","https://clinicabelba.com/ru/тест-пациента/","uk","https://clinicabelba.com/uk/тест-пацієнта/","de-DE","https://clinicabelba.com/de/patiententest/","it-IT","https://clinicabelba.com/it/paziente-di-prova/","nl-NL","https://clinicabelba.com/nl/test-patient/","ca","https://clinicabelba.com/ca/prova-pacient/","fr-FR","https://clinicabelba.com/fr/patient-test/","en-US","https://clinicabelba.com/en/test-patient/","es","https://clinicabelba.com/test-paciente/","ru","https://clinicabelba.com/ru/тест-пациента/","de","https://clinicabelba.com/de/patiententest/","it","https://clinicabelba.com/it/paziente-di-prova/","nl","https://clinicabelba.com/nl/test-patient/","fr","https://clinicabelba.com/fr/patient-test/","en","https://clinicabelba.com/en/test-patient/","x-default","https://clinicabelba.com/test-paciente/","","","","","No indexable","noindex"
"https://clinicabelba.com/uk/абдомінопластика-до-і-після/","【 Абдомінопластика: до і після | реальні фото 】© BELBA","17","es-ES","https://clinicabelba.com/abdominoplastia-antes-y-despues/","ru-RU","https://clinicabelba.com/ru/абдоминопластика-до-и-после/","uk","https://clinicabelba.com/uk/абдомінопластика-до-і-після/","de-DE","https://clinicabelba.com/de/bauchdeckenstraffung-vorher-und-nachher/","it-IT","https://clinicabelba.com/it/addominoplastica-prima-e-dopo/","nl-NL","https://clinicabelba.com/nl/buikwandcorrectie-voor-en-na/","ca","https://clinicabelba.com/ca/abdominoplastia-abans-i-despres/","fr-FR","https://clinicabelba.com/fr/abdominoplastie-avant-et-apres/","en-US","https://clinicabelba.com/en/abdominoplasty-before-and-after/","es","https://clinicabelba.com/abdominoplastia-antes-y-despues/","ru","https://clinicabelba.com/ru/абдоминопластика-до-и-после/","de","https://clinicabelba.com/de/bauchdeckenstraffung-vorher-und-nachher/","it","https://clinicabelba.com/it/addominoplastica-prima-e-dopo/","nl","https://clinicabelba.com/nl/buikwandcorrectie-voor-en-na/","fr","https://clinicabelba.com/fr/abdominoplastie-avant-et-apres/","en","https://clinicabelba.com/en/abdominoplasty-before-and-after/","x-default","https://clinicabelba.com/abdominoplastia-antes-y-despues/","","","","","Indexable",""
"https://clinicabelba.com/uk/блог/","Блог про пластичну та естетичну хірургію | Клініка «Белба»","17","es-ES","https://clinicabelba.com/blog/","ru-RU","https://clinicabelba.com/ru/блог/","uk","https://clinicabelba.com/uk/блог/","de-DE","https://clinicabelba.com/de/blog/","it-IT","https://clinicabelba.com/it/blog/","nl-NL","https://clinicabelba.com/nl/blog/","ca","https://clinicabelba.com/ca/bloc/","fr-FR","https://clinicabelba.com/fr/blog/","en-US","https://clinicabelba.com/en/blog/","es","https://clinicabelba.com/blog/","ru","https://clinicabelba.com/ru/блог/","de","https://clinicabelba.com/de/blog/","it","https://clinicabelba.com/it/blog/","nl","https://clinicabelba.com/nl/blog/","fr","https://clinicabelba.com/fr/blog/","en","https://clinicabelba.com/en/blog/","x-default","https://clinicabelba.com/blog/","","","","","Indexable",""
"https://clinicabelba.com/uk/онлайн-консультація/","Онлайн-консультація | Клініка «Белба»","17","es-ES","https://clinicabelba.com/consulta-online/","ru-RU","https://clinicabelba.com/ru/онлайн-консультация/","uk","https://clinicabelba.com/uk/онлайн-консультація/","de-DE","https://clinicabelba.com/de/online-beratung/","it-IT","https://clinicabelba.com/it/consultazione-online/","nl-NL","https://clinicabelba.com/nl/online-consult/","ca","https://clinicabelba.com/ca/consulta-en-linia/","fr-FR","https://clinicabelba.com/fr/consultation-en-ligne/","en-US","https://clinicabelba.com/en/online-consultation/","es","https://clinicabelba.com/consulta-online/","ru","https://clinicabelba.com/ru/онлайн-консультация/","de","https://clinicabelba.com/de/online-beratung/","it","https://clinicabelba.com/it/consultazione-online/","nl","https://clinicabelba.com/nl/online-consult/","fr","https://clinicabelba.com/fr/consultation-en-ligne/","en","https://clinicabelba.com/en/online-consultation/","x-default","https://clinicabelba.com/consulta-online/","","","","","No indexable","noindex"
"https://clinicabelba.com/uk/юридичне-повідомлення/","Юридичне повідомлення | Клініка «Белба»","17","es-ES","https://clinicabelba.com/aviso-legal/","ru-RU","https://clinicabelba.com/ru/правовая-оговорка/","uk","https://clinicabelba.com/uk/юридичне-повідомлення/","de-DE","https://clinicabelba.com/de/impressum/","it-IT","https://clinicabelba.com/it/avviso-legale/","nl-NL","https://clinicabelba.com/nl/juridische-mededeling/","ca","https://clinicabelba.com/ca/avis-legal/","fr-FR","https://clinicabelba.com/fr/aviso-legal/","en-US","https://clinicabelba.com/en/legal-notice/","es","https://clinicabelba.com/aviso-legal/","ru","https://clinicabelba.com/ru/правовая-оговорка/","de","https://clinicabelba.com/de/impressum/","it","https://clinicabelba.com/it/avviso-legale/","nl","https://clinicabelba.com/nl/juridische-mededeling/","fr","https://clinicabelba.com/fr/aviso-legal/","en","https://clinicabelba.com/en/legal-notice/","x-default","https://clinicabelba.com/aviso-legal/","","","","","Indexable",""
"https://clinicabelba.com/uk/пластична-хірургія-обличчя/","Хірургія обличчя в Іспанії | Клініка «Белба»","17","es-ES","https://clinicabelba.com/cirugia-facial/","ru-RU","https://clinicabelba.com/ru/челюстно-лицевая-хирургия/","uk","https://clinicabelba.com/uk/пластична-хірургія-обличчя/","de-DE","https://clinicabelba.com/de/gesichtsoperation/","it-IT","https://clinicabelba.com/it/chirurgia-facciale/","nl-NL","https://clinicabelba.com/nl/gezichtsoperatie/","ca","https://clinicabelba.com/ca/cirurgia-facial/","fr-FR","https://clinicabelba.com/fr/chirurgie-faciale/","en-US","https://clinicabelba.com/en/facial-surgery/","es","https://clinicabelba.com/cirugia-facial/","ru","https://clinicabelba.com/ru/челюстно-лицевая-хирургия/","de","https://clinicabelba.com/de/gesichtsoperation/","it","https://clinicabelba.com/it/chirurgia-facciale/","nl","https://clinicabelba.com/nl/gezichtsoperatie/","fr","https://clinicabelba.com/fr/chirurgie-faciale/","en","https://clinicabelba.com/en/facial-surgery/","x-default","https://clinicabelba.com/cirugia-facial/","","","","","No indexable","noindex"
"https://clinicabelba.com/uk/заміна-протеза/","Заміна протезів у Барселоні | Клініка «Белба» ⭐","17","es-ES","https://clinicabelba.com/recambio-de-protesis/","ru-RU","https://clinicabelba.com/ru/замена-протеза/","uk","https://clinicabelba.com/uk/заміна-протеза/","de-DE","https://clinicabelba.com/de/prothesenersatz/","it-IT","https://clinicabelba.com/it/ricambio-di-protesi/","nl-NL","https://clinicabelba.com/nl/prothese-wisseling/","ca","https://clinicabelba.com/ca/recanvi-de-protesi/","fr-FR","https://clinicabelba.com/fr/remplacement-de-prothese/","en-US","https://clinicabelba.com/en/prosthesis-replacement/","es","https://clinicabelba.com/recambio-de-protesis/","ru","https://clinicabelba.com/ru/замена-протеза/","de","https://clinicabelba.com/de/prothesenersatz/","it","https://clinicabelba.com/it/ricambio-di-protesi/","nl","https://clinicabelba.com/nl/prothese-wisseling/","fr","https://clinicabelba.com/fr/remplacement-de-prothese/","en","https://clinicabelba.com/en/prosthesis-replacement/","x-default","https://clinicabelba.com/recambio-de-protesis/","","","","","Indexable",""
"https://clinicabelba.com/ru/правовая-оговорка/","Правовая информация | Клиника Бельба","17","es-ES","https://clinicabelba.com/aviso-legal/","ru-RU","https://clinicabelba.com/ru/правовая-оговорка/","uk","https://clinicabelba.com/uk/юридичне-повідомлення/","de-DE","https://clinicabelba.com/de/impressum/","it-IT","https://clinicabelba.com/it/avviso-legale/","nl-NL","https://clinicabelba.com/nl/juridische-mededeling/","ca","https://clinicabelba.com/ca/avis-legal/","fr-FR","https://clinicabelba.com/fr/aviso-legal/","en-US","https://clinicabelba.com/en/legal-notice/","es","https://clinicabelba.com/aviso-legal/","ru","https://clinicabelba.com/ru/правовая-оговорка/","de","https://clinicabelba.com/de/impressum/","it","https://clinicabelba.com/it/avviso-legale/","nl","https://clinicabelba.com/nl/juridische-mededeling/","fr","https://clinicabelba.com/fr/aviso-legal/","en","https://clinicabelba.com/en/legal-notice/","x-default","https://clinicabelba.com/aviso-legal/","","","","","Indexable",""
"https://clinicabelba.com/ru/замена-протеза/","Замена протеза Барселона | Клиника Бельба ⭐","17","es-ES","https://clinicabelba.com/recambio-de-protesis/","ru-RU","https://clinicabelba.com/ru/замена-протеза/","uk","https://clinicabelba.com/uk/заміна-протеза/","de-DE","https://clinicabelba.com/de/prothesenersatz/","it-IT","https://clinicabelba.com/it/ricambio-di-protesi/","nl-NL","https://clinicabelba.com/nl/prothese-wisseling/","ca","https://clinicabelba.com/ca/recanvi-de-protesi/","fr-FR","https://clinicabelba.com/fr/remplacement-de-prothese/","en-US","https://clinicabelba.com/en/prosthesis-replacement/","es","https://clinicabelba.com/recambio-de-protesis/","ru","https://clinicabelba.com/ru/замена-протеза/","de","https://clinicabelba.com/de/prothesenersatz/","it","https://clinicabelba.com/it/ricambio-di-protesi/","nl","https://clinicabelba.com/nl/prothese-wisseling/","fr","https://clinicabelba.com/fr/remplacement-de-prothese/","en","https://clinicabelba.com/en/prosthesis-replacement/","x-default","https://clinicabelba.com/recambio-de-protesis/","","","","","Indexable",""
"https://clinicabelba.com/ru/подтяжка-груди/","Увеличение груди Барселона | Мастопексия | Подтяжка груди","17","es-ES","https://clinicabelba.com/elevacion-de-mama/","ru-RU","https://clinicabelba.com/ru/подтяжка-груди/","uk","https://clinicabelba.com/uk/підтяжка-грудей/","de-DE","https://clinicabelba.com/de/bruststraffung/","it-IT","https://clinicabelba.com/it/mastopessi/","nl-NL","https://clinicabelba.com/nl/borstvergroting/","ca","https://clinicabelba.com/ca/elevacio-de-mama/","fr-FR","https://clinicabelba.com/fr/mastopexie/","en-US","https://clinicabelba.com/en/breast-lift/","es","https://clinicabelba.com/elevacion-de-mama/","ru","https://clinicabelba.com/ru/подтяжка-груди/","de","https://clinicabelba.com/de/bruststraffung/","it","https://clinicabelba.com/it/mastopessi/","nl","https://clinicabelba.com/nl/borstvergroting/","fr","https://clinicabelba.com/fr/mastopexie/","en","https://clinicabelba.com/en/breast-lift/","x-default","https://clinicabelba.com/elevacion-de-mama/","","","","","Indexable",""
"https://clinicabelba.com/ru/тест-пациента/","Тест пациента | Клиника Белба","17","es-ES","https://clinicabelba.com/test-paciente/","ru-RU","https://clinicabelba.com/ru/тест-пациента/","uk","https://clinicabelba.com/uk/тест-пацієнта/","de-DE","https://clinicabelba.com/de/patiententest/","it-IT","https://clinicabelba.com/it/paziente-di-prova/","nl-NL","https://clinicabelba.com/nl/test-patient/","ca","https://clinicabelba.com/ca/prova-pacient/","fr-FR","https://clinicabelba.com/fr/patient-test/","en-US","https://clinicabelba.com/en/test-patient/","es","https://clinicabelba.com/test-paciente/","ru","https://clinicabelba.com/ru/тест-пациента/","de","https://clinicabelba.com/de/patiententest/","it","https://clinicabelba.com/it/paziente-di-prova/","nl","https://clinicabelba.com/nl/test-patient/","fr","https://clinicabelba.com/fr/patient-test/","en","https://clinicabelba.com/en/test-patient/","x-default","https://clinicabelba.com/test-paciente/","","","","","No indexable","noindex"
"https://clinicabelba.com/ru/липосакция-лобка/","Липосакция лобка Барселона ❤️ | Клиника Belba","17","es-ES","https://clinicabelba.com/liposuccion-de-monte-de-venus/","ru-RU","https://clinicabelba.com/ru/липосакция-лобка/","uk","https://clinicabelba.com/uk/ліпосакція-лобка/","de-DE","https://clinicabelba.com/de/fettabsaugung-am-venushugel/","it-IT","https://clinicabelba.com/it/liposuzione-del-monte-di-venere/","nl-NL","https://clinicabelba.com/nl/liposuctie-venusheuvel/","ca","https://clinicabelba.com/ca/liposuccio-del-mont-de-venus/","fr-FR","https://clinicabelba.com/fr/liposuccion-du-mont-de-venus/","en-US","https://clinicabelba.com/en/mons-pubis-liposuction/","es","https://clinicabelba.com/liposuccion-de-monte-de-venus/","ru","https://clinicabelba.com/ru/липосакция-лобка/","de","https://clinicabelba.com/de/fettabsaugung-am-venushugel/","it","https://clinicabelba.com/it/liposuzione-del-monte-di-venere/","nl","https://clinicabelba.com/nl/liposuctie-venusheuvel/","fr","https://clinicabelba.com/fr/liposuccion-du-mont-de-venus/","en","https://clinicabelba.com/en/mons-pubis-liposuction/","x-default","https://clinicabelba.com/liposuccion-de-monte-de-venus/","","","","","Indexable",""
"https://clinicabelba.com/ru/челюстно-лицевая-хирургия/","Хирургия лица в Испании | Клиника Бельба","17","es-ES","https://clinicabelba.com/cirugia-facial/","ru-RU","https://clinicabelba.com/ru/челюстно-лицевая-хирургия/","uk","https://clinicabelba.com/uk/пластична-хірургія-обличчя/","de-DE","https://clinicabelba.com/de/gesichtsoperation/","it-IT","https://clinicabelba.com/it/chirurgia-facciale/","nl-NL","https://clinicabelba.com/nl/gezichtsoperatie/","ca","https://clinicabelba.com/ca/cirurgia-facial/","fr-FR","https://clinicabelba.com/fr/chirurgie-faciale/","en-US","https://clinicabelba.com/en/facial-surgery/","es","https://clinicabelba.com/cirugia-facial/","ru","https://clinicabelba.com/ru/челюстно-лицевая-хирургия/","de","https://clinicabelba.com/de/gesichtsoperation/","it","https://clinicabelba.com/it/chirurgia-facciale/","nl","https://clinicabelba.com/nl/gezichtsoperatie/","fr","https://clinicabelba.com/fr/chirurgie-faciale/","en","https://clinicabelba.com/en/facial-surgery/","x-default","https://clinicabelba.com/cirugia-facial/","","","","","No indexable","noindex"
"https://clinicabelba.com/ru/онлайн-консультация/","Онлайн-консультация | Клиника Бельба","17","es-ES","https://clinicabelba.com/consulta-online/","ru-RU","https://clinicabelba.com/ru/онлайн-консультация/","uk","https://clinicabelba.com/uk/онлайн-консультація/","de-DE","https://clinicabelba.com/de/online-beratung/","it-IT","https://clinicabelba.com/it/consultazione-online/","nl-NL","https://clinicabelba.com/nl/online-consult/","ca","https://clinicabelba.com/ca/consulta-en-linia/","fr-FR","https://clinicabelba.com/fr/consultation-en-ligne/","en-US","https://clinicabelba.com/en/online-consultation/","es","https://clinicabelba.com/consulta-online/","ru","https://clinicabelba.com/ru/онлайн-консультация/","de","https://clinicabelba.com/de/online-beratung/","it","https://clinicabelba.com/it/consultazione-online/","nl","https://clinicabelba.com/nl/online-consult/","fr","https://clinicabelba.com/fr/consultation-en-ligne/","en","https://clinicabelba.com/en/online-consultation/","x-default","https://clinicabelba.com/consulta-online/","","","","","No indexable","noindex"
"https://clinicabelba.com/ru/блог/","Блог пластической и эстетической хирургии | Клиника Belba","17","es-ES","https://clinicabelba.com/blog/","ru-RU","https://clinicabelba.com/ru/блог/","uk","https://clinicabelba.com/uk/блог/","de-DE","https://clinicabelba.com/de/blog/","it-IT","https://clinicabelba.com/it/blog/","nl-NL","https://clinicabelba.com/nl/blog/","ca","https://clinicabelba.com/ca/bloc/","fr-FR","https://clinicabelba.com/fr/blog/","en-US","https://clinicabelba.com/en/blog/","es","https://clinicabelba.com/blog/","ru","https://clinicabelba.com/ru/блог/","de","https://clinicabelba.com/de/blog/","it","https://clinicabelba.com/it/blog/","nl","https://clinicabelba.com/nl/blog/","fr","https://clinicabelba.com/fr/blog/","en","https://clinicabelba.com/en/blog/","x-default","https://clinicabelba.com/blog/","","","","","Indexable",""
"https://clinicabelba.com/ru/абдоминопластика-до-и-после/","Абдоминопластика до и после | реальные фото © BELBA","17","es-ES","https://clinicabelba.com/abdominoplastia-antes-y-despues/","ru-RU","https://clinicabelba.com/ru/абдоминопластика-до-и-после/","uk","https://clinicabelba.com/uk/абдомінопластика-до-і-після/","de-DE","https://clinicabelba.com/de/bauchdeckenstraffung-vorher-und-nachher/","it-IT","https://clinicabelba.com/it/addominoplastica-prima-e-dopo/","nl-NL","https://clinicabelba.com/nl/buikwandcorrectie-voor-en-na/","ca","https://clinicabelba.com/ca/abdominoplastia-abans-i-despres/","fr-FR","https://clinicabelba.com/fr/abdominoplastie-avant-et-apres/","en-US","https://clinicabelba.com/en/abdominoplasty-before-and-after/","es","https://clinicabelba.com/abdominoplastia-antes-y-despues/","ru","https://clinicabelba.com/ru/абдоминопластика-до-и-после/","de","https://clinicabelba.com/de/bauchdeckenstraffung-vorher-und-nachher/","it","https://clinicabelba.com/it/addominoplastica-prima-e-dopo/","nl","https://clinicabelba.com/nl/buikwandcorrectie-voor-en-na/","fr","https://clinicabelba.com/fr/abdominoplastie-avant-et-apres/","en","https://clinicabelba.com/en/abdominoplasty-before-and-after/","x-default","https://clinicabelba.com/abdominoplastia-antes-y-despues/","","","","","Indexable",""
"https://clinicabelba.com/fr/mentoplastia-barcelona/","Mentoplastia Barcelona | Cirugía plástica de Mentón | Belba","17","es-ES","https://clinicabelba.com/mentoplastia-barcelona/","ru-RU","https://clinicabelba.com/ru/ментопластика-барселона/","uk","https://clinicabelba.com/uk/ментопластика-в-барселоні/","de-DE","https://clinicabelba.com/de/mentoplastik-barcelona/","it-IT","https://clinicabelba.com/it/mentoplastica-barcellona/","nl-NL","https://clinicabelba.com/nl/mentoplastiek-barcelona/","ca","https://clinicabelba.com/ca/mentoplastia-barcelona/","fr-FR","https://clinicabelba.com/fr/mentoplastia-barcelona/","en-US","https://clinicabelba.com/en/mentoplasty-barcelona/","es","https://clinicabelba.com/mentoplastia-barcelona/","ru","https://clinicabelba.com/ru/ментопластика-барселона/","de","https://clinicabelba.com/de/mentoplastik-barcelona/","it","https://clinicabelba.com/it/mentoplastica-barcellona/","nl","https://clinicabelba.com/nl/mentoplastiek-barcelona/","fr","https://clinicabelba.com/fr/mentoplastia-barcelona/","en","https://clinicabelba.com/en/mentoplasty-barcelona/","x-default","https://clinicabelba.com/mentoplastia-barcelona/","","","","","Indexable",""
"https://clinicabelba.com/fr/lifting-des-bras/","Braquioplastie Barcelone ou Lifting des Bras | Clinique BELBA","17","es-ES","https://clinicabelba.com/lifting-de-brazos/","ru-RU","https://clinicabelba.com/ru/жим-руками/","uk","https://clinicabelba.com/uk/підтяжка-рук/","de-DE","https://clinicabelba.com/de/armheben/","it-IT","https://clinicabelba.com/it/sollevamento-delle-braccia/","nl-NL","https://clinicabelba.com/nl/armen-heffen/","ca","https://clinicabelba.com/ca/elevacio-de-bracos/","fr-FR","https://clinicabelba.com/fr/lifting-des-bras/","en-US","https://clinicabelba.com/en/arm-lift/","es","https://clinicabelba.com/lifting-de-brazos/","ru","https://clinicabelba.com/ru/жим-руками/","de","https://clinicabelba.com/de/armheben/","it","https://clinicabelba.com/it/sollevamento-delle-braccia/","nl","https://clinicabelba.com/nl/armen-heffen/","fr","https://clinicabelba.com/fr/lifting-des-bras/","en","https://clinicabelba.com/en/arm-lift/","x-default","https://clinicabelba.com/lifting-de-brazos/","","","","","Indexable",""
"https://clinicabelba.com/fr/chirurgie-mammaire/","Chirurgie mammaire à Barcelone | Clinique Belba","17","es-ES","https://clinicabelba.com/cirugia-de-la-mama/","ru-RU","https://clinicabelba.com/ru/маммопластика/","uk","https://clinicabelba.com/uk/хірургія-молочної-залози/","de-DE","https://clinicabelba.com/de/brustoperation/","it-IT","https://clinicabelba.com/it/chirurgia-mammaria/","nl-NL","https://clinicabelba.com/nl/borstoperatie/","ca","https://clinicabelba.com/ca/cirurgia-de-mama/","fr-FR","https://clinicabelba.com/fr/chirurgie-mammaire/","en-US","https://clinicabelba.com/en/breast-surgery/","es","https://clinicabelba.com/cirugia-de-la-mama/","ru","https://clinicabelba.com/ru/маммопластика/","de","https://clinicabelba.com/de/brustoperation/","it","https://clinicabelba.com/it/chirurgia-mammaria/","nl","https://clinicabelba.com/nl/borstoperatie/","fr","https://clinicabelba.com/fr/chirurgie-mammaire/","en","https://clinicabelba.com/en/breast-surgery/","x-default","https://clinicabelba.com/cirugia-de-la-mama/","","","","","Indexable",""
"https://clinicabelba.com/fr/chirurgiens-plasticiens-barcelone/","Meilleurs Chirurgiens Plasticiens Barcelone - Dr. Chavarría Dr. Dewever","17","es-ES","https://clinicabelba.com/cirujanos-plasticos-barcelona/","ru-RU","https://clinicabelba.com/ru/пластические-хирурги-барселона/","uk","https://clinicabelba.com/uk/пластичні-хірурги-в-барселоні/","de-DE","https://clinicabelba.com/de/plastische-chirurgen-barcelona/","it-IT","https://clinicabelba.com/it/chirurghi-plastici-barcellona/","nl-NL","https://clinicabelba.com/nl/plastisch-chirurgen-barcelona/","ca","https://clinicabelba.com/ca/cirurgians-plastics-barcelona/","fr-FR","https://clinicabelba.com/fr/chirurgiens-plasticiens-barcelone/","en-US","https://clinicabelba.com/en/plastic-surgeons-barcelona/","es","https://clinicabelba.com/cirujanos-plasticos-barcelona/","ru","https://clinicabelba.com/ru/пластические-хирурги-барселона/","de","https://clinicabelba.com/de/plastische-chirurgen-barcelona/","it","https://clinicabelba.com/it/chirurghi-plastici-barcellona/","nl","https://clinicabelba.com/nl/plastisch-chirurgen-barcelona/","fr","https://clinicabelba.com/fr/chirurgiens-plasticiens-barcelone/","en","https://clinicabelba.com/en/plastic-surgeons-barcelona/","x-default","https://clinicabelba.com/cirujanos-plasticos-barcelona/","","","","","Indexable",""
"https://clinicabelba.com/fr/mastopexie/","Réduction Mammaire Barcelone | Mastopexie | Lifting des Seins","17","es-ES","https://clinicabelba.com/elevacion-de-mama/","ru-RU","https://clinicabelba.com/ru/подтяжка-груди/","uk","https://clinicabelba.com/uk/підтяжка-грудей/","de-DE","https://clinicabelba.com/de/bruststraffung/","it-IT","https://clinicabelba.com/it/mastopessi/","nl-NL","https://clinicabelba.com/nl/borstvergroting/","ca","https://clinicabelba.com/ca/elevacio-de-mama/","fr-FR","https://clinicabelba.com/fr/mastopexie/","en-US","https://clinicabelba.com/en/breast-lift/","es","https://clinicabelba.com/elevacion-de-mama/","ru","https://clinicabelba.com/ru/подтяжка-груди/","de","https://clinicabelba.com/de/bruststraffung/","it","https://clinicabelba.com/it/mastopessi/","nl","https://clinicabelba.com/nl/borstvergroting/","fr","https://clinicabelba.com/fr/mastopexie/","en","https://clinicabelba.com/en/breast-lift/","x-default","https://clinicabelba.com/elevacion-de-mama/","","","","","Indexable",""
"https://clinicabelba.com/fr/cicatrice-minimale/","【 Cicatrice Minimale Barcelone | Clínica Belba 】®","17","es-ES","https://clinicabelba.com/minimal-scar/","ru-RU","https://clinicabelba.com/ru/минимальный-шрам/","uk","https://clinicabelba.com/uk/мінімальний-рубець/","de-DE","https://clinicabelba.com/de/minimale-narbe/","it-IT","https://clinicabelba.com/it/cicatrice-minima/","nl-NL","https://clinicabelba.com/nl/minimale-litteken/","ca","https://clinicabelba.com/ca/cicatritz-minima/","fr-FR","https://clinicabelba.com/fr/cicatrice-minimale/","en-US","https://clinicabelba.com/en/minimal-scar/","es","https://clinicabelba.com/minimal-scar/","ru","https://clinicabelba.com/ru/минимальный-шрам/","de","https://clinicabelba.com/de/minimale-narbe/","it","https://clinicabelba.com/it/cicatrice-minima/","nl","https://clinicabelba.com/nl/minimale-litteken/","fr","https://clinicabelba.com/fr/cicatrice-minimale/","en","https://clinicabelba.com/en/minimal-scar/","x-default","https://clinicabelba.com/minimal-scar/","","","","","Indexable",""
"https://clinicabelba.com/fr/gynecomastie-avant-et-apres/","Gynécomastie Avant et Après | CLINIQUE BELBA","17","es-ES","https://clinicabelba.com/ginecomastia-antes-y-despues/","ru-RU","https://clinicabelba.com/ru/гинекомастия-до-и-после/","uk","https://clinicabelba.com/uk/гінекомастія-до-і-після/","de-DE","https://clinicabelba.com/de/ginekomastie-vorher-und-nachher/","it-IT","https://clinicabelba.com/it/ginecomastia-prima-e-dopo/","nl-NL","https://clinicabelba.com/nl/ginecomastie-voor-en-na/","ca","https://clinicabelba.com/ca/ginecomastia-abans-i-despres/","fr-FR","https://clinicabelba.com/fr/gynecomastie-avant-et-apres/","en-US","https://clinicabelba.com/en/gynecomastia-before-and-after/","es","https://clinicabelba.com/ginecomastia-antes-y-despues/","ru","https://clinicabelba.com/ru/гинекомастия-до-и-после/","de","https://clinicabelba.com/de/ginekomastie-vorher-und-nachher/","it","https://clinicabelba.com/it/ginecomastia-prima-e-dopo/","nl","https://clinicabelba.com/nl/ginecomastie-voor-en-na/","fr","https://clinicabelba.com/fr/gynecomastie-avant-et-apres/","en","https://clinicabelba.com/en/gynecomastia-before-and-after/","x-default","https://clinicabelba.com/ginecomastia-antes-y-despues/","","","","","Indexable",""
"https://clinicabelba.com/fr/augmentation-mammaire-technique-brst/","Technique BRST Augmentation mammaire | Clinique Belba ®🥇","17","es-ES","https://clinicabelba.com/aumento-de-pecho-tecnica-brst/","ru-RU","https://clinicabelba.com/ru/увеличить-грудь-техника-brst/","uk","https://clinicabelba.com/uk/збільшення-грудей-за-допомогою-техні/","de-DE","https://clinicabelba.com/de/brustvergroserungstechnik/","it-IT","https://clinicabelba.com/it/mastoplastica-additiva-tecnica-b-r-s-t/","nl-NL","https://clinicabelba.com/nl/borstvergroting-techniek-brst/","ca","https://clinicabelba.com/ca/augment-de-pit-tecnica-brst/","fr-FR","https://clinicabelba.com/fr/augmentation-mammaire-technique-brst/","en-US","https://clinicabelba.com/en/breast-augmentation-brst-technique/","es","https://clinicabelba.com/aumento-de-pecho-tecnica-brst/","ru","https://clinicabelba.com/ru/увеличить-грудь-техника-brst/","de","https://clinicabelba.com/de/brustvergroserungstechnik/","it","https://clinicabelba.com/it/mastoplastica-additiva-tecnica-b-r-s-t/","nl","https://clinicabelba.com/nl/borstvergroting-techniek-brst/","fr","https://clinicabelba.com/fr/augmentation-mammaire-technique-brst/","en","https://clinicabelba.com/en/breast-augmentation-brst-technique/","x-default","https://clinicabelba.com/aumento-de-pecho-tecnica-brst/","","","","","Indexable",""
"https://clinicabelba.com/fr/maman-relooking-barcelone/","Maman Métamorphosée à Barcelone - Chirurgie Post-Grossesse 🥇","17","es-ES","https://clinicabelba.com/mommy-makeover-barcelona/","ru-RU","https://clinicabelba.com/ru/мамочкин-макияж-барселона/","uk","https://clinicabelba.com/uk/мамине-оновлення-у-барселоні/","de-DE","https://clinicabelba.com/de/mutti-umstyling-barcelona/","it-IT","https://clinicabelba.com/it/mommy-makeover-barcellona/","nl-NL","https://clinicabelba.com/nl/mommy-makeover-barcelona/","ca","https://clinicabelba.com/ca/mommy-makeover-barcelona/","fr-FR","https://clinicabelba.com/fr/maman-relooking-barcelone/","en-US","https://clinicabelba.com/en/mommy-makeover-barcelona/","es","https://clinicabelba.com/mommy-makeover-barcelona/","ru","https://clinicabelba.com/ru/мамочкин-макияж-барселона/","de","https://clinicabelba.com/de/mutti-umstyling-barcelona/","it","https://clinicabelba.com/it/mommy-makeover-barcellona/","nl","https://clinicabelba.com/nl/mommy-makeover-barcelona/","fr","https://clinicabelba.com/fr/maman-relooking-barcelone/","en","https://clinicabelba.com/en/mommy-makeover-barcelona/","x-default","https://clinicabelba.com/mommy-makeover-barcelona/","","","","","Indexable",""
"https://clinicabelba.com/fr/consultation-en-ligne/","Consultation en ligne | Clinica Belba","17","es-ES","https://clinicabelba.com/consulta-online/","ru-RU","https://clinicabelba.com/ru/онлайн-консультация/","uk","https://clinicabelba.com/uk/онлайн-консультація/","de-DE","https://clinicabelba.com/de/online-beratung/","it-IT","https://clinicabelba.com/it/consultazione-online/","nl-NL","https://clinicabelba.com/nl/online-consult/","ca","https://clinicabelba.com/ca/consulta-en-linia/","fr-FR","https://clinicabelba.com/fr/consultation-en-ligne/","en-US","https://clinicabelba.com/en/online-consultation/","es","https://clinicabelba.com/consulta-online/","ru","https://clinicabelba.com/ru/онлайн-консультация/","de","https://clinicabelba.com/de/online-beratung/","it","https://clinicabelba.com/it/consultazione-online/","nl","https://clinicabelba.com/nl/online-consult/","fr","https://clinicabelba.com/fr/consultation-en-ligne/","en","https://clinicabelba.com/en/online-consultation/","x-default","https://clinicabelba.com/consulta-online/","","","","","No indexable","noindex"
"https://clinicabelba.com/fr/reduction-dareole/","Réduction de l'aréole | Réduction du mamelon | Clinique Belba","17","es-ES","https://clinicabelba.com/reduccion-de-areola/","ru-RU","https://clinicabelba.com/ru/редукция-ареолы/","uk","https://clinicabelba.com/uk/зменшення-ареоли/","de-DE","https://clinicabelba.com/de/brustwarzenhofverkleinerung/","it-IT","https://clinicabelba.com/it/riduzione-dellareola/","nl-NL","https://clinicabelba.com/nl/reductie-van-de-areola/","ca","https://clinicabelba.com/ca/reduccio-dareola/","fr-FR","https://clinicabelba.com/fr/reduction-dareole/","en-US","https://clinicabelba.com/en/areola-reduction/","es","https://clinicabelba.com/reduccion-de-areola/","ru","https://clinicabelba.com/ru/редукция-ареолы/","de","https://clinicabelba.com/de/brustwarzenhofverkleinerung/","it","https://clinicabelba.com/it/riduzione-dellareola/","nl","https://clinicabelba.com/nl/reductie-van-de-areola/","fr","https://clinicabelba.com/fr/reduction-dareole/","en","https://clinicabelba.com/en/areola-reduction/","x-default","https://clinicabelba.com/reduccion-de-areola/","","","","","Indexable",""
"https://clinicabelba.com/fr/abdominoplastie-barcelone/","Abdominoplastie à Barcelone - Chirurgie abdominale - Clinique Belba","17","es-ES","https://clinicabelba.com/abdominoplastia-barcelona/","ru-RU","https://clinicabelba.com/ru/абдоминопластика-барселона/","uk","https://clinicabelba.com/uk/абдомінопластика-в-барселоні/","de-DE","https://clinicabelba.com/de/bauchdeckenstraffung-barcelona/","it-IT","https://clinicabelba.com/it/addominoplastica-barcellona/","nl-NL","https://clinicabelba.com/nl/buikwandcorrectie-barcelona/","ca","https://clinicabelba.com/ca/abdominoplastia-barcelona/","fr-FR","https://clinicabelba.com/fr/abdominoplastie-barcelone/","en-US","https://clinicabelba.com/en/tummy-tuck-barcelona/","es","https://clinicabelba.com/abdominoplastia-barcelona/","ru","https://clinicabelba.com/ru/абдоминопластика-барселона/","de","https://clinicabelba.com/de/bauchdeckenstraffung-barcelona/","it","https://clinicabelba.com/it/addominoplastica-barcellona/","nl","https://clinicabelba.com/nl/buikwandcorrectie-barcelona/","fr","https://clinicabelba.com/fr/abdominoplastie-barcelone/","en","https://clinicabelba.com/en/tummy-tuck-barcelona/","x-default","https://clinicabelba.com/abdominoplastia-barcelona/","","","","","Indexable",""
"https://clinicabelba.com/fr/augmentation-mammaire-sans-alteration-de-laspect-naturel/","Augmentation mammaire avec préservation des tissus | Clinique Belba ® N°1","17","es-ES","https://clinicabelba.com/aumento-pecho-preserve/","ru-RU","https://clinicabelba.com/ru/увеличить-грудь-сохранить/","uk","https://clinicabelba.com/uk/збільшення-грудей-з-збереженням-форм/","de-DE","https://clinicabelba.com/de/brustvergroserung-erhalten/","it-IT","https://clinicabelba.com/it/aumento-del-seno-preservato/","nl-NL","https://clinicabelba.com/nl/borstvergroting-bewaren/","ca","https://clinicabelba.com/ca/augment-de-pit-preserve/","fr-FR","https://clinicabelba.com/fr/augmentation-mammaire-sans-alteration-de-laspect-naturel/","en-US","https://clinicabelba.com/en/breast-augmentation-preserve/","es","https://clinicabelba.com/aumento-pecho-preserve/","ru","https://clinicabelba.com/ru/увеличить-грудь-сохранить/","de","https://clinicabelba.com/de/brustvergroserung-erhalten/","it","https://clinicabelba.com/it/aumento-del-seno-preservato/","nl","https://clinicabelba.com/nl/borstvergroting-bewaren/","fr","https://clinicabelba.com/fr/augmentation-mammaire-sans-alteration-de-laspect-naturel/","en","https://clinicabelba.com/en/breast-augmentation-preserve/","x-default","https://clinicabelba.com/aumento-pecho-preserve/","","","","","Indexable",""
"https://clinicabelba.com/fr/lipo-vaser/","Lipo Vaser Barcelona | Lipovaser Corporal | Clínica Belba","17","es-ES","https://clinicabelba.com/lipo-vaser/","ru-RU","https://clinicabelba.com/ru/липо-вазер/","uk","https://clinicabelba.com/uk/ліпо-вазер/","de-DE","https://clinicabelba.com/de/lipo-vaser/","it-IT","https://clinicabelba.com/it/lipo-vaser/","nl-NL","https://clinicabelba.com/nl/lipo-vaser/","ca","https://clinicabelba.com/ca/lipo-vaser/","fr-FR","https://clinicabelba.com/fr/lipo-vaser/","en-US","https://clinicabelba.com/en/vaser-liposuction/","es","https://clinicabelba.com/lipo-vaser/","ru","https://clinicabelba.com/ru/липо-вазер/","de","https://clinicabelba.com/de/lipo-vaser/","it","https://clinicabelba.com/it/lipo-vaser/","nl","https://clinicabelba.com/nl/lipo-vaser/","fr","https://clinicabelba.com/fr/lipo-vaser/","en","https://clinicabelba.com/en/vaser-liposuction/","x-default","https://clinicabelba.com/lipo-vaser/","","","","","Indexable",""
"https://clinicabelba.com/fr/lifting-de-cuisse/","Lifting des Cuisses à Barcelone | Cruroplastie ◁ © BELBA","17","es-ES","https://clinicabelba.com/lifting-de-muslos/","ru-RU","https://clinicabelba.com/ru/подтяжка-бедер/","uk","https://clinicabelba.com/uk/підтяжка-стегон/","de-DE","https://clinicabelba.com/de/oberschenkelstraffung/","it-IT","https://clinicabelba.com/it/lifting-delle-cosce/","nl-NL","https://clinicabelba.com/nl/lifting-van-de-dijen/","ca","https://clinicabelba.com/ca/elevacio-de-cuixes/","fr-FR","https://clinicabelba.com/fr/lifting-de-cuisse/","en-US","https://clinicabelba.com/en/thigh-lift/","es","https://clinicabelba.com/lifting-de-muslos/","ru","https://clinicabelba.com/ru/подтяжка-бедер/","de","https://clinicabelba.com/de/oberschenkelstraffung/","it","https://clinicabelba.com/it/lifting-delle-cosce/","nl","https://clinicabelba.com/nl/lifting-van-de-dijen/","fr","https://clinicabelba.com/fr/lifting-de-cuisse/","en","https://clinicabelba.com/en/thigh-lift/","x-default","https://clinicabelba.com/lifting-de-muslos/","","","","","Indexable",""
"https://clinicabelba.com/fr/rhinoplastie-avant-et-apres/","Photos avant et après de rhinoplastie - Dr. Mike Dewever","17","es-ES","https://clinicabelba.com/rinoplastia-antes-y-despues/","ru-RU","https://clinicabelba.com/ru/ринопластика-до-и-после/","uk","https://clinicabelba.com/uk/ринопластика-до-і-після/","de-DE","https://clinicabelba.com/de/rhinoplastik-davor-und-danach/","it-IT","https://clinicabelba.com/it/rinoplastica-prima-e-dopo/","nl-NL","https://clinicabelba.com/nl/rinoplastiek-voor-en-na/","ca","https://clinicabelba.com/ca/rinoplastia-abans-i-despres/","fr-FR","https://clinicabelba.com/fr/rhinoplastie-avant-et-apres/","en-US","https://clinicabelba.com/en/rhinoplasty-before-and-after/","es","https://clinicabelba.com/rinoplastia-antes-y-despues/","ru","https://clinicabelba.com/ru/ринопластика-до-и-после/","de","https://clinicabelba.com/de/rhinoplastik-davor-und-danach/","it","https://clinicabelba.com/it/rinoplastica-prima-e-dopo/","nl","https://clinicabelba.com/nl/rinoplastiek-voor-en-na/","fr","https://clinicabelba.com/fr/rhinoplastie-avant-et-apres/","en","https://clinicabelba.com/en/rhinoplasty-before-and-after/","x-default","https://clinicabelba.com/rinoplastia-antes-y-despues/","","","","","Indexable",""
"https://clinicabelba.com/fr/labioplastie/","Labioplastie à Barcelone | Chirurgie Génitale Laser Féminine❤️","17","es-ES","https://clinicabelba.com/labioplastia/","ru-RU","https://clinicabelba.com/ru/лабиопластика/","uk","https://clinicabelba.com/uk/лабіопластика/","de-DE","https://clinicabelba.com/de/lippenkorrektur/","it-IT","https://clinicabelba.com/it/labioplastica/","nl-NL","https://clinicabelba.com/nl/labiaplastiek/","ca","https://clinicabelba.com/ca/labioplastia/","fr-FR","https://clinicabelba.com/fr/labioplastie/","en-US","https://clinicabelba.com/en/labiaplasty/","es","https://clinicabelba.com/labioplastia/","ru","https://clinicabelba.com/ru/лабиопластика/","de","https://clinicabelba.com/de/lippenkorrektur/","it","https://clinicabelba.com/it/labioplastica/","nl","https://clinicabelba.com/nl/labiaplastiek/","fr","https://clinicabelba.com/fr/labioplastie/","en","https://clinicabelba.com/en/labiaplasty/","x-default","https://clinicabelba.com/labioplastia/","","","","","Indexable",""
"https://clinicabelba.com/fr/ginecomastia-barcelona/","Ginecomastia en Barcelona - Cirugía Plástica - Clinica Belba","17","es-ES","https://clinicabelba.com/ginecomastia-barcelona/","ru-RU","https://clinicabelba.com/ru/гинекомастия-барселона/","uk","https://clinicabelba.com/uk/гінекомастія-в-барселоні/","de-DE","https://clinicabelba.com/de/ginekomastie-barcelona/","it-IT","https://clinicabelba.com/it/ginecomastia-barcellona/","nl-NL","https://clinicabelba.com/nl/gynecomastie-barcelona/","ca","https://clinicabelba.com/ca/ginecomastia-barcelona/","fr-FR","https://clinicabelba.com/fr/ginecomastia-barcelona/","en-US","https://clinicabelba.com/en/gynecomastia-barcelona/","es","https://clinicabelba.com/ginecomastia-barcelona/","ru","https://clinicabelba.com/ru/гинекомастия-барселона/","de","https://clinicabelba.com/de/ginekomastie-barcelona/","it","https://clinicabelba.com/it/ginecomastia-barcellona/","nl","https://clinicabelba.com/nl/gynecomastie-barcelona/","fr","https://clinicabelba.com/fr/ginecomastia-barcelona/","en","https://clinicabelba.com/en/gynecomastia-barcelona/","x-default","https://clinicabelba.com/ginecomastia-barcelona/","","","","","Indexable",""
"https://clinicabelba.com/fr/lifting-facial-barcelone/","Lifting Facial - Barcelone - Clinica Belba","17","es-ES","https://clinicabelba.com/lifting-facial-barcelona/","ru-RU","https://clinicabelba.com/ru/лифтинг-лица-барселона/","uk","https://clinicabelba.com/uk/підтяжка-обличчя-в-барселоні/","de-DE","https://clinicabelba.com/de/gesichtsstraffung-barcelona/","it-IT","https://clinicabelba.com/it/lifting-facciale-barcellona/","nl-NL","https://clinicabelba.com/nl/gezichtsbehandeling-barcelona/","ca","https://clinicabelba.com/ca/lifting-facial-barcelona/","fr-FR","https://clinicabelba.com/fr/lifting-facial-barcelone/","en-US","https://clinicabelba.com/en/facelift-barcelona/","es","https://clinicabelba.com/lifting-facial-barcelona/","ru","https://clinicabelba.com/ru/лифтинг-лица-барселона/","de","https://clinicabelba.com/de/gesichtsstraffung-barcelona/","it","https://clinicabelba.com/it/lifting-facciale-barcellona/","nl","https://clinicabelba.com/nl/gezichtsbehandeling-barcelona/","fr","https://clinicabelba.com/fr/lifting-facial-barcelone/","en","https://clinicabelba.com/en/facelift-barcelona/","x-default","https://clinicabelba.com/lifting-facial-barcelona/","","","","","Indexable",""
"https://clinicabelba.com/fr/liposuccion-barcelone/","CHIRURGIE LIPOSUCCION BARCELONE | LIPO SCULPTURE 360°","17","es-ES","https://clinicabelba.com/liposuccion-barcelona/","ru-RU","https://clinicabelba.com/ru/липосакция-барселона/","uk","https://clinicabelba.com/uk/ліпосакція-в-барселоні/","de-DE","https://clinicabelba.com/de/fettabsaugung-barcelona/","it-IT","https://clinicabelba.com/it/liposuzione-barcellona/","nl-NL","https://clinicabelba.com/nl/liposuctie-barcelona/","ca","https://clinicabelba.com/ca/liposuccio-barcelona/","fr-FR","https://clinicabelba.com/fr/liposuccion-barcelone/","en-US","https://clinicabelba.com/en/liposuction-barcelona/","es","https://clinicabelba.com/liposuccion-barcelona/","ru","https://clinicabelba.com/ru/липосакция-барселона/","de","https://clinicabelba.com/de/fettabsaugung-barcelona/","it","https://clinicabelba.com/it/liposuzione-barcellona/","nl","https://clinicabelba.com/nl/liposuctie-barcelona/","fr","https://clinicabelba.com/fr/liposuccion-barcelone/","en","https://clinicabelba.com/en/liposuction-barcelona/","x-default","https://clinicabelba.com/liposuccion-barcelona/","","","","","Indexable",""
"https://clinicabelba.com/fr/otoplastie/","Otoplastie - Barcelone - Chirurgie des oreilles - Dr. Mike Dewever","17","es-ES","https://clinicabelba.com/otoplastia/","ru-RU","https://clinicabelba.com/ru/отопластика/","uk","https://clinicabelba.com/uk/отопластика/","de-DE","https://clinicabelba.com/de/ohrenkorrektur/","it-IT","https://clinicabelba.com/it/otoplastica/","nl-NL","https://clinicabelba.com/nl/otoplastie/","ca","https://clinicabelba.com/ca/otoplastia/","fr-FR","https://clinicabelba.com/fr/otoplastie/","en-US","https://clinicabelba.com/en/otoplasty/","es","https://clinicabelba.com/otoplastia/","ru","https://clinicabelba.com/ru/отопластика/","de","https://clinicabelba.com/de/ohrenkorrektur/","it","https://clinicabelba.com/it/otoplastica/","nl","https://clinicabelba.com/nl/otoplastie/","fr","https://clinicabelba.com/fr/otoplastie/","en","https://clinicabelba.com/en/otoplasty/","x-default","https://clinicabelba.com/otoplastia/","","","","","Indexable",""
"https://clinicabelba.com/fr/reduction-mammaire/","Réduction Mammaire - Barcelone | Clinica Belba ⭐","17","es-ES","https://clinicabelba.com/reduccion-de-mama/","ru-RU","https://clinicabelba.com/ru/редукция-груди/","uk","https://clinicabelba.com/uk/зменшення-грудей/","de-DE","https://clinicabelba.com/de/brustverkleinerung/","it-IT","https://clinicabelba.com/it/riduzione-mammaria/","nl-NL","https://clinicabelba.com/nl/borstverkleining/","ca","https://clinicabelba.com/ca/reduccio-de-mama/","fr-FR","https://clinicabelba.com/fr/reduction-mammaire/","en-US","https://clinicabelba.com/en/breast-reduction/","es","https://clinicabelba.com/reduccion-de-mama/","ru","https://clinicabelba.com/ru/редукция-груди/","de","https://clinicabelba.com/de/brustverkleinerung/","it","https://clinicabelba.com/it/riduzione-mammaria/","nl","https://clinicabelba.com/nl/borstverkleining/","fr","https://clinicabelba.com/fr/reduction-mammaire/","en","https://clinicabelba.com/en/breast-reduction/","x-default","https://clinicabelba.com/reduccion-de-mama/","","","","","Indexable",""
"https://clinicabelba.com/fr/liposuccion-haute-definition/","Lipo HD Barcelona | Lipo 4D | Clinica Belba","17","es-ES","https://clinicabelba.com/liposuccion-de-alta-definicion/","ru-RU","https://clinicabelba.com/ru/липосакция-высокой-четкости/","uk","https://clinicabelba.com/uk/ліпосакція-високої-чіткості/","de-DE","https://clinicabelba.com/de/hochdefinitions-fettabsaugung/","it-IT","https://clinicabelba.com/it/lipoaspirazione-ad-alta-definizione/","nl-NL","https://clinicabelba.com/nl/high-definition-liposuctie/","ca","https://clinicabelba.com/ca/liposuccio-dalta-definicio/","fr-FR","https://clinicabelba.com/fr/liposuccion-haute-definition/","en-US","https://clinicabelba.com/en/high-definition-liposuction/","es","https://clinicabelba.com/liposuccion-de-alta-definicion/","ru","https://clinicabelba.com/ru/липосакция-высокой-четкости/","de","https://clinicabelba.com/de/hochdefinitions-fettabsaugung/","it","https://clinicabelba.com/it/lipoaspirazione-ad-alta-definizione/","nl","https://clinicabelba.com/nl/high-definition-liposuctie/","fr","https://clinicabelba.com/fr/liposuccion-haute-definition/","en","https://clinicabelba.com/en/high-definition-liposuction/","x-default","https://clinicabelba.com/liposuccion-de-alta-definicion/","","","","","Indexable",""
"https://clinicabelba.com/fr/vaginoplastie/","Vaginoplastie à Barcelone | Renouvellement vaginal","17","es-ES","https://clinicabelba.com/vaginoplastia/","ru-RU","https://clinicabelba.com/ru/вагинопластика/","uk","https://clinicabelba.com/uk/вагінопластика/","de-DE","https://clinicabelba.com/de/vaginoplastik/","it-IT","https://clinicabelba.com/it/vaginoplastica/","nl-NL","https://clinicabelba.com/nl/vaginoplastiek/","ca","https://clinicabelba.com/ca/vaginoplastia/","fr-FR","https://clinicabelba.com/fr/vaginoplastie/","en-US","https://clinicabelba.com/en/vaginoplasty/","es","https://clinicabelba.com/vaginoplastia/","ru","https://clinicabelba.com/ru/вагинопластика/","de","https://clinicabelba.com/de/vaginoplastik/","it","https://clinicabelba.com/it/vaginoplastica/","nl","https://clinicabelba.com/nl/vaginoplastiek/","fr","https://clinicabelba.com/fr/vaginoplastie/","en","https://clinicabelba.com/en/vaginoplasty/","x-default","https://clinicabelba.com/vaginoplastia/","","","","","Indexable",""
"https://clinicabelba.com/fr/liposuccion-du-mont-de-venus/","Liposuccion du mont de Vénus Barcelone ❤️ | Clinique Belba","17","es-ES","https://clinicabelba.com/liposuccion-de-monte-de-venus/","ru-RU","https://clinicabelba.com/ru/липосакция-лобка/","uk","https://clinicabelba.com/uk/ліпосакція-лобка/","de-DE","https://clinicabelba.com/de/fettabsaugung-am-venushugel/","it-IT","https://clinicabelba.com/it/liposuzione-del-monte-di-venere/","nl-NL","https://clinicabelba.com/nl/liposuctie-venusheuvel/","ca","https://clinicabelba.com/ca/liposuccio-del-mont-de-venus/","fr-FR","https://clinicabelba.com/fr/liposuccion-du-mont-de-venus/","en-US","https://clinicabelba.com/en/mons-pubis-liposuction/","es","https://clinicabelba.com/liposuccion-de-monte-de-venus/","ru","https://clinicabelba.com/ru/липосакция-лобка/","de","https://clinicabelba.com/de/fettabsaugung-am-venushugel/","it","https://clinicabelba.com/it/liposuzione-del-monte-di-venere/","nl","https://clinicabelba.com/nl/liposuctie-venusheuvel/","fr","https://clinicabelba.com/fr/liposuccion-du-mont-de-venus/","en","https://clinicabelba.com/en/mons-pubis-liposuction/","x-default","https://clinicabelba.com/liposuccion-de-monte-de-venus/","","","","","Indexable",""
"https://clinicabelba.com/fr/types-deaugmentation-mammaire/","Types de prothèses mammaires | Clinique Belba","17","es-ES","https://clinicabelba.com/tipos-aumento-de-pecho/","ru-RU","https://clinicabelba.com/ru/типы-увеличения-груди/","uk","https://clinicabelba.com/uk/види-збільшення-грудей/","de-DE","https://clinicabelba.com/de/arten-von-brustvergroserungen/","it-IT","https://clinicabelba.com/it/tipi-di-aumento-del-seno/","nl-NL","https://clinicabelba.com/nl/soorten-borstvergroting/","ca","https://clinicabelba.com/ca/tipus-daugment-de-pit/","fr-FR","https://clinicabelba.com/fr/types-deaugmentation-mammaire/","en-US","https://clinicabelba.com/en/breast-augmentation-types/","es","https://clinicabelba.com/tipos-aumento-de-pecho/","ru","https://clinicabelba.com/ru/типы-увеличения-груди/","de","https://clinicabelba.com/de/arten-von-brustvergroserungen/","it","https://clinicabelba.com/it/tipi-di-aumento-del-seno/","nl","https://clinicabelba.com/nl/soorten-borstvergroting/","fr","https://clinicabelba.com/fr/types-deaugmentation-mammaire/","en","https://clinicabelba.com/en/breast-augmentation-types/","x-default","https://clinicabelba.com/tipos-aumento-de-pecho/","","","","","Indexable",""
"https://clinicabelba.com/fr/guide-du-patient/","Guide du patient | Clinique Belba","17","es-ES","https://clinicabelba.com/guia-del-paciente/","ru-RU","https://clinicabelba.com/ru/памятка-для-пациента/","uk","https://clinicabelba.com/uk/посібник-для-пацієнта/","de-DE","https://clinicabelba.com/de/patientenleitfaden/","it-IT","https://clinicabelba.com/it/guida-del-paziente/","nl-NL","https://clinicabelba.com/nl/patienten-gids/","ca","https://clinicabelba.com/ca/guia-del-pacient/","fr-FR","https://clinicabelba.com/fr/guide-du-patient/","en-US","https://clinicabelba.com/en/patient-guide/","es","https://clinicabelba.com/guia-del-paciente/","ru","https://clinicabelba.com/ru/памятка-для-пациента/","de","https://clinicabelba.com/de/patientenleitfaden/","it","https://clinicabelba.com/it/guida-del-paziente/","nl","https://clinicabelba.com/nl/patienten-gids/","fr","https://clinicabelba.com/fr/guide-du-patient/","en","https://clinicabelba.com/en/patient-guide/","x-default","https://clinicabelba.com/guia-del-paciente/","","","","","Indexable",""
"https://clinicabelba.com/fr/blog/","Blog de Chirurgie Plastique et Esthétique | Clinica Belba","17","es-ES","https://clinicabelba.com/blog/","ru-RU","https://clinicabelba.com/ru/блог/","uk","https://clinicabelba.com/uk/блог/","de-DE","https://clinicabelba.com/de/blog/","it-IT","https://clinicabelba.com/it/blog/","nl-NL","https://clinicabelba.com/nl/blog/","ca","https://clinicabelba.com/ca/bloc/","fr-FR","https://clinicabelba.com/fr/blog/","en-US","https://clinicabelba.com/en/blog/","es","https://clinicabelba.com/blog/","ru","https://clinicabelba.com/ru/блог/","de","https://clinicabelba.com/de/blog/","it","https://clinicabelba.com/it/blog/","nl","https://clinicabelba.com/nl/blog/","fr","https://clinicabelba.com/fr/blog/","en","https://clinicabelba.com/en/blog/","x-default","https://clinicabelba.com/blog/","","","","","Indexable",""
"https://clinicabelba.com/fr/abdominoplastie-avant-et-apres/","【 Abdominoplastia Antes y Después | fotos reales 】© BELBA","17","es-ES","https://clinicabelba.com/abdominoplastia-antes-y-despues/","ru-RU","https://clinicabelba.com/ru/абдоминопластика-до-и-после/","uk","https://clinicabelba.com/uk/абдомінопластика-до-і-після/","de-DE","https://clinicabelba.com/de/bauchdeckenstraffung-vorher-und-nachher/","it-IT","https://clinicabelba.com/it/addominoplastica-prima-e-dopo/","nl-NL","https://clinicabelba.com/nl/buikwandcorrectie-voor-en-na/","ca","https://clinicabelba.com/ca/abdominoplastia-abans-i-despres/","fr-FR","https://clinicabelba.com/fr/abdominoplastie-avant-et-apres/","en-US","https://clinicabelba.com/en/abdominoplasty-before-and-after/","es","https://clinicabelba.com/abdominoplastia-antes-y-despues/","ru","https://clinicabelba.com/ru/абдоминопластика-до-и-после/","de","https://clinicabelba.com/de/bauchdeckenstraffung-vorher-und-nachher/","it","https://clinicabelba.com/it/addominoplastica-prima-e-dopo/","nl","https://clinicabelba.com/nl/buikwandcorrectie-voor-en-na/","fr","https://clinicabelba.com/fr/abdominoplastie-avant-et-apres/","en","https://clinicabelba.com/en/abdominoplasty-before-and-after/","x-default","https://clinicabelba.com/abdominoplastia-antes-y-despues/","","","","","Indexable",""
"https://clinicabelba.com/fr/augmentation-des-fessiers-barcelone/","Augmentation des fesses à Barcelone | Avec de l'acide hyaluronique | BBL","17","es-ES","https://clinicabelba.com/aumento-de-gluteos-barcelona/","ru-RU","https://clinicabelba.com/ru/увеличение-яго/","uk","https://clinicabelba.com/uk/збільшення-сідниць-у-барселоні/","de-DE","https://clinicabelba.com/de/gesasvergroserung-barcelona/","it-IT","https://clinicabelba.com/it/aumento-di-glutei-barcellona/","nl-NL","https://clinicabelba.com/nl/biljartkeu-grens/","ca","https://clinicabelba.com/ca/augment-de-glutis-barcelona/","fr-FR","https://clinicabelba.com/fr/augmentation-des-fessiers-barcelone/","en-US","https://clinicabelba.com/en/buttock-augmentation-barcelona/","es","https://clinicabelba.com/aumento-de-gluteos-barcelona/","ru","https://clinicabelba.com/ru/увеличение-яго/","de","https://clinicabelba.com/de/gesasvergroserung-barcelona/","it","https://clinicabelba.com/it/aumento-di-glutei-barcellona/","nl","https://clinicabelba.com/nl/biljartkeu-grens/","fr","https://clinicabelba.com/fr/augmentation-des-fessiers-barcelone/","en","https://clinicabelba.com/en/buttock-augmentation-barcelona/","x-default","https://clinicabelba.com/aumento-de-gluteos-barcelona/","","","","","Indexable",""
"https://clinicabelba.com/fr/blepharoplastie-avant-et-apres/","【 Blépharoplastie : avant et après | Clinique Belba 】◁","17","es-ES","https://clinicabelba.com/blefaroplastia-antes-y-despues/","ru-RU","https://clinicabelba.com/ru/блефаропластика-до-и-после/","uk","https://clinicabelba.com/uk/блефаропластика-до-і-після/","de-DE","https://clinicabelba.com/de/blepharoplastik-vorher-und-nachher/","it-IT","https://clinicabelba.com/it/blefaroplastica-prima-e-dopo/","nl-NL","https://clinicabelba.com/nl/blefaroplastiek-voor-en-na/","ca","https://clinicabelba.com/ca/blefaroplastia-abans-i-despres/","fr-FR","https://clinicabelba.com/fr/blepharoplastie-avant-et-apres/","en-US","https://clinicabelba.com/en/blepharoplasty-before-and-after/","es","https://clinicabelba.com/blefaroplastia-antes-y-despues/","ru","https://clinicabelba.com/ru/блефаропластика-до-и-после/","de","https://clinicabelba.com/de/blepharoplastik-vorher-und-nachher/","it","https://clinicabelba.com/it/blefaroplastica-prima-e-dopo/","nl","https://clinicabelba.com/nl/blefaroplastiek-voor-en-na/","fr","https://clinicabelba.com/fr/blepharoplastie-avant-et-apres/","en","https://clinicabelba.com/en/blepharoplasty-before-and-after/","x-default","https://clinicabelba.com/blefaroplastia-antes-y-despues/","","","","","Indexable",""
"https://clinicabelba.com/fr/rinomodelacion-barcelona/","Rinomodélisation à Barcelone sans chirurgie - Clinique Belba ®","17","es-ES","https://clinicabelba.com/rinomodelacion-barcelona/","ru-RU","https://clinicabelba.com/ru/риномоделирование-барселона/","uk","https://clinicabelba.com/uk/ринопластика-в-барселоні-2/","de-DE","https://clinicabelba.com/de/rinomodellierung-barcelona/","it-IT","https://clinicabelba.com/it/rinoplastica-a-barcellona/","nl-NL","https://clinicabelba.com/nl/rinomodelacion-barcelona/","ca","https://clinicabelba.com/ca/rinomodelacio-barcelona/","fr-FR","https://clinicabelba.com/fr/rinomodelacion-barcelona/","en-US","https://clinicabelba.com/en/rhinomodeling-barcelona/","es","https://clinicabelba.com/rinomodelacion-barcelona/","ru","https://clinicabelba.com/ru/риномоделирование-барселона/","de","https://clinicabelba.com/de/rinomodellierung-barcelona/","it","https://clinicabelba.com/it/rinoplastica-a-barcellona/","nl","https://clinicabelba.com/nl/rinomodelacion-barcelona/","fr","https://clinicabelba.com/fr/rinomodelacion-barcelona/","en","https://clinicabelba.com/en/rhinomodeling-barcelona/","x-default","https://clinicabelba.com/rinomodelacion-barcelona/","","","","","Indexable",""
"https://clinicabelba.com/fr/patient-test/","Test de patiente | Clinique Belba","17","es-ES","https://clinicabelba.com/test-paciente/","ru-RU","https://clinicabelba.com/ru/тест-пациента/","uk","https://clinicabelba.com/uk/тест-пацієнта/","de-DE","https://clinicabelba.com/de/patiententest/","it-IT","https://clinicabelba.com/it/paziente-di-prova/","nl-NL","https://clinicabelba.com/nl/test-patient/","ca","https://clinicabelba.com/ca/prova-pacient/","fr-FR","https://clinicabelba.com/fr/patient-test/","en-US","https://clinicabelba.com/en/test-patient/","es","https://clinicabelba.com/test-paciente/","ru","https://clinicabelba.com/ru/тест-пациента/","de","https://clinicabelba.com/de/patiententest/","it","https://clinicabelba.com/it/paziente-di-prova/","nl","https://clinicabelba.com/nl/test-patient/","fr","https://clinicabelba.com/fr/patient-test/","en","https://clinicabelba.com/en/test-patient/","x-default","https://clinicabelba.com/test-paciente/","","","","","No indexable","noindex"
"https://clinicabelba.com/fr/blepharoplastie/","Blépharoplastie à Barcelone | Chirurgie des paupières","17","es-ES","https://clinicabelba.com/blefaroplastia/","ru-RU","https://clinicabelba.com/ru/блефаропластика/","uk","https://clinicabelba.com/uk/блефаропластика/","de-DE","https://clinicabelba.com/de/blepharoplastik/","it-IT","https://clinicabelba.com/it/blefaroplastica/","nl-NL","https://clinicabelba.com/nl/blefaroplastiek/","ca","https://clinicabelba.com/ca/blefaroplastia/","fr-FR","https://clinicabelba.com/fr/blepharoplastie/","en-US","https://clinicabelba.com/en/blepharoplasty/","es","https://clinicabelba.com/blefaroplastia/","ru","https://clinicabelba.com/ru/блефаропластика/","de","https://clinicabelba.com/de/blepharoplastik/","it","https://clinicabelba.com/it/blefaroplastica/","nl","https://clinicabelba.com/nl/blefaroplastiek/","fr","https://clinicabelba.com/fr/blepharoplastie/","en","https://clinicabelba.com/en/blepharoplasty/","x-default","https://clinicabelba.com/blefaroplastia/","","","","","Indexable",""
"https://clinicabelba.com/fr/remplacement-de-prothese/","Remplacement de prothèse Barcelone | Clinique Belba ⭐","17","es-ES","https://clinicabelba.com/recambio-de-protesis/","ru-RU","https://clinicabelba.com/ru/замена-протеза/","uk","https://clinicabelba.com/uk/заміна-протеза/","de-DE","https://clinicabelba.com/de/prothesenersatz/","it-IT","https://clinicabelba.com/it/ricambio-di-protesi/","nl-NL","https://clinicabelba.com/nl/prothese-wisseling/","ca","https://clinicabelba.com/ca/recanvi-de-protesi/","fr-FR","https://clinicabelba.com/fr/remplacement-de-prothese/","en-US","https://clinicabelba.com/en/prosthesis-replacement/","es","https://clinicabelba.com/recambio-de-protesis/","ru","https://clinicabelba.com/ru/замена-протеза/","de","https://clinicabelba.com/de/prothesenersatz/","it","https://clinicabelba.com/it/ricambio-di-protesi/","nl","https://clinicabelba.com/nl/prothese-wisseling/","fr","https://clinicabelba.com/fr/remplacement-de-prothese/","en","https://clinicabelba.com/en/prosthesis-replacement/","x-default","https://clinicabelba.com/recambio-de-protesis/","","","","","Indexable",""
"https://clinicabelba.com/fr/resection-costale/","Rénovation Côtière Barcelone | Luxation des Côtes | Belba","17","es-ES","https://clinicabelba.com/remodelacion-costal/","ru-RU","https://clinicabelba.com/ru/ремоделирование-ребер/","uk","https://clinicabelba.com/uk/реконструкція-ребер/","de-DE","https://clinicabelba.com/de/rippenrekonstruktion/","it-IT","https://clinicabelba.com/it/rimozione-costale/","nl-NL","https://clinicabelba.com/nl/ribreconstructie/","ca","https://clinicabelba.com/ca/remodelacio-costal/","fr-FR","https://clinicabelba.com/fr/resection-costale/","en-US","https://clinicabelba.com/en/rib-remodeling/","es","https://clinicabelba.com/remodelacion-costal/","ru","https://clinicabelba.com/ru/ремоделирование-ребер/","de","https://clinicabelba.com/de/rippenrekonstruktion/","it","https://clinicabelba.com/it/rimozione-costale/","nl","https://clinicabelba.com/nl/ribreconstructie/","fr","https://clinicabelba.com/fr/resection-costale/","en","https://clinicabelba.com/en/rib-remodeling/","x-default","https://clinicabelba.com/remodelacion-costal/","","","","","Indexable",""
"https://clinicabelba.com/fr/contact/","Contact | Clinique Belba","17","es-ES","https://clinicabelba.com/contacto/","ru-RU","https://clinicabelba.com/ru/контакто/","uk","https://clinicabelba.com/uk/контакт/","de-DE","https://clinicabelba.com/de/kontakt/","it-IT","https://clinicabelba.com/it/contatto/","nl-NL","https://clinicabelba.com/nl/contact/","ca","https://clinicabelba.com/ca/contacte/","fr-FR","https://clinicabelba.com/fr/contact/","en-US","https://clinicabelba.com/en/contact/","es","https://clinicabelba.com/contacto/","ru","https://clinicabelba.com/ru/контакто/","de","https://clinicabelba.com/de/kontakt/","it","https://clinicabelba.com/it/contatto/","nl","https://clinicabelba.com/nl/contact/","fr","https://clinicabelba.com/fr/contact/","en","https://clinicabelba.com/en/contact/","x-default","https://clinicabelba.com/contacto/","","","","","Indexable",""
"https://clinicabelba.com/fr/rhinoplastie-barcelone/","Rhinoplastie et Rhinoplastie Ultrasonique - Barcelone - Clinica Belba","17","es-ES","https://clinicabelba.com/rinoplastia-barcelona/","ru-RU","https://clinicabelba.com/ru/ринопластика-барселона/","uk","https://clinicabelba.com/uk/ринопластика-в-барселоні/","de-DE","https://clinicabelba.com/de/rhinoplastik-barcelona/","it-IT","https://clinicabelba.com/it/rinoplastica-barcellona/","nl-NL","https://clinicabelba.com/nl/rinoplastiek-barcelona/","ca","https://clinicabelba.com/ca/rinoplastia-barcelona/","fr-FR","https://clinicabelba.com/fr/rhinoplastie-barcelone/","en-US","https://clinicabelba.com/en/rhinoplasty-barcelona/","es","https://clinicabelba.com/rinoplastia-barcelona/","ru","https://clinicabelba.com/ru/ринопластика-барселона/","de","https://clinicabelba.com/de/rhinoplastik-barcelona/","it","https://clinicabelba.com/it/rinoplastica-barcellona/","nl","https://clinicabelba.com/nl/rinoplastiek-barcelona/","fr","https://clinicabelba.com/fr/rhinoplastie-barcelone/","en","https://clinicabelba.com/en/rhinoplasty-barcelona/","x-default","https://clinicabelba.com/rinoplastia-barcelona/","","","","","Indexable",""
"https://clinicabelba.com/fr/augmentation-mammaire-barcelone/","Augmentation Mammaire Barcelone | Chirurgie Mammaire | Prothèses","17","es-ES","https://clinicabelba.com/aumento-pecho-barcelona/","ru-RU","https://clinicabelba.com/ru/увеличение-груди-барселона/","uk","https://clinicabelba.com/uk/збільшення-грудей-у-барселоні/","de-DE","https://clinicabelba.com/de/brustvergroserung-barcelona/","it-IT","https://clinicabelba.com/it/aumento-seno-barcellona/","nl-NL","https://clinicabelba.com/nl/borstvergroting-barcelona/","ca","https://clinicabelba.com/ca/augment-de-pit-barcelona/","fr-FR","https://clinicabelba.com/fr/augmentation-mammaire-barcelone/","en-US","https://clinicabelba.com/en/breast-augmentation-barcelona/","es","https://clinicabelba.com/aumento-pecho-barcelona/","ru","https://clinicabelba.com/ru/увеличение-груди-барселона/","de","https://clinicabelba.com/de/brustvergroserung-barcelona/","it","https://clinicabelba.com/it/aumento-seno-barcellona/","nl","https://clinicabelba.com/nl/borstvergroting-barcelona/","fr","https://clinicabelba.com/fr/augmentation-mammaire-barcelone/","en","https://clinicabelba.com/en/breast-augmentation-barcelona/","x-default","https://clinicabelba.com/aumento-pecho-barcelona/","","","","","Indexable",""
"https://clinicabelba.com/fr/chirurgie-corporelle/","Chirurgie Corporelle et Esthétique en Espagne | Clinique Belba","17","es-ES","https://clinicabelba.com/cirugia-corporal/","ru-RU","https://clinicabelba.com/ru/пластическая-хирургия/","uk","https://clinicabelba.com/uk/хірургія-тіла/","de-DE","https://clinicabelba.com/de/korperchirurgie/","it-IT","https://clinicabelba.com/it/chirurgia-del-corpo/","nl-NL","https://clinicabelba.com/nl/lichaamschirurgie/","ca","https://clinicabelba.com/ca/cirugia-corporal/","fr-FR","https://clinicabelba.com/fr/chirurgie-corporelle/","en-US","https://clinicabelba.com/en/body-surgery/","es","https://clinicabelba.com/cirugia-corporal/","ru","https://clinicabelba.com/ru/пластическая-хирургия/","de","https://clinicabelba.com/de/korperchirurgie/","it","https://clinicabelba.com/it/chirurgia-del-corpo/","nl","https://clinicabelba.com/nl/lichaamschirurgie/","fr","https://clinicabelba.com/fr/chirurgie-corporelle/","en","https://clinicabelba.com/en/body-surgery/","x-default","https://clinicabelba.com/cirugia-corporal/","","","","","Indexable",""
"https://clinicabelba.com/fr/lipovaser-avant-et-apres/","【 Lipo Vaser avant et après | CLINIQUE BELBA 】®","17","es-ES","https://clinicabelba.com/lipovaser-antes-y-despues/","ru-RU","https://clinicabelba.com/ru/липосакция-до-и-после/","uk","https://clinicabelba.com/uk/lipovaser-до-і-після/","de-DE","https://clinicabelba.com/de/lipovaser-davor-und-danach/","it-IT","https://clinicabelba.com/it/lipovaser-prima-e-dopo/","nl-NL","https://clinicabelba.com/nl/lipovaser-voor-en-na/","ca","https://clinicabelba.com/ca/lipovaser-abans-i-despres/","fr-FR","https://clinicabelba.com/fr/lipovaser-avant-et-apres/","en-US","https://clinicabelba.com/en/lipolaser-before-and-after/","es","https://clinicabelba.com/lipovaser-antes-y-despues/","ru","https://clinicabelba.com/ru/липосакция-до-и-после/","de","https://clinicabelba.com/de/lipovaser-davor-und-danach/","it","https://clinicabelba.com/it/lipovaser-prima-e-dopo/","nl","https://clinicabelba.com/nl/lipovaser-voor-en-na/","fr","https://clinicabelba.com/fr/lipovaser-avant-et-apres/","en","https://clinicabelba.com/en/lipolaser-before-and-after/","x-default","https://clinicabelba.com/lipovaser-antes-y-despues/","","","","","Indexable",""
"https://clinicabelba.com/fr/lobuloplastia-barcelona/","【 Lobuloplastie Barcelone | Correction du lobe d'oreille 】®","17","es-ES","https://clinicabelba.com/lobuloplastia-barcelona/","ru-RU","https://clinicabelba.com/ru/лобулопластика-барселона/","uk","https://clinicabelba.com/uk/лобулопластика-в-барселоні/","de-DE","https://clinicabelba.com/de/lobuloplastik-barcelona/","it-IT","https://clinicabelba.com/it/lobuloplastica-barcellona/","nl-NL","https://clinicabelba.com/nl/lobuloplastiek-barcelona/","ca","https://clinicabelba.com/ca/lobuloplastia-barcelona/","fr-FR","https://clinicabelba.com/fr/lobuloplastia-barcelona/","en-US","https://clinicabelba.com/en/lobuloplasty-barcelona/","es","https://clinicabelba.com/lobuloplastia-barcelona/","ru","https://clinicabelba.com/ru/лобулопластика-барселона/","de","https://clinicabelba.com/de/lobuloplastik-barcelona/","it","https://clinicabelba.com/it/lobuloplastica-barcellona/","nl","https://clinicabelba.com/nl/lobuloplastiek-barcelona/","fr","https://clinicabelba.com/fr/lobuloplastia-barcelona/","en","https://clinicabelba.com/en/lobuloplasty-barcelona/","x-default","https://clinicabelba.com/lobuloplastia-barcelona/","","","","","Indexable",""
"https://clinicabelba.com/fr/politique-de-cookies/","Politique de cookies | Clinica Belba","17","es-ES","https://clinicabelba.com/politica-de-cookies/","ru-RU","https://clinicabelba.com/ru/политика-использования-файлов-cookie/","uk","https://clinicabelba.com/uk/політика-щодо-файлів-cookie/","de-DE","https://clinicabelba.com/de/cookie-richtlinie/","it-IT","https://clinicabelba.com/it/politica-dei-cookie/","nl-NL","https://clinicabelba.com/nl/cookiebeleid/","ca","https://clinicabelba.com/ca/politica-de-cookies/","fr-FR","https://clinicabelba.com/fr/politique-de-cookies/","en-US","https://clinicabelba.com/en/cookie-policy/","es","https://clinicabelba.com/politica-de-cookies/","ru","https://clinicabelba.com/ru/политика-использования-файлов-cookie/","de","https://clinicabelba.com/de/cookie-richtlinie/","it","https://clinicabelba.com/it/politica-dei-cookie/","nl","https://clinicabelba.com/nl/cookiebeleid/","fr","https://clinicabelba.com/fr/politique-de-cookies/","en","https://clinicabelba.com/en/cookie-policy/","x-default","https://clinicabelba.com/politica-de-cookies/","","","","","Indexable",""
"https://clinicabelba.com/fr/aviso-legal/","Aviso legal | Clinica Belba","17","es-ES","https://clinicabelba.com/aviso-legal/","ru-RU","https://clinicabelba.com/ru/правовая-оговорка/","uk","https://clinicabelba.com/uk/юридичне-повідомлення/","de-DE","https://clinicabelba.com/de/impressum/","it-IT","https://clinicabelba.com/it/avviso-legale/","nl-NL","https://clinicabelba.com/nl/juridische-mededeling/","ca","https://clinicabelba.com/ca/avis-legal/","fr-FR","https://clinicabelba.com/fr/aviso-legal/","en-US","https://clinicabelba.com/en/legal-notice/","es","https://clinicabelba.com/aviso-legal/","ru","https://clinicabelba.com/ru/правовая-оговорка/","de","https://clinicabelba.com/de/impressum/","it","https://clinicabelba.com/it/avviso-legale/","nl","https://clinicabelba.com/nl/juridische-mededeling/","fr","https://clinicabelba.com/fr/aviso-legal/","en","https://clinicabelba.com/en/legal-notice/","x-default","https://clinicabelba.com/aviso-legal/","","","","","Indexable",""
"https://clinicabelba.com/fr/chirurgie-faciale/","Chirurgie Faciale en Espagne | Clinique Belba","17","es-ES","https://clinicabelba.com/cirugia-facial/","ru-RU","https://clinicabelba.com/ru/челюстно-лицевая-хирургия/","uk","https://clinicabelba.com/uk/пластична-хірургія-обличчя/","de-DE","https://clinicabelba.com/de/gesichtsoperation/","it-IT","https://clinicabelba.com/it/chirurgia-facciale/","nl-NL","https://clinicabelba.com/nl/gezichtsoperatie/","ca","https://clinicabelba.com/ca/cirurgia-facial/","fr-FR","https://clinicabelba.com/fr/chirurgie-faciale/","en-US","https://clinicabelba.com/en/facial-surgery/","es","https://clinicabelba.com/cirugia-facial/","ru","https://clinicabelba.com/ru/челюстно-лицевая-хирургия/","de","https://clinicabelba.com/de/gesichtsoperation/","it","https://clinicabelba.com/it/chirurgia-facciale/","nl","https://clinicabelba.com/nl/gezichtsoperatie/","fr","https://clinicabelba.com/fr/chirurgie-faciale/","en","https://clinicabelba.com/en/facial-surgery/","x-default","https://clinicabelba.com/cirugia-facial/","","","","","No indexable","noindex"
"https://clinicabelba.com/fr/politique-de-confidentialite/","Politique de confidentialité | Clinica Belba","17","es-ES","https://clinicabelba.com/politica-de-privacidad/","ru-RU","https://clinicabelba.com/ru/политика-конфиденциальности/","uk","https://clinicabelba.com/uk/політика-конфіденційності/","de-DE","https://clinicabelba.com/de/datenschutzrichtlinie/","it-IT","https://clinicabelba.com/it/politica-di-privacy/","nl-NL","https://clinicabelba.com/nl/privacybeleid/","ca","https://clinicabelba.com/ca/politica-de-privadesa/","fr-FR","https://clinicabelba.com/fr/politique-de-confidentialite/","en-US","https://clinicabelba.com/en/privacy-policy/","es","https://clinicabelba.com/politica-de-privacidad/","ru","https://clinicabelba.com/ru/политика-конфиденциальности/","de","https://clinicabelba.com/de/datenschutzrichtlinie/","it","https://clinicabelba.com/it/politica-di-privacy/","nl","https://clinicabelba.com/nl/privacybeleid/","fr","https://clinicabelba.com/fr/politique-de-confidentialite/","en","https://clinicabelba.com/en/privacy-policy/","x-default","https://clinicabelba.com/politica-de-privacidad/","","","","","Indexable",""
"https://clinicabelba.com/fr/qui-sommes-nous/","Qui sommes-nous | Clinica Belba","17","es-ES","https://clinicabelba.com/quienes-somos/","ru-RU","https://clinicabelba.com/ru/кто-мы/","uk","https://clinicabelba.com/uk/про-нас/","de-DE","https://clinicabelba.com/de/wer-wir-sind/","it-IT","https://clinicabelba.com/it/chi-siamo/","nl-NL","https://clinicabelba.com/nl/wie-zijn-wij/","ca","https://clinicabelba.com/ca/qui-som/","fr-FR","https://clinicabelba.com/fr/qui-sommes-nous/","en-US","https://clinicabelba.com/en/who-are-we/","es","https://clinicabelba.com/quienes-somos/","ru","https://clinicabelba.com/ru/кто-мы/","de","https://clinicabelba.com/de/wer-wir-sind/","it","https://clinicabelba.com/it/chi-siamo/","nl","https://clinicabelba.com/nl/wie-zijn-wij/","fr","https://clinicabelba.com/fr/qui-sommes-nous/","en","https://clinicabelba.com/en/who-are-we/","x-default","https://clinicabelba.com/quienes-somos/","","","","","Indexable",""
"https://clinicabelba.com/de/mutti-umstyling-barcelona/","Mutti-Makeover in Barcelona - Nach der Geburt Operation 🥇","17","es-ES","https://clinicabelba.com/mommy-makeover-barcelona/","ru-RU","https://clinicabelba.com/ru/мамочкин-макияж-барселона/","uk","https://clinicabelba.com/uk/мамине-оновлення-у-барселоні/","de-DE","https://clinicabelba.com/de/mutti-umstyling-barcelona/","it-IT","https://clinicabelba.com/it/mommy-makeover-barcellona/","nl-NL","https://clinicabelba.com/nl/mommy-makeover-barcelona/","ca","https://clinicabelba.com/ca/mommy-makeover-barcelona/","fr-FR","https://clinicabelba.com/fr/maman-relooking-barcelone/","en-US","https://clinicabelba.com/en/mommy-makeover-barcelona/","es","https://clinicabelba.com/mommy-makeover-barcelona/","ru","https://clinicabelba.com/ru/мамочкин-макияж-барселона/","de","https://clinicabelba.com/de/mutti-umstyling-barcelona/","it","https://clinicabelba.com/it/mommy-makeover-barcellona/","nl","https://clinicabelba.com/nl/mommy-makeover-barcelona/","fr","https://clinicabelba.com/fr/maman-relooking-barcelone/","en","https://clinicabelba.com/en/mommy-makeover-barcelona/","x-default","https://clinicabelba.com/mommy-makeover-barcelona/","","","","","Indexable",""
"https://clinicabelba.com/fr/cirugia-intima/","Cirugía Íntima en España | Clínica Belba","17","es-ES","https://clinicabelba.com/cirugia-intima/","ru-RU","https://clinicabelba.com/ru/интимная-хирургия/","uk","https://clinicabelba.com/uk/хірургія-інтимних-органів/","de-DE","https://clinicabelba.com/de/intimchirurgie/","it-IT","https://clinicabelba.com/it/chirurgia-intima/","nl-NL","https://clinicabelba.com/nl/intieme-chirurgie/","ca","https://clinicabelba.com/ca/cirurgia-intima/","fr-FR","https://clinicabelba.com/fr/cirugia-intima/","en-US","https://clinicabelba.com/en/intimate-surgery/","es","https://clinicabelba.com/cirugia-intima/","ru","https://clinicabelba.com/ru/интимная-хирургия/","de","https://clinicabelba.com/de/intimchirurgie/","it","https://clinicabelba.com/it/chirurgia-intima/","nl","https://clinicabelba.com/nl/intieme-chirurgie/","fr","https://clinicabelba.com/fr/cirugia-intima/","en","https://clinicabelba.com/en/intimate-surgery/","x-default","https://clinicabelba.com/cirugia-intima/","","","","","Indexable",""
"https://clinicabelba.com/abdominoplastia-o-liposuccion/","Diferencias entre Abdominoplastia y liposucción: cuál necesitas","0","","","","","","","","","","","","","","","","","","","","","","","","","","","","","","","","","","","","","","","Indexable",""
"https://clinicabelba.com/ru/мамочкин-макияж-барселона/","Материнский рестайлинг в Барселоне - Послеродовая хирургия 🥇","17","es-ES","https://clinicabelba.com/mommy-makeover-barcelona/","ru-RU","https://clinicabelba.com/ru/мамочкин-макияж-барселона/","uk","https://clinicabelba.com/uk/мамине-оновлення-у-барселоні/","de-DE","https://clinicabelba.com/de/mutti-umstyling-barcelona/","it-IT","https://clinicabelba.com/it/mommy-makeover-barcellona/","nl-NL","https://clinicabelba.com/nl/mommy-makeover-barcelona/","ca","https://clinicabelba.com/ca/mommy-makeover-barcelona/","fr-FR","https://clinicabelba.com/fr/maman-relooking-barcelone/","en-US","https://clinicabelba.com/en/mommy-makeover-barcelona/","es","https://clinicabelba.com/mommy-makeover-barcelona/","ru","https://clinicabelba.com/ru/мамочкин-макияж-барселона/","de","https://clinicabelba.com/de/mutti-umstyling-barcelona/","it","https://clinicabelba.com/it/mommy-makeover-barcellona/","nl","https://clinicabelba.com/nl/mommy-makeover-barcelona/","fr","https://clinicabelba.com/fr/maman-relooking-barcelone/","en","https://clinicabelba.com/en/mommy-makeover-barcelona/","x-default","https://clinicabelba.com/mommy-makeover-barcelona/","","","","","Indexable",""
"https://clinicabelba.com/uk/мамине-оновлення-у-барселоні/","«Mommy Makeover» у Барселоні — післяпологова хірургія 🥇","17","es-ES","https://clinicabelba.com/mommy-makeover-barcelona/","ru-RU","https://clinicabelba.com/ru/мамочкин-макияж-барселона/","uk","https://clinicabelba.com/uk/мамине-оновлення-у-барселоні/","de-DE","https://clinicabelba.com/de/mutti-umstyling-barcelona/","it-IT","https://clinicabelba.com/it/mommy-makeover-barcellona/","nl-NL","https://clinicabelba.com/nl/mommy-makeover-barcelona/","ca","https://clinicabelba.com/ca/mommy-makeover-barcelona/","fr-FR","https://clinicabelba.com/fr/maman-relooking-barcelone/","en-US","https://clinicabelba.com/en/mommy-makeover-barcelona/","es","https://clinicabelba.com/mommy-makeover-barcelona/","ru","https://clinicabelba.com/ru/мамочкин-макияж-барселона/","de","https://clinicabelba.com/de/mutti-umstyling-barcelona/","it","https://clinicabelba.com/it/mommy-makeover-barcellona/","nl","https://clinicabelba.com/nl/mommy-makeover-barcelona/","fr","https://clinicabelba.com/fr/maman-relooking-barcelone/","en","https://clinicabelba.com/en/mommy-makeover-barcelona/","x-default","https://clinicabelba.com/mommy-makeover-barcelona/","","","","","Indexable",""
"https://clinicabelba.com/en/mommy-makeover-barcelona/","Mommy Makeover in Barcelona - Postpartum Surgery 🥇","17","es-ES","https://clinicabelba.com/mommy-makeover-barcelona/","ru-RU","https://clinicabelba.com/ru/мамочкин-макияж-барселона/","uk","https://clinicabelba.com/uk/мамине-оновлення-у-барселоні/","de-DE","https://clinicabelba.com/de/mutti-umstyling-barcelona/","it-IT","https://clinicabelba.com/it/mommy-makeover-barcellona/","nl-NL","https://clinicabelba.com/nl/mommy-makeover-barcelona/","ca","https://clinicabelba.com/ca/mommy-makeover-barcelona/","fr-FR","https://clinicabelba.com/fr/maman-relooking-barcelone/","en-US","https://clinicabelba.com/en/mommy-makeover-barcelona/","es","https://clinicabelba.com/mommy-makeover-barcelona/","ru","https://clinicabelba.com/ru/мамочкин-макияж-барселона/","de","https://clinicabelba.com/de/mutti-umstyling-barcelona/","it","https://clinicabelba.com/it/mommy-makeover-barcellona/","nl","https://clinicabelba.com/nl/mommy-makeover-barcelona/","fr","https://clinicabelba.com/fr/maman-relooking-barcelone/","en","https://clinicabelba.com/en/mommy-makeover-barcelona/","x-default","https://clinicabelba.com/mommy-makeover-barcelona/","","","","","Indexable",""
"https://clinicabelba.com/nl/mommy-makeover-barcelona/","Mommy Makeover en Barcelona - Postnatale chirurgie 🥇","17","es-ES","https://clinicabelba.com/mommy-makeover-barcelona/","ru-RU","https://clinicabelba.com/ru/мамочкин-макияж-барселона/","uk","https://clinicabelba.com/uk/мамине-оновлення-у-барселоні/","de-DE","https://clinicabelba.com/de/mutti-umstyling-barcelona/","it-IT","https://clinicabelba.com/it/mommy-makeover-barcellona/","nl-NL","https://clinicabelba.com/nl/mommy-makeover-barcelona/","ca","https://clinicabelba.com/ca/mommy-makeover-barcelona/","fr-FR","https://clinicabelba.com/fr/maman-relooking-barcelone/","en-US","https://clinicabelba.com/en/mommy-makeover-barcelona/","es","https://clinicabelba.com/mommy-makeover-barcelona/","ru","https://clinicabelba.com/ru/мамочкин-макияж-барселона/","de","https://clinicabelba.com/de/mutti-umstyling-barcelona/","it","https://clinicabelba.com/it/mommy-makeover-barcellona/","nl","https://clinicabelba.com/nl/mommy-makeover-barcelona/","fr","https://clinicabelba.com/fr/maman-relooking-barcelone/","en","https://clinicabelba.com/en/mommy-makeover-barcelona/","x-default","https://clinicabelba.com/mommy-makeover-barcelona/","","","","","Indexable",""
"https://clinicabelba.com/it/mommy-makeover-barcellona/","Mommy Makeover a Barcellona - Chirurgia Post-Parto 🥇","17","es-ES","https://clinicabelba.com/mommy-makeover-barcelona/","ru-RU","https://clinicabelba.com/ru/мамочкин-макияж-барселона/","uk","https://clinicabelba.com/uk/мамине-оновлення-у-барселоні/","de-DE","https://clinicabelba.com/de/mutti-umstyling-barcelona/","it-IT","https://clinicabelba.com/it/mommy-makeover-barcellona/","nl-NL","https://clinicabelba.com/nl/mommy-makeover-barcelona/","ca","https://clinicabelba.com/ca/mommy-makeover-barcelona/","fr-FR","https://clinicabelba.com/fr/maman-relooking-barcelone/","en-US","https://clinicabelba.com/en/mommy-makeover-barcelona/","es","https://clinicabelba.com/mommy-makeover-barcelona/","ru","https://clinicabelba.com/ru/мамочкин-макияж-барселона/","de","https://clinicabelba.com/de/mutti-umstyling-barcelona/","it","https://clinicabelba.com/it/mommy-makeover-barcellona/","nl","https://clinicabelba.com/nl/mommy-makeover-barcelona/","fr","https://clinicabelba.com/fr/maman-relooking-barcelone/","en","https://clinicabelba.com/en/mommy-makeover-barcelona/","x-default","https://clinicabelba.com/mommy-makeover-barcelona/","","","","","Indexable",""
"https://clinicabelba.com/ca/mommy-makeover-barcelona/","Mommy Makeover a Barcelona - Cirurgia Postpart 🥇","17","es-ES","https://clinicabelba.com/mommy-makeover-barcelona/","ru-RU","https://clinicabelba.com/ru/мамочкин-макияж-барселона/","uk","https://clinicabelba.com/uk/мамине-оновлення-у-барселоні/","de-DE","https://clinicabelba.com/de/mutti-umstyling-barcelona/","it-IT","https://clinicabelba.com/it/mommy-makeover-barcellona/","nl-NL","https://clinicabelba.com/nl/mommy-makeover-barcelona/","ca","https://clinicabelba.com/ca/mommy-makeover-barcelona/","fr-FR","https://clinicabelba.com/fr/maman-relooking-barcelone/","en-US","https://clinicabelba.com/en/mommy-makeover-barcelona/","es","https://clinicabelba.com/mommy-makeover-barcelona/","ru","https://clinicabelba.com/ru/мамочкин-макияж-барселона/","de","https://clinicabelba.com/de/mutti-umstyling-barcelona/","it","https://clinicabelba.com/it/mommy-makeover-barcellona/","nl","https://clinicabelba.com/nl/mommy-makeover-barcelona/","fr","https://clinicabelba.com/fr/maman-relooking-barcelone/","en","https://clinicabelba.com/en/mommy-makeover-barcelona/","x-default","https://clinicabelba.com/mommy-makeover-barcelona/","","","","","Indexable",""
"https://clinicabelba.com/quitarse-costillas-flotantes-mito-o-realidad/","Quitarse las Costillas Flotantes: ¿Mito o Realidad? ✅","0","","","","","","","","","","","","","","","","","","","","","","","","","","","","","","","","","","","","","","","Indexable",""
"https://clinicabelba.com/de/rippenrekonstruktion/","Rippenrekonstruktion Barcelona | Rippenluxation | Belba","17","es-ES","https://clinicabelba.com/remodelacion-costal/","ru-RU","https://clinicabelba.com/ru/ремоделирование-ребер/","uk","https://clinicabelba.com/uk/реконструкція-ребер/","de-DE","https://clinicabelba.com/de/rippenrekonstruktion/","it-IT","https://clinicabelba.com/it/rimozione-costale/","nl-NL","https://clinicabelba.com/nl/ribreconstructie/","ca","https://clinicabelba.com/ca/remodelacio-costal/","fr-FR","https://clinicabelba.com/fr/resection-costale/","en-US","https://clinicabelba.com/en/rib-remodeling/","es","https://clinicabelba.com/remodelacion-costal/","ru","https://clinicabelba.com/ru/ремоделирование-ребер/","de","https://clinicabelba.com/de/rippenrekonstruktion/","it","https://clinicabelba.com/it/rimozione-costale/","nl","https://clinicabelba.com/nl/ribreconstructie/","fr","https://clinicabelba.com/fr/resection-costale/","en","https://clinicabelba.com/en/rib-remodeling/","x-default","https://clinicabelba.com/remodelacion-costal/","","","","","Indexable",""
"https://clinicabelba.com/nl/ribreconstructie/","Costalezenovatie Barcelona | Ribluxatie | Belba","17","es-ES","https://clinicabelba.com/remodelacion-costal/","ru-RU","https://clinicabelba.com/ru/ремоделирование-ребер/","uk","https://clinicabelba.com/uk/реконструкція-ребер/","de-DE","https://clinicabelba.com/de/rippenrekonstruktion/","it-IT","https://clinicabelba.com/it/rimozione-costale/","nl-NL","https://clinicabelba.com/nl/ribreconstructie/","ca","https://clinicabelba.com/ca/remodelacio-costal/","fr-FR","https://clinicabelba.com/fr/resection-costale/","en-US","https://clinicabelba.com/en/rib-remodeling/","es","https://clinicabelba.com/remodelacion-costal/","ru","https://clinicabelba.com/ru/ремоделирование-ребер/","de","https://clinicabelba.com/de/rippenrekonstruktion/","it","https://clinicabelba.com/it/rimozione-costale/","nl","https://clinicabelba.com/nl/ribreconstructie/","fr","https://clinicabelba.com/fr/resection-costale/","en","https://clinicabelba.com/en/rib-remodeling/","x-default","https://clinicabelba.com/remodelacion-costal/","","","","","Indexable",""
"https://clinicabelba.com/it/rimozione-costale/","Rimodellamento Costale Barcellona | Lussazione Costale | Belba","17","es-ES","https://clinicabelba.com/remodelacion-costal/","ru-RU","https://clinicabelba.com/ru/ремоделирование-ребер/","uk","https://clinicabelba.com/uk/реконструкція-ребер/","de-DE","https://clinicabelba.com/de/rippenrekonstruktion/","it-IT","https://clinicabelba.com/it/rimozione-costale/","nl-NL","https://clinicabelba.com/nl/ribreconstructie/","ca","https://clinicabelba.com/ca/remodelacio-costal/","fr-FR","https://clinicabelba.com/fr/resection-costale/","en-US","https://clinicabelba.com/en/rib-remodeling/","es","https://clinicabelba.com/remodelacion-costal/","ru","https://clinicabelba.com/ru/ремоделирование-ребер/","de","https://clinicabelba.com/de/rippenrekonstruktion/","it","https://clinicabelba.com/it/rimozione-costale/","nl","https://clinicabelba.com/nl/ribreconstructie/","fr","https://clinicabelba.com/fr/resection-costale/","en","https://clinicabelba.com/en/rib-remodeling/","x-default","https://clinicabelba.com/remodelacion-costal/","","","","","Indexable",""
"https://clinicabelba.com/en/rib-remodeling/","Rib Remodeling Barcelona | Rib Dislocation | Belba","17","es-ES","https://clinicabelba.com/remodelacion-costal/","ru-RU","https://clinicabelba.com/ru/ремоделирование-ребер/","uk","https://clinicabelba.com/uk/реконструкція-ребер/","de-DE","https://clinicabelba.com/de/rippenrekonstruktion/","it-IT","https://clinicabelba.com/it/rimozione-costale/","nl-NL","https://clinicabelba.com/nl/ribreconstructie/","ca","https://clinicabelba.com/ca/remodelacio-costal/","fr-FR","https://clinicabelba.com/fr/resection-costale/","en-US","https://clinicabelba.com/en/rib-remodeling/","es","https://clinicabelba.com/remodelacion-costal/","ru","https://clinicabelba.com/ru/ремоделирование-ребер/","de","https://clinicabelba.com/de/rippenrekonstruktion/","it","https://clinicabelba.com/it/rimozione-costale/","nl","https://clinicabelba.com/nl/ribreconstructie/","fr","https://clinicabelba.com/fr/resection-costale/","en","https://clinicabelba.com/en/rib-remodeling/","x-default","https://clinicabelba.com/remodelacion-costal/","","","","","Indexable",""
"https://clinicabelba.com/cintura-de-avispa-que-es-y-como-tenerla/","Cintura de Avispa: ¿Qué es y Cómo Tenerla? | Clinica Belba","0","","","","","","","","","","","","","","","","","","","","","","","","","","","","","","","","","","","","","","","Indexable",""
"https://clinicabelba.com/ru/ремоделирование-ребер/","Реконструкция ребер Барселона | Вывих ребер | Belba","17","es-ES","https://clinicabelba.com/remodelacion-costal/","ru-RU","https://clinicabelba.com/ru/ремоделирование-ребер/","uk","https://clinicabelba.com/uk/реконструкція-ребер/","de-DE","https://clinicabelba.com/de/rippenrekonstruktion/","it-IT","https://clinicabelba.com/it/rimozione-costale/","nl-NL","https://clinicabelba.com/nl/ribreconstructie/","ca","https://clinicabelba.com/ca/remodelacio-costal/","fr-FR","https://clinicabelba.com/fr/resection-costale/","en-US","https://clinicabelba.com/en/rib-remodeling/","es","https://clinicabelba.com/remodelacion-costal/","ru","https://clinicabelba.com/ru/ремоделирование-ребер/","de","https://clinicabelba.com/de/rippenrekonstruktion/","it","https://clinicabelba.com/it/rimozione-costale/","nl","https://clinicabelba.com/nl/ribreconstructie/","fr","https://clinicabelba.com/fr/resection-costale/","en","https://clinicabelba.com/en/rib-remodeling/","x-default","https://clinicabelba.com/remodelacion-costal/","","","","","Indexable",""
"https://clinicabelba.com/ribxcar-vs-tecnica-tradicional-cual-es-mejor/","RibXCar vs Técnica Tradicional: ¿Cuál es Mejor? 🥇","0","","","","","","","","","","","","","","","","","","","","","","","","","","","","","","","","","","","","","","","Indexable",""
"https://clinicabelba.com/quitar-costillas-flotantes/","Cirugía para Quitar Costillas Flotantes | Antes y Después","0","","","","","","","","","","","","","","","","","","","","","","","","","","","","","","","","","","","","","","","Indexable",""
"https://clinicabelba.com/ca/remodelacio-costal/","Remodelació Costal Barcelona | Luxació de Costelles | Belba","17","es-ES","https://clinicabelba.com/remodelacion-costal/","ru-RU","https://clinicabelba.com/ru/ремоделирование-ребер/","uk","https://clinicabelba.com/uk/реконструкція-ребер/","de-DE","https://clinicabelba.com/de/rippenrekonstruktion/","it-IT","https://clinicabelba.com/it/rimozione-costale/","nl-NL","https://clinicabelba.com/nl/ribreconstructie/","ca","https://clinicabelba.com/ca/remodelacio-costal/","fr-FR","https://clinicabelba.com/fr/resection-costale/","en-US","https://clinicabelba.com/en/rib-remodeling/","es","https://clinicabelba.com/remodelacion-costal/","ru","https://clinicabelba.com/ru/ремоделирование-ребер/","de","https://clinicabelba.com/de/rippenrekonstruktion/","it","https://clinicabelba.com/it/rimozione-costale/","nl","https://clinicabelba.com/nl/ribreconstructie/","fr","https://clinicabelba.com/fr/resection-costale/","en","https://clinicabelba.com/en/rib-remodeling/","x-default","https://clinicabelba.com/remodelacion-costal/","","","","","Indexable",""
"https://clinicabelba.com/uk/реконструкція-ребер/","Реконструкція ребер у Барселоні | Вивих ребер | Белба","17","es-ES","https://clinicabelba.com/remodelacion-costal/","ru-RU","https://clinicabelba.com/ru/ремоделирование-ребер/","uk","https://clinicabelba.com/uk/реконструкція-ребер/","de-DE","https://clinicabelba.com/de/rippenrekonstruktion/","it-IT","https://clinicabelba.com/it/rimozione-costale/","nl-NL","https://clinicabelba.com/nl/ribreconstructie/","ca","https://clinicabelba.com/ca/remodelacio-costal/","fr-FR","https://clinicabelba.com/fr/resection-costale/","en-US","https://clinicabelba.com/en/rib-remodeling/","es","https://clinicabelba.com/remodelacion-costal/","ru","https://clinicabelba.com/ru/ремоделирование-ребер/","de","https://clinicabelba.com/de/rippenrekonstruktion/","it","https://clinicabelba.com/it/rimozione-costale/","nl","https://clinicabelba.com/nl/ribreconstructie/","fr","https://clinicabelba.com/fr/resection-costale/","en","https://clinicabelba.com/en/rib-remodeling/","x-default","https://clinicabelba.com/remodelacion-costal/","","","","","Indexable",""
"https://clinicabelba.com/de/minimale-narbe/","【 Minimale Narbe Barcelona | Clínica Belba 】®","17","es-ES","https://clinicabelba.com/minimal-scar/","ru-RU","https://clinicabelba.com/ru/минимальный-шрам/","uk","https://clinicabelba.com/uk/мінімальний-рубець/","de-DE","https://clinicabelba.com/de/minimale-narbe/","it-IT","https://clinicabelba.com/it/cicatrice-minima/","nl-NL","https://clinicabelba.com/nl/minimale-litteken/","ca","https://clinicabelba.com/ca/cicatritz-minima/","fr-FR","https://clinicabelba.com/fr/cicatrice-minimale/","en-US","https://clinicabelba.com/en/minimal-scar/","es","https://clinicabelba.com/minimal-scar/","ru","https://clinicabelba.com/ru/минимальный-шрам/","de","https://clinicabelba.com/de/minimale-narbe/","it","https://clinicabelba.com/it/cicatrice-minima/","nl","https://clinicabelba.com/nl/minimale-litteken/","fr","https://clinicabelba.com/fr/cicatrice-minimale/","en","https://clinicabelba.com/en/minimal-scar/","x-default","https://clinicabelba.com/minimal-scar/","","","","","Indexable",""
"https://clinicabelba.com/ca/cicatritz-minima/","Minimal Scar Barcelona | Clínica Belba ®","17","es-ES","https://clinicabelba.com/minimal-scar/","ru-RU","https://clinicabelba.com/ru/минимальный-шрам/","uk","https://clinicabelba.com/uk/мінімальний-рубець/","de-DE","https://clinicabelba.com/de/minimale-narbe/","it-IT","https://clinicabelba.com/it/cicatrice-minima/","nl-NL","https://clinicabelba.com/nl/minimale-litteken/","ca","https://clinicabelba.com/ca/cicatritz-minima/","fr-FR","https://clinicabelba.com/fr/cicatrice-minimale/","en-US","https://clinicabelba.com/en/minimal-scar/","es","https://clinicabelba.com/minimal-scar/","ru","https://clinicabelba.com/ru/минимальный-шрам/","de","https://clinicabelba.com/de/minimale-narbe/","it","https://clinicabelba.com/it/cicatrice-minima/","nl","https://clinicabelba.com/nl/minimale-litteken/","fr","https://clinicabelba.com/fr/cicatrice-minimale/","en","https://clinicabelba.com/en/minimal-scar/","x-default","https://clinicabelba.com/minimal-scar/","","","","","Indexable",""
"https://clinicabelba.com/en/minimal-scar/","Minimal Scar Barcelona | Clínica Belba ®","17","es-ES","https://clinicabelba.com/minimal-scar/","ru-RU","https://clinicabelba.com/ru/минимальный-шрам/","uk","https://clinicabelba.com/uk/мінімальний-рубець/","de-DE","https://clinicabelba.com/de/minimale-narbe/","it-IT","https://clinicabelba.com/it/cicatrice-minima/","nl-NL","https://clinicabelba.com/nl/minimale-litteken/","ca","https://clinicabelba.com/ca/cicatritz-minima/","fr-FR","https://clinicabelba.com/fr/cicatrice-minimale/","en-US","https://clinicabelba.com/en/minimal-scar/","es","https://clinicabelba.com/minimal-scar/","ru","https://clinicabelba.com/ru/минимальный-шрам/","de","https://clinicabelba.com/de/minimale-narbe/","it","https://clinicabelba.com/it/cicatrice-minima/","nl","https://clinicabelba.com/nl/minimale-litteken/","fr","https://clinicabelba.com/fr/cicatrice-minimale/","en","https://clinicabelba.com/en/minimal-scar/","x-default","https://clinicabelba.com/minimal-scar/","","","","","Indexable",""
"https://clinicabelba.com/nl/minimale-litteken/","【 Minimale Litteken Barcelona | Clínica Belba 】®","17","es-ES","https://clinicabelba.com/minimal-scar/","ru-RU","https://clinicabelba.com/ru/минимальный-шрам/","uk","https://clinicabelba.com/uk/мінімальний-рубець/","de-DE","https://clinicabelba.com/de/minimale-narbe/","it-IT","https://clinicabelba.com/it/cicatrice-minima/","nl-NL","https://clinicabelba.com/nl/minimale-litteken/","ca","https://clinicabelba.com/ca/cicatritz-minima/","fr-FR","https://clinicabelba.com/fr/cicatrice-minimale/","en-US","https://clinicabelba.com/en/minimal-scar/","es","https://clinicabelba.com/minimal-scar/","ru","https://clinicabelba.com/ru/минимальный-шрам/","de","https://clinicabelba.com/de/minimale-narbe/","it","https://clinicabelba.com/it/cicatrice-minima/","nl","https://clinicabelba.com/nl/minimale-litteken/","fr","https://clinicabelba.com/fr/cicatrice-minimale/","en","https://clinicabelba.com/en/minimal-scar/","x-default","https://clinicabelba.com/minimal-scar/","","","","","Indexable",""
"https://clinicabelba.com/ru/минимальный-шрам/","【 Минимальные шрамы Барселона | Клиника Бельба 】®","17","es-ES","https://clinicabelba.com/minimal-scar/","ru-RU","https://clinicabelba.com/ru/минимальный-шрам/","uk","https://clinicabelba.com/uk/мінімальний-рубець/","de-DE","https://clinicabelba.com/de/minimale-narbe/","it-IT","https://clinicabelba.com/it/cicatrice-minima/","nl-NL","https://clinicabelba.com/nl/minimale-litteken/","ca","https://clinicabelba.com/ca/cicatritz-minima/","fr-FR","https://clinicabelba.com/fr/cicatrice-minimale/","en-US","https://clinicabelba.com/en/minimal-scar/","es","https://clinicabelba.com/minimal-scar/","ru","https://clinicabelba.com/ru/минимальный-шрам/","de","https://clinicabelba.com/de/minimale-narbe/","it","https://clinicabelba.com/it/cicatrice-minima/","nl","https://clinicabelba.com/nl/minimale-litteken/","fr","https://clinicabelba.com/fr/cicatrice-minimale/","en","https://clinicabelba.com/en/minimal-scar/","x-default","https://clinicabelba.com/minimal-scar/","","","","","Indexable",""
"https://clinicabelba.com/uk/мінімальний-рубець/","【 Minimal Scar Barcelona | Клініка Belba 】®","17","es-ES","https://clinicabelba.com/minimal-scar/","ru-RU","https://clinicabelba.com/ru/минимальный-шрам/","uk","https://clinicabelba.com/uk/мінімальний-рубець/","de-DE","https://clinicabelba.com/de/minimale-narbe/","it-IT","https://clinicabelba.com/it/cicatrice-minima/","nl-NL","https://clinicabelba.com/nl/minimale-litteken/","ca","https://clinicabelba.com/ca/cicatritz-minima/","fr-FR","https://clinicabelba.com/fr/cicatrice-minimale/","en-US","https://clinicabelba.com/en/minimal-scar/","es","https://clinicabelba.com/minimal-scar/","ru","https://clinicabelba.com/ru/минимальный-шрам/","de","https://clinicabelba.com/de/minimale-narbe/","it","https://clinicabelba.com/it/cicatrice-minima/","nl","https://clinicabelba.com/nl/minimale-litteken/","fr","https://clinicabelba.com/fr/cicatrice-minimale/","en","https://clinicabelba.com/en/minimal-scar/","x-default","https://clinicabelba.com/minimal-scar/","","","","","Indexable",""
"https://clinicabelba.com/it/cicatrice-minima/","【 Minimal Scar Barcelona | Clínica Belba 】®","17","es-ES","https://clinicabelba.com/minimal-scar/","ru-RU","https://clinicabelba.com/ru/минимальный-шрам/","uk","https://clinicabelba.com/uk/мінімальний-рубець/","de-DE","https://clinicabelba.com/de/minimale-narbe/","it-IT","https://clinicabelba.com/it/cicatrice-minima/","nl-NL","https://clinicabelba.com/nl/minimale-litteken/","ca","https://clinicabelba.com/ca/cicatritz-minima/","fr-FR","https://clinicabelba.com/fr/cicatrice-minimale/","en-US","https://clinicabelba.com/en/minimal-scar/","es","https://clinicabelba.com/minimal-scar/","ru","https://clinicabelba.com/ru/минимальный-шрам/","de","https://clinicabelba.com/de/minimale-narbe/","it","https://clinicabelba.com/it/cicatrice-minima/","nl","https://clinicabelba.com/nl/minimale-litteken/","fr","https://clinicabelba.com/fr/cicatrice-minimale/","en","https://clinicabelba.com/en/minimal-scar/","x-default","https://clinicabelba.com/minimal-scar/","","","","","Indexable",""
"https://clinicabelba.com/it/addominoplastica-barcellona/","Addominoplastica a Barcellona - Chirurgia Addominale - Clinica Belba","17","es-ES","https://clinicabelba.com/abdominoplastia-barcelona/","ru-RU","https://clinicabelba.com/ru/абдоминопластика-барселона/","uk","https://clinicabelba.com/uk/абдомінопластика-в-барселоні/","de-DE","https://clinicabelba.com/de/bauchdeckenstraffung-barcelona/","it-IT","https://clinicabelba.com/it/addominoplastica-barcellona/","nl-NL","https://clinicabelba.com/nl/buikwandcorrectie-barcelona/","ca","https://clinicabelba.com/ca/abdominoplastia-barcelona/","fr-FR","https://clinicabelba.com/fr/abdominoplastie-barcelone/","en-US","https://clinicabelba.com/en/tummy-tuck-barcelona/","es","https://clinicabelba.com/abdominoplastia-barcelona/","ru","https://clinicabelba.com/ru/абдоминопластика-барселона/","de","https://clinicabelba.com/de/bauchdeckenstraffung-barcelona/","it","https://clinicabelba.com/it/addominoplastica-barcellona/","nl","https://clinicabelba.com/nl/buikwandcorrectie-barcelona/","fr","https://clinicabelba.com/fr/abdominoplastie-barcelone/","en","https://clinicabelba.com/en/tummy-tuck-barcelona/","x-default","https://clinicabelba.com/abdominoplastia-barcelona/","","","","","Indexable",""
"https://clinicabelba.com/uk/абдомінопластика-в-барселоні/","Абдомінопластика в Барселоні — Хірургія черевної порожнини — Клініка «Белба»","17","es-ES","https://clinicabelba.com/abdominoplastia-barcelona/","ru-RU","https://clinicabelba.com/ru/абдоминопластика-барселона/","uk","https://clinicabelba.com/uk/абдомінопластика-в-барселоні/","de-DE","https://clinicabelba.com/de/bauchdeckenstraffung-barcelona/","it-IT","https://clinicabelba.com/it/addominoplastica-barcellona/","nl-NL","https://clinicabelba.com/nl/buikwandcorrectie-barcelona/","ca","https://clinicabelba.com/ca/abdominoplastia-barcelona/","fr-FR","https://clinicabelba.com/fr/abdominoplastie-barcelone/","en-US","https://clinicabelba.com/en/tummy-tuck-barcelona/","es","https://clinicabelba.com/abdominoplastia-barcelona/","ru","https://clinicabelba.com/ru/абдоминопластика-барселона/","de","https://clinicabelba.com/de/bauchdeckenstraffung-barcelona/","it","https://clinicabelba.com/it/addominoplastica-barcellona/","nl","https://clinicabelba.com/nl/buikwandcorrectie-barcelona/","fr","https://clinicabelba.com/fr/abdominoplastie-barcelone/","en","https://clinicabelba.com/en/tummy-tuck-barcelona/","x-default","https://clinicabelba.com/abdominoplastia-barcelona/","","","","","Indexable",""
"https://clinicabelba.com/nl/buikwandcorrectie-barcelona/","Buikwandcorrectie in Barcelona - Abdominale Chirurgie - Clínica Belba","17","es-ES","https://clinicabelba.com/abdominoplastia-barcelona/","ru-RU","https://clinicabelba.com/ru/абдоминопластика-барселона/","uk","https://clinicabelba.com/uk/абдомінопластика-в-барселоні/","de-DE","https://clinicabelba.com/de/bauchdeckenstraffung-barcelona/","it-IT","https://clinicabelba.com/it/addominoplastica-barcellona/","nl-NL","https://clinicabelba.com/nl/buikwandcorrectie-barcelona/","ca","https://clinicabelba.com/ca/abdominoplastia-barcelona/","fr-FR","https://clinicabelba.com/fr/abdominoplastie-barcelone/","en-US","https://clinicabelba.com/en/tummy-tuck-barcelona/","es","https://clinicabelba.com/abdominoplastia-barcelona/","ru","https://clinicabelba.com/ru/абдоминопластика-барселона/","de","https://clinicabelba.com/de/bauchdeckenstraffung-barcelona/","it","https://clinicabelba.com/it/addominoplastica-barcellona/","nl","https://clinicabelba.com/nl/buikwandcorrectie-barcelona/","fr","https://clinicabelba.com/fr/abdominoplastie-barcelone/","en","https://clinicabelba.com/en/tummy-tuck-barcelona/","x-default","https://clinicabelba.com/abdominoplastia-barcelona/","","","","","Indexable",""
"https://clinicabelba.com/en/tummy-tuck-barcelona/","Abdominoplasty in Barcelona - Abdominal Surgery - Belba Clinic","17","es-ES","https://clinicabelba.com/abdominoplastia-barcelona/","ru-RU","https://clinicabelba.com/ru/абдоминопластика-барселона/","uk","https://clinicabelba.com/uk/абдомінопластика-в-барселоні/","de-DE","https://clinicabelba.com/de/bauchdeckenstraffung-barcelona/","it-IT","https://clinicabelba.com/it/addominoplastica-barcellona/","nl-NL","https://clinicabelba.com/nl/buikwandcorrectie-barcelona/","ca","https://clinicabelba.com/ca/abdominoplastia-barcelona/","fr-FR","https://clinicabelba.com/fr/abdominoplastie-barcelone/","en-US","https://clinicabelba.com/en/tummy-tuck-barcelona/","es","https://clinicabelba.com/abdominoplastia-barcelona/","ru","https://clinicabelba.com/ru/абдоминопластика-барселона/","de","https://clinicabelba.com/de/bauchdeckenstraffung-barcelona/","it","https://clinicabelba.com/it/addominoplastica-barcellona/","nl","https://clinicabelba.com/nl/buikwandcorrectie-barcelona/","fr","https://clinicabelba.com/fr/abdominoplastie-barcelone/","en","https://clinicabelba.com/en/tummy-tuck-barcelona/","x-default","https://clinicabelba.com/abdominoplastia-barcelona/","","","","","Indexable",""
"https://clinicabelba.com/de/bauchdeckenstraffung-barcelona/","Bauchdeckenstraffung in Barcelona - Bauchoperation - Klinik Belba","17","es-ES","https://clinicabelba.com/abdominoplastia-barcelona/","ru-RU","https://clinicabelba.com/ru/абдоминопластика-барселона/","uk","https://clinicabelba.com/uk/абдомінопластика-в-барселоні/","de-DE","https://clinicabelba.com/de/bauchdeckenstraffung-barcelona/","it-IT","https://clinicabelba.com/it/addominoplastica-barcellona/","nl-NL","https://clinicabelba.com/nl/buikwandcorrectie-barcelona/","ca","https://clinicabelba.com/ca/abdominoplastia-barcelona/","fr-FR","https://clinicabelba.com/fr/abdominoplastie-barcelone/","en-US","https://clinicabelba.com/en/tummy-tuck-barcelona/","es","https://clinicabelba.com/abdominoplastia-barcelona/","ru","https://clinicabelba.com/ru/абдоминопластика-барселона/","de","https://clinicabelba.com/de/bauchdeckenstraffung-barcelona/","it","https://clinicabelba.com/it/addominoplastica-barcellona/","nl","https://clinicabelba.com/nl/buikwandcorrectie-barcelona/","fr","https://clinicabelba.com/fr/abdominoplastie-barcelone/","en","https://clinicabelba.com/en/tummy-tuck-barcelona/","x-default","https://clinicabelba.com/abdominoplastia-barcelona/","","","","","Indexable",""
"https://clinicabelba.com/ca/abdominoplastia-barcelona/","Abdominoplàstia a Barcelona - Cirurgia Abdominal - Clínica Belba","17","es-ES","https://clinicabelba.com/abdominoplastia-barcelona/","ru-RU","https://clinicabelba.com/ru/абдоминопластика-барселона/","uk","https://clinicabelba.com/uk/абдомінопластика-в-барселоні/","de-DE","https://clinicabelba.com/de/bauchdeckenstraffung-barcelona/","it-IT","https://clinicabelba.com/it/addominoplastica-barcellona/","nl-NL","https://clinicabelba.com/nl/buikwandcorrectie-barcelona/","ca","https://clinicabelba.com/ca/abdominoplastia-barcelona/","fr-FR","https://clinicabelba.com/fr/abdominoplastie-barcelone/","en-US","https://clinicabelba.com/en/tummy-tuck-barcelona/","es","https://clinicabelba.com/abdominoplastia-barcelona/","ru","https://clinicabelba.com/ru/абдоминопластика-барселона/","de","https://clinicabelba.com/de/bauchdeckenstraffung-barcelona/","it","https://clinicabelba.com/it/addominoplastica-barcellona/","nl","https://clinicabelba.com/nl/buikwandcorrectie-barcelona/","fr","https://clinicabelba.com/fr/abdominoplastie-barcelone/","en","https://clinicabelba.com/en/tummy-tuck-barcelona/","x-default","https://clinicabelba.com/abdominoplastia-barcelona/","","","","","Indexable",""
"https://clinicabelba.com/ru/абдоминопластика-барселона/","Абдоминопластика в Барселоне - Пластика живота - Клиника Бельба","17","es-ES","https://clinicabelba.com/abdominoplastia-barcelona/","ru-RU","https://clinicabelba.com/ru/абдоминопластика-барселона/","uk","https://clinicabelba.com/uk/абдомінопластика-в-барселоні/","de-DE","https://clinicabelba.com/de/bauchdeckenstraffung-barcelona/","it-IT","https://clinicabelba.com/it/addominoplastica-barcellona/","nl-NL","https://clinicabelba.com/nl/buikwandcorrectie-barcelona/","ca","https://clinicabelba.com/ca/abdominoplastia-barcelona/","fr-FR","https://clinicabelba.com/fr/abdominoplastie-barcelone/","en-US","https://clinicabelba.com/en/tummy-tuck-barcelona/","es","https://clinicabelba.com/abdominoplastia-barcelona/","ru","https://clinicabelba.com/ru/абдоминопластика-барселона/","de","https://clinicabelba.com/de/bauchdeckenstraffung-barcelona/","it","https://clinicabelba.com/it/addominoplastica-barcellona/","nl","https://clinicabelba.com/nl/buikwandcorrectie-barcelona/","fr","https://clinicabelba.com/fr/abdominoplastie-barcelone/","en","https://clinicabelba.com/en/tummy-tuck-barcelona/","x-default","https://clinicabelba.com/abdominoplastia-barcelona/","","","","","Indexable",""
"https://clinicabelba.com/de/armheben/","Braquioplastik Barcelona oder Armstraffung | Klinik BELBA","17","es-ES","https://clinicabelba.com/lifting-de-brazos/","ru-RU","https://clinicabelba.com/ru/жим-руками/","uk","https://clinicabelba.com/uk/підтяжка-рук/","de-DE","https://clinicabelba.com/de/armheben/","it-IT","https://clinicabelba.com/it/sollevamento-delle-braccia/","nl-NL","https://clinicabelba.com/nl/armen-heffen/","ca","https://clinicabelba.com/ca/elevacio-de-bracos/","fr-FR","https://clinicabelba.com/fr/lifting-des-bras/","en-US","https://clinicabelba.com/en/arm-lift/","es","https://clinicabelba.com/lifting-de-brazos/","ru","https://clinicabelba.com/ru/жим-руками/","de","https://clinicabelba.com/de/armheben/","it","https://clinicabelba.com/it/sollevamento-delle-braccia/","nl","https://clinicabelba.com/nl/armen-heffen/","fr","https://clinicabelba.com/fr/lifting-des-bras/","en","https://clinicabelba.com/en/arm-lift/","x-default","https://clinicabelba.com/lifting-de-brazos/","","","","","Indexable",""
"https://clinicabelba.com/uk/підтяжка-рук/","Брахіопластика в Барселоні або підтяжка рук | Клініка BELBA","17","es-ES","https://clinicabelba.com/lifting-de-brazos/","ru-RU","https://clinicabelba.com/ru/жим-руками/","uk","https://clinicabelba.com/uk/підтяжка-рук/","de-DE","https://clinicabelba.com/de/armheben/","it-IT","https://clinicabelba.com/it/sollevamento-delle-braccia/","nl-NL","https://clinicabelba.com/nl/armen-heffen/","ca","https://clinicabelba.com/ca/elevacio-de-bracos/","fr-FR","https://clinicabelba.com/fr/lifting-des-bras/","en-US","https://clinicabelba.com/en/arm-lift/","es","https://clinicabelba.com/lifting-de-brazos/","ru","https://clinicabelba.com/ru/жим-руками/","de","https://clinicabelba.com/de/armheben/","it","https://clinicabelba.com/it/sollevamento-delle-braccia/","nl","https://clinicabelba.com/nl/armen-heffen/","fr","https://clinicabelba.com/fr/lifting-des-bras/","en","https://clinicabelba.com/en/arm-lift/","x-default","https://clinicabelba.com/lifting-de-brazos/","","","","","Indexable",""
"https://clinicabelba.com/ru/жим-руками/","Брахиопластика Барселона или Подтяжка рук | Клиника BELBA","17","es-ES","https://clinicabelba.com/lifting-de-brazos/","ru-RU","https://clinicabelba.com/ru/жим-руками/","uk","https://clinicabelba.com/uk/підтяжка-рук/","de-DE","https://clinicabelba.com/de/armheben/","it-IT","https://clinicabelba.com/it/sollevamento-delle-braccia/","nl-NL","https://clinicabelba.com/nl/armen-heffen/","ca","https://clinicabelba.com/ca/elevacio-de-bracos/","fr-FR","https://clinicabelba.com/fr/lifting-des-bras/","en-US","https://clinicabelba.com/en/arm-lift/","es","https://clinicabelba.com/lifting-de-brazos/","ru","https://clinicabelba.com/ru/жим-руками/","de","https://clinicabelba.com/de/armheben/","it","https://clinicabelba.com/it/sollevamento-delle-braccia/","nl","https://clinicabelba.com/nl/armen-heffen/","fr","https://clinicabelba.com/fr/lifting-des-bras/","en","https://clinicabelba.com/en/arm-lift/","x-default","https://clinicabelba.com/lifting-de-brazos/","","","","","Indexable",""
"https://clinicabelba.com/braquioplastia-o-liposuccion-de-brazos/","Braquioplastia o liposucción de brazos: diferencias reales","0","","","","","","","","","","","","","","","","","","","","","","","","","","","","","","","","","","","","","","","Indexable",""
"https://clinicabelba.com/ca/elevacio-de-bracos/","Braquioplàstia Barcelona o Coll/Esculpir braços | Clínica BELBA","17","es-ES","https://clinicabelba.com/lifting-de-brazos/","ru-RU","https://clinicabelba.com/ru/жим-руками/","uk","https://clinicabelba.com/uk/підтяжка-рук/","de-DE","https://clinicabelba.com/de/armheben/","it-IT","https://clinicabelba.com/it/sollevamento-delle-braccia/","nl-NL","https://clinicabelba.com/nl/armen-heffen/","ca","https://clinicabelba.com/ca/elevacio-de-bracos/","fr-FR","https://clinicabelba.com/fr/lifting-des-bras/","en-US","https://clinicabelba.com/en/arm-lift/","es","https://clinicabelba.com/lifting-de-brazos/","ru","https://clinicabelba.com/ru/жим-руками/","de","https://clinicabelba.com/de/armheben/","it","https://clinicabelba.com/it/sollevamento-delle-braccia/","nl","https://clinicabelba.com/nl/armen-heffen/","fr","https://clinicabelba.com/fr/lifting-des-bras/","en","https://clinicabelba.com/en/arm-lift/","x-default","https://clinicabelba.com/lifting-de-brazos/","","","","","Indexable",""
"https://clinicabelba.com/nl/armen-heffen/","Braquioplastiek Barcelona of Armlift | Clínica BELBA","17","es-ES","https://clinicabelba.com/lifting-de-brazos/","ru-RU","https://clinicabelba.com/ru/жим-руками/","uk","https://clinicabelba.com/uk/підтяжка-рук/","de-DE","https://clinicabelba.com/de/armheben/","it-IT","https://clinicabelba.com/it/sollevamento-delle-braccia/","nl-NL","https://clinicabelba.com/nl/armen-heffen/","ca","https://clinicabelba.com/ca/elevacio-de-bracos/","fr-FR","https://clinicabelba.com/fr/lifting-des-bras/","en-US","https://clinicabelba.com/en/arm-lift/","es","https://clinicabelba.com/lifting-de-brazos/","ru","https://clinicabelba.com/ru/жим-руками/","de","https://clinicabelba.com/de/armheben/","it","https://clinicabelba.com/it/sollevamento-delle-braccia/","nl","https://clinicabelba.com/nl/armen-heffen/","fr","https://clinicabelba.com/fr/lifting-des-bras/","en","https://clinicabelba.com/en/arm-lift/","x-default","https://clinicabelba.com/lifting-de-brazos/","","","","","Indexable",""
"https://clinicabelba.com/ru/политика-конфиденциальности/","Политика конфиденциальности | Клиника Бельба","17","es-ES","https://clinicabelba.com/politica-de-privacidad/","ru-RU","https://clinicabelba.com/ru/политика-конфиденциальности/","uk","https://clinicabelba.com/uk/політика-конфіденційності/","de-DE","https://clinicabelba.com/de/datenschutzrichtlinie/","it-IT","https://clinicabelba.com/it/politica-di-privacy/","nl-NL","https://clinicabelba.com/nl/privacybeleid/","ca","https://clinicabelba.com/ca/politica-de-privadesa/","fr-FR","https://clinicabelba.com/fr/politique-de-confidentialite/","en-US","https://clinicabelba.com/en/privacy-policy/","es","https://clinicabelba.com/politica-de-privacidad/","ru","https://clinicabelba.com/ru/политика-конфиденциальности/","de","https://clinicabelba.com/de/datenschutzrichtlinie/","it","https://clinicabelba.com/it/politica-di-privacy/","nl","https://clinicabelba.com/nl/privacybeleid/","fr","https://clinicabelba.com/fr/politique-de-confidentialite/","en","https://clinicabelba.com/en/privacy-policy/","x-default","https://clinicabelba.com/politica-de-privacidad/","","","","","Indexable",""
"https://clinicabelba.com/it/sollevamento-delle-braccia/","Braquioplastica Barcellona o Lifting delle Braccia | Clinica BELBA","17","es-ES","https://clinicabelba.com/lifting-de-brazos/","ru-RU","https://clinicabelba.com/ru/жим-руками/","uk","https://clinicabelba.com/uk/підтяжка-рук/","de-DE","https://clinicabelba.com/de/armheben/","it-IT","https://clinicabelba.com/it/sollevamento-delle-braccia/","nl-NL","https://clinicabelba.com/nl/armen-heffen/","ca","https://clinicabelba.com/ca/elevacio-de-bracos/","fr-FR","https://clinicabelba.com/fr/lifting-des-bras/","en-US","https://clinicabelba.com/en/arm-lift/","es","https://clinicabelba.com/lifting-de-brazos/","ru","https://clinicabelba.com/ru/жим-руками/","de","https://clinicabelba.com/de/armheben/","it","https://clinicabelba.com/it/sollevamento-delle-braccia/","nl","https://clinicabelba.com/nl/armen-heffen/","fr","https://clinicabelba.com/fr/lifting-des-bras/","en","https://clinicabelba.com/en/arm-lift/","x-default","https://clinicabelba.com/lifting-de-brazos/","","","","","Indexable",""
"https://clinicabelba.com/nl/privacybeleid/","Privacybeleid | Clinica Belba","17","es-ES","https://clinicabelba.com/politica-de-privacidad/","ru-RU","https://clinicabelba.com/ru/политика-конфиденциальности/","uk","https://clinicabelba.com/uk/політика-конфіденційності/","de-DE","https://clinicabelba.com/de/datenschutzrichtlinie/","it-IT","https://clinicabelba.com/it/politica-di-privacy/","nl-NL","https://clinicabelba.com/nl/privacybeleid/","ca","https://clinicabelba.com/ca/politica-de-privadesa/","fr-FR","https://clinicabelba.com/fr/politique-de-confidentialite/","en-US","https://clinicabelba.com/en/privacy-policy/","es","https://clinicabelba.com/politica-de-privacidad/","ru","https://clinicabelba.com/ru/политика-конфиденциальности/","de","https://clinicabelba.com/de/datenschutzrichtlinie/","it","https://clinicabelba.com/it/politica-di-privacy/","nl","https://clinicabelba.com/nl/privacybeleid/","fr","https://clinicabelba.com/fr/politique-de-confidentialite/","en","https://clinicabelba.com/en/privacy-policy/","x-default","https://clinicabelba.com/politica-de-privacidad/","","","","","Indexable",""
"https://clinicabelba.com/en/privacy-policy/","Privacy Policy | Clinica Belba","17","es-ES","https://clinicabelba.com/politica-de-privacidad/","ru-RU","https://clinicabelba.com/ru/политика-конфиденциальности/","uk","https://clinicabelba.com/uk/політика-конфіденційності/","de-DE","https://clinicabelba.com/de/datenschutzrichtlinie/","it-IT","https://clinicabelba.com/it/politica-di-privacy/","nl-NL","https://clinicabelba.com/nl/privacybeleid/","ca","https://clinicabelba.com/ca/politica-de-privadesa/","fr-FR","https://clinicabelba.com/fr/politique-de-confidentialite/","en-US","https://clinicabelba.com/en/privacy-policy/","es","https://clinicabelba.com/politica-de-privacidad/","ru","https://clinicabelba.com/ru/политика-конфиденциальности/","de","https://clinicabelba.com/de/datenschutzrichtlinie/","it","https://clinicabelba.com/it/politica-di-privacy/","nl","https://clinicabelba.com/nl/privacybeleid/","fr","https://clinicabelba.com/fr/politique-de-confidentialite/","en","https://clinicabelba.com/en/privacy-policy/","x-default","https://clinicabelba.com/politica-de-privacidad/","","","","","Indexable",""
"https://clinicabelba.com/uk/політика-конфіденційності/","Політика конфіденційності | Клініка «Белба»","17","es-ES","https://clinicabelba.com/politica-de-privacidad/","ru-RU","https://clinicabelba.com/ru/политика-конфиденциальности/","uk","https://clinicabelba.com/uk/політика-конфіденційності/","de-DE","https://clinicabelba.com/de/datenschutzrichtlinie/","it-IT","https://clinicabelba.com/it/politica-di-privacy/","nl-NL","https://clinicabelba.com/nl/privacybeleid/","ca","https://clinicabelba.com/ca/politica-de-privadesa/","fr-FR","https://clinicabelba.com/fr/politique-de-confidentialite/","en-US","https://clinicabelba.com/en/privacy-policy/","es","https://clinicabelba.com/politica-de-privacidad/","ru","https://clinicabelba.com/ru/политика-конфиденциальности/","de","https://clinicabelba.com/de/datenschutzrichtlinie/","it","https://clinicabelba.com/it/politica-di-privacy/","nl","https://clinicabelba.com/nl/privacybeleid/","fr","https://clinicabelba.com/fr/politique-de-confidentialite/","en","https://clinicabelba.com/en/privacy-policy/","x-default","https://clinicabelba.com/politica-de-privacidad/","","","","","Indexable",""
"https://clinicabelba.com/it/politica-di-privacy/","Politica sulla Privacy | Clinica Belba","17","es-ES","https://clinicabelba.com/politica-de-privacidad/","ru-RU","https://clinicabelba.com/ru/политика-конфиденциальности/","uk","https://clinicabelba.com/uk/політика-конфіденційності/","de-DE","https://clinicabelba.com/de/datenschutzrichtlinie/","it-IT","https://clinicabelba.com/it/politica-di-privacy/","nl-NL","https://clinicabelba.com/nl/privacybeleid/","ca","https://clinicabelba.com/ca/politica-de-privadesa/","fr-FR","https://clinicabelba.com/fr/politique-de-confidentialite/","en-US","https://clinicabelba.com/en/privacy-policy/","es","https://clinicabelba.com/politica-de-privacidad/","ru","https://clinicabelba.com/ru/политика-конфиденциальности/","de","https://clinicabelba.com/de/datenschutzrichtlinie/","it","https://clinicabelba.com/it/politica-di-privacy/","nl","https://clinicabelba.com/nl/privacybeleid/","fr","https://clinicabelba.com/fr/politique-de-confidentialite/","en","https://clinicabelba.com/en/privacy-policy/","x-default","https://clinicabelba.com/politica-de-privacidad/","","","","","Indexable",""
"https://clinicabelba.com/ca/politica-de-privadesa/","Política de privacitat | Clínica Belba","17","es-ES","https://clinicabelba.com/politica-de-privacidad/","ru-RU","https://clinicabelba.com/ru/политика-конфиденциальности/","uk","https://clinicabelba.com/uk/політика-конфіденційності/","de-DE","https://clinicabelba.com/de/datenschutzrichtlinie/","it-IT","https://clinicabelba.com/it/politica-di-privacy/","nl-NL","https://clinicabelba.com/nl/privacybeleid/","ca","https://clinicabelba.com/ca/politica-de-privadesa/","fr-FR","https://clinicabelba.com/fr/politique-de-confidentialite/","en-US","https://clinicabelba.com/en/privacy-policy/","es","https://clinicabelba.com/politica-de-privacidad/","ru","https://clinicabelba.com/ru/политика-конфиденциальности/","de","https://clinicabelba.com/de/datenschutzrichtlinie/","it","https://clinicabelba.com/it/politica-di-privacy/","nl","https://clinicabelba.com/nl/privacybeleid/","fr","https://clinicabelba.com/fr/politique-de-confidentialite/","en","https://clinicabelba.com/en/privacy-policy/","x-default","https://clinicabelba.com/politica-de-privacidad/","","","","","Indexable",""
"https://clinicabelba.com/cuanto-duran-protesis-pecho/","Cuánto duran los implantes de pecho y cuándo cambiarlas ✅","0","","","","","","","","","","","","","","","","","","","","","","","","","","","","","","","","","","","","","","","Indexable",""
"https://clinicabelba.com/de/datenschutzrichtlinie/","Datenschutzerklärung | Klinik Belba","17","es-ES","https://clinicabelba.com/politica-de-privacidad/","ru-RU","https://clinicabelba.com/ru/политика-конфиденциальности/","uk","https://clinicabelba.com/uk/політика-конфіденційності/","de-DE","https://clinicabelba.com/de/datenschutzrichtlinie/","it-IT","https://clinicabelba.com/it/politica-di-privacy/","nl-NL","https://clinicabelba.com/nl/privacybeleid/","ca","https://clinicabelba.com/ca/politica-de-privadesa/","fr-FR","https://clinicabelba.com/fr/politique-de-confidentialite/","en-US","https://clinicabelba.com/en/privacy-policy/","es","https://clinicabelba.com/politica-de-privacidad/","ru","https://clinicabelba.com/ru/политика-конфиденциальности/","de","https://clinicabelba.com/de/datenschutzrichtlinie/","it","https://clinicabelba.com/it/politica-di-privacy/","nl","https://clinicabelba.com/nl/privacybeleid/","fr","https://clinicabelba.com/fr/politique-de-confidentialite/","en","https://clinicabelba.com/en/privacy-policy/","x-default","https://clinicabelba.com/politica-de-privacidad/","","","","","Indexable",""
"https://clinicabelba.com/como-conseguir-aumento-pecho-natural-opciones-resultados/","Aumento de pecho natural: opciones y qué técnica elegir","0","","","","","","","","","","","","","","","","","","","","","","","","","","","","","","","","","","","","","","","Indexable",""
"https://clinicabelba.com/it/aumento-seno-barcellona/","Aumento del Seno Barcellona | Chirurgia Mammaria | Protesi","17","es-ES","https://clinicabelba.com/aumento-pecho-barcelona/","ru-RU","https://clinicabelba.com/ru/увеличение-груди-барселона/","uk","https://clinicabelba.com/uk/збільшення-грудей-у-барселоні/","de-DE","https://clinicabelba.com/de/brustvergroserung-barcelona/","it-IT","https://clinicabelba.com/it/aumento-seno-barcellona/","nl-NL","https://clinicabelba.com/nl/borstvergroting-barcelona/","ca","https://clinicabelba.com/ca/augment-de-pit-barcelona/","fr-FR","https://clinicabelba.com/fr/augmentation-mammaire-barcelone/","en-US","https://clinicabelba.com/en/breast-augmentation-barcelona/","es","https://clinicabelba.com/aumento-pecho-barcelona/","ru","https://clinicabelba.com/ru/увеличение-груди-барселона/","de","https://clinicabelba.com/de/brustvergroserung-barcelona/","it","https://clinicabelba.com/it/aumento-seno-barcellona/","nl","https://clinicabelba.com/nl/borstvergroting-barcelona/","fr","https://clinicabelba.com/fr/augmentation-mammaire-barcelone/","en","https://clinicabelba.com/en/breast-augmentation-barcelona/","x-default","https://clinicabelba.com/aumento-pecho-barcelona/","","","","","Indexable",""
"https://clinicabelba.com/que-tamano-protesis-pecho-elegir-aumento-de-pecho/","Qué tamaño de prótesis elegir para un aumento de pecho","0","","","","","","","","","","","","","","","","","","","","","","","","","","","","","","","","","","","","","","","Indexable",""
"https://clinicabelba.com/de/brustvergroserung-barcelona/","Brustvergrößerung Barcelona | Brustchirurgie | Implantate","17","es-ES","https://clinicabelba.com/aumento-pecho-barcelona/","ru-RU","https://clinicabelba.com/ru/увеличение-груди-барселона/","uk","https://clinicabelba.com/uk/збільшення-грудей-у-барселоні/","de-DE","https://clinicabelba.com/de/brustvergroserung-barcelona/","it-IT","https://clinicabelba.com/it/aumento-seno-barcellona/","nl-NL","https://clinicabelba.com/nl/borstvergroting-barcelona/","ca","https://clinicabelba.com/ca/augment-de-pit-barcelona/","fr-FR","https://clinicabelba.com/fr/augmentation-mammaire-barcelone/","en-US","https://clinicabelba.com/en/breast-augmentation-barcelona/","es","https://clinicabelba.com/aumento-pecho-barcelona/","ru","https://clinicabelba.com/ru/увеличение-груди-барселона/","de","https://clinicabelba.com/de/brustvergroserung-barcelona/","it","https://clinicabelba.com/it/aumento-seno-barcellona/","nl","https://clinicabelba.com/nl/borstvergroting-barcelona/","fr","https://clinicabelba.com/fr/augmentation-mammaire-barcelone/","en","https://clinicabelba.com/en/breast-augmentation-barcelona/","x-default","https://clinicabelba.com/aumento-pecho-barcelona/","","","","","Indexable",""
"https://clinicabelba.com/en/breast-augmentation-barcelona/","Breast Augmentation Barcelona | Breast Surgery | Implants","17","es-ES","https://clinicabelba.com/aumento-pecho-barcelona/","ru-RU","https://clinicabelba.com/ru/увеличение-груди-барселона/","uk","https://clinicabelba.com/uk/збільшення-грудей-у-барселоні/","de-DE","https://clinicabelba.com/de/brustvergroserung-barcelona/","it-IT","https://clinicabelba.com/it/aumento-seno-barcellona/","nl-NL","https://clinicabelba.com/nl/borstvergroting-barcelona/","ca","https://clinicabelba.com/ca/augment-de-pit-barcelona/","fr-FR","https://clinicabelba.com/fr/augmentation-mammaire-barcelone/","en-US","https://clinicabelba.com/en/breast-augmentation-barcelona/","es","https://clinicabelba.com/aumento-pecho-barcelona/","ru","https://clinicabelba.com/ru/увеличение-груди-барселона/","de","https://clinicabelba.com/de/brustvergroserung-barcelona/","it","https://clinicabelba.com/it/aumento-seno-barcellona/","nl","https://clinicabelba.com/nl/borstvergroting-barcelona/","fr","https://clinicabelba.com/fr/augmentation-mammaire-barcelone/","en","https://clinicabelba.com/en/breast-augmentation-barcelona/","x-default","https://clinicabelba.com/aumento-pecho-barcelona/","","","","","Indexable",""
"https://clinicabelba.com/protesis-motiva-ventajas-duracion-resultados/","Prótesis Motiva: ventajas, tipos, duración y resultados reales","0","","","","","","","","","","","","","","","","","","","","","","","","","","","","","","","","","","","","","","","Indexable",""
"https://clinicabelba.com/uk/збільшення-грудей-у-барселоні/","Збільшення грудей у Барселоні | Пластична хірургія грудей | Імплантати","17","es-ES","https://clinicabelba.com/aumento-pecho-barcelona/","ru-RU","https://clinicabelba.com/ru/увеличение-груди-барселона/","uk","https://clinicabelba.com/uk/збільшення-грудей-у-барселоні/","de-DE","https://clinicabelba.com/de/brustvergroserung-barcelona/","it-IT","https://clinicabelba.com/it/aumento-seno-barcellona/","nl-NL","https://clinicabelba.com/nl/borstvergroting-barcelona/","ca","https://clinicabelba.com/ca/augment-de-pit-barcelona/","fr-FR","https://clinicabelba.com/fr/augmentation-mammaire-barcelone/","en-US","https://clinicabelba.com/en/breast-augmentation-barcelona/","es","https://clinicabelba.com/aumento-pecho-barcelona/","ru","https://clinicabelba.com/ru/увеличение-груди-барселона/","de","https://clinicabelba.com/de/brustvergroserung-barcelona/","it","https://clinicabelba.com/it/aumento-seno-barcellona/","nl","https://clinicabelba.com/nl/borstvergroting-barcelona/","fr","https://clinicabelba.com/fr/augmentation-mammaire-barcelone/","en","https://clinicabelba.com/en/breast-augmentation-barcelona/","x-default","https://clinicabelba.com/aumento-pecho-barcelona/","","","","","Indexable",""
"https://clinicabelba.com/recuperacion-aumento-pecho-tiempos-cuidados-evolucion/","Tiempo recuperación mamoplastia de aumento | Clinica belba","0","","","","","","","","","","","","","","","","","","","","","","","","","","","","","","","","","","","","","","","Indexable",""
"https://clinicabelba.com/cuando-hacer-ejercicio-despues-aumento-pecho/","Cuándo hacer ejercicio después de un aumento de pecho ☝","0","","","","","","","","","","","","","","","","","","","","","","","","","","","","","","","","","","","","","","","Indexable",""
"https://clinicabelba.com/ca/augment-de-pit-barcelona/","Augmentació de Pit Barcelona | Cirurgia Mamària | Pròtesis","17","es-ES","https://clinicabelba.com/aumento-pecho-barcelona/","ru-RU","https://clinicabelba.com/ru/увеличение-груди-барселона/","uk","https://clinicabelba.com/uk/збільшення-грудей-у-барселоні/","de-DE","https://clinicabelba.com/de/brustvergroserung-barcelona/","it-IT","https://clinicabelba.com/it/aumento-seno-barcellona/","nl-NL","https://clinicabelba.com/nl/borstvergroting-barcelona/","ca","https://clinicabelba.com/ca/augment-de-pit-barcelona/","fr-FR","https://clinicabelba.com/fr/augmentation-mammaire-barcelone/","en-US","https://clinicabelba.com/en/breast-augmentation-barcelona/","es","https://clinicabelba.com/aumento-pecho-barcelona/","ru","https://clinicabelba.com/ru/увеличение-груди-барселона/","de","https://clinicabelba.com/de/brustvergroserung-barcelona/","it","https://clinicabelba.com/it/aumento-seno-barcellona/","nl","https://clinicabelba.com/nl/borstvergroting-barcelona/","fr","https://clinicabelba.com/fr/augmentation-mammaire-barcelone/","en","https://clinicabelba.com/en/breast-augmentation-barcelona/","x-default","https://clinicabelba.com/aumento-pecho-barcelona/","","","","","Indexable",""
"https://clinicabelba.com/nl/borstvergroting-barcelona/","Borstvergroting Barcelona | Borstchirurgie | Implantaten","17","es-ES","https://clinicabelba.com/aumento-pecho-barcelona/","ru-RU","https://clinicabelba.com/ru/увеличение-груди-барселона/","uk","https://clinicabelba.com/uk/збільшення-грудей-у-барселоні/","de-DE","https://clinicabelba.com/de/brustvergroserung-barcelona/","it-IT","https://clinicabelba.com/it/aumento-seno-barcellona/","nl-NL","https://clinicabelba.com/nl/borstvergroting-barcelona/","ca","https://clinicabelba.com/ca/augment-de-pit-barcelona/","fr-FR","https://clinicabelba.com/fr/augmentation-mammaire-barcelone/","en-US","https://clinicabelba.com/en/breast-augmentation-barcelona/","es","https://clinicabelba.com/aumento-pecho-barcelona/","ru","https://clinicabelba.com/ru/увеличение-груди-барселона/","de","https://clinicabelba.com/de/brustvergroserung-barcelona/","it","https://clinicabelba.com/it/aumento-seno-barcellona/","nl","https://clinicabelba.com/nl/borstvergroting-barcelona/","fr","https://clinicabelba.com/fr/augmentation-mammaire-barcelone/","en","https://clinicabelba.com/en/breast-augmentation-barcelona/","x-default","https://clinicabelba.com/aumento-pecho-barcelona/","","","","","Indexable",""
"https://clinicabelba.com/ru/увеличение-груди-барселона/","Увеличение груди в Барселоне | Маммопластика | Импланты","17","es-ES","https://clinicabelba.com/aumento-pecho-barcelona/","ru-RU","https://clinicabelba.com/ru/увеличение-груди-барселона/","uk","https://clinicabelba.com/uk/збільшення-грудей-у-барселоні/","de-DE","https://clinicabelba.com/de/brustvergroserung-barcelona/","it-IT","https://clinicabelba.com/it/aumento-seno-barcellona/","nl-NL","https://clinicabelba.com/nl/borstvergroting-barcelona/","ca","https://clinicabelba.com/ca/augment-de-pit-barcelona/","fr-FR","https://clinicabelba.com/fr/augmentation-mammaire-barcelone/","en-US","https://clinicabelba.com/en/breast-augmentation-barcelona/","es","https://clinicabelba.com/aumento-pecho-barcelona/","ru","https://clinicabelba.com/ru/увеличение-груди-барселона/","de","https://clinicabelba.com/de/brustvergroserung-barcelona/","it","https://clinicabelba.com/it/aumento-seno-barcellona/","nl","https://clinicabelba.com/nl/borstvergroting-barcelona/","fr","https://clinicabelba.com/fr/augmentation-mammaire-barcelone/","en","https://clinicabelba.com/en/breast-augmentation-barcelona/","x-default","https://clinicabelba.com/aumento-pecho-barcelona/","","","","","Indexable",""
"https://clinicabelba.com/nl/biljartkeu-grens/","Bilvergroting in Barcelona | Met Hyaluronzuur | BBL","17","es-ES","https://clinicabelba.com/aumento-de-gluteos-barcelona/","ru-RU","https://clinicabelba.com/ru/увеличение-яго/","uk","https://clinicabelba.com/uk/збільшення-сідниць-у-барселоні/","de-DE","https://clinicabelba.com/de/gesasvergroserung-barcelona/","it-IT","https://clinicabelba.com/it/aumento-di-glutei-barcellona/","nl-NL","https://clinicabelba.com/nl/biljartkeu-grens/","ca","https://clinicabelba.com/ca/augment-de-glutis-barcelona/","fr-FR","https://clinicabelba.com/fr/augmentation-des-fessiers-barcelone/","en-US","https://clinicabelba.com/en/buttock-augmentation-barcelona/","es","https://clinicabelba.com/aumento-de-gluteos-barcelona/","ru","https://clinicabelba.com/ru/увеличение-яго/","de","https://clinicabelba.com/de/gesasvergroserung-barcelona/","it","https://clinicabelba.com/it/aumento-di-glutei-barcellona/","nl","https://clinicabelba.com/nl/biljartkeu-grens/","fr","https://clinicabelba.com/fr/augmentation-des-fessiers-barcelone/","en","https://clinicabelba.com/en/buttock-augmentation-barcelona/","x-default","https://clinicabelba.com/aumento-de-gluteos-barcelona/","","","","","Indexable",""
"https://clinicabelba.com/it/aumento-di-glutei-barcellona/","Aumento di glutei a Barcellona | Con acido ialuronico | BBL","17","es-ES","https://clinicabelba.com/aumento-de-gluteos-barcelona/","ru-RU","https://clinicabelba.com/ru/увеличение-яго/","uk","https://clinicabelba.com/uk/збільшення-сідниць-у-барселоні/","de-DE","https://clinicabelba.com/de/gesasvergroserung-barcelona/","it-IT","https://clinicabelba.com/it/aumento-di-glutei-barcellona/","nl-NL","https://clinicabelba.com/nl/biljartkeu-grens/","ca","https://clinicabelba.com/ca/augment-de-glutis-barcelona/","fr-FR","https://clinicabelba.com/fr/augmentation-des-fessiers-barcelone/","en-US","https://clinicabelba.com/en/buttock-augmentation-barcelona/","es","https://clinicabelba.com/aumento-de-gluteos-barcelona/","ru","https://clinicabelba.com/ru/увеличение-яго/","de","https://clinicabelba.com/de/gesasvergroserung-barcelona/","it","https://clinicabelba.com/it/aumento-di-glutei-barcellona/","nl","https://clinicabelba.com/nl/biljartkeu-grens/","fr","https://clinicabelba.com/fr/augmentation-des-fessiers-barcelone/","en","https://clinicabelba.com/en/buttock-augmentation-barcelona/","x-default","https://clinicabelba.com/aumento-de-gluteos-barcelona/","","","","","Indexable",""
"https://clinicabelba.com/uk/збільшення-сідниць-у-барселоні/","Збільшення сідниць у Барселоні | З використанням гіалуронової кислоти | BBL","17","es-ES","https://clinicabelba.com/aumento-de-gluteos-barcelona/","ru-RU","https://clinicabelba.com/ru/увеличение-яго/","uk","https://clinicabelba.com/uk/збільшення-сідниць-у-барселоні/","de-DE","https://clinicabelba.com/de/gesasvergroserung-barcelona/","it-IT","https://clinicabelba.com/it/aumento-di-glutei-barcellona/","nl-NL","https://clinicabelba.com/nl/biljartkeu-grens/","ca","https://clinicabelba.com/ca/augment-de-glutis-barcelona/","fr-FR","https://clinicabelba.com/fr/augmentation-des-fessiers-barcelone/","en-US","https://clinicabelba.com/en/buttock-augmentation-barcelona/","es","https://clinicabelba.com/aumento-de-gluteos-barcelona/","ru","https://clinicabelba.com/ru/увеличение-яго/","de","https://clinicabelba.com/de/gesasvergroserung-barcelona/","it","https://clinicabelba.com/it/aumento-di-glutei-barcellona/","nl","https://clinicabelba.com/nl/biljartkeu-grens/","fr","https://clinicabelba.com/fr/augmentation-des-fessiers-barcelone/","en","https://clinicabelba.com/en/buttock-augmentation-barcelona/","x-default","https://clinicabelba.com/aumento-de-gluteos-barcelona/","","","","","Indexable",""
"https://clinicabelba.com/ru/увеличение-яго/","Увеличение ягодиц в Барселоне | С гиалуроновой кислотой | BBL","17","es-ES","https://clinicabelba.com/aumento-de-gluteos-barcelona/","ru-RU","https://clinicabelba.com/ru/увеличение-яго/","uk","https://clinicabelba.com/uk/збільшення-сідниць-у-барселоні/","de-DE","https://clinicabelba.com/de/gesasvergroserung-barcelona/","it-IT","https://clinicabelba.com/it/aumento-di-glutei-barcellona/","nl-NL","https://clinicabelba.com/nl/biljartkeu-grens/","ca","https://clinicabelba.com/ca/augment-de-glutis-barcelona/","fr-FR","https://clinicabelba.com/fr/augmentation-des-fessiers-barcelone/","en-US","https://clinicabelba.com/en/buttock-augmentation-barcelona/","es","https://clinicabelba.com/aumento-de-gluteos-barcelona/","ru","https://clinicabelba.com/ru/увеличение-яго/","de","https://clinicabelba.com/de/gesasvergroserung-barcelona/","it","https://clinicabelba.com/it/aumento-di-glutei-barcellona/","nl","https://clinicabelba.com/nl/biljartkeu-grens/","fr","https://clinicabelba.com/fr/augmentation-des-fessiers-barcelone/","en","https://clinicabelba.com/en/buttock-augmentation-barcelona/","x-default","https://clinicabelba.com/aumento-de-gluteos-barcelona/","","","","","Indexable",""
"https://clinicabelba.com/ca/augment-de-glutis-barcelona/","Augment de glutis a Barcelona | Amb Àcid Hialurònic | BBL","17","es-ES","https://clinicabelba.com/aumento-de-gluteos-barcelona/","ru-RU","https://clinicabelba.com/ru/увеличение-яго/","uk","https://clinicabelba.com/uk/збільшення-сідниць-у-барселоні/","de-DE","https://clinicabelba.com/de/gesasvergroserung-barcelona/","it-IT","https://clinicabelba.com/it/aumento-di-glutei-barcellona/","nl-NL","https://clinicabelba.com/nl/biljartkeu-grens/","ca","https://clinicabelba.com/ca/augment-de-glutis-barcelona/","fr-FR","https://clinicabelba.com/fr/augmentation-des-fessiers-barcelone/","en-US","https://clinicabelba.com/en/buttock-augmentation-barcelona/","es","https://clinicabelba.com/aumento-de-gluteos-barcelona/","ru","https://clinicabelba.com/ru/увеличение-яго/","de","https://clinicabelba.com/de/gesasvergroserung-barcelona/","it","https://clinicabelba.com/it/aumento-di-glutei-barcellona/","nl","https://clinicabelba.com/nl/biljartkeu-grens/","fr","https://clinicabelba.com/fr/augmentation-des-fessiers-barcelone/","en","https://clinicabelba.com/en/buttock-augmentation-barcelona/","x-default","https://clinicabelba.com/aumento-de-gluteos-barcelona/","","","","","Indexable",""
"https://clinicabelba.com/de/gesasvergroserung-barcelona/","Gesäßvergrößerung in Barcelona | Mit Hyaluronsäure | BBL","17","es-ES","https://clinicabelba.com/aumento-de-gluteos-barcelona/","ru-RU","https://clinicabelba.com/ru/увеличение-яго/","uk","https://clinicabelba.com/uk/збільшення-сідниць-у-барселоні/","de-DE","https://clinicabelba.com/de/gesasvergroserung-barcelona/","it-IT","https://clinicabelba.com/it/aumento-di-glutei-barcellona/","nl-NL","https://clinicabelba.com/nl/biljartkeu-grens/","ca","https://clinicabelba.com/ca/augment-de-glutis-barcelona/","fr-FR","https://clinicabelba.com/fr/augmentation-des-fessiers-barcelone/","en-US","https://clinicabelba.com/en/buttock-augmentation-barcelona/","es","https://clinicabelba.com/aumento-de-gluteos-barcelona/","ru","https://clinicabelba.com/ru/увеличение-яго/","de","https://clinicabelba.com/de/gesasvergroserung-barcelona/","it","https://clinicabelba.com/it/aumento-di-glutei-barcellona/","nl","https://clinicabelba.com/nl/biljartkeu-grens/","fr","https://clinicabelba.com/fr/augmentation-des-fessiers-barcelone/","en","https://clinicabelba.com/en/buttock-augmentation-barcelona/","x-default","https://clinicabelba.com/aumento-de-gluteos-barcelona/","","","","","Indexable",""
"https://clinicabelba.com/en/vaginoplasty/","【 Vaginoplastia en Barcelona | Renovación vaginal 】®","17","es-ES","https://clinicabelba.com/vaginoplastia/","ru-RU","https://clinicabelba.com/ru/вагинопластика/","uk","https://clinicabelba.com/uk/вагінопластика/","de-DE","https://clinicabelba.com/de/vaginoplastik/","it-IT","https://clinicabelba.com/it/vaginoplastica/","nl-NL","https://clinicabelba.com/nl/vaginoplastiek/","ca","https://clinicabelba.com/ca/vaginoplastia/","fr-FR","https://clinicabelba.com/fr/vaginoplastie/","en-US","https://clinicabelba.com/en/vaginoplasty/","es","https://clinicabelba.com/vaginoplastia/","ru","https://clinicabelba.com/ru/вагинопластика/","de","https://clinicabelba.com/de/vaginoplastik/","it","https://clinicabelba.com/it/vaginoplastica/","nl","https://clinicabelba.com/nl/vaginoplastiek/","fr","https://clinicabelba.com/fr/vaginoplastie/","en","https://clinicabelba.com/en/vaginoplasty/","x-default","https://clinicabelba.com/vaginoplastia/","","","","","Indexable",""
"https://clinicabelba.com/uk/вагінопластика/","【 Вагінопластика в Барселоні | Омолодження піхви 】®","17","es-ES","https://clinicabelba.com/vaginoplastia/","ru-RU","https://clinicabelba.com/ru/вагинопластика/","uk","https://clinicabelba.com/uk/вагінопластика/","de-DE","https://clinicabelba.com/de/vaginoplastik/","it-IT","https://clinicabelba.com/it/vaginoplastica/","nl-NL","https://clinicabelba.com/nl/vaginoplastiek/","ca","https://clinicabelba.com/ca/vaginoplastia/","fr-FR","https://clinicabelba.com/fr/vaginoplastie/","en-US","https://clinicabelba.com/en/vaginoplasty/","es","https://clinicabelba.com/vaginoplastia/","ru","https://clinicabelba.com/ru/вагинопластика/","de","https://clinicabelba.com/de/vaginoplastik/","it","https://clinicabelba.com/it/vaginoplastica/","nl","https://clinicabelba.com/nl/vaginoplastiek/","fr","https://clinicabelba.com/fr/vaginoplastie/","en","https://clinicabelba.com/en/vaginoplasty/","x-default","https://clinicabelba.com/vaginoplastia/","","","","","Indexable",""
"https://clinicabelba.com/it/vaginoplastica/","Vaginoplastica a Barcellona | Rinnova Vaginale ®","17","es-ES","https://clinicabelba.com/vaginoplastia/","ru-RU","https://clinicabelba.com/ru/вагинопластика/","uk","https://clinicabelba.com/uk/вагінопластика/","de-DE","https://clinicabelba.com/de/vaginoplastik/","it-IT","https://clinicabelba.com/it/vaginoplastica/","nl-NL","https://clinicabelba.com/nl/vaginoplastiek/","ca","https://clinicabelba.com/ca/vaginoplastia/","fr-FR","https://clinicabelba.com/fr/vaginoplastie/","en-US","https://clinicabelba.com/en/vaginoplasty/","es","https://clinicabelba.com/vaginoplastia/","ru","https://clinicabelba.com/ru/вагинопластика/","de","https://clinicabelba.com/de/vaginoplastik/","it","https://clinicabelba.com/it/vaginoplastica/","nl","https://clinicabelba.com/nl/vaginoplastiek/","fr","https://clinicabelba.com/fr/vaginoplastie/","en","https://clinicabelba.com/en/vaginoplasty/","x-default","https://clinicabelba.com/vaginoplastia/","","","","","Indexable",""
"https://clinicabelba.com/nl/vaginoplastiek/","【 Vaginoplastiek in Barcelona | Vaginale verjonging 】®","17","es-ES","https://clinicabelba.com/vaginoplastia/","ru-RU","https://clinicabelba.com/ru/вагинопластика/","uk","https://clinicabelba.com/uk/вагінопластика/","de-DE","https://clinicabelba.com/de/vaginoplastik/","it-IT","https://clinicabelba.com/it/vaginoplastica/","nl-NL","https://clinicabelba.com/nl/vaginoplastiek/","ca","https://clinicabelba.com/ca/vaginoplastia/","fr-FR","https://clinicabelba.com/fr/vaginoplastie/","en-US","https://clinicabelba.com/en/vaginoplasty/","es","https://clinicabelba.com/vaginoplastia/","ru","https://clinicabelba.com/ru/вагинопластика/","de","https://clinicabelba.com/de/vaginoplastik/","it","https://clinicabelba.com/it/vaginoplastica/","nl","https://clinicabelba.com/nl/vaginoplastiek/","fr","https://clinicabelba.com/fr/vaginoplastie/","en","https://clinicabelba.com/en/vaginoplasty/","x-default","https://clinicabelba.com/vaginoplastia/","","","","","Indexable",""
"https://clinicabelba.com/ru/вагинопластика/","【 Вагинопластика в Барселоне | Омоложение влагалища 】®","17","es-ES","https://clinicabelba.com/vaginoplastia/","ru-RU","https://clinicabelba.com/ru/вагинопластика/","uk","https://clinicabelba.com/uk/вагінопластика/","de-DE","https://clinicabelba.com/de/vaginoplastik/","it-IT","https://clinicabelba.com/it/vaginoplastica/","nl-NL","https://clinicabelba.com/nl/vaginoplastiek/","ca","https://clinicabelba.com/ca/vaginoplastia/","fr-FR","https://clinicabelba.com/fr/vaginoplastie/","en-US","https://clinicabelba.com/en/vaginoplasty/","es","https://clinicabelba.com/vaginoplastia/","ru","https://clinicabelba.com/ru/вагинопластика/","de","https://clinicabelba.com/de/vaginoplastik/","it","https://clinicabelba.com/it/vaginoplastica/","nl","https://clinicabelba.com/nl/vaginoplastiek/","fr","https://clinicabelba.com/fr/vaginoplastie/","en","https://clinicabelba.com/en/vaginoplasty/","x-default","https://clinicabelba.com/vaginoplastia/","","","","","Indexable",""
"https://clinicabelba.com/de/vaginoplastik/","Vaginoplastik in Barcelona | Vaginale Erneuerung","17","es-ES","https://clinicabelba.com/vaginoplastia/","ru-RU","https://clinicabelba.com/ru/вагинопластика/","uk","https://clinicabelba.com/uk/вагінопластика/","de-DE","https://clinicabelba.com/de/vaginoplastik/","it-IT","https://clinicabelba.com/it/vaginoplastica/","nl-NL","https://clinicabelba.com/nl/vaginoplastiek/","ca","https://clinicabelba.com/ca/vaginoplastia/","fr-FR","https://clinicabelba.com/fr/vaginoplastie/","en-US","https://clinicabelba.com/en/vaginoplasty/","es","https://clinicabelba.com/vaginoplastia/","ru","https://clinicabelba.com/ru/вагинопластика/","de","https://clinicabelba.com/de/vaginoplastik/","it","https://clinicabelba.com/it/vaginoplastica/","nl","https://clinicabelba.com/nl/vaginoplastiek/","fr","https://clinicabelba.com/fr/vaginoplastie/","en","https://clinicabelba.com/en/vaginoplasty/","x-default","https://clinicabelba.com/vaginoplastia/","","","","","Indexable",""
"https://clinicabelba.com/ca/vaginoplastia/","Vaginoplàstia a Barcelona | Rejoveniment vaginal","17","es-ES","https://clinicabelba.com/vaginoplastia/","ru-RU","https://clinicabelba.com/ru/вагинопластика/","uk","https://clinicabelba.com/uk/вагінопластика/","de-DE","https://clinicabelba.com/de/vaginoplastik/","it-IT","https://clinicabelba.com/it/vaginoplastica/","nl-NL","https://clinicabelba.com/nl/vaginoplastiek/","ca","https://clinicabelba.com/ca/vaginoplastia/","fr-FR","https://clinicabelba.com/fr/vaginoplastie/","en-US","https://clinicabelba.com/en/vaginoplasty/","es","https://clinicabelba.com/vaginoplastia/","ru","https://clinicabelba.com/ru/вагинопластика/","de","https://clinicabelba.com/de/vaginoplastik/","it","https://clinicabelba.com/it/vaginoplastica/","nl","https://clinicabelba.com/nl/vaginoplastiek/","fr","https://clinicabelba.com/fr/vaginoplastie/","en","https://clinicabelba.com/en/vaginoplasty/","x-default","https://clinicabelba.com/vaginoplastia/","","","","","Indexable",""
"https://clinicabelba.com/it/aumento-del-seno-preservato/","Aumento del Seno Preservato | Clinica Belba ® N°1","17","es-ES","https://clinicabelba.com/aumento-pecho-preserve/","ru-RU","https://clinicabelba.com/ru/увеличить-грудь-сохранить/","uk","https://clinicabelba.com/uk/збільшення-грудей-з-збереженням-форм/","de-DE","https://clinicabelba.com/de/brustvergroserung-erhalten/","it-IT","https://clinicabelba.com/it/aumento-del-seno-preservato/","nl-NL","https://clinicabelba.com/nl/borstvergroting-bewaren/","ca","https://clinicabelba.com/ca/augment-de-pit-preserve/","fr-FR","https://clinicabelba.com/fr/augmentation-mammaire-sans-alteration-de-laspect-naturel/","en-US","https://clinicabelba.com/en/breast-augmentation-preserve/","es","https://clinicabelba.com/aumento-pecho-preserve/","ru","https://clinicabelba.com/ru/увеличить-грудь-сохранить/","de","https://clinicabelba.com/de/brustvergroserung-erhalten/","it","https://clinicabelba.com/it/aumento-del-seno-preservato/","nl","https://clinicabelba.com/nl/borstvergroting-bewaren/","fr","https://clinicabelba.com/fr/augmentation-mammaire-sans-alteration-de-laspect-naturel/","en","https://clinicabelba.com/en/breast-augmentation-preserve/","x-default","https://clinicabelba.com/aumento-pecho-preserve/","","","","","Indexable",""
"https://clinicabelba.com/nl/borstvergroting-bewaren/","Borstvergroting - Kliniek Belba N°1","17","es-ES","https://clinicabelba.com/aumento-pecho-preserve/","ru-RU","https://clinicabelba.com/ru/увеличить-грудь-сохранить/","uk","https://clinicabelba.com/uk/збільшення-грудей-з-збереженням-форм/","de-DE","https://clinicabelba.com/de/brustvergroserung-erhalten/","it-IT","https://clinicabelba.com/it/aumento-del-seno-preservato/","nl-NL","https://clinicabelba.com/nl/borstvergroting-bewaren/","ca","https://clinicabelba.com/ca/augment-de-pit-preserve/","fr-FR","https://clinicabelba.com/fr/augmentation-mammaire-sans-alteration-de-laspect-naturel/","en-US","https://clinicabelba.com/en/breast-augmentation-preserve/","es","https://clinicabelba.com/aumento-pecho-preserve/","ru","https://clinicabelba.com/ru/увеличить-грудь-сохранить/","de","https://clinicabelba.com/de/brustvergroserung-erhalten/","it","https://clinicabelba.com/it/aumento-del-seno-preservato/","nl","https://clinicabelba.com/nl/borstvergroting-bewaren/","fr","https://clinicabelba.com/fr/augmentation-mammaire-sans-alteration-de-laspect-naturel/","en","https://clinicabelba.com/en/breast-augmentation-preserve/","x-default","https://clinicabelba.com/aumento-pecho-preserve/","","","","","Indexable",""
"https://clinicabelba.com/de/brustvergroserung-erhalten/","Brustvergrößerung Preservé | Clinica Belba ® Nr. 1","17","es-ES","https://clinicabelba.com/aumento-pecho-preserve/","ru-RU","https://clinicabelba.com/ru/увеличить-грудь-сохранить/","uk","https://clinicabelba.com/uk/збільшення-грудей-з-збереженням-форм/","de-DE","https://clinicabelba.com/de/brustvergroserung-erhalten/","it-IT","https://clinicabelba.com/it/aumento-del-seno-preservato/","nl-NL","https://clinicabelba.com/nl/borstvergroting-bewaren/","ca","https://clinicabelba.com/ca/augment-de-pit-preserve/","fr-FR","https://clinicabelba.com/fr/augmentation-mammaire-sans-alteration-de-laspect-naturel/","en-US","https://clinicabelba.com/en/breast-augmentation-preserve/","es","https://clinicabelba.com/aumento-pecho-preserve/","ru","https://clinicabelba.com/ru/увеличить-грудь-сохранить/","de","https://clinicabelba.com/de/brustvergroserung-erhalten/","it","https://clinicabelba.com/it/aumento-del-seno-preservato/","nl","https://clinicabelba.com/nl/borstvergroting-bewaren/","fr","https://clinicabelba.com/fr/augmentation-mammaire-sans-alteration-de-laspect-naturel/","en","https://clinicabelba.com/en/breast-augmentation-preserve/","x-default","https://clinicabelba.com/aumento-pecho-preserve/","","","","","Indexable",""
"https://clinicabelba.com/uk/збільшення-грудей-з-збереженням-форм/","Збільшення грудей методом «Preservé» | Клініка Belba ® № 1","17","es-ES","https://clinicabelba.com/aumento-pecho-preserve/","ru-RU","https://clinicabelba.com/ru/увеличить-грудь-сохранить/","uk","https://clinicabelba.com/uk/збільшення-грудей-з-збереженням-форм/","de-DE","https://clinicabelba.com/de/brustvergroserung-erhalten/","it-IT","https://clinicabelba.com/it/aumento-del-seno-preservato/","nl-NL","https://clinicabelba.com/nl/borstvergroting-bewaren/","ca","https://clinicabelba.com/ca/augment-de-pit-preserve/","fr-FR","https://clinicabelba.com/fr/augmentation-mammaire-sans-alteration-de-laspect-naturel/","en-US","https://clinicabelba.com/en/breast-augmentation-preserve/","es","https://clinicabelba.com/aumento-pecho-preserve/","ru","https://clinicabelba.com/ru/увеличить-грудь-сохранить/","de","https://clinicabelba.com/de/brustvergroserung-erhalten/","it","https://clinicabelba.com/it/aumento-del-seno-preservato/","nl","https://clinicabelba.com/nl/borstvergroting-bewaren/","fr","https://clinicabelba.com/fr/augmentation-mammaire-sans-alteration-de-laspect-naturel/","en","https://clinicabelba.com/en/breast-augmentation-preserve/","x-default","https://clinicabelba.com/aumento-pecho-preserve/","","","","","Indexable",""
"https://clinicabelba.com/ca/augment-de-pit-preserve/","Augment de pit conservador | Clinica Belba ® Núm. 1","17","es-ES","https://clinicabelba.com/aumento-pecho-preserve/","ru-RU","https://clinicabelba.com/ru/увеличить-грудь-сохранить/","uk","https://clinicabelba.com/uk/збільшення-грудей-з-збереженням-форм/","de-DE","https://clinicabelba.com/de/brustvergroserung-erhalten/","it-IT","https://clinicabelba.com/it/aumento-del-seno-preservato/","nl-NL","https://clinicabelba.com/nl/borstvergroting-bewaren/","ca","https://clinicabelba.com/ca/augment-de-pit-preserve/","fr-FR","https://clinicabelba.com/fr/augmentation-mammaire-sans-alteration-de-laspect-naturel/","en-US","https://clinicabelba.com/en/breast-augmentation-preserve/","es","https://clinicabelba.com/aumento-pecho-preserve/","ru","https://clinicabelba.com/ru/увеличить-грудь-сохранить/","de","https://clinicabelba.com/de/brustvergroserung-erhalten/","it","https://clinicabelba.com/it/aumento-del-seno-preservato/","nl","https://clinicabelba.com/nl/borstvergroting-bewaren/","fr","https://clinicabelba.com/fr/augmentation-mammaire-sans-alteration-de-laspect-naturel/","en","https://clinicabelba.com/en/breast-augmentation-preserve/","x-default","https://clinicabelba.com/aumento-pecho-preserve/","","","","","Indexable",""
"https://clinicabelba.com/ru/увеличить-грудь-сохранить/","Увеличение груди Preservé | Клиника Belba ® №1","17","es-ES","https://clinicabelba.com/aumento-pecho-preserve/","ru-RU","https://clinicabelba.com/ru/увеличить-грудь-сохранить/","uk","https://clinicabelba.com/uk/збільшення-грудей-з-збереженням-форм/","de-DE","https://clinicabelba.com/de/brustvergroserung-erhalten/","it-IT","https://clinicabelba.com/it/aumento-del-seno-preservato/","nl-NL","https://clinicabelba.com/nl/borstvergroting-bewaren/","ca","https://clinicabelba.com/ca/augment-de-pit-preserve/","fr-FR","https://clinicabelba.com/fr/augmentation-mammaire-sans-alteration-de-laspect-naturel/","en-US","https://clinicabelba.com/en/breast-augmentation-preserve/","es","https://clinicabelba.com/aumento-pecho-preserve/","ru","https://clinicabelba.com/ru/увеличить-грудь-сохранить/","de","https://clinicabelba.com/de/brustvergroserung-erhalten/","it","https://clinicabelba.com/it/aumento-del-seno-preservato/","nl","https://clinicabelba.com/nl/borstvergroting-bewaren/","fr","https://clinicabelba.com/fr/augmentation-mammaire-sans-alteration-de-laspect-naturel/","en","https://clinicabelba.com/en/breast-augmentation-preserve/","x-default","https://clinicabelba.com/aumento-pecho-preserve/","","","","","Indexable",""
"https://clinicabelba.com/en/breast-augmentation-preserve/","Breast Augmentation Preserved | Belba Clinic ® No. 1","17","es-ES","https://clinicabelba.com/aumento-pecho-preserve/","ru-RU","https://clinicabelba.com/ru/увеличить-грудь-сохранить/","uk","https://clinicabelba.com/uk/збільшення-грудей-з-збереженням-форм/","de-DE","https://clinicabelba.com/de/brustvergroserung-erhalten/","it-IT","https://clinicabelba.com/it/aumento-del-seno-preservato/","nl-NL","https://clinicabelba.com/nl/borstvergroting-bewaren/","ca","https://clinicabelba.com/ca/augment-de-pit-preserve/","fr-FR","https://clinicabelba.com/fr/augmentation-mammaire-sans-alteration-de-laspect-naturel/","en-US","https://clinicabelba.com/en/breast-augmentation-preserve/","es","https://clinicabelba.com/aumento-pecho-preserve/","ru","https://clinicabelba.com/ru/увеличить-грудь-сохранить/","de","https://clinicabelba.com/de/brustvergroserung-erhalten/","it","https://clinicabelba.com/it/aumento-del-seno-preservato/","nl","https://clinicabelba.com/nl/borstvergroting-bewaren/","fr","https://clinicabelba.com/fr/augmentation-mammaire-sans-alteration-de-laspect-naturel/","en","https://clinicabelba.com/en/breast-augmentation-preserve/","x-default","https://clinicabelba.com/aumento-pecho-preserve/","","","","","Indexable",""
"https://clinicabelba.com/uk/блефаропластика-до-і-після/","【 Блефаропластика: до і після | Клініка «Белба» 】◁","17","es-ES","https://clinicabelba.com/blefaroplastia-antes-y-despues/","ru-RU","https://clinicabelba.com/ru/блефаропластика-до-и-после/","uk","https://clinicabelba.com/uk/блефаропластика-до-і-після/","de-DE","https://clinicabelba.com/de/blepharoplastik-vorher-und-nachher/","it-IT","https://clinicabelba.com/it/blefaroplastica-prima-e-dopo/","nl-NL","https://clinicabelba.com/nl/blefaroplastiek-voor-en-na/","ca","https://clinicabelba.com/ca/blefaroplastia-abans-i-despres/","fr-FR","https://clinicabelba.com/fr/blepharoplastie-avant-et-apres/","en-US","https://clinicabelba.com/en/blepharoplasty-before-and-after/","es","https://clinicabelba.com/blefaroplastia-antes-y-despues/","ru","https://clinicabelba.com/ru/блефаропластика-до-и-после/","de","https://clinicabelba.com/de/blepharoplastik-vorher-und-nachher/","it","https://clinicabelba.com/it/blefaroplastica-prima-e-dopo/","nl","https://clinicabelba.com/nl/blefaroplastiek-voor-en-na/","fr","https://clinicabelba.com/fr/blepharoplastie-avant-et-apres/","en","https://clinicabelba.com/en/blepharoplasty-before-and-after/","x-default","https://clinicabelba.com/blefaroplastia-antes-y-despues/","","","","","Indexable",""
"https://clinicabelba.com/it/blefaroplastica-prima-e-dopo/","Blefaroplastica Prima e Dopo | Clinica Belba","17","es-ES","https://clinicabelba.com/blefaroplastia-antes-y-despues/","ru-RU","https://clinicabelba.com/ru/блефаропластика-до-и-после/","uk","https://clinicabelba.com/uk/блефаропластика-до-і-після/","de-DE","https://clinicabelba.com/de/blepharoplastik-vorher-und-nachher/","it-IT","https://clinicabelba.com/it/blefaroplastica-prima-e-dopo/","nl-NL","https://clinicabelba.com/nl/blefaroplastiek-voor-en-na/","ca","https://clinicabelba.com/ca/blefaroplastia-abans-i-despres/","fr-FR","https://clinicabelba.com/fr/blepharoplastie-avant-et-apres/","en-US","https://clinicabelba.com/en/blepharoplasty-before-and-after/","es","https://clinicabelba.com/blefaroplastia-antes-y-despues/","ru","https://clinicabelba.com/ru/блефаропластика-до-и-после/","de","https://clinicabelba.com/de/blepharoplastik-vorher-und-nachher/","it","https://clinicabelba.com/it/blefaroplastica-prima-e-dopo/","nl","https://clinicabelba.com/nl/blefaroplastiek-voor-en-na/","fr","https://clinicabelba.com/fr/blepharoplastie-avant-et-apres/","en","https://clinicabelba.com/en/blepharoplasty-before-and-after/","x-default","https://clinicabelba.com/blefaroplastia-antes-y-despues/","","","","","Indexable",""
"https://clinicabelba.com/nl/blefaroplastiek-voor-en-na/","【 Plastische ooglidcorrectie voor en na | Clinica Belba 】◁","17","es-ES","https://clinicabelba.com/blefaroplastia-antes-y-despues/","ru-RU","https://clinicabelba.com/ru/блефаропластика-до-и-после/","uk","https://clinicabelba.com/uk/блефаропластика-до-і-після/","de-DE","https://clinicabelba.com/de/blepharoplastik-vorher-und-nachher/","it-IT","https://clinicabelba.com/it/blefaroplastica-prima-e-dopo/","nl-NL","https://clinicabelba.com/nl/blefaroplastiek-voor-en-na/","ca","https://clinicabelba.com/ca/blefaroplastia-abans-i-despres/","fr-FR","https://clinicabelba.com/fr/blepharoplastie-avant-et-apres/","en-US","https://clinicabelba.com/en/blepharoplasty-before-and-after/","es","https://clinicabelba.com/blefaroplastia-antes-y-despues/","ru","https://clinicabelba.com/ru/блефаропластика-до-и-после/","de","https://clinicabelba.com/de/blepharoplastik-vorher-und-nachher/","it","https://clinicabelba.com/it/blefaroplastica-prima-e-dopo/","nl","https://clinicabelba.com/nl/blefaroplastiek-voor-en-na/","fr","https://clinicabelba.com/fr/blepharoplastie-avant-et-apres/","en","https://clinicabelba.com/en/blepharoplasty-before-and-after/","x-default","https://clinicabelba.com/blefaroplastia-antes-y-despues/","","","","","Indexable",""
"https://clinicabelba.com/ru/блефаропластика-до-и-после/","【 блефаропластика до и после | Клиника Бельба 】◁","17","es-ES","https://clinicabelba.com/blefaroplastia-antes-y-despues/","ru-RU","https://clinicabelba.com/ru/блефаропластика-до-и-после/","uk","https://clinicabelba.com/uk/блефаропластика-до-і-після/","de-DE","https://clinicabelba.com/de/blepharoplastik-vorher-und-nachher/","it-IT","https://clinicabelba.com/it/blefaroplastica-prima-e-dopo/","nl-NL","https://clinicabelba.com/nl/blefaroplastiek-voor-en-na/","ca","https://clinicabelba.com/ca/blefaroplastia-abans-i-despres/","fr-FR","https://clinicabelba.com/fr/blepharoplastie-avant-et-apres/","en-US","https://clinicabelba.com/en/blepharoplasty-before-and-after/","es","https://clinicabelba.com/blefaroplastia-antes-y-despues/","ru","https://clinicabelba.com/ru/блефаропластика-до-и-после/","de","https://clinicabelba.com/de/blepharoplastik-vorher-und-nachher/","it","https://clinicabelba.com/it/blefaroplastica-prima-e-dopo/","nl","https://clinicabelba.com/nl/blefaroplastiek-voor-en-na/","fr","https://clinicabelba.com/fr/blepharoplastie-avant-et-apres/","en","https://clinicabelba.com/en/blepharoplasty-before-and-after/","x-default","https://clinicabelba.com/blefaroplastia-antes-y-despues/","","","","","Indexable",""
"https://clinicabelba.com/de/blepharoplastik-vorher-und-nachher/","Lidstraffung Vorher und Nachher | Klinik Belba","17","es-ES","https://clinicabelba.com/blefaroplastia-antes-y-despues/","ru-RU","https://clinicabelba.com/ru/блефаропластика-до-и-после/","uk","https://clinicabelba.com/uk/блефаропластика-до-і-після/","de-DE","https://clinicabelba.com/de/blepharoplastik-vorher-und-nachher/","it-IT","https://clinicabelba.com/it/blefaroplastica-prima-e-dopo/","nl-NL","https://clinicabelba.com/nl/blefaroplastiek-voor-en-na/","ca","https://clinicabelba.com/ca/blefaroplastia-abans-i-despres/","fr-FR","https://clinicabelba.com/fr/blepharoplastie-avant-et-apres/","en-US","https://clinicabelba.com/en/blepharoplasty-before-and-after/","es","https://clinicabelba.com/blefaroplastia-antes-y-despues/","ru","https://clinicabelba.com/ru/блефаропластика-до-и-после/","de","https://clinicabelba.com/de/blepharoplastik-vorher-und-nachher/","it","https://clinicabelba.com/it/blefaroplastica-prima-e-dopo/","nl","https://clinicabelba.com/nl/blefaroplastiek-voor-en-na/","fr","https://clinicabelba.com/fr/blepharoplastie-avant-et-apres/","en","https://clinicabelba.com/en/blepharoplasty-before-and-after/","x-default","https://clinicabelba.com/blefaroplastia-antes-y-despues/","","","","","Indexable",""
"https://clinicabelba.com/ca/blefaroplastia-abans-i-despres/","【 Blefaroplàstia Abans i Després | Belba Clinic 】◁","17","es-ES","https://clinicabelba.com/blefaroplastia-antes-y-despues/","ru-RU","https://clinicabelba.com/ru/блефаропластика-до-и-после/","uk","https://clinicabelba.com/uk/блефаропластика-до-і-після/","de-DE","https://clinicabelba.com/de/blepharoplastik-vorher-und-nachher/","it-IT","https://clinicabelba.com/it/blefaroplastica-prima-e-dopo/","nl-NL","https://clinicabelba.com/nl/blefaroplastiek-voor-en-na/","ca","https://clinicabelba.com/ca/blefaroplastia-abans-i-despres/","fr-FR","https://clinicabelba.com/fr/blepharoplastie-avant-et-apres/","en-US","https://clinicabelba.com/en/blepharoplasty-before-and-after/","es","https://clinicabelba.com/blefaroplastia-antes-y-despues/","ru","https://clinicabelba.com/ru/блефаропластика-до-и-после/","de","https://clinicabelba.com/de/blepharoplastik-vorher-und-nachher/","it","https://clinicabelba.com/it/blefaroplastica-prima-e-dopo/","nl","https://clinicabelba.com/nl/blefaroplastiek-voor-en-na/","fr","https://clinicabelba.com/fr/blepharoplastie-avant-et-apres/","en","https://clinicabelba.com/en/blepharoplasty-before-and-after/","x-default","https://clinicabelba.com/blefaroplastia-antes-y-despues/","","","","","Indexable",""
"https://clinicabelba.com/drfelixchavarriacirugiaplastica/","Dr. Félix Chavarría, cirujano plástico | Clínica Belba","17","es-ES","https://clinicabelba.com/drfelixchavarriacirugiaplastica/","ru-RU","https://clinicabelba.com/ru/дрфеликсчаварриацируджиапластика/","uk","https://clinicabelba.com/uk/drfelixchavarriacirugiaplastica/","de-DE","https://clinicabelba.com/de/dr-felix-chavarria-plastische-chirurgie/","it-IT","https://clinicabelba.com/it/dr-felix-chavarria-chirurgia-plastica/","nl-NL","https://clinicabelba.com/nl/drfelixchavarriacirugiaplastica/","ca","https://clinicabelba.com/ca/drfelixchavarriacirugiaplastica/","fr-FR","https://clinicabelba.com/fr/drfelixchavarriacirugiaplastica/","en-US","https://clinicabelba.com/en/drfelixchavarriacirugiaplastica/","es","https://clinicabelba.com/drfelixchavarriacirugiaplastica/","ru","https://clinicabelba.com/ru/дрфеликсчаварриацируджиапластика/","de","https://clinicabelba.com/de/dr-felix-chavarria-plastische-chirurgie/","it","https://clinicabelba.com/it/dr-felix-chavarria-chirurgia-plastica/","nl","https://clinicabelba.com/nl/drfelixchavarriacirugiaplastica/","fr","https://clinicabelba.com/fr/drfelixchavarriacirugiaplastica/","en","https://clinicabelba.com/en/drfelixchavarriacirugiaplastica/","x-default","https://clinicabelba.com/drfelixchavarriacirugiaplastica/","","","","","Indexable",""
"https://clinicabelba.com/nl/wie-zijn-wij/","Wie zijn wij | Clinica Belba","17","es-ES","https://clinicabelba.com/quienes-somos/","ru-RU","https://clinicabelba.com/ru/кто-мы/","uk","https://clinicabelba.com/uk/про-нас/","de-DE","https://clinicabelba.com/de/wer-wir-sind/","it-IT","https://clinicabelba.com/it/chi-siamo/","nl-NL","https://clinicabelba.com/nl/wie-zijn-wij/","ca","https://clinicabelba.com/ca/qui-som/","fr-FR","https://clinicabelba.com/fr/qui-sommes-nous/","en-US","https://clinicabelba.com/en/who-are-we/","es","https://clinicabelba.com/quienes-somos/","ru","https://clinicabelba.com/ru/кто-мы/","de","https://clinicabelba.com/de/wer-wir-sind/","it","https://clinicabelba.com/it/chi-siamo/","nl","https://clinicabelba.com/nl/wie-zijn-wij/","fr","https://clinicabelba.com/fr/qui-sommes-nous/","en","https://clinicabelba.com/en/who-are-we/","x-default","https://clinicabelba.com/quienes-somos/","","","","","Indexable",""
"https://clinicabelba.com/ca/qui-som/","Qui som | Clínica Belba","17","es-ES","https://clinicabelba.com/quienes-somos/","ru-RU","https://clinicabelba.com/ru/кто-мы/","uk","https://clinicabelba.com/uk/про-нас/","de-DE","https://clinicabelba.com/de/wer-wir-sind/","it-IT","https://clinicabelba.com/it/chi-siamo/","nl-NL","https://clinicabelba.com/nl/wie-zijn-wij/","ca","https://clinicabelba.com/ca/qui-som/","fr-FR","https://clinicabelba.com/fr/qui-sommes-nous/","en-US","https://clinicabelba.com/en/who-are-we/","es","https://clinicabelba.com/quienes-somos/","ru","https://clinicabelba.com/ru/кто-мы/","de","https://clinicabelba.com/de/wer-wir-sind/","it","https://clinicabelba.com/it/chi-siamo/","nl","https://clinicabelba.com/nl/wie-zijn-wij/","fr","https://clinicabelba.com/fr/qui-sommes-nous/","en","https://clinicabelba.com/en/who-are-we/","x-default","https://clinicabelba.com/quienes-somos/","","","","","Indexable",""
"https://clinicabelba.com/de/wer-wir-sind/","Wer wir sind | Klinik Belba","17","es-ES","https://clinicabelba.com/quienes-somos/","ru-RU","https://clinicabelba.com/ru/кто-мы/","uk","https://clinicabelba.com/uk/про-нас/","de-DE","https://clinicabelba.com/de/wer-wir-sind/","it-IT","https://clinicabelba.com/it/chi-siamo/","nl-NL","https://clinicabelba.com/nl/wie-zijn-wij/","ca","https://clinicabelba.com/ca/qui-som/","fr-FR","https://clinicabelba.com/fr/qui-sommes-nous/","en-US","https://clinicabelba.com/en/who-are-we/","es","https://clinicabelba.com/quienes-somos/","ru","https://clinicabelba.com/ru/кто-мы/","de","https://clinicabelba.com/de/wer-wir-sind/","it","https://clinicabelba.com/it/chi-siamo/","nl","https://clinicabelba.com/nl/wie-zijn-wij/","fr","https://clinicabelba.com/fr/qui-sommes-nous/","en","https://clinicabelba.com/en/who-are-we/","x-default","https://clinicabelba.com/quienes-somos/","","","","","Indexable",""
"https://clinicabelba.com/uk/про-нас/","Про нас | Клініка «Белба»","17","es-ES","https://clinicabelba.com/quienes-somos/","ru-RU","https://clinicabelba.com/ru/кто-мы/","uk","https://clinicabelba.com/uk/про-нас/","de-DE","https://clinicabelba.com/de/wer-wir-sind/","it-IT","https://clinicabelba.com/it/chi-siamo/","nl-NL","https://clinicabelba.com/nl/wie-zijn-wij/","ca","https://clinicabelba.com/ca/qui-som/","fr-FR","https://clinicabelba.com/fr/qui-sommes-nous/","en-US","https://clinicabelba.com/en/who-are-we/","es","https://clinicabelba.com/quienes-somos/","ru","https://clinicabelba.com/ru/кто-мы/","de","https://clinicabelba.com/de/wer-wir-sind/","it","https://clinicabelba.com/it/chi-siamo/","nl","https://clinicabelba.com/nl/wie-zijn-wij/","fr","https://clinicabelba.com/fr/qui-sommes-nous/","en","https://clinicabelba.com/en/who-are-we/","x-default","https://clinicabelba.com/quienes-somos/","","","","","Indexable",""
"https://clinicabelba.com/it/chi-siamo/","Chi Siamo | Clinica Belba","17","es-ES","https://clinicabelba.com/quienes-somos/","ru-RU","https://clinicabelba.com/ru/кто-мы/","uk","https://clinicabelba.com/uk/про-нас/","de-DE","https://clinicabelba.com/de/wer-wir-sind/","it-IT","https://clinicabelba.com/it/chi-siamo/","nl-NL","https://clinicabelba.com/nl/wie-zijn-wij/","ca","https://clinicabelba.com/ca/qui-som/","fr-FR","https://clinicabelba.com/fr/qui-sommes-nous/","en-US","https://clinicabelba.com/en/who-are-we/","es","https://clinicabelba.com/quienes-somos/","ru","https://clinicabelba.com/ru/кто-мы/","de","https://clinicabelba.com/de/wer-wir-sind/","it","https://clinicabelba.com/it/chi-siamo/","nl","https://clinicabelba.com/nl/wie-zijn-wij/","fr","https://clinicabelba.com/fr/qui-sommes-nous/","en","https://clinicabelba.com/en/who-are-we/","x-default","https://clinicabelba.com/quienes-somos/","","","","","Indexable",""
"https://clinicabelba.com/drdewevercirugiaplastica/","Dr Mike Dewever | Cirugía Plástica | Clinica Belba","17","es-ES","https://clinicabelba.com/drdewevercirugiaplastica/","ru-RU","https://clinicabelba.com/ru/ждрдеверхирургияпластическая/","uk","https://clinicabelba.com/uk/drdeweverпластичнахірургія/","de-DE","https://clinicabelba.com/de/dr-dewever-plastische-chirurgie/","it-IT","https://clinicabelba.com/it/drdeweverchirurgiaplastica/","nl-NL","https://clinicabelba.com/nl/drdeweverplastischechirurgie/","ca","https://clinicabelba.com/ca/drdewevercirugiaplastica/","fr-FR","https://clinicabelba.com/fr/drdeweverplasticsurgery/","en-US","https://clinicabelba.com/en/drdewevercosmeticsurgery/","es","https://clinicabelba.com/drdewevercirugiaplastica/","ru","https://clinicabelba.com/ru/ждрдеверхирургияпластическая/","de","https://clinicabelba.com/de/dr-dewever-plastische-chirurgie/","it","https://clinicabelba.com/it/drdeweverchirurgiaplastica/","nl","https://clinicabelba.com/nl/drdeweverplastischechirurgie/","fr","https://clinicabelba.com/fr/drdeweverplasticsurgery/","en","https://clinicabelba.com/en/drdewevercosmeticsurgery/","x-default","https://clinicabelba.com/drdewevercirugiaplastica/","","","","","Indexable",""
"https://clinicabelba.com/ru/кто-мы/","Кто мы | Клиника Бельба","17","es-ES","https://clinicabelba.com/quienes-somos/","ru-RU","https://clinicabelba.com/ru/кто-мы/","uk","https://clinicabelba.com/uk/про-нас/","de-DE","https://clinicabelba.com/de/wer-wir-sind/","it-IT","https://clinicabelba.com/it/chi-siamo/","nl-NL","https://clinicabelba.com/nl/wie-zijn-wij/","ca","https://clinicabelba.com/ca/qui-som/","fr-FR","https://clinicabelba.com/fr/qui-sommes-nous/","en-US","https://clinicabelba.com/en/who-are-we/","es","https://clinicabelba.com/quienes-somos/","ru","https://clinicabelba.com/ru/кто-мы/","de","https://clinicabelba.com/de/wer-wir-sind/","it","https://clinicabelba.com/it/chi-siamo/","nl","https://clinicabelba.com/nl/wie-zijn-wij/","fr","https://clinicabelba.com/fr/qui-sommes-nous/","en","https://clinicabelba.com/en/who-are-we/","x-default","https://clinicabelba.com/quienes-somos/","","","","","Indexable",""
"https://clinicabelba.com/en/who-are-we/","Who We Are | Clinica Belba","17","es-ES","https://clinicabelba.com/quienes-somos/","ru-RU","https://clinicabelba.com/ru/кто-мы/","uk","https://clinicabelba.com/uk/про-нас/","de-DE","https://clinicabelba.com/de/wer-wir-sind/","it-IT","https://clinicabelba.com/it/chi-siamo/","nl-NL","https://clinicabelba.com/nl/wie-zijn-wij/","ca","https://clinicabelba.com/ca/qui-som/","fr-FR","https://clinicabelba.com/fr/qui-sommes-nous/","en-US","https://clinicabelba.com/en/who-are-we/","es","https://clinicabelba.com/quienes-somos/","ru","https://clinicabelba.com/ru/кто-мы/","de","https://clinicabelba.com/de/wer-wir-sind/","it","https://clinicabelba.com/it/chi-siamo/","nl","https://clinicabelba.com/nl/wie-zijn-wij/","fr","https://clinicabelba.com/fr/qui-sommes-nous/","en","https://clinicabelba.com/en/who-are-we/","x-default","https://clinicabelba.com/quienes-somos/","","","","","Indexable",""
"https://clinicabelba.com/ca/lobuloplastia-barcelona/","【 Lobuloplàstia Barcelona | Correcció lòbul orelles 】®","17","es-ES","https://clinicabelba.com/lobuloplastia-barcelona/","ru-RU","https://clinicabelba.com/ru/лобулопластика-барселона/","uk","https://clinicabelba.com/uk/лобулопластика-в-барселоні/","de-DE","https://clinicabelba.com/de/lobuloplastik-barcelona/","it-IT","https://clinicabelba.com/it/lobuloplastica-barcellona/","nl-NL","https://clinicabelba.com/nl/lobuloplastiek-barcelona/","ca","https://clinicabelba.com/ca/lobuloplastia-barcelona/","fr-FR","https://clinicabelba.com/fr/lobuloplastia-barcelona/","en-US","https://clinicabelba.com/en/lobuloplasty-barcelona/","es","https://clinicabelba.com/lobuloplastia-barcelona/","ru","https://clinicabelba.com/ru/лобулопластика-барселона/","de","https://clinicabelba.com/de/lobuloplastik-barcelona/","it","https://clinicabelba.com/it/lobuloplastica-barcellona/","nl","https://clinicabelba.com/nl/lobuloplastiek-barcelona/","fr","https://clinicabelba.com/fr/lobuloplastia-barcelona/","en","https://clinicabelba.com/en/lobuloplasty-barcelona/","x-default","https://clinicabelba.com/lobuloplastia-barcelona/","","","","","Indexable",""
"https://clinicabelba.com/ru/лобулопластика-барселона/","【 Лобопластика Барселона | Коррекция мочек ушей 】®","17","es-ES","https://clinicabelba.com/lobuloplastia-barcelona/","ru-RU","https://clinicabelba.com/ru/лобулопластика-барселона/","uk","https://clinicabelba.com/uk/лобулопластика-в-барселоні/","de-DE","https://clinicabelba.com/de/lobuloplastik-barcelona/","it-IT","https://clinicabelba.com/it/lobuloplastica-barcellona/","nl-NL","https://clinicabelba.com/nl/lobuloplastiek-barcelona/","ca","https://clinicabelba.com/ca/lobuloplastia-barcelona/","fr-FR","https://clinicabelba.com/fr/lobuloplastia-barcelona/","en-US","https://clinicabelba.com/en/lobuloplasty-barcelona/","es","https://clinicabelba.com/lobuloplastia-barcelona/","ru","https://clinicabelba.com/ru/лобулопластика-барселона/","de","https://clinicabelba.com/de/lobuloplastik-barcelona/","it","https://clinicabelba.com/it/lobuloplastica-barcellona/","nl","https://clinicabelba.com/nl/lobuloplastiek-barcelona/","fr","https://clinicabelba.com/fr/lobuloplastia-barcelona/","en","https://clinicabelba.com/en/lobuloplasty-barcelona/","x-default","https://clinicabelba.com/lobuloplastia-barcelona/","","","","","Indexable",""
"https://clinicabelba.com/en/lobuloplasty-barcelona/","Lobuloplasty Barcelona | Ear Lobe Correction","17","es-ES","https://clinicabelba.com/lobuloplastia-barcelona/","ru-RU","https://clinicabelba.com/ru/лобулопластика-барселона/","uk","https://clinicabelba.com/uk/лобулопластика-в-барселоні/","de-DE","https://clinicabelba.com/de/lobuloplastik-barcelona/","it-IT","https://clinicabelba.com/it/lobuloplastica-barcellona/","nl-NL","https://clinicabelba.com/nl/lobuloplastiek-barcelona/","ca","https://clinicabelba.com/ca/lobuloplastia-barcelona/","fr-FR","https://clinicabelba.com/fr/lobuloplastia-barcelona/","en-US","https://clinicabelba.com/en/lobuloplasty-barcelona/","es","https://clinicabelba.com/lobuloplastia-barcelona/","ru","https://clinicabelba.com/ru/лобулопластика-барселона/","de","https://clinicabelba.com/de/lobuloplastik-barcelona/","it","https://clinicabelba.com/it/lobuloplastica-barcellona/","nl","https://clinicabelba.com/nl/lobuloplastiek-barcelona/","fr","https://clinicabelba.com/fr/lobuloplastia-barcelona/","en","https://clinicabelba.com/en/lobuloplasty-barcelona/","x-default","https://clinicabelba.com/lobuloplastia-barcelona/","","","","","Indexable",""
"https://clinicabelba.com/uk/лобулопластика-в-барселоні/","【 Лобулопластика в Барселоні | Корекція мочок вух 】®","17","es-ES","https://clinicabelba.com/lobuloplastia-barcelona/","ru-RU","https://clinicabelba.com/ru/лобулопластика-барселона/","uk","https://clinicabelba.com/uk/лобулопластика-в-барселоні/","de-DE","https://clinicabelba.com/de/lobuloplastik-barcelona/","it-IT","https://clinicabelba.com/it/lobuloplastica-barcellona/","nl-NL","https://clinicabelba.com/nl/lobuloplastiek-barcelona/","ca","https://clinicabelba.com/ca/lobuloplastia-barcelona/","fr-FR","https://clinicabelba.com/fr/lobuloplastia-barcelona/","en-US","https://clinicabelba.com/en/lobuloplasty-barcelona/","es","https://clinicabelba.com/lobuloplastia-barcelona/","ru","https://clinicabelba.com/ru/лобулопластика-барселона/","de","https://clinicabelba.com/de/lobuloplastik-barcelona/","it","https://clinicabelba.com/it/lobuloplastica-barcellona/","nl","https://clinicabelba.com/nl/lobuloplastiek-barcelona/","fr","https://clinicabelba.com/fr/lobuloplastia-barcelona/","en","https://clinicabelba.com/en/lobuloplasty-barcelona/","x-default","https://clinicabelba.com/lobuloplastia-barcelona/","","","","","Indexable",""
"https://clinicabelba.com/it/lobuloplastica-barcellona/","Lobuloplastica Barcellona | Correzione Lobi Orecchie","17","es-ES","https://clinicabelba.com/lobuloplastia-barcelona/","ru-RU","https://clinicabelba.com/ru/лобулопластика-барселона/","uk","https://clinicabelba.com/uk/лобулопластика-в-барселоні/","de-DE","https://clinicabelba.com/de/lobuloplastik-barcelona/","it-IT","https://clinicabelba.com/it/lobuloplastica-barcellona/","nl-NL","https://clinicabelba.com/nl/lobuloplastiek-barcelona/","ca","https://clinicabelba.com/ca/lobuloplastia-barcelona/","fr-FR","https://clinicabelba.com/fr/lobuloplastia-barcelona/","en-US","https://clinicabelba.com/en/lobuloplasty-barcelona/","es","https://clinicabelba.com/lobuloplastia-barcelona/","ru","https://clinicabelba.com/ru/лобулопластика-барселона/","de","https://clinicabelba.com/de/lobuloplastik-barcelona/","it","https://clinicabelba.com/it/lobuloplastica-barcellona/","nl","https://clinicabelba.com/nl/lobuloplastiek-barcelona/","fr","https://clinicabelba.com/fr/lobuloplastia-barcelona/","en","https://clinicabelba.com/en/lobuloplasty-barcelona/","x-default","https://clinicabelba.com/lobuloplastia-barcelona/","","","","","Indexable",""
"https://clinicabelba.com/de/lobuloplastik-barcelona/","Lobuloplastik Barcelona | Korrektur Ohrläppchen ®","17","es-ES","https://clinicabelba.com/lobuloplastia-barcelona/","ru-RU","https://clinicabelba.com/ru/лобулопластика-барселона/","uk","https://clinicabelba.com/uk/лобулопластика-в-барселоні/","de-DE","https://clinicabelba.com/de/lobuloplastik-barcelona/","it-IT","https://clinicabelba.com/it/lobuloplastica-barcellona/","nl-NL","https://clinicabelba.com/nl/lobuloplastiek-barcelona/","ca","https://clinicabelba.com/ca/lobuloplastia-barcelona/","fr-FR","https://clinicabelba.com/fr/lobuloplastia-barcelona/","en-US","https://clinicabelba.com/en/lobuloplasty-barcelona/","es","https://clinicabelba.com/lobuloplastia-barcelona/","ru","https://clinicabelba.com/ru/лобулопластика-барселона/","de","https://clinicabelba.com/de/lobuloplastik-barcelona/","it","https://clinicabelba.com/it/lobuloplastica-barcellona/","nl","https://clinicabelba.com/nl/lobuloplastiek-barcelona/","fr","https://clinicabelba.com/fr/lobuloplastia-barcelona/","en","https://clinicabelba.com/en/lobuloplasty-barcelona/","x-default","https://clinicabelba.com/lobuloplastia-barcelona/","","","","","Indexable",""
"https://clinicabelba.com/nl/lobuloplastiek-barcelona/","Lobuloplastiek Barcelona | Oorlelcorrectie ®","17","es-ES","https://clinicabelba.com/lobuloplastia-barcelona/","ru-RU","https://clinicabelba.com/ru/лобулопластика-барселона/","uk","https://clinicabelba.com/uk/лобулопластика-в-барселоні/","de-DE","https://clinicabelba.com/de/lobuloplastik-barcelona/","it-IT","https://clinicabelba.com/it/lobuloplastica-barcellona/","nl-NL","https://clinicabelba.com/nl/lobuloplastiek-barcelona/","ca","https://clinicabelba.com/ca/lobuloplastia-barcelona/","fr-FR","https://clinicabelba.com/fr/lobuloplastia-barcelona/","en-US","https://clinicabelba.com/en/lobuloplasty-barcelona/","es","https://clinicabelba.com/lobuloplastia-barcelona/","ru","https://clinicabelba.com/ru/лобулопластика-барселона/","de","https://clinicabelba.com/de/lobuloplastik-barcelona/","it","https://clinicabelba.com/it/lobuloplastica-barcellona/","nl","https://clinicabelba.com/nl/lobuloplastiek-barcelona/","fr","https://clinicabelba.com/fr/lobuloplastia-barcelona/","en","https://clinicabelba.com/en/lobuloplasty-barcelona/","x-default","https://clinicabelba.com/lobuloplastia-barcelona/","","","","","Indexable",""
"https://clinicabelba.com/en/cookie-policy/","Política de cookies | Clinica Belba","17","es-ES","https://clinicabelba.com/politica-de-cookies/","ru-RU","https://clinicabelba.com/ru/политика-использования-файлов-cookie/","uk","https://clinicabelba.com/uk/політика-щодо-файлів-cookie/","de-DE","https://clinicabelba.com/de/cookie-richtlinie/","it-IT","https://clinicabelba.com/it/politica-dei-cookie/","nl-NL","https://clinicabelba.com/nl/cookiebeleid/","ca","https://clinicabelba.com/ca/politica-de-cookies/","fr-FR","https://clinicabelba.com/fr/politique-de-cookies/","en-US","https://clinicabelba.com/en/cookie-policy/","es","https://clinicabelba.com/politica-de-cookies/","ru","https://clinicabelba.com/ru/политика-использования-файлов-cookie/","de","https://clinicabelba.com/de/cookie-richtlinie/","it","https://clinicabelba.com/it/politica-dei-cookie/","nl","https://clinicabelba.com/nl/cookiebeleid/","fr","https://clinicabelba.com/fr/politique-de-cookies/","en","https://clinicabelba.com/en/cookie-policy/","x-default","https://clinicabelba.com/politica-de-cookies/","","","","","Indexable",""
"https://clinicabelba.com/uk/політика-щодо-файлів-cookie/","Політика щодо файлів cookie | Клініка «Белба»","17","es-ES","https://clinicabelba.com/politica-de-cookies/","ru-RU","https://clinicabelba.com/ru/политика-использования-файлов-cookie/","uk","https://clinicabelba.com/uk/політика-щодо-файлів-cookie/","de-DE","https://clinicabelba.com/de/cookie-richtlinie/","it-IT","https://clinicabelba.com/it/politica-dei-cookie/","nl-NL","https://clinicabelba.com/nl/cookiebeleid/","ca","https://clinicabelba.com/ca/politica-de-cookies/","fr-FR","https://clinicabelba.com/fr/politique-de-cookies/","en-US","https://clinicabelba.com/en/cookie-policy/","es","https://clinicabelba.com/politica-de-cookies/","ru","https://clinicabelba.com/ru/политика-использования-файлов-cookie/","de","https://clinicabelba.com/de/cookie-richtlinie/","it","https://clinicabelba.com/it/politica-dei-cookie/","nl","https://clinicabelba.com/nl/cookiebeleid/","fr","https://clinicabelba.com/fr/politique-de-cookies/","en","https://clinicabelba.com/en/cookie-policy/","x-default","https://clinicabelba.com/politica-de-cookies/","","","","","Indexable",""
"https://clinicabelba.com/ru/политика-использования-файлов-cookie/","Политика в отношении файлов cookie | Клиника Бельба","17","es-ES","https://clinicabelba.com/politica-de-cookies/","ru-RU","https://clinicabelba.com/ru/политика-использования-файлов-cookie/","uk","https://clinicabelba.com/uk/політика-щодо-файлів-cookie/","de-DE","https://clinicabelba.com/de/cookie-richtlinie/","it-IT","https://clinicabelba.com/it/politica-dei-cookie/","nl-NL","https://clinicabelba.com/nl/cookiebeleid/","ca","https://clinicabelba.com/ca/politica-de-cookies/","fr-FR","https://clinicabelba.com/fr/politique-de-cookies/","en-US","https://clinicabelba.com/en/cookie-policy/","es","https://clinicabelba.com/politica-de-cookies/","ru","https://clinicabelba.com/ru/политика-использования-файлов-cookie/","de","https://clinicabelba.com/de/cookie-richtlinie/","it","https://clinicabelba.com/it/politica-dei-cookie/","nl","https://clinicabelba.com/nl/cookiebeleid/","fr","https://clinicabelba.com/fr/politique-de-cookies/","en","https://clinicabelba.com/en/cookie-policy/","x-default","https://clinicabelba.com/politica-de-cookies/","","","","","Indexable",""
"https://clinicabelba.com/it/politica-dei-cookie/","Informativa sui cookie | Clinica Belba","17","es-ES","https://clinicabelba.com/politica-de-cookies/","ru-RU","https://clinicabelba.com/ru/политика-использования-файлов-cookie/","uk","https://clinicabelba.com/uk/політика-щодо-файлів-cookie/","de-DE","https://clinicabelba.com/de/cookie-richtlinie/","it-IT","https://clinicabelba.com/it/politica-dei-cookie/","nl-NL","https://clinicabelba.com/nl/cookiebeleid/","ca","https://clinicabelba.com/ca/politica-de-cookies/","fr-FR","https://clinicabelba.com/fr/politique-de-cookies/","en-US","https://clinicabelba.com/en/cookie-policy/","es","https://clinicabelba.com/politica-de-cookies/","ru","https://clinicabelba.com/ru/политика-использования-файлов-cookie/","de","https://clinicabelba.com/de/cookie-richtlinie/","it","https://clinicabelba.com/it/politica-dei-cookie/","nl","https://clinicabelba.com/nl/cookiebeleid/","fr","https://clinicabelba.com/fr/politique-de-cookies/","en","https://clinicabelba.com/en/cookie-policy/","x-default","https://clinicabelba.com/politica-de-cookies/","","","","","Indexable",""
"https://clinicabelba.com/nl/cookiebeleid/","Cookiebeleid | Clinica Belba","17","es-ES","https://clinicabelba.com/politica-de-cookies/","ru-RU","https://clinicabelba.com/ru/политика-использования-файлов-cookie/","uk","https://clinicabelba.com/uk/політика-щодо-файлів-cookie/","de-DE","https://clinicabelba.com/de/cookie-richtlinie/","it-IT","https://clinicabelba.com/it/politica-dei-cookie/","nl-NL","https://clinicabelba.com/nl/cookiebeleid/","ca","https://clinicabelba.com/ca/politica-de-cookies/","fr-FR","https://clinicabelba.com/fr/politique-de-cookies/","en-US","https://clinicabelba.com/en/cookie-policy/","es","https://clinicabelba.com/politica-de-cookies/","ru","https://clinicabelba.com/ru/политика-использования-файлов-cookie/","de","https://clinicabelba.com/de/cookie-richtlinie/","it","https://clinicabelba.com/it/politica-dei-cookie/","nl","https://clinicabelba.com/nl/cookiebeleid/","fr","https://clinicabelba.com/fr/politique-de-cookies/","en","https://clinicabelba.com/en/cookie-policy/","x-default","https://clinicabelba.com/politica-de-cookies/","","","","","Indexable",""
"https://clinicabelba.com/de/cookie-richtlinie/","Cookie-Richtlinie | Klinik Belba","17","es-ES","https://clinicabelba.com/politica-de-cookies/","ru-RU","https://clinicabelba.com/ru/политика-использования-файлов-cookie/","uk","https://clinicabelba.com/uk/політика-щодо-файлів-cookie/","de-DE","https://clinicabelba.com/de/cookie-richtlinie/","it-IT","https://clinicabelba.com/it/politica-dei-cookie/","nl-NL","https://clinicabelba.com/nl/cookiebeleid/","ca","https://clinicabelba.com/ca/politica-de-cookies/","fr-FR","https://clinicabelba.com/fr/politique-de-cookies/","en-US","https://clinicabelba.com/en/cookie-policy/","es","https://clinicabelba.com/politica-de-cookies/","ru","https://clinicabelba.com/ru/политика-использования-файлов-cookie/","de","https://clinicabelba.com/de/cookie-richtlinie/","it","https://clinicabelba.com/it/politica-dei-cookie/","nl","https://clinicabelba.com/nl/cookiebeleid/","fr","https://clinicabelba.com/fr/politique-de-cookies/","en","https://clinicabelba.com/en/cookie-policy/","x-default","https://clinicabelba.com/politica-de-cookies/","","","","","Indexable",""
"https://clinicabelba.com/ca/politica-de-cookies/","Política de cookies | Clínica Belba","17","es-ES","https://clinicabelba.com/politica-de-cookies/","ru-RU","https://clinicabelba.com/ru/политика-использования-файлов-cookie/","uk","https://clinicabelba.com/uk/політика-щодо-файлів-cookie/","de-DE","https://clinicabelba.com/de/cookie-richtlinie/","it-IT","https://clinicabelba.com/it/politica-dei-cookie/","nl-NL","https://clinicabelba.com/nl/cookiebeleid/","ca","https://clinicabelba.com/ca/politica-de-cookies/","fr-FR","https://clinicabelba.com/fr/politique-de-cookies/","en-US","https://clinicabelba.com/en/cookie-policy/","es","https://clinicabelba.com/politica-de-cookies/","ru","https://clinicabelba.com/ru/политика-использования-файлов-cookie/","de","https://clinicabelba.com/de/cookie-richtlinie/","it","https://clinicabelba.com/it/politica-dei-cookie/","nl","https://clinicabelba.com/nl/cookiebeleid/","fr","https://clinicabelba.com/fr/politique-de-cookies/","en","https://clinicabelba.com/en/cookie-policy/","x-default","https://clinicabelba.com/politica-de-cookies/","","","","","Indexable",""
"https://clinicabelba.com/de/plastische-chirurgen-barcelona/","Beste plastische Chirurgen Barcelona - Dr. Chavarría Dr. Dewever","17","es-ES","https://clinicabelba.com/cirujanos-plasticos-barcelona/","ru-RU","https://clinicabelba.com/ru/пластические-хирурги-барселона/","uk","https://clinicabelba.com/uk/пластичні-хірурги-в-барселоні/","de-DE","https://clinicabelba.com/de/plastische-chirurgen-barcelona/","it-IT","https://clinicabelba.com/it/chirurghi-plastici-barcellona/","nl-NL","https://clinicabelba.com/nl/plastisch-chirurgen-barcelona/","ca","https://clinicabelba.com/ca/cirurgians-plastics-barcelona/","fr-FR","https://clinicabelba.com/fr/chirurgiens-plasticiens-barcelone/","en-US","https://clinicabelba.com/en/plastic-surgeons-barcelona/","es","https://clinicabelba.com/cirujanos-plasticos-barcelona/","ru","https://clinicabelba.com/ru/пластические-хирурги-барселона/","de","https://clinicabelba.com/de/plastische-chirurgen-barcelona/","it","https://clinicabelba.com/it/chirurghi-plastici-barcellona/","nl","https://clinicabelba.com/nl/plastisch-chirurgen-barcelona/","fr","https://clinicabelba.com/fr/chirurgiens-plasticiens-barcelone/","en","https://clinicabelba.com/en/plastic-surgeons-barcelona/","x-default","https://clinicabelba.com/cirujanos-plasticos-barcelona/","","","","","Indexable",""
"https://clinicabelba.com/de/fettabsaugung-am-venushugel/","Fettabsaugung Venushügel Barcelona ❤️ | Klinik Belba","17","es-ES","https://clinicabelba.com/liposuccion-de-monte-de-venus/","ru-RU","https://clinicabelba.com/ru/липосакция-лобка/","uk","https://clinicabelba.com/uk/ліпосакція-лобка/","de-DE","https://clinicabelba.com/de/fettabsaugung-am-venushugel/","it-IT","https://clinicabelba.com/it/liposuzione-del-monte-di-venere/","nl-NL","https://clinicabelba.com/nl/liposuctie-venusheuvel/","ca","https://clinicabelba.com/ca/liposuccio-del-mont-de-venus/","fr-FR","https://clinicabelba.com/fr/liposuccion-du-mont-de-venus/","en-US","https://clinicabelba.com/en/mons-pubis-liposuction/","es","https://clinicabelba.com/liposuccion-de-monte-de-venus/","ru","https://clinicabelba.com/ru/липосакция-лобка/","de","https://clinicabelba.com/de/fettabsaugung-am-venushugel/","it","https://clinicabelba.com/it/liposuzione-del-monte-di-venere/","nl","https://clinicabelba.com/nl/liposuctie-venusheuvel/","fr","https://clinicabelba.com/fr/liposuccion-du-mont-de-venus/","en","https://clinicabelba.com/en/mons-pubis-liposuction/","x-default","https://clinicabelba.com/liposuccion-de-monte-de-venus/","","","","","Indexable",""
"https://clinicabelba.com/de/rhinoplastik-barcelona/","Rhinoplastik und ultraschallgestützte Rhinoplastik - Barcelona - Clinica Belba","17","es-ES","https://clinicabelba.com/rinoplastia-barcelona/","ru-RU","https://clinicabelba.com/ru/ринопластика-барселона/","uk","https://clinicabelba.com/uk/ринопластика-в-барселоні/","de-DE","https://clinicabelba.com/de/rhinoplastik-barcelona/","it-IT","https://clinicabelba.com/it/rinoplastica-barcellona/","nl-NL","https://clinicabelba.com/nl/rinoplastiek-barcelona/","ca","https://clinicabelba.com/ca/rinoplastia-barcelona/","fr-FR","https://clinicabelba.com/fr/rhinoplastie-barcelone/","en-US","https://clinicabelba.com/en/rhinoplasty-barcelona/","es","https://clinicabelba.com/rinoplastia-barcelona/","ru","https://clinicabelba.com/ru/ринопластика-барселона/","de","https://clinicabelba.com/de/rhinoplastik-barcelona/","it","https://clinicabelba.com/it/rinoplastica-barcellona/","nl","https://clinicabelba.com/nl/rinoplastiek-barcelona/","fr","https://clinicabelba.com/fr/rhinoplastie-barcelone/","en","https://clinicabelba.com/en/rhinoplasty-barcelona/","x-default","https://clinicabelba.com/rinoplastia-barcelona/","","","","","Indexable",""
"https://clinicabelba.com/de/bruststraffung/","Bruststraffung Barcelona | Mastopexie | Brustlifting","17","es-ES","https://clinicabelba.com/elevacion-de-mama/","ru-RU","https://clinicabelba.com/ru/подтяжка-груди/","uk","https://clinicabelba.com/uk/підтяжка-грудей/","de-DE","https://clinicabelba.com/de/bruststraffung/","it-IT","https://clinicabelba.com/it/mastopessi/","nl-NL","https://clinicabelba.com/nl/borstvergroting/","ca","https://clinicabelba.com/ca/elevacio-de-mama/","fr-FR","https://clinicabelba.com/fr/mastopexie/","en-US","https://clinicabelba.com/en/breast-lift/","es","https://clinicabelba.com/elevacion-de-mama/","ru","https://clinicabelba.com/ru/подтяжка-груди/","de","https://clinicabelba.com/de/bruststraffung/","it","https://clinicabelba.com/it/mastopessi/","nl","https://clinicabelba.com/nl/borstvergroting/","fr","https://clinicabelba.com/fr/mastopexie/","en","https://clinicabelba.com/en/breast-lift/","x-default","https://clinicabelba.com/elevacion-de-mama/","","","","","Indexable",""
"https://clinicabelba.com/de/kontakt/","Kontakt | Klinik Belba","17","es-ES","https://clinicabelba.com/contacto/","ru-RU","https://clinicabelba.com/ru/контакто/","uk","https://clinicabelba.com/uk/контакт/","de-DE","https://clinicabelba.com/de/kontakt/","it-IT","https://clinicabelba.com/it/contatto/","nl-NL","https://clinicabelba.com/nl/contact/","ca","https://clinicabelba.com/ca/contacte/","fr-FR","https://clinicabelba.com/fr/contact/","en-US","https://clinicabelba.com/en/contact/","es","https://clinicabelba.com/contacto/","ru","https://clinicabelba.com/ru/контакто/","de","https://clinicabelba.com/de/kontakt/","it","https://clinicabelba.com/it/contatto/","nl","https://clinicabelba.com/nl/contact/","fr","https://clinicabelba.com/fr/contact/","en","https://clinicabelba.com/en/contact/","x-default","https://clinicabelba.com/contacto/","","","","","Indexable",""
"https://clinicabelba.com/de/patientenleitfaden/","Patientenhandbuch | Klinik Belba","17","es-ES","https://clinicabelba.com/guia-del-paciente/","ru-RU","https://clinicabelba.com/ru/памятка-для-пациента/","uk","https://clinicabelba.com/uk/посібник-для-пацієнта/","de-DE","https://clinicabelba.com/de/patientenleitfaden/","it-IT","https://clinicabelba.com/it/guida-del-paziente/","nl-NL","https://clinicabelba.com/nl/patienten-gids/","ca","https://clinicabelba.com/ca/guia-del-pacient/","fr-FR","https://clinicabelba.com/fr/guide-du-patient/","en-US","https://clinicabelba.com/en/patient-guide/","es","https://clinicabelba.com/guia-del-paciente/","ru","https://clinicabelba.com/ru/памятка-для-пациента/","de","https://clinicabelba.com/de/patientenleitfaden/","it","https://clinicabelba.com/it/guida-del-paziente/","nl","https://clinicabelba.com/nl/patienten-gids/","fr","https://clinicabelba.com/fr/guide-du-patient/","en","https://clinicabelba.com/en/patient-guide/","x-default","https://clinicabelba.com/guia-del-paciente/","","","","","Indexable",""
"https://clinicabelba.com/de/intimchirurgie/","Intime Chirurgie in Spanien | Klinik Belba","17","es-ES","https://clinicabelba.com/cirugia-intima/","ru-RU","https://clinicabelba.com/ru/интимная-хирургия/","uk","https://clinicabelba.com/uk/хірургія-інтимних-органів/","de-DE","https://clinicabelba.com/de/intimchirurgie/","it-IT","https://clinicabelba.com/it/chirurgia-intima/","nl-NL","https://clinicabelba.com/nl/intieme-chirurgie/","ca","https://clinicabelba.com/ca/cirurgia-intima/","fr-FR","https://clinicabelba.com/fr/cirugia-intima/","en-US","https://clinicabelba.com/en/intimate-surgery/","es","https://clinicabelba.com/cirugia-intima/","ru","https://clinicabelba.com/ru/интимная-хирургия/","de","https://clinicabelba.com/de/intimchirurgie/","it","https://clinicabelba.com/it/chirurgia-intima/","nl","https://clinicabelba.com/nl/intieme-chirurgie/","fr","https://clinicabelba.com/fr/cirugia-intima/","en","https://clinicabelba.com/en/intimate-surgery/","x-default","https://clinicabelba.com/cirugia-intima/","","","","","Indexable",""
"https://clinicabelba.com/de/bauchdeckenstraffung-vorher-und-nachher/","Bauchdeckenstraffung Vorher und Nachher | echte Fotos BELBA","17","es-ES","https://clinicabelba.com/abdominoplastia-antes-y-despues/","ru-RU","https://clinicabelba.com/ru/абдоминопластика-до-и-после/","uk","https://clinicabelba.com/uk/абдомінопластика-до-і-після/","de-DE","https://clinicabelba.com/de/bauchdeckenstraffung-vorher-und-nachher/","it-IT","https://clinicabelba.com/it/addominoplastica-prima-e-dopo/","nl-NL","https://clinicabelba.com/nl/buikwandcorrectie-voor-en-na/","ca","https://clinicabelba.com/ca/abdominoplastia-abans-i-despres/","fr-FR","https://clinicabelba.com/fr/abdominoplastie-avant-et-apres/","en-US","https://clinicabelba.com/en/abdominoplasty-before-and-after/","es","https://clinicabelba.com/abdominoplastia-antes-y-despues/","ru","https://clinicabelba.com/ru/абдоминопластика-до-и-после/","de","https://clinicabelba.com/de/bauchdeckenstraffung-vorher-und-nachher/","it","https://clinicabelba.com/it/addominoplastica-prima-e-dopo/","nl","https://clinicabelba.com/nl/buikwandcorrectie-voor-en-na/","fr","https://clinicabelba.com/fr/abdominoplastie-avant-et-apres/","en","https://clinicabelba.com/en/abdominoplasty-before-and-after/","x-default","https://clinicabelba.com/abdominoplastia-antes-y-despues/","","","","","Indexable",""
"https://clinicabelba.com/de/ginekomastie-barcelona/","Ginecomastia en Barcelona - Cirugía Plástica - Clinica Belba","17","es-ES","https://clinicabelba.com/ginecomastia-barcelona/","ru-RU","https://clinicabelba.com/ru/гинекомастия-барселона/","uk","https://clinicabelba.com/uk/гінекомастія-в-барселоні/","de-DE","https://clinicabelba.com/de/ginekomastie-barcelona/","it-IT","https://clinicabelba.com/it/ginecomastia-barcellona/","nl-NL","https://clinicabelba.com/nl/gynecomastie-barcelona/","ca","https://clinicabelba.com/ca/ginecomastia-barcelona/","fr-FR","https://clinicabelba.com/fr/ginecomastia-barcelona/","en-US","https://clinicabelba.com/en/gynecomastia-barcelona/","es","https://clinicabelba.com/ginecomastia-barcelona/","ru","https://clinicabelba.com/ru/гинекомастия-барселона/","de","https://clinicabelba.com/de/ginekomastie-barcelona/","it","https://clinicabelba.com/it/ginecomastia-barcellona/","nl","https://clinicabelba.com/nl/gynecomastie-barcelona/","fr","https://clinicabelba.com/fr/ginecomastia-barcelona/","en","https://clinicabelba.com/en/gynecomastia-barcelona/","x-default","https://clinicabelba.com/ginecomastia-barcelona/","","","","","Indexable",""
"https://clinicabelba.com/de/korperchirurgie/","Körper- und Schönheitschirurgie in Spanien | Klinik Belba","17","es-ES","https://clinicabelba.com/cirugia-corporal/","ru-RU","https://clinicabelba.com/ru/пластическая-хирургия/","uk","https://clinicabelba.com/uk/хірургія-тіла/","de-DE","https://clinicabelba.com/de/korperchirurgie/","it-IT","https://clinicabelba.com/it/chirurgia-del-corpo/","nl-NL","https://clinicabelba.com/nl/lichaamschirurgie/","ca","https://clinicabelba.com/ca/cirugia-corporal/","fr-FR","https://clinicabelba.com/fr/chirurgie-corporelle/","en-US","https://clinicabelba.com/en/body-surgery/","es","https://clinicabelba.com/cirugia-corporal/","ru","https://clinicabelba.com/ru/пластическая-хирургия/","de","https://clinicabelba.com/de/korperchirurgie/","it","https://clinicabelba.com/it/chirurgia-del-corpo/","nl","https://clinicabelba.com/nl/lichaamschirurgie/","fr","https://clinicabelba.com/fr/chirurgie-corporelle/","en","https://clinicabelba.com/en/body-surgery/","x-default","https://clinicabelba.com/cirugia-corporal/","","","","","Indexable",""
"https://clinicabelba.com/de/patiententest/","Testpatient | Klinik Belba","17","es-ES","https://clinicabelba.com/test-paciente/","ru-RU","https://clinicabelba.com/ru/тест-пациента/","uk","https://clinicabelba.com/uk/тест-пацієнта/","de-DE","https://clinicabelba.com/de/patiententest/","it-IT","https://clinicabelba.com/it/paziente-di-prova/","nl-NL","https://clinicabelba.com/nl/test-patient/","ca","https://clinicabelba.com/ca/prova-pacient/","fr-FR","https://clinicabelba.com/fr/patient-test/","en-US","https://clinicabelba.com/en/test-patient/","es","https://clinicabelba.com/test-paciente/","ru","https://clinicabelba.com/ru/тест-пациента/","de","https://clinicabelba.com/de/patiententest/","it","https://clinicabelba.com/it/paziente-di-prova/","nl","https://clinicabelba.com/nl/test-patient/","fr","https://clinicabelba.com/fr/patient-test/","en","https://clinicabelba.com/en/test-patient/","x-default","https://clinicabelba.com/test-paciente/","","","","","No indexable","noindex"
"https://clinicabelba.com/de/blepharoplastik/","Blepharoplastik in Barcelona | Augenlidoperation","17","es-ES","https://clinicabelba.com/blefaroplastia/","ru-RU","https://clinicabelba.com/ru/блефаропластика/","uk","https://clinicabelba.com/uk/блефаропластика/","de-DE","https://clinicabelba.com/de/blepharoplastik/","it-IT","https://clinicabelba.com/it/blefaroplastica/","nl-NL","https://clinicabelba.com/nl/blefaroplastiek/","ca","https://clinicabelba.com/ca/blefaroplastia/","fr-FR","https://clinicabelba.com/fr/blepharoplastie/","en-US","https://clinicabelba.com/en/blepharoplasty/","es","https://clinicabelba.com/blefaroplastia/","ru","https://clinicabelba.com/ru/блефаропластика/","de","https://clinicabelba.com/de/blepharoplastik/","it","https://clinicabelba.com/it/blefaroplastica/","nl","https://clinicabelba.com/nl/blefaroplastiek/","fr","https://clinicabelba.com/fr/blepharoplastie/","en","https://clinicabelba.com/en/blepharoplasty/","x-default","https://clinicabelba.com/blefaroplastia/","","","","","Indexable",""
"https://clinicabelba.com/de/brustvergroserungstechnik/","BRST-Technik Brustvergrößerung | Klinik Belba ®🥇","17","es-ES","https://clinicabelba.com/aumento-de-pecho-tecnica-brst/","ru-RU","https://clinicabelba.com/ru/увеличить-грудь-техника-brst/","uk","https://clinicabelba.com/uk/збільшення-грудей-за-допомогою-техні/","de-DE","https://clinicabelba.com/de/brustvergroserungstechnik/","it-IT","https://clinicabelba.com/it/mastoplastica-additiva-tecnica-b-r-s-t/","nl-NL","https://clinicabelba.com/nl/borstvergroting-techniek-brst/","ca","https://clinicabelba.com/ca/augment-de-pit-tecnica-brst/","fr-FR","https://clinicabelba.com/fr/augmentation-mammaire-technique-brst/","en-US","https://clinicabelba.com/en/breast-augmentation-brst-technique/","es","https://clinicabelba.com/aumento-de-pecho-tecnica-brst/","ru","https://clinicabelba.com/ru/увеличить-грудь-техника-brst/","de","https://clinicabelba.com/de/brustvergroserungstechnik/","it","https://clinicabelba.com/it/mastoplastica-additiva-tecnica-b-r-s-t/","nl","https://clinicabelba.com/nl/borstvergroting-techniek-brst/","fr","https://clinicabelba.com/fr/augmentation-mammaire-technique-brst/","en","https://clinicabelba.com/en/breast-augmentation-brst-technique/","x-default","https://clinicabelba.com/aumento-de-pecho-tecnica-brst/","","","","","Indexable",""
"https://clinicabelba.com/de/oberschenkelstraffung/","Oberschenkelstraffung in Barcelona | Cruroplastik ◁ © BELBA","17","es-ES","https://clinicabelba.com/lifting-de-muslos/","ru-RU","https://clinicabelba.com/ru/подтяжка-бедер/","uk","https://clinicabelba.com/uk/підтяжка-стегон/","de-DE","https://clinicabelba.com/de/oberschenkelstraffung/","it-IT","https://clinicabelba.com/it/lifting-delle-cosce/","nl-NL","https://clinicabelba.com/nl/lifting-van-de-dijen/","ca","https://clinicabelba.com/ca/elevacio-de-cuixes/","fr-FR","https://clinicabelba.com/fr/lifting-de-cuisse/","en-US","https://clinicabelba.com/en/thigh-lift/","es","https://clinicabelba.com/lifting-de-muslos/","ru","https://clinicabelba.com/ru/подтяжка-бедер/","de","https://clinicabelba.com/de/oberschenkelstraffung/","it","https://clinicabelba.com/it/lifting-delle-cosce/","nl","https://clinicabelba.com/nl/lifting-van-de-dijen/","fr","https://clinicabelba.com/fr/lifting-de-cuisse/","en","https://clinicabelba.com/en/thigh-lift/","x-default","https://clinicabelba.com/lifting-de-muslos/","","","","","Indexable",""
"https://clinicabelba.com/de/hochdefinitions-fettabsaugung/","Lipo HD Barcelona | Lipo 4D | Klinik Belba","17","es-ES","https://clinicabelba.com/liposuccion-de-alta-definicion/","ru-RU","https://clinicabelba.com/ru/липосакция-высокой-четкости/","uk","https://clinicabelba.com/uk/ліпосакція-високої-чіткості/","de-DE","https://clinicabelba.com/de/hochdefinitions-fettabsaugung/","it-IT","https://clinicabelba.com/it/lipoaspirazione-ad-alta-definizione/","nl-NL","https://clinicabelba.com/nl/high-definition-liposuctie/","ca","https://clinicabelba.com/ca/liposuccio-dalta-definicio/","fr-FR","https://clinicabelba.com/fr/liposuccion-haute-definition/","en-US","https://clinicabelba.com/en/high-definition-liposuction/","es","https://clinicabelba.com/liposuccion-de-alta-definicion/","ru","https://clinicabelba.com/ru/липосакция-высокой-четкости/","de","https://clinicabelba.com/de/hochdefinitions-fettabsaugung/","it","https://clinicabelba.com/it/lipoaspirazione-ad-alta-definizione/","nl","https://clinicabelba.com/nl/high-definition-liposuctie/","fr","https://clinicabelba.com/fr/liposuccion-haute-definition/","en","https://clinicabelba.com/en/high-definition-liposuction/","x-default","https://clinicabelba.com/liposuccion-de-alta-definicion/","","","","","Indexable",""
"https://clinicabelba.com/de/mentoplastik-barcelona/","Mentoplastia Barcelona | Cirugía plástica de Mentón | Belba","17","es-ES","https://clinicabelba.com/mentoplastia-barcelona/","ru-RU","https://clinicabelba.com/ru/ментопластика-барселона/","uk","https://clinicabelba.com/uk/ментопластика-в-барселоні/","de-DE","https://clinicabelba.com/de/mentoplastik-barcelona/","it-IT","https://clinicabelba.com/it/mentoplastica-barcellona/","nl-NL","https://clinicabelba.com/nl/mentoplastiek-barcelona/","ca","https://clinicabelba.com/ca/mentoplastia-barcelona/","fr-FR","https://clinicabelba.com/fr/mentoplastia-barcelona/","en-US","https://clinicabelba.com/en/mentoplasty-barcelona/","es","https://clinicabelba.com/mentoplastia-barcelona/","ru","https://clinicabelba.com/ru/ментопластика-барселона/","de","https://clinicabelba.com/de/mentoplastik-barcelona/","it","https://clinicabelba.com/it/mentoplastica-barcellona/","nl","https://clinicabelba.com/nl/mentoplastiek-barcelona/","fr","https://clinicabelba.com/fr/mentoplastia-barcelona/","en","https://clinicabelba.com/en/mentoplasty-barcelona/","x-default","https://clinicabelba.com/mentoplastia-barcelona/","","","","","Indexable",""
"https://clinicabelba.com/de/impressum/","Impressum | Clinica Belba","17","es-ES","https://clinicabelba.com/aviso-legal/","ru-RU","https://clinicabelba.com/ru/правовая-оговорка/","uk","https://clinicabelba.com/uk/юридичне-повідомлення/","de-DE","https://clinicabelba.com/de/impressum/","it-IT","https://clinicabelba.com/it/avviso-legale/","nl-NL","https://clinicabelba.com/nl/juridische-mededeling/","ca","https://clinicabelba.com/ca/avis-legal/","fr-FR","https://clinicabelba.com/fr/aviso-legal/","en-US","https://clinicabelba.com/en/legal-notice/","es","https://clinicabelba.com/aviso-legal/","ru","https://clinicabelba.com/ru/правовая-оговорка/","de","https://clinicabelba.com/de/impressum/","it","https://clinicabelba.com/it/avviso-legale/","nl","https://clinicabelba.com/nl/juridische-mededeling/","fr","https://clinicabelba.com/fr/aviso-legal/","en","https://clinicabelba.com/en/legal-notice/","x-default","https://clinicabelba.com/aviso-legal/","","","","","Indexable",""
"https://clinicabelba.com/de/rinomodellierung-barcelona/","Rinomodellierung in Barcelona Ohne Operation - Klinik Belba ®","17","es-ES","https://clinicabelba.com/rinomodelacion-barcelona/","ru-RU","https://clinicabelba.com/ru/риномоделирование-барселона/","uk","https://clinicabelba.com/uk/ринопластика-в-барселоні-2/","de-DE","https://clinicabelba.com/de/rinomodellierung-barcelona/","it-IT","https://clinicabelba.com/it/rinoplastica-a-barcellona/","nl-NL","https://clinicabelba.com/nl/rinomodelacion-barcelona/","ca","https://clinicabelba.com/ca/rinomodelacio-barcelona/","fr-FR","https://clinicabelba.com/fr/rinomodelacion-barcelona/","en-US","https://clinicabelba.com/en/rhinomodeling-barcelona/","es","https://clinicabelba.com/rinomodelacion-barcelona/","ru","https://clinicabelba.com/ru/риномоделирование-барселона/","de","https://clinicabelba.com/de/rinomodellierung-barcelona/","it","https://clinicabelba.com/it/rinoplastica-a-barcellona/","nl","https://clinicabelba.com/nl/rinomodelacion-barcelona/","fr","https://clinicabelba.com/fr/rinomodelacion-barcelona/","en","https://clinicabelba.com/en/rhinomodeling-barcelona/","x-default","https://clinicabelba.com/rinomodelacion-barcelona/","","","","","Indexable",""
"https://clinicabelba.com/de/online-beratung/","Online-Beratung | Klinik Belba","17","es-ES","https://clinicabelba.com/consulta-online/","ru-RU","https://clinicabelba.com/ru/онлайн-консультация/","uk","https://clinicabelba.com/uk/онлайн-консультація/","de-DE","https://clinicabelba.com/de/online-beratung/","it-IT","https://clinicabelba.com/it/consultazione-online/","nl-NL","https://clinicabelba.com/nl/online-consult/","ca","https://clinicabelba.com/ca/consulta-en-linia/","fr-FR","https://clinicabelba.com/fr/consultation-en-ligne/","en-US","https://clinicabelba.com/en/online-consultation/","es","https://clinicabelba.com/consulta-online/","ru","https://clinicabelba.com/ru/онлайн-консультация/","de","https://clinicabelba.com/de/online-beratung/","it","https://clinicabelba.com/it/consultazione-online/","nl","https://clinicabelba.com/nl/online-consult/","fr","https://clinicabelba.com/fr/consultation-en-ligne/","en","https://clinicabelba.com/en/online-consultation/","x-default","https://clinicabelba.com/consulta-online/","","","","","No indexable","noindex"
"https://clinicabelba.com/de/brustverkleinerung/","Brustverkleinerung - Barcelona | Klinik Belba ⭐","17","es-ES","https://clinicabelba.com/reduccion-de-mama/","ru-RU","https://clinicabelba.com/ru/редукция-груди/","uk","https://clinicabelba.com/uk/зменшення-грудей/","de-DE","https://clinicabelba.com/de/brustverkleinerung/","it-IT","https://clinicabelba.com/it/riduzione-mammaria/","nl-NL","https://clinicabelba.com/nl/borstverkleining/","ca","https://clinicabelba.com/ca/reduccio-de-mama/","fr-FR","https://clinicabelba.com/fr/reduction-mammaire/","en-US","https://clinicabelba.com/en/breast-reduction/","es","https://clinicabelba.com/reduccion-de-mama/","ru","https://clinicabelba.com/ru/редукция-груди/","de","https://clinicabelba.com/de/brustverkleinerung/","it","https://clinicabelba.com/it/riduzione-mammaria/","nl","https://clinicabelba.com/nl/borstverkleining/","fr","https://clinicabelba.com/fr/reduction-mammaire/","en","https://clinicabelba.com/en/breast-reduction/","x-default","https://clinicabelba.com/reduccion-de-mama/","","","","","Indexable",""
"https://clinicabelba.com/de/blog/","Chirurgie- und Ästhetik-Chirurgie-Blog | Clinica Belba","17","es-ES","https://clinicabelba.com/blog/","ru-RU","https://clinicabelba.com/ru/блог/","uk","https://clinicabelba.com/uk/блог/","de-DE","https://clinicabelba.com/de/blog/","it-IT","https://clinicabelba.com/it/blog/","nl-NL","https://clinicabelba.com/nl/blog/","ca","https://clinicabelba.com/ca/bloc/","fr-FR","https://clinicabelba.com/fr/blog/","en-US","https://clinicabelba.com/en/blog/","es","https://clinicabelba.com/blog/","ru","https://clinicabelba.com/ru/блог/","de","https://clinicabelba.com/de/blog/","it","https://clinicabelba.com/it/blog/","nl","https://clinicabelba.com/nl/blog/","fr","https://clinicabelba.com/fr/blog/","en","https://clinicabelba.com/en/blog/","x-default","https://clinicabelba.com/blog/","","","","","Indexable",""
"https://clinicabelba.com/de/brustwarzenhofverkleinerung/","Areolaverkleinerung | Brustwarzenverkleinerung | Klinik Belba","17","es-ES","https://clinicabelba.com/reduccion-de-areola/","ru-RU","https://clinicabelba.com/ru/редукция-ареолы/","uk","https://clinicabelba.com/uk/зменшення-ареоли/","de-DE","https://clinicabelba.com/de/brustwarzenhofverkleinerung/","it-IT","https://clinicabelba.com/it/riduzione-dellareola/","nl-NL","https://clinicabelba.com/nl/reductie-van-de-areola/","ca","https://clinicabelba.com/ca/reduccio-dareola/","fr-FR","https://clinicabelba.com/fr/reduction-dareole/","en-US","https://clinicabelba.com/en/areola-reduction/","es","https://clinicabelba.com/reduccion-de-areola/","ru","https://clinicabelba.com/ru/редукция-ареолы/","de","https://clinicabelba.com/de/brustwarzenhofverkleinerung/","it","https://clinicabelba.com/it/riduzione-dellareola/","nl","https://clinicabelba.com/nl/reductie-van-de-areola/","fr","https://clinicabelba.com/fr/reduction-dareole/","en","https://clinicabelba.com/en/areola-reduction/","x-default","https://clinicabelba.com/reduccion-de-areola/","","","","","Indexable",""
"https://clinicabelba.com/de/gesichtsoperation/","Gesichtschirurgie in Spanien | Klinik Belba","17","es-ES","https://clinicabelba.com/cirugia-facial/","ru-RU","https://clinicabelba.com/ru/челюстно-лицевая-хирургия/","uk","https://clinicabelba.com/uk/пластична-хірургія-обличчя/","de-DE","https://clinicabelba.com/de/gesichtsoperation/","it-IT","https://clinicabelba.com/it/chirurgia-facciale/","nl-NL","https://clinicabelba.com/nl/gezichtsoperatie/","ca","https://clinicabelba.com/ca/cirurgia-facial/","fr-FR","https://clinicabelba.com/fr/chirurgie-faciale/","en-US","https://clinicabelba.com/en/facial-surgery/","es","https://clinicabelba.com/cirugia-facial/","ru","https://clinicabelba.com/ru/челюстно-лицевая-хирургия/","de","https://clinicabelba.com/de/gesichtsoperation/","it","https://clinicabelba.com/it/chirurgia-facciale/","nl","https://clinicabelba.com/nl/gezichtsoperatie/","fr","https://clinicabelba.com/fr/chirurgie-faciale/","en","https://clinicabelba.com/en/facial-surgery/","x-default","https://clinicabelba.com/cirugia-facial/","","","","","No indexable","noindex"
"https://clinicabelba.com/de/gesichtsstraffung-barcelona/","Gesichtsstraffung - Barcelona - Clinica Belba","17","es-ES","https://clinicabelba.com/lifting-facial-barcelona/","ru-RU","https://clinicabelba.com/ru/лифтинг-лица-барселона/","uk","https://clinicabelba.com/uk/підтяжка-обличчя-в-барселоні/","de-DE","https://clinicabelba.com/de/gesichtsstraffung-barcelona/","it-IT","https://clinicabelba.com/it/lifting-facciale-barcellona/","nl-NL","https://clinicabelba.com/nl/gezichtsbehandeling-barcelona/","ca","https://clinicabelba.com/ca/lifting-facial-barcelona/","fr-FR","https://clinicabelba.com/fr/lifting-facial-barcelone/","en-US","https://clinicabelba.com/en/facelift-barcelona/","es","https://clinicabelba.com/lifting-facial-barcelona/","ru","https://clinicabelba.com/ru/лифтинг-лица-барселона/","de","https://clinicabelba.com/de/gesichtsstraffung-barcelona/","it","https://clinicabelba.com/it/lifting-facciale-barcellona/","nl","https://clinicabelba.com/nl/gezichtsbehandeling-barcelona/","fr","https://clinicabelba.com/fr/lifting-facial-barcelone/","en","https://clinicabelba.com/en/facelift-barcelona/","x-default","https://clinicabelba.com/lifting-facial-barcelona/","","","","","Indexable",""
"https://clinicabelba.com/de/lippenkorrektur/","Labioplastik in Barcelona | Weibliche Genitalchirurgie mit Laser ❤️","17","es-ES","https://clinicabelba.com/labioplastia/","ru-RU","https://clinicabelba.com/ru/лабиопластика/","uk","https://clinicabelba.com/uk/лабіопластика/","de-DE","https://clinicabelba.com/de/lippenkorrektur/","it-IT","https://clinicabelba.com/it/labioplastica/","nl-NL","https://clinicabelba.com/nl/labiaplastiek/","ca","https://clinicabelba.com/ca/labioplastia/","fr-FR","https://clinicabelba.com/fr/labioplastie/","en-US","https://clinicabelba.com/en/labiaplasty/","es","https://clinicabelba.com/labioplastia/","ru","https://clinicabelba.com/ru/лабиопластика/","de","https://clinicabelba.com/de/lippenkorrektur/","it","https://clinicabelba.com/it/labioplastica/","nl","https://clinicabelba.com/nl/labiaplastiek/","fr","https://clinicabelba.com/fr/labioplastie/","en","https://clinicabelba.com/en/labiaplasty/","x-default","https://clinicabelba.com/labioplastia/","","","","","Indexable",""
"https://clinicabelba.com/de/prothesenersatz/","Prothesenwechsel Barcelona | Klinik Belba ⭐","17","es-ES","https://clinicabelba.com/recambio-de-protesis/","ru-RU","https://clinicabelba.com/ru/замена-протеза/","uk","https://clinicabelba.com/uk/заміна-протеза/","de-DE","https://clinicabelba.com/de/prothesenersatz/","it-IT","https://clinicabelba.com/it/ricambio-di-protesi/","nl-NL","https://clinicabelba.com/nl/prothese-wisseling/","ca","https://clinicabelba.com/ca/recanvi-de-protesi/","fr-FR","https://clinicabelba.com/fr/remplacement-de-prothese/","en-US","https://clinicabelba.com/en/prosthesis-replacement/","es","https://clinicabelba.com/recambio-de-protesis/","ru","https://clinicabelba.com/ru/замена-протеза/","de","https://clinicabelba.com/de/prothesenersatz/","it","https://clinicabelba.com/it/ricambio-di-protesi/","nl","https://clinicabelba.com/nl/prothese-wisseling/","fr","https://clinicabelba.com/fr/remplacement-de-prothese/","en","https://clinicabelba.com/en/prosthesis-replacement/","x-default","https://clinicabelba.com/recambio-de-protesis/","","","","","Indexable",""
"https://clinicabelba.com/de/ginekomastie-vorher-und-nachher/","Ginekomastie Vorher und Nachher | CLINICA BELBA","17","es-ES","https://clinicabelba.com/ginecomastia-antes-y-despues/","ru-RU","https://clinicabelba.com/ru/гинекомастия-до-и-после/","uk","https://clinicabelba.com/uk/гінекомастія-до-і-після/","de-DE","https://clinicabelba.com/de/ginekomastie-vorher-und-nachher/","it-IT","https://clinicabelba.com/it/ginecomastia-prima-e-dopo/","nl-NL","https://clinicabelba.com/nl/ginecomastie-voor-en-na/","ca","https://clinicabelba.com/ca/ginecomastia-abans-i-despres/","fr-FR","https://clinicabelba.com/fr/gynecomastie-avant-et-apres/","en-US","https://clinicabelba.com/en/gynecomastia-before-and-after/","es","https://clinicabelba.com/ginecomastia-antes-y-despues/","ru","https://clinicabelba.com/ru/гинекомастия-до-и-после/","de","https://clinicabelba.com/de/ginekomastie-vorher-und-nachher/","it","https://clinicabelba.com/it/ginecomastia-prima-e-dopo/","nl","https://clinicabelba.com/nl/ginecomastie-voor-en-na/","fr","https://clinicabelba.com/fr/gynecomastie-avant-et-apres/","en","https://clinicabelba.com/en/gynecomastia-before-and-after/","x-default","https://clinicabelba.com/ginecomastia-antes-y-despues/","","","","","Indexable",""
"https://clinicabelba.com/de/lipovaser-davor-und-danach/","Lipo Vaser Vorher und Nachher | KLINIK BELBA","17","es-ES","https://clinicabelba.com/lipovaser-antes-y-despues/","ru-RU","https://clinicabelba.com/ru/липосакция-до-и-после/","uk","https://clinicabelba.com/uk/lipovaser-до-і-після/","de-DE","https://clinicabelba.com/de/lipovaser-davor-und-danach/","it-IT","https://clinicabelba.com/it/lipovaser-prima-e-dopo/","nl-NL","https://clinicabelba.com/nl/lipovaser-voor-en-na/","ca","https://clinicabelba.com/ca/lipovaser-abans-i-despres/","fr-FR","https://clinicabelba.com/fr/lipovaser-avant-et-apres/","en-US","https://clinicabelba.com/en/lipolaser-before-and-after/","es","https://clinicabelba.com/lipovaser-antes-y-despues/","ru","https://clinicabelba.com/ru/липосакция-до-и-после/","de","https://clinicabelba.com/de/lipovaser-davor-und-danach/","it","https://clinicabelba.com/it/lipovaser-prima-e-dopo/","nl","https://clinicabelba.com/nl/lipovaser-voor-en-na/","fr","https://clinicabelba.com/fr/lipovaser-avant-et-apres/","en","https://clinicabelba.com/en/lipolaser-before-and-after/","x-default","https://clinicabelba.com/lipovaser-antes-y-despues/","","","","","Indexable",""
"https://clinicabelba.com/de/brustoperation/","Brustchirurgie in Barcelona | Klinik Belba","17","es-ES","https://clinicabelba.com/cirugia-de-la-mama/","ru-RU","https://clinicabelba.com/ru/маммопластика/","uk","https://clinicabelba.com/uk/хірургія-молочної-залози/","de-DE","https://clinicabelba.com/de/brustoperation/","it-IT","https://clinicabelba.com/it/chirurgia-mammaria/","nl-NL","https://clinicabelba.com/nl/borstoperatie/","ca","https://clinicabelba.com/ca/cirurgia-de-mama/","fr-FR","https://clinicabelba.com/fr/chirurgie-mammaire/","en-US","https://clinicabelba.com/en/breast-surgery/","es","https://clinicabelba.com/cirugia-de-la-mama/","ru","https://clinicabelba.com/ru/маммопластика/","de","https://clinicabelba.com/de/brustoperation/","it","https://clinicabelba.com/it/chirurgia-mammaria/","nl","https://clinicabelba.com/nl/borstoperatie/","fr","https://clinicabelba.com/fr/chirurgie-mammaire/","en","https://clinicabelba.com/en/breast-surgery/","x-default","https://clinicabelba.com/cirugia-de-la-mama/","","","","","Indexable",""
"https://clinicabelba.com/de/rhinoplastik-davor-und-danach/","Fotos von Nasen-OPs vorher und nachher - Dr. Mike Dewever","17","es-ES","https://clinicabelba.com/rinoplastia-antes-y-despues/","ru-RU","https://clinicabelba.com/ru/ринопластика-до-и-после/","uk","https://clinicabelba.com/uk/ринопластика-до-і-після/","de-DE","https://clinicabelba.com/de/rhinoplastik-davor-und-danach/","it-IT","https://clinicabelba.com/it/rinoplastica-prima-e-dopo/","nl-NL","https://clinicabelba.com/nl/rinoplastiek-voor-en-na/","ca","https://clinicabelba.com/ca/rinoplastia-abans-i-despres/","fr-FR","https://clinicabelba.com/fr/rhinoplastie-avant-et-apres/","en-US","https://clinicabelba.com/en/rhinoplasty-before-and-after/","es","https://clinicabelba.com/rinoplastia-antes-y-despues/","ru","https://clinicabelba.com/ru/ринопластика-до-и-после/","de","https://clinicabelba.com/de/rhinoplastik-davor-und-danach/","it","https://clinicabelba.com/it/rinoplastica-prima-e-dopo/","nl","https://clinicabelba.com/nl/rinoplastiek-voor-en-na/","fr","https://clinicabelba.com/fr/rhinoplastie-avant-et-apres/","en","https://clinicabelba.com/en/rhinoplasty-before-and-after/","x-default","https://clinicabelba.com/rinoplastia-antes-y-despues/","","","","","Indexable",""
"https://clinicabelba.com/de/fettabsaugung-barcelona/","Chirurgie Fettabsaugung Barcelona | Liposkulptur 360°","17","es-ES","https://clinicabelba.com/liposuccion-barcelona/","ru-RU","https://clinicabelba.com/ru/липосакция-барселона/","uk","https://clinicabelba.com/uk/ліпосакція-в-барселоні/","de-DE","https://clinicabelba.com/de/fettabsaugung-barcelona/","it-IT","https://clinicabelba.com/it/liposuzione-barcellona/","nl-NL","https://clinicabelba.com/nl/liposuctie-barcelona/","ca","https://clinicabelba.com/ca/liposuccio-barcelona/","fr-FR","https://clinicabelba.com/fr/liposuccion-barcelone/","en-US","https://clinicabelba.com/en/liposuction-barcelona/","es","https://clinicabelba.com/liposuccion-barcelona/","ru","https://clinicabelba.com/ru/липосакция-барселона/","de","https://clinicabelba.com/de/fettabsaugung-barcelona/","it","https://clinicabelba.com/it/liposuzione-barcellona/","nl","https://clinicabelba.com/nl/liposuctie-barcelona/","fr","https://clinicabelba.com/fr/liposuccion-barcelone/","en","https://clinicabelba.com/en/liposuction-barcelona/","x-default","https://clinicabelba.com/liposuccion-barcelona/","","","","","Indexable",""
"https://clinicabelba.com/de/arten-von-brustvergroserungen/","Brustvergrößerungsarten | Klinik Belba","17","es-ES","https://clinicabelba.com/tipos-aumento-de-pecho/","ru-RU","https://clinicabelba.com/ru/типы-увеличения-груди/","uk","https://clinicabelba.com/uk/види-збільшення-грудей/","de-DE","https://clinicabelba.com/de/arten-von-brustvergroserungen/","it-IT","https://clinicabelba.com/it/tipi-di-aumento-del-seno/","nl-NL","https://clinicabelba.com/nl/soorten-borstvergroting/","ca","https://clinicabelba.com/ca/tipus-daugment-de-pit/","fr-FR","https://clinicabelba.com/fr/types-deaugmentation-mammaire/","en-US","https://clinicabelba.com/en/breast-augmentation-types/","es","https://clinicabelba.com/tipos-aumento-de-pecho/","ru","https://clinicabelba.com/ru/типы-увеличения-груди/","de","https://clinicabelba.com/de/arten-von-brustvergroserungen/","it","https://clinicabelba.com/it/tipi-di-aumento-del-seno/","nl","https://clinicabelba.com/nl/soorten-borstvergroting/","fr","https://clinicabelba.com/fr/types-deaugmentation-mammaire/","en","https://clinicabelba.com/en/breast-augmentation-types/","x-default","https://clinicabelba.com/tipos-aumento-de-pecho/","","","","","Indexable",""
"https://clinicabelba.com/de/lipo-vaser/","Lipo Vaser Barcelona | Lipovaser Körper | Klinik Belba","17","es-ES","https://clinicabelba.com/lipo-vaser/","ru-RU","https://clinicabelba.com/ru/липо-вазер/","uk","https://clinicabelba.com/uk/ліпо-вазер/","de-DE","https://clinicabelba.com/de/lipo-vaser/","it-IT","https://clinicabelba.com/it/lipo-vaser/","nl-NL","https://clinicabelba.com/nl/lipo-vaser/","ca","https://clinicabelba.com/ca/lipo-vaser/","fr-FR","https://clinicabelba.com/fr/lipo-vaser/","en-US","https://clinicabelba.com/en/vaser-liposuction/","es","https://clinicabelba.com/lipo-vaser/","ru","https://clinicabelba.com/ru/липо-вазер/","de","https://clinicabelba.com/de/lipo-vaser/","it","https://clinicabelba.com/it/lipo-vaser/","nl","https://clinicabelba.com/nl/lipo-vaser/","fr","https://clinicabelba.com/fr/lipo-vaser/","en","https://clinicabelba.com/en/vaser-liposuction/","x-default","https://clinicabelba.com/lipo-vaser/","","","","","Indexable",""
"https://clinicabelba.com/de/ohrenkorrektur/","Otoplastik - Barcelona - Ohrenchirurgie - Dr. Mike Dewever","17","es-ES","https://clinicabelba.com/otoplastia/","ru-RU","https://clinicabelba.com/ru/отопластика/","uk","https://clinicabelba.com/uk/отопластика/","de-DE","https://clinicabelba.com/de/ohrenkorrektur/","it-IT","https://clinicabelba.com/it/otoplastica/","nl-NL","https://clinicabelba.com/nl/otoplastie/","ca","https://clinicabelba.com/ca/otoplastia/","fr-FR","https://clinicabelba.com/fr/otoplastie/","en-US","https://clinicabelba.com/en/otoplasty/","es","https://clinicabelba.com/otoplastia/","ru","https://clinicabelba.com/ru/отопластика/","de","https://clinicabelba.com/de/ohrenkorrektur/","it","https://clinicabelba.com/it/otoplastica/","nl","https://clinicabelba.com/nl/otoplastie/","fr","https://clinicabelba.com/fr/otoplastie/","en","https://clinicabelba.com/en/otoplasty/","x-default","https://clinicabelba.com/otoplastia/","","","","","Indexable",""
"https://clinicabelba.com/ca/blefaroplastia/","Blefaroplàstia a Barcelona | Cirurgia de parpelles","17","es-ES","https://clinicabelba.com/blefaroplastia/","ru-RU","https://clinicabelba.com/ru/блефаропластика/","uk","https://clinicabelba.com/uk/блефаропластика/","de-DE","https://clinicabelba.com/de/blepharoplastik/","it-IT","https://clinicabelba.com/it/blefaroplastica/","nl-NL","https://clinicabelba.com/nl/blefaroplastiek/","ca","https://clinicabelba.com/ca/blefaroplastia/","fr-FR","https://clinicabelba.com/fr/blepharoplastie/","en-US","https://clinicabelba.com/en/blepharoplasty/","es","https://clinicabelba.com/blefaroplastia/","ru","https://clinicabelba.com/ru/блефаропластика/","de","https://clinicabelba.com/de/blepharoplastik/","it","https://clinicabelba.com/it/blefaroplastica/","nl","https://clinicabelba.com/nl/blefaroplastiek/","fr","https://clinicabelba.com/fr/blepharoplastie/","en","https://clinicabelba.com/en/blepharoplasty/","x-default","https://clinicabelba.com/blefaroplastia/","","","","","Indexable",""
"https://clinicabelba.com/ru/блефаропластика/","Блефаропластика в Барселоне | Пластика век","17","es-ES","https://clinicabelba.com/blefaroplastia/","ru-RU","https://clinicabelba.com/ru/блефаропластика/","uk","https://clinicabelba.com/uk/блефаропластика/","de-DE","https://clinicabelba.com/de/blepharoplastik/","it-IT","https://clinicabelba.com/it/blefaroplastica/","nl-NL","https://clinicabelba.com/nl/blefaroplastiek/","ca","https://clinicabelba.com/ca/blefaroplastia/","fr-FR","https://clinicabelba.com/fr/blepharoplastie/","en-US","https://clinicabelba.com/en/blepharoplasty/","es","https://clinicabelba.com/blefaroplastia/","ru","https://clinicabelba.com/ru/блефаропластика/","de","https://clinicabelba.com/de/blepharoplastik/","it","https://clinicabelba.com/it/blefaroplastica/","nl","https://clinicabelba.com/nl/blefaroplastiek/","fr","https://clinicabelba.com/fr/blepharoplastie/","en","https://clinicabelba.com/en/blepharoplasty/","x-default","https://clinicabelba.com/blefaroplastia/","","","","","Indexable",""
"https://clinicabelba.com/nl/blefaroplastiek/","Blefaroplastie in Barcelona | Ooglidcorrectie","17","es-ES","https://clinicabelba.com/blefaroplastia/","ru-RU","https://clinicabelba.com/ru/блефаропластика/","uk","https://clinicabelba.com/uk/блефаропластика/","de-DE","https://clinicabelba.com/de/blepharoplastik/","it-IT","https://clinicabelba.com/it/blefaroplastica/","nl-NL","https://clinicabelba.com/nl/blefaroplastiek/","ca","https://clinicabelba.com/ca/blefaroplastia/","fr-FR","https://clinicabelba.com/fr/blepharoplastie/","en-US","https://clinicabelba.com/en/blepharoplasty/","es","https://clinicabelba.com/blefaroplastia/","ru","https://clinicabelba.com/ru/блефаропластика/","de","https://clinicabelba.com/de/blepharoplastik/","it","https://clinicabelba.com/it/blefaroplastica/","nl","https://clinicabelba.com/nl/blefaroplastiek/","fr","https://clinicabelba.com/fr/blepharoplastie/","en","https://clinicabelba.com/en/blepharoplasty/","x-default","https://clinicabelba.com/blefaroplastia/","","","","","Indexable",""
"https://clinicabelba.com/uk/блефаропластика/","Блефаропластика в Барселоні | Хірургія повік","17","es-ES","https://clinicabelba.com/blefaroplastia/","ru-RU","https://clinicabelba.com/ru/блефаропластика/","uk","https://clinicabelba.com/uk/блефаропластика/","de-DE","https://clinicabelba.com/de/blepharoplastik/","it-IT","https://clinicabelba.com/it/blefaroplastica/","nl-NL","https://clinicabelba.com/nl/blefaroplastiek/","ca","https://clinicabelba.com/ca/blefaroplastia/","fr-FR","https://clinicabelba.com/fr/blepharoplastie/","en-US","https://clinicabelba.com/en/blepharoplasty/","es","https://clinicabelba.com/blefaroplastia/","ru","https://clinicabelba.com/ru/блефаропластика/","de","https://clinicabelba.com/de/blepharoplastik/","it","https://clinicabelba.com/it/blefaroplastica/","nl","https://clinicabelba.com/nl/blefaroplastiek/","fr","https://clinicabelba.com/fr/blepharoplastie/","en","https://clinicabelba.com/en/blepharoplasty/","x-default","https://clinicabelba.com/blefaroplastia/","","","","","Indexable",""
"https://clinicabelba.com/en/blepharoplasty/","Blepharoplasty in Barcelona | Eyelid Surgery","17","es-ES","https://clinicabelba.com/blefaroplastia/","ru-RU","https://clinicabelba.com/ru/блефаропластика/","uk","https://clinicabelba.com/uk/блефаропластика/","de-DE","https://clinicabelba.com/de/blepharoplastik/","it-IT","https://clinicabelba.com/it/blefaroplastica/","nl-NL","https://clinicabelba.com/nl/blefaroplastiek/","ca","https://clinicabelba.com/ca/blefaroplastia/","fr-FR","https://clinicabelba.com/fr/blepharoplastie/","en-US","https://clinicabelba.com/en/blepharoplasty/","es","https://clinicabelba.com/blefaroplastia/","ru","https://clinicabelba.com/ru/блефаропластика/","de","https://clinicabelba.com/de/blepharoplastik/","it","https://clinicabelba.com/it/blefaroplastica/","nl","https://clinicabelba.com/nl/blefaroplastiek/","fr","https://clinicabelba.com/fr/blepharoplastie/","en","https://clinicabelba.com/en/blepharoplasty/","x-default","https://clinicabelba.com/blefaroplastia/","","","","","Indexable",""
"https://clinicabelba.com/it/blefaroplastica/","Blefaroplastica a Barcellona | Chirurgia delle palpebre","17","es-ES","https://clinicabelba.com/blefaroplastia/","ru-RU","https://clinicabelba.com/ru/блефаропластика/","uk","https://clinicabelba.com/uk/блефаропластика/","de-DE","https://clinicabelba.com/de/blepharoplastik/","it-IT","https://clinicabelba.com/it/blefaroplastica/","nl-NL","https://clinicabelba.com/nl/blefaroplastiek/","ca","https://clinicabelba.com/ca/blefaroplastia/","fr-FR","https://clinicabelba.com/fr/blepharoplastie/","en-US","https://clinicabelba.com/en/blepharoplasty/","es","https://clinicabelba.com/blefaroplastia/","ru","https://clinicabelba.com/ru/блефаропластика/","de","https://clinicabelba.com/de/blepharoplastik/","it","https://clinicabelba.com/it/blefaroplastica/","nl","https://clinicabelba.com/nl/blefaroplastiek/","fr","https://clinicabelba.com/fr/blepharoplastie/","en","https://clinicabelba.com/en/blepharoplasty/","x-default","https://clinicabelba.com/blefaroplastia/","","","","","Indexable",""
"https://clinicabelba.com/nl/rinoplastiek-barcelona/","Rinoplastiek en ultrasone rinoplastiek - Barcelona - Clinica Belba","17","es-ES","https://clinicabelba.com/rinoplastia-barcelona/","ru-RU","https://clinicabelba.com/ru/ринопластика-барселона/","uk","https://clinicabelba.com/uk/ринопластика-в-барселоні/","de-DE","https://clinicabelba.com/de/rhinoplastik-barcelona/","it-IT","https://clinicabelba.com/it/rinoplastica-barcellona/","nl-NL","https://clinicabelba.com/nl/rinoplastiek-barcelona/","ca","https://clinicabelba.com/ca/rinoplastia-barcelona/","fr-FR","https://clinicabelba.com/fr/rhinoplastie-barcelone/","en-US","https://clinicabelba.com/en/rhinoplasty-barcelona/","es","https://clinicabelba.com/rinoplastia-barcelona/","ru","https://clinicabelba.com/ru/ринопластика-барселона/","de","https://clinicabelba.com/de/rhinoplastik-barcelona/","it","https://clinicabelba.com/it/rinoplastica-barcellona/","nl","https://clinicabelba.com/nl/rinoplastiek-barcelona/","fr","https://clinicabelba.com/fr/rhinoplastie-barcelone/","en","https://clinicabelba.com/en/rhinoplasty-barcelona/","x-default","https://clinicabelba.com/rinoplastia-barcelona/","","","","","Indexable",""
"https://clinicabelba.com/it/rinoplastica-barcellona/","Rinoplastica e Rinoplastica Ultr","17","es-ES","https://clinicabelba.com/rinoplastia-barcelona/","ru-RU","https://clinicabelba.com/ru/ринопластика-барселона/","uk","https://clinicabelba.com/uk/ринопластика-в-барселоні/","de-DE","https://clinicabelba.com/de/rhinoplastik-barcelona/","it-IT","https://clinicabelba.com/it/rinoplastica-barcellona/","nl-NL","https://clinicabelba.com/nl/rinoplastiek-barcelona/","ca","https://clinicabelba.com/ca/rinoplastia-barcelona/","fr-FR","https://clinicabelba.com/fr/rhinoplastie-barcelone/","en-US","https://clinicabelba.com/en/rhinoplasty-barcelona/","es","https://clinicabelba.com/rinoplastia-barcelona/","ru","https://clinicabelba.com/ru/ринопластика-барселона/","de","https://clinicabelba.com/de/rhinoplastik-barcelona/","it","https://clinicabelba.com/it/rinoplastica-barcellona/","nl","https://clinicabelba.com/nl/rinoplastiek-barcelona/","fr","https://clinicabelba.com/fr/rhinoplastie-barcelone/","en","https://clinicabelba.com/en/rhinoplasty-barcelona/","x-default","https://clinicabelba.com/rinoplastia-barcelona/","","","","","Indexable",""
"https://clinicabelba.com/en/rhinoplasty-barcelona/","Rhinoplasty and Ultrasonic Rhinoplasty - Barcelona - Clinica Belba","17","es-ES","https://clinicabelba.com/rinoplastia-barcelona/","ru-RU","https://clinicabelba.com/ru/ринопластика-барселона/","uk","https://clinicabelba.com/uk/ринопластика-в-барселоні/","de-DE","https://clinicabelba.com/de/rhinoplastik-barcelona/","it-IT","https://clinicabelba.com/it/rinoplastica-barcellona/","nl-NL","https://clinicabelba.com/nl/rinoplastiek-barcelona/","ca","https://clinicabelba.com/ca/rinoplastia-barcelona/","fr-FR","https://clinicabelba.com/fr/rhinoplastie-barcelone/","en-US","https://clinicabelba.com/en/rhinoplasty-barcelona/","es","https://clinicabelba.com/rinoplastia-barcelona/","ru","https://clinicabelba.com/ru/ринопластика-барселона/","de","https://clinicabelba.com/de/rhinoplastik-barcelona/","it","https://clinicabelba.com/it/rinoplastica-barcellona/","nl","https://clinicabelba.com/nl/rinoplastiek-barcelona/","fr","https://clinicabelba.com/fr/rhinoplastie-barcelone/","en","https://clinicabelba.com/en/rhinoplasty-barcelona/","x-default","https://clinicabelba.com/rinoplastia-barcelona/","","","","","Indexable",""
"https://clinicabelba.com/ru/ринопластика-барселона/","Ринопластика и ультразвуковая ринопластика - Барселона - Клиника Белба","17","es-ES","https://clinicabelba.com/rinoplastia-barcelona/","ru-RU","https://clinicabelba.com/ru/ринопластика-барселона/","uk","https://clinicabelba.com/uk/ринопластика-в-барселоні/","de-DE","https://clinicabelba.com/de/rhinoplastik-barcelona/","it-IT","https://clinicabelba.com/it/rinoplastica-barcellona/","nl-NL","https://clinicabelba.com/nl/rinoplastiek-barcelona/","ca","https://clinicabelba.com/ca/rinoplastia-barcelona/","fr-FR","https://clinicabelba.com/fr/rhinoplastie-barcelone/","en-US","https://clinicabelba.com/en/rhinoplasty-barcelona/","es","https://clinicabelba.com/rinoplastia-barcelona/","ru","https://clinicabelba.com/ru/ринопластика-барселона/","de","https://clinicabelba.com/de/rhinoplastik-barcelona/","it","https://clinicabelba.com/it/rinoplastica-barcellona/","nl","https://clinicabelba.com/nl/rinoplastiek-barcelona/","fr","https://clinicabelba.com/fr/rhinoplastie-barcelone/","en","https://clinicabelba.com/en/rhinoplasty-barcelona/","x-default","https://clinicabelba.com/rinoplastia-barcelona/","","","","","Indexable",""
"https://clinicabelba.com/ca/rinoplastia-barcelona/","Rinoplàstia i Rinoplàstia Ultrasònica - Barcelona - Clínica Belba","17","es-ES","https://clinicabelba.com/rinoplastia-barcelona/","ru-RU","https://clinicabelba.com/ru/ринопластика-барселона/","uk","https://clinicabelba.com/uk/ринопластика-в-барселоні/","de-DE","https://clinicabelba.com/de/rhinoplastik-barcelona/","it-IT","https://clinicabelba.com/it/rinoplastica-barcellona/","nl-NL","https://clinicabelba.com/nl/rinoplastiek-barcelona/","ca","https://clinicabelba.com/ca/rinoplastia-barcelona/","fr-FR","https://clinicabelba.com/fr/rhinoplastie-barcelone/","en-US","https://clinicabelba.com/en/rhinoplasty-barcelona/","es","https://clinicabelba.com/rinoplastia-barcelona/","ru","https://clinicabelba.com/ru/ринопластика-барселона/","de","https://clinicabelba.com/de/rhinoplastik-barcelona/","it","https://clinicabelba.com/it/rinoplastica-barcellona/","nl","https://clinicabelba.com/nl/rinoplastiek-barcelona/","fr","https://clinicabelba.com/fr/rhinoplastie-barcelone/","en","https://clinicabelba.com/en/rhinoplasty-barcelona/","x-default","https://clinicabelba.com/rinoplastia-barcelona/","","","","","Indexable",""
"https://clinicabelba.com/uk/ринопластика-в-барселоні/","Ринопластика та ультразвукова ринопластика — Барселона — Клініка «Белба»","17","es-ES","https://clinicabelba.com/rinoplastia-barcelona/","ru-RU","https://clinicabelba.com/ru/ринопластика-барселона/","uk","https://clinicabelba.com/uk/ринопластика-в-барселоні/","de-DE","https://clinicabelba.com/de/rhinoplastik-barcelona/","it-IT","https://clinicabelba.com/it/rinoplastica-barcellona/","nl-NL","https://clinicabelba.com/nl/rinoplastiek-barcelona/","ca","https://clinicabelba.com/ca/rinoplastia-barcelona/","fr-FR","https://clinicabelba.com/fr/rhinoplastie-barcelone/","en-US","https://clinicabelba.com/en/rhinoplasty-barcelona/","es","https://clinicabelba.com/rinoplastia-barcelona/","ru","https://clinicabelba.com/ru/ринопластика-барселона/","de","https://clinicabelba.com/de/rhinoplastik-barcelona/","it","https://clinicabelba.com/it/rinoplastica-barcellona/","nl","https://clinicabelba.com/nl/rinoplastiek-barcelona/","fr","https://clinicabelba.com/fr/rhinoplastie-barcelone/","en","https://clinicabelba.com/en/rhinoplasty-barcelona/","x-default","https://clinicabelba.com/rinoplastia-barcelona/","","","","","Indexable",""
"https://clinicabelba.com/ca/ginecomastia-barcelona/","Ginecomastia en Barcelona - Cirugía Plástica - Clinica Belba","17","es-ES","https://clinicabelba.com/ginecomastia-barcelona/","ru-RU","https://clinicabelba.com/ru/гинекомастия-барселона/","uk","https://clinicabelba.com/uk/гінекомастія-в-барселоні/","de-DE","https://clinicabelba.com/de/ginekomastie-barcelona/","it-IT","https://clinicabelba.com/it/ginecomastia-barcellona/","nl-NL","https://clinicabelba.com/nl/gynecomastie-barcelona/","ca","https://clinicabelba.com/ca/ginecomastia-barcelona/","fr-FR","https://clinicabelba.com/fr/ginecomastia-barcelona/","en-US","https://clinicabelba.com/en/gynecomastia-barcelona/","es","https://clinicabelba.com/ginecomastia-barcelona/","ru","https://clinicabelba.com/ru/гинекомастия-барселона/","de","https://clinicabelba.com/de/ginekomastie-barcelona/","it","https://clinicabelba.com/it/ginecomastia-barcellona/","nl","https://clinicabelba.com/nl/gynecomastie-barcelona/","fr","https://clinicabelba.com/fr/ginecomastia-barcelona/","en","https://clinicabelba.com/en/gynecomastia-barcelona/","x-default","https://clinicabelba.com/ginecomastia-barcelona/","","","","","Indexable",""
"https://clinicabelba.com/uk/гінекомастія-в-барселоні/","Ginecomastia en Barcelona - Cirugía Plástica - Clinica Belba","17","es-ES","https://clinicabelba.com/ginecomastia-barcelona/","ru-RU","https://clinicabelba.com/ru/гинекомастия-барселона/","uk","https://clinicabelba.com/uk/гінекомастія-в-барселоні/","de-DE","https://clinicabelba.com/de/ginekomastie-barcelona/","it-IT","https://clinicabelba.com/it/ginecomastia-barcellona/","nl-NL","https://clinicabelba.com/nl/gynecomastie-barcelona/","ca","https://clinicabelba.com/ca/ginecomastia-barcelona/","fr-FR","https://clinicabelba.com/fr/ginecomastia-barcelona/","en-US","https://clinicabelba.com/en/gynecomastia-barcelona/","es","https://clinicabelba.com/ginecomastia-barcelona/","ru","https://clinicabelba.com/ru/гинекомастия-барселона/","de","https://clinicabelba.com/de/ginekomastie-barcelona/","it","https://clinicabelba.com/it/ginecomastia-barcellona/","nl","https://clinicabelba.com/nl/gynecomastie-barcelona/","fr","https://clinicabelba.com/fr/ginecomastia-barcelona/","en","https://clinicabelba.com/en/gynecomastia-barcelona/","x-default","https://clinicabelba.com/ginecomastia-barcelona/","","","","","Indexable",""
"https://clinicabelba.com/it/ginecomastia-barcellona/","Ginecomastia en Barcelona - Cirugía Plástica - Clinica Belba","17","es-ES","https://clinicabelba.com/ginecomastia-barcelona/","ru-RU","https://clinicabelba.com/ru/гинекомастия-барселона/","uk","https://clinicabelba.com/uk/гінекомастія-в-барселоні/","de-DE","https://clinicabelba.com/de/ginekomastie-barcelona/","it-IT","https://clinicabelba.com/it/ginecomastia-barcellona/","nl-NL","https://clinicabelba.com/nl/gynecomastie-barcelona/","ca","https://clinicabelba.com/ca/ginecomastia-barcelona/","fr-FR","https://clinicabelba.com/fr/ginecomastia-barcelona/","en-US","https://clinicabelba.com/en/gynecomastia-barcelona/","es","https://clinicabelba.com/ginecomastia-barcelona/","ru","https://clinicabelba.com/ru/гинекомастия-барселона/","de","https://clinicabelba.com/de/ginekomastie-barcelona/","it","https://clinicabelba.com/it/ginecomastia-barcellona/","nl","https://clinicabelba.com/nl/gynecomastie-barcelona/","fr","https://clinicabelba.com/fr/ginecomastia-barcelona/","en","https://clinicabelba.com/en/gynecomastia-barcelona/","x-default","https://clinicabelba.com/ginecomastia-barcelona/","","","","","Indexable",""
"https://clinicabelba.com/ru/гинекомастия-барселона/","Ginecomastia en Barcelona - Cirugía Plástica - Clinica Belba","17","es-ES","https://clinicabelba.com/ginecomastia-barcelona/","ru-RU","https://clinicabelba.com/ru/гинекомастия-барселона/","uk","https://clinicabelba.com/uk/гінекомастія-в-барселоні/","de-DE","https://clinicabelba.com/de/ginekomastie-barcelona/","it-IT","https://clinicabelba.com/it/ginecomastia-barcellona/","nl-NL","https://clinicabelba.com/nl/gynecomastie-barcelona/","ca","https://clinicabelba.com/ca/ginecomastia-barcelona/","fr-FR","https://clinicabelba.com/fr/ginecomastia-barcelona/","en-US","https://clinicabelba.com/en/gynecomastia-barcelona/","es","https://clinicabelba.com/ginecomastia-barcelona/","ru","https://clinicabelba.com/ru/гинекомастия-барселона/","de","https://clinicabelba.com/de/ginekomastie-barcelona/","it","https://clinicabelba.com/it/ginecomastia-barcellona/","nl","https://clinicabelba.com/nl/gynecomastie-barcelona/","fr","https://clinicabelba.com/fr/ginecomastia-barcelona/","en","https://clinicabelba.com/en/gynecomastia-barcelona/","x-default","https://clinicabelba.com/ginecomastia-barcelona/","","","","","Indexable",""
"https://clinicabelba.com/nl/gynecomastie-barcelona/","Ginecomastia en Barcelona - Cirugía Plástica - Clinica Belba","17","es-ES","https://clinicabelba.com/ginecomastia-barcelona/","ru-RU","https://clinicabelba.com/ru/гинекомастия-барселона/","uk","https://clinicabelba.com/uk/гінекомастія-в-барселоні/","de-DE","https://clinicabelba.com/de/ginekomastie-barcelona/","it-IT","https://clinicabelba.com/it/ginecomastia-barcellona/","nl-NL","https://clinicabelba.com/nl/gynecomastie-barcelona/","ca","https://clinicabelba.com/ca/ginecomastia-barcelona/","fr-FR","https://clinicabelba.com/fr/ginecomastia-barcelona/","en-US","https://clinicabelba.com/en/gynecomastia-barcelona/","es","https://clinicabelba.com/ginecomastia-barcelona/","ru","https://clinicabelba.com/ru/гинекомастия-барселона/","de","https://clinicabelba.com/de/ginekomastie-barcelona/","it","https://clinicabelba.com/it/ginecomastia-barcellona/","nl","https://clinicabelba.com/nl/gynecomastie-barcelona/","fr","https://clinicabelba.com/fr/ginecomastia-barcelona/","en","https://clinicabelba.com/en/gynecomastia-barcelona/","x-default","https://clinicabelba.com/ginecomastia-barcelona/","","","","","Indexable",""
"https://clinicabelba.com/en/breast-surgery/","Breast Surgery in Barcelona | Clínica Belba","17","es-ES","https://clinicabelba.com/cirugia-de-la-mama/","ru-RU","https://clinicabelba.com/ru/маммопластика/","uk","https://clinicabelba.com/uk/хірургія-молочної-залози/","de-DE","https://clinicabelba.com/de/brustoperation/","it-IT","https://clinicabelba.com/it/chirurgia-mammaria/","nl-NL","https://clinicabelba.com/nl/borstoperatie/","ca","https://clinicabelba.com/ca/cirurgia-de-mama/","fr-FR","https://clinicabelba.com/fr/chirurgie-mammaire/","en-US","https://clinicabelba.com/en/breast-surgery/","es","https://clinicabelba.com/cirugia-de-la-mama/","ru","https://clinicabelba.com/ru/маммопластика/","de","https://clinicabelba.com/de/brustoperation/","it","https://clinicabelba.com/it/chirurgia-mammaria/","nl","https://clinicabelba.com/nl/borstoperatie/","fr","https://clinicabelba.com/fr/chirurgie-mammaire/","en","https://clinicabelba.com/en/breast-surgery/","x-default","https://clinicabelba.com/cirugia-de-la-mama/","","","","","Indexable",""
"https://clinicabelba.com/en/thigh-lift/","Thigh Lift in Barcelona | Cruroplasty ◁ © BELBA","17","es-ES","https://clinicabelba.com/lifting-de-muslos/","ru-RU","https://clinicabelba.com/ru/подтяжка-бедер/","uk","https://clinicabelba.com/uk/підтяжка-стегон/","de-DE","https://clinicabelba.com/de/oberschenkelstraffung/","it-IT","https://clinicabelba.com/it/lifting-delle-cosce/","nl-NL","https://clinicabelba.com/nl/lifting-van-de-dijen/","ca","https://clinicabelba.com/ca/elevacio-de-cuixes/","fr-FR","https://clinicabelba.com/fr/lifting-de-cuisse/","en-US","https://clinicabelba.com/en/thigh-lift/","es","https://clinicabelba.com/lifting-de-muslos/","ru","https://clinicabelba.com/ru/подтяжка-бедер/","de","https://clinicabelba.com/de/oberschenkelstraffung/","it","https://clinicabelba.com/it/lifting-delle-cosce/","nl","https://clinicabelba.com/nl/lifting-van-de-dijen/","fr","https://clinicabelba.com/fr/lifting-de-cuisse/","en","https://clinicabelba.com/en/thigh-lift/","x-default","https://clinicabelba.com/lifting-de-muslos/","","","","","Indexable",""
"https://clinicabelba.com/en/rhinoplasty-before-and-after/","Rhinoplasty Before and After Photos - Dr. Mike Dewever","17","es-ES","https://clinicabelba.com/rinoplastia-antes-y-despues/","ru-RU","https://clinicabelba.com/ru/ринопластика-до-и-после/","uk","https://clinicabelba.com/uk/ринопластика-до-і-після/","de-DE","https://clinicabelba.com/de/rhinoplastik-davor-und-danach/","it-IT","https://clinicabelba.com/it/rinoplastica-prima-e-dopo/","nl-NL","https://clinicabelba.com/nl/rinoplastiek-voor-en-na/","ca","https://clinicabelba.com/ca/rinoplastia-abans-i-despres/","fr-FR","https://clinicabelba.com/fr/rhinoplastie-avant-et-apres/","en-US","https://clinicabelba.com/en/rhinoplasty-before-and-after/","es","https://clinicabelba.com/rinoplastia-antes-y-despues/","ru","https://clinicabelba.com/ru/ринопластика-до-и-после/","de","https://clinicabelba.com/de/rhinoplastik-davor-und-danach/","it","https://clinicabelba.com/it/rinoplastica-prima-e-dopo/","nl","https://clinicabelba.com/nl/rinoplastiek-voor-en-na/","fr","https://clinicabelba.com/fr/rhinoplastie-avant-et-apres/","en","https://clinicabelba.com/en/rhinoplasty-before-and-after/","x-default","https://clinicabelba.com/rinoplastia-antes-y-despues/","","","","","Indexable",""
"https://clinicabelba.com/en/breast-lift/","Breast Lift Barcelona | Mastopexy | Breast Augmentation","17","es-ES","https://clinicabelba.com/elevacion-de-mama/","ru-RU","https://clinicabelba.com/ru/подтяжка-груди/","uk","https://clinicabelba.com/uk/підтяжка-грудей/","de-DE","https://clinicabelba.com/de/bruststraffung/","it-IT","https://clinicabelba.com/it/mastopessi/","nl-NL","https://clinicabelba.com/nl/borstvergroting/","ca","https://clinicabelba.com/ca/elevacio-de-mama/","fr-FR","https://clinicabelba.com/fr/mastopexie/","en-US","https://clinicabelba.com/en/breast-lift/","es","https://clinicabelba.com/elevacion-de-mama/","ru","https://clinicabelba.com/ru/подтяжка-груди/","de","https://clinicabelba.com/de/bruststraffung/","it","https://clinicabelba.com/it/mastopessi/","nl","https://clinicabelba.com/nl/borstvergroting/","fr","https://clinicabelba.com/fr/mastopexie/","en","https://clinicabelba.com/en/breast-lift/","x-default","https://clinicabelba.com/elevacion-de-mama/","","","","","Indexable",""
"https://clinicabelba.com/en/online-consultation/","Online Consultation | Clinica Belba","17","es-ES","https://clinicabelba.com/consulta-online/","ru-RU","https://clinicabelba.com/ru/онлайн-консультация/","uk","https://clinicabelba.com/uk/онлайн-консультація/","de-DE","https://clinicabelba.com/de/online-beratung/","it-IT","https://clinicabelba.com/it/consultazione-online/","nl-NL","https://clinicabelba.com/nl/online-consult/","ca","https://clinicabelba.com/ca/consulta-en-linia/","fr-FR","https://clinicabelba.com/fr/consultation-en-ligne/","en-US","https://clinicabelba.com/en/online-consultation/","es","https://clinicabelba.com/consulta-online/","ru","https://clinicabelba.com/ru/онлайн-консультация/","de","https://clinicabelba.com/de/online-beratung/","it","https://clinicabelba.com/it/consultazione-online/","nl","https://clinicabelba.com/nl/online-consult/","fr","https://clinicabelba.com/fr/consultation-en-ligne/","en","https://clinicabelba.com/en/online-consultation/","x-default","https://clinicabelba.com/consulta-online/","","","","","No indexable","noindex"
"https://clinicabelba.com/en/body-surgery/","Body and Aesthetic Surgery in Spain | Belba Clinic","17","es-ES","https://clinicabelba.com/cirugia-corporal/","ru-RU","https://clinicabelba.com/ru/пластическая-хирургия/","uk","https://clinicabelba.com/uk/хірургія-тіла/","de-DE","https://clinicabelba.com/de/korperchirurgie/","it-IT","https://clinicabelba.com/it/chirurgia-del-corpo/","nl-NL","https://clinicabelba.com/nl/lichaamschirurgie/","ca","https://clinicabelba.com/ca/cirugia-corporal/","fr-FR","https://clinicabelba.com/fr/chirurgie-corporelle/","en-US","https://clinicabelba.com/en/body-surgery/","es","https://clinicabelba.com/cirugia-corporal/","ru","https://clinicabelba.com/ru/пластическая-хирургия/","de","https://clinicabelba.com/de/korperchirurgie/","it","https://clinicabelba.com/it/chirurgia-del-corpo/","nl","https://clinicabelba.com/nl/lichaamschirurgie/","fr","https://clinicabelba.com/fr/chirurgie-corporelle/","en","https://clinicabelba.com/en/body-surgery/","x-default","https://clinicabelba.com/cirugia-corporal/","","","","","Indexable",""
"https://clinicabelba.com/en/breast-augmentation-brst-technique/","BRST Technique Breast Augmentation | Belba Clinic ®🥇","17","es-ES","https://clinicabelba.com/aumento-de-pecho-tecnica-brst/","ru-RU","https://clinicabelba.com/ru/увеличить-грудь-техника-brst/","uk","https://clinicabelba.com/uk/збільшення-грудей-за-допомогою-техні/","de-DE","https://clinicabelba.com/de/brustvergroserungstechnik/","it-IT","https://clinicabelba.com/it/mastoplastica-additiva-tecnica-b-r-s-t/","nl-NL","https://clinicabelba.com/nl/borstvergroting-techniek-brst/","ca","https://clinicabelba.com/ca/augment-de-pit-tecnica-brst/","fr-FR","https://clinicabelba.com/fr/augmentation-mammaire-technique-brst/","en-US","https://clinicabelba.com/en/breast-augmentation-brst-technique/","es","https://clinicabelba.com/aumento-de-pecho-tecnica-brst/","ru","https://clinicabelba.com/ru/увеличить-грудь-техника-brst/","de","https://clinicabelba.com/de/brustvergroserungstechnik/","it","https://clinicabelba.com/it/mastoplastica-additiva-tecnica-b-r-s-t/","nl","https://clinicabelba.com/nl/borstvergroting-techniek-brst/","fr","https://clinicabelba.com/fr/augmentation-mammaire-technique-brst/","en","https://clinicabelba.com/en/breast-augmentation-brst-technique/","x-default","https://clinicabelba.com/aumento-de-pecho-tecnica-brst/","","","","","Indexable",""
"https://clinicabelba.com/en/labiaplasty/","Labiaplasty in Barcelona | Feminine Laser Genital Surgery❤️","17","es-ES","https://clinicabelba.com/labioplastia/","ru-RU","https://clinicabelba.com/ru/лабиопластика/","uk","https://clinicabelba.com/uk/лабіопластика/","de-DE","https://clinicabelba.com/de/lippenkorrektur/","it-IT","https://clinicabelba.com/it/labioplastica/","nl-NL","https://clinicabelba.com/nl/labiaplastiek/","ca","https://clinicabelba.com/ca/labioplastia/","fr-FR","https://clinicabelba.com/fr/labioplastie/","en-US","https://clinicabelba.com/en/labiaplasty/","es","https://clinicabelba.com/labioplastia/","ru","https://clinicabelba.com/ru/лабиопластика/","de","https://clinicabelba.com/de/lippenkorrektur/","it","https://clinicabelba.com/it/labioplastica/","nl","https://clinicabelba.com/nl/labiaplastiek/","fr","https://clinicabelba.com/fr/labioplastie/","en","https://clinicabelba.com/en/labiaplasty/","x-default","https://clinicabelba.com/labioplastia/","","","","","Indexable",""
"https://clinicabelba.com/en/lipolaser-before-and-after/","Lipo Vaser Before and After | CLINICA BELBA ®","17","es-ES","https://clinicabelba.com/lipovaser-antes-y-despues/","ru-RU","https://clinicabelba.com/ru/липосакция-до-и-после/","uk","https://clinicabelba.com/uk/lipovaser-до-і-після/","de-DE","https://clinicabelba.com/de/lipovaser-davor-und-danach/","it-IT","https://clinicabelba.com/it/lipovaser-prima-e-dopo/","nl-NL","https://clinicabelba.com/nl/lipovaser-voor-en-na/","ca","https://clinicabelba.com/ca/lipovaser-abans-i-despres/","fr-FR","https://clinicabelba.com/fr/lipovaser-avant-et-apres/","en-US","https://clinicabelba.com/en/lipolaser-before-and-after/","es","https://clinicabelba.com/lipovaser-antes-y-despues/","ru","https://clinicabelba.com/ru/липосакция-до-и-после/","de","https://clinicabelba.com/de/lipovaser-davor-und-danach/","it","https://clinicabelba.com/it/lipovaser-prima-e-dopo/","nl","https://clinicabelba.com/nl/lipovaser-voor-en-na/","fr","https://clinicabelba.com/fr/lipovaser-avant-et-apres/","en","https://clinicabelba.com/en/lipolaser-before-and-after/","x-default","https://clinicabelba.com/lipovaser-antes-y-despues/","","","","","Indexable",""
"https://clinicabelba.com/en/abdominoplasty-before-and-after/","Abdominoplasty Before and After | Real Photos © BELBA","17","es-ES","https://clinicabelba.com/abdominoplastia-antes-y-despues/","ru-RU","https://clinicabelba.com/ru/абдоминопластика-до-и-после/","uk","https://clinicabelba.com/uk/абдомінопластика-до-і-після/","de-DE","https://clinicabelba.com/de/bauchdeckenstraffung-vorher-und-nachher/","it-IT","https://clinicabelba.com/it/addominoplastica-prima-e-dopo/","nl-NL","https://clinicabelba.com/nl/buikwandcorrectie-voor-en-na/","ca","https://clinicabelba.com/ca/abdominoplastia-abans-i-despres/","fr-FR","https://clinicabelba.com/fr/abdominoplastie-avant-et-apres/","en-US","https://clinicabelba.com/en/abdominoplasty-before-and-after/","es","https://clinicabelba.com/abdominoplastia-antes-y-despues/","ru","https://clinicabelba.com/ru/абдоминопластика-до-и-после/","de","https://clinicabelba.com/de/bauchdeckenstraffung-vorher-und-nachher/","it","https://clinicabelba.com/it/addominoplastica-prima-e-dopo/","nl","https://clinicabelba.com/nl/buikwandcorrectie-voor-en-na/","fr","https://clinicabelba.com/fr/abdominoplastie-avant-et-apres/","en","https://clinicabelba.com/en/abdominoplasty-before-and-after/","x-default","https://clinicabelba.com/abdominoplastia-antes-y-despues/","","","","","Indexable",""
"https://clinicabelba.com/en/patient-guide/","Patient Guide | Belba Clinic","17","es-ES","https://clinicabelba.com/guia-del-paciente/","ru-RU","https://clinicabelba.com/ru/памятка-для-пациента/","uk","https://clinicabelba.com/uk/посібник-для-пацієнта/","de-DE","https://clinicabelba.com/de/patientenleitfaden/","it-IT","https://clinicabelba.com/it/guida-del-paziente/","nl-NL","https://clinicabelba.com/nl/patienten-gids/","ca","https://clinicabelba.com/ca/guia-del-pacient/","fr-FR","https://clinicabelba.com/fr/guide-du-patient/","en-US","https://clinicabelba.com/en/patient-guide/","es","https://clinicabelba.com/guia-del-paciente/","ru","https://clinicabelba.com/ru/памятка-для-пациента/","de","https://clinicabelba.com/de/patientenleitfaden/","it","https://clinicabelba.com/it/guida-del-paziente/","nl","https://clinicabelba.com/nl/patienten-gids/","fr","https://clinicabelba.com/fr/guide-du-patient/","en","https://clinicabelba.com/en/patient-guide/","x-default","https://clinicabelba.com/guia-del-paciente/","","","","","Indexable",""
"https://clinicabelba.com/en/facelift-barcelona/","Facial Lifting - Barcelona - Clinica Belba","17","es-ES","https://clinicabelba.com/lifting-facial-barcelona/","ru-RU","https://clinicabelba.com/ru/лифтинг-лица-барселона/","uk","https://clinicabelba.com/uk/підтяжка-обличчя-в-барселоні/","de-DE","https://clinicabelba.com/de/gesichtsstraffung-barcelona/","it-IT","https://clinicabelba.com/it/lifting-facciale-barcellona/","nl-NL","https://clinicabelba.com/nl/gezichtsbehandeling-barcelona/","ca","https://clinicabelba.com/ca/lifting-facial-barcelona/","fr-FR","https://clinicabelba.com/fr/lifting-facial-barcelone/","en-US","https://clinicabelba.com/en/facelift-barcelona/","es","https://clinicabelba.com/lifting-facial-barcelona/","ru","https://clinicabelba.com/ru/лифтинг-лица-барселона/","de","https://clinicabelba.com/de/gesichtsstraffung-barcelona/","it","https://clinicabelba.com/it/lifting-facciale-barcellona/","nl","https://clinicabelba.com/nl/gezichtsbehandeling-barcelona/","fr","https://clinicabelba.com/fr/lifting-facial-barcelone/","en","https://clinicabelba.com/en/facelift-barcelona/","x-default","https://clinicabelba.com/lifting-facial-barcelona/","","","","","Indexable",""
"https://clinicabelba.com/en/intimate-surgery/","Intimate Surgery in Spain | Clínica Belba","17","es-ES","https://clinicabelba.com/cirugia-intima/","ru-RU","https://clinicabelba.com/ru/интимная-хирургия/","uk","https://clinicabelba.com/uk/хірургія-інтимних-органів/","de-DE","https://clinicabelba.com/de/intimchirurgie/","it-IT","https://clinicabelba.com/it/chirurgia-intima/","nl-NL","https://clinicabelba.com/nl/intieme-chirurgie/","ca","https://clinicabelba.com/ca/cirurgia-intima/","fr-FR","https://clinicabelba.com/fr/cirugia-intima/","en-US","https://clinicabelba.com/en/intimate-surgery/","es","https://clinicabelba.com/cirugia-intima/","ru","https://clinicabelba.com/ru/интимная-хирургия/","de","https://clinicabelba.com/de/intimchirurgie/","it","https://clinicabelba.com/it/chirurgia-intima/","nl","https://clinicabelba.com/nl/intieme-chirurgie/","fr","https://clinicabelba.com/fr/cirugia-intima/","en","https://clinicabelba.com/en/intimate-surgery/","x-default","https://clinicabelba.com/cirugia-intima/","","","","","Indexable",""
"https://clinicabelba.com/en/mons-pubis-liposuction/","Mons Pubis Liposuction Barcelona ❤️ | Clínica Belba","17","es-ES","https://clinicabelba.com/liposuccion-de-monte-de-venus/","ru-RU","https://clinicabelba.com/ru/липосакция-лобка/","uk","https://clinicabelba.com/uk/ліпосакція-лобка/","de-DE","https://clinicabelba.com/de/fettabsaugung-am-venushugel/","it-IT","https://clinicabelba.com/it/liposuzione-del-monte-di-venere/","nl-NL","https://clinicabelba.com/nl/liposuctie-venusheuvel/","ca","https://clinicabelba.com/ca/liposuccio-del-mont-de-venus/","fr-FR","https://clinicabelba.com/fr/liposuccion-du-mont-de-venus/","en-US","https://clinicabelba.com/en/mons-pubis-liposuction/","es","https://clinicabelba.com/liposuccion-de-monte-de-venus/","ru","https://clinicabelba.com/ru/липосакция-лобка/","de","https://clinicabelba.com/de/fettabsaugung-am-venushugel/","it","https://clinicabelba.com/it/liposuzione-del-monte-di-venere/","nl","https://clinicabelba.com/nl/liposuctie-venusheuvel/","fr","https://clinicabelba.com/fr/liposuccion-du-mont-de-venus/","en","https://clinicabelba.com/en/mons-pubis-liposuction/","x-default","https://clinicabelba.com/liposuccion-de-monte-de-venus/","","","","","Indexable",""
"https://clinicabelba.com/en/facial-surgery/","Facial Surgery in Spain | Belba Clinic","17","es-ES","https://clinicabelba.com/cirugia-facial/","ru-RU","https://clinicabelba.com/ru/челюстно-лицевая-хирургия/","uk","https://clinicabelba.com/uk/пластична-хірургія-обличчя/","de-DE","https://clinicabelba.com/de/gesichtsoperation/","it-IT","https://clinicabelba.com/it/chirurgia-facciale/","nl-NL","https://clinicabelba.com/nl/gezichtsoperatie/","ca","https://clinicabelba.com/ca/cirurgia-facial/","fr-FR","https://clinicabelba.com/fr/chirurgie-faciale/","en-US","https://clinicabelba.com/en/facial-surgery/","es","https://clinicabelba.com/cirugia-facial/","ru","https://clinicabelba.com/ru/челюстно-лицевая-хирургия/","de","https://clinicabelba.com/de/gesichtsoperation/","it","https://clinicabelba.com/it/chirurgia-facciale/","nl","https://clinicabelba.com/nl/gezichtsoperatie/","fr","https://clinicabelba.com/fr/chirurgie-faciale/","en","https://clinicabelba.com/en/facial-surgery/","x-default","https://clinicabelba.com/cirugia-facial/","","","","","No indexable","noindex"
"https://clinicabelba.com/en/legal-notice/","Legal Notice | Clinica Belba","17","es-ES","https://clinicabelba.com/aviso-legal/","ru-RU","https://clinicabelba.com/ru/правовая-оговорка/","uk","https://clinicabelba.com/uk/юридичне-повідомлення/","de-DE","https://clinicabelba.com/de/impressum/","it-IT","https://clinicabelba.com/it/avviso-legale/","nl-NL","https://clinicabelba.com/nl/juridische-mededeling/","ca","https://clinicabelba.com/ca/avis-legal/","fr-FR","https://clinicabelba.com/fr/aviso-legal/","en-US","https://clinicabelba.com/en/legal-notice/","es","https://clinicabelba.com/aviso-legal/","ru","https://clinicabelba.com/ru/правовая-оговорка/","de","https://clinicabelba.com/de/impressum/","it","https://clinicabelba.com/it/avviso-legale/","nl","https://clinicabelba.com/nl/juridische-mededeling/","fr","https://clinicabelba.com/fr/aviso-legal/","en","https://clinicabelba.com/en/legal-notice/","x-default","https://clinicabelba.com/aviso-legal/","","","","","Indexable",""
"https://clinicabelba.com/en/prosthesis-replacement/","Prosthesis Replacement Barcelona | Clínica Belba ⭐","17","es-ES","https://clinicabelba.com/recambio-de-protesis/","ru-RU","https://clinicabelba.com/ru/замена-протеза/","uk","https://clinicabelba.com/uk/заміна-протеза/","de-DE","https://clinicabelba.com/de/prothesenersatz/","it-IT","https://clinicabelba.com/it/ricambio-di-protesi/","nl-NL","https://clinicabelba.com/nl/prothese-wisseling/","ca","https://clinicabelba.com/ca/recanvi-de-protesi/","fr-FR","https://clinicabelba.com/fr/remplacement-de-prothese/","en-US","https://clinicabelba.com/en/prosthesis-replacement/","es","https://clinicabelba.com/recambio-de-protesis/","ru","https://clinicabelba.com/ru/замена-протеза/","de","https://clinicabelba.com/de/prothesenersatz/","it","https://clinicabelba.com/it/ricambio-di-protesi/","nl","https://clinicabelba.com/nl/prothese-wisseling/","fr","https://clinicabelba.com/fr/remplacement-de-prothese/","en","https://clinicabelba.com/en/prosthesis-replacement/","x-default","https://clinicabelba.com/recambio-de-protesis/","","","","","Indexable",""
"https://clinicabelba.com/en/test-patient/","Patient Test | Belba Clinic","17","es-ES","https://clinicabelba.com/test-paciente/","ru-RU","https://clinicabelba.com/ru/тест-пациента/","uk","https://clinicabelba.com/uk/тест-пацієнта/","de-DE","https://clinicabelba.com/de/patiententest/","it-IT","https://clinicabelba.com/it/paziente-di-prova/","nl-NL","https://clinicabelba.com/nl/test-patient/","ca","https://clinicabelba.com/ca/prova-pacient/","fr-FR","https://clinicabelba.com/fr/patient-test/","en-US","https://clinicabelba.com/en/test-patient/","es","https://clinicabelba.com/test-paciente/","ru","https://clinicabelba.com/ru/тест-пациента/","de","https://clinicabelba.com/de/patiententest/","it","https://clinicabelba.com/it/paziente-di-prova/","nl","https://clinicabelba.com/nl/test-patient/","fr","https://clinicabelba.com/fr/patient-test/","en","https://clinicabelba.com/en/test-patient/","x-default","https://clinicabelba.com/test-paciente/","","","","","No indexable","noindex"
"https://clinicabelba.com/en/vaser-liposuction/","Lipo Vaser Barcelona | Body Lipo Vaser | Clínica Belba","17","es-ES","https://clinicabelba.com/lipo-vaser/","ru-RU","https://clinicabelba.com/ru/липо-вазер/","uk","https://clinicabelba.com/uk/ліпо-вазер/","de-DE","https://clinicabelba.com/de/lipo-vaser/","it-IT","https://clinicabelba.com/it/lipo-vaser/","nl-NL","https://clinicabelba.com/nl/lipo-vaser/","ca","https://clinicabelba.com/ca/lipo-vaser/","fr-FR","https://clinicabelba.com/fr/lipo-vaser/","en-US","https://clinicabelba.com/en/vaser-liposuction/","es","https://clinicabelba.com/lipo-vaser/","ru","https://clinicabelba.com/ru/липо-вазер/","de","https://clinicabelba.com/de/lipo-vaser/","it","https://clinicabelba.com/it/lipo-vaser/","nl","https://clinicabelba.com/nl/lipo-vaser/","fr","https://clinicabelba.com/fr/lipo-vaser/","en","https://clinicabelba.com/en/vaser-liposuction/","x-default","https://clinicabelba.com/lipo-vaser/","","","","","Indexable",""
"https://clinicabelba.com/en/plastic-surgeons-barcelona/","Best Plastic Surgeons Barcelona - Dr. Chavarría Dr. Dewever","17","es-ES","https://clinicabelba.com/cirujanos-plasticos-barcelona/","ru-RU","https://clinicabelba.com/ru/пластические-хирурги-барселона/","uk","https://clinicabelba.com/uk/пластичні-хірурги-в-барселоні/","de-DE","https://clinicabelba.com/de/plastische-chirurgen-barcelona/","it-IT","https://clinicabelba.com/it/chirurghi-plastici-barcellona/","nl-NL","https://clinicabelba.com/nl/plastisch-chirurgen-barcelona/","ca","https://clinicabelba.com/ca/cirurgians-plastics-barcelona/","fr-FR","https://clinicabelba.com/fr/chirurgiens-plasticiens-barcelone/","en-US","https://clinicabelba.com/en/plastic-surgeons-barcelona/","es","https://clinicabelba.com/cirujanos-plasticos-barcelona/","ru","https://clinicabelba.com/ru/пластические-хирурги-барселона/","de","https://clinicabelba.com/de/plastische-chirurgen-barcelona/","it","https://clinicabelba.com/it/chirurghi-plastici-barcellona/","nl","https://clinicabelba.com/nl/plastisch-chirurgen-barcelona/","fr","https://clinicabelba.com/fr/chirurgiens-plasticiens-barcelone/","en","https://clinicabelba.com/en/plastic-surgeons-barcelona/","x-default","https://clinicabelba.com/cirujanos-plasticos-barcelona/","","","","","Indexable",""
"https://clinicabelba.com/en/gynecomastia-before-and-after/","Gynecomastia Before and After | CLINICA BELBA","17","es-ES","https://clinicabelba.com/ginecomastia-antes-y-despues/","ru-RU","https://clinicabelba.com/ru/гинекомастия-до-и-после/","uk","https://clinicabelba.com/uk/гінекомастія-до-і-після/","de-DE","https://clinicabelba.com/de/ginekomastie-vorher-und-nachher/","it-IT","https://clinicabelba.com/it/ginecomastia-prima-e-dopo/","nl-NL","https://clinicabelba.com/nl/ginecomastie-voor-en-na/","ca","https://clinicabelba.com/ca/ginecomastia-abans-i-despres/","fr-FR","https://clinicabelba.com/fr/gynecomastie-avant-et-apres/","en-US","https://clinicabelba.com/en/gynecomastia-before-and-after/","es","https://clinicabelba.com/ginecomastia-antes-y-despues/","ru","https://clinicabelba.com/ru/гинекомастия-до-и-после/","de","https://clinicabelba.com/de/ginekomastie-vorher-und-nachher/","it","https://clinicabelba.com/it/ginecomastia-prima-e-dopo/","nl","https://clinicabelba.com/nl/ginecomastie-voor-en-na/","fr","https://clinicabelba.com/fr/gynecomastie-avant-et-apres/","en","https://clinicabelba.com/en/gynecomastia-before-and-after/","x-default","https://clinicabelba.com/ginecomastia-antes-y-despues/","","","","","Indexable",""
"https://clinicabelba.com/en/breast-augmentation-types/","Types of Breast Augmentation | Clinica Belba","17","es-ES","https://clinicabelba.com/tipos-aumento-de-pecho/","ru-RU","https://clinicabelba.com/ru/типы-увеличения-груди/","uk","https://clinicabelba.com/uk/види-збільшення-грудей/","de-DE","https://clinicabelba.com/de/arten-von-brustvergroserungen/","it-IT","https://clinicabelba.com/it/tipi-di-aumento-del-seno/","nl-NL","https://clinicabelba.com/nl/soorten-borstvergroting/","ca","https://clinicabelba.com/ca/tipus-daugment-de-pit/","fr-FR","https://clinicabelba.com/fr/types-deaugmentation-mammaire/","en-US","https://clinicabelba.com/en/breast-augmentation-types/","es","https://clinicabelba.com/tipos-aumento-de-pecho/","ru","https://clinicabelba.com/ru/типы-увеличения-груди/","de","https://clinicabelba.com/de/arten-von-brustvergroserungen/","it","https://clinicabelba.com/it/tipi-di-aumento-del-seno/","nl","https://clinicabelba.com/nl/soorten-borstvergroting/","fr","https://clinicabelba.com/fr/types-deaugmentation-mammaire/","en","https://clinicabelba.com/en/breast-augmentation-types/","x-default","https://clinicabelba.com/tipos-aumento-de-pecho/","","","","","Indexable",""
"https://clinicabelba.com/en/areola-reduction/","Areola Reduction | Nipple Reduction | Clínica Belba","17","es-ES","https://clinicabelba.com/reduccion-de-areola/","ru-RU","https://clinicabelba.com/ru/редукция-ареолы/","uk","https://clinicabelba.com/uk/зменшення-ареоли/","de-DE","https://clinicabelba.com/de/brustwarzenhofverkleinerung/","it-IT","https://clinicabelba.com/it/riduzione-dellareola/","nl-NL","https://clinicabelba.com/nl/reductie-van-de-areola/","ca","https://clinicabelba.com/ca/reduccio-dareola/","fr-FR","https://clinicabelba.com/fr/reduction-dareole/","en-US","https://clinicabelba.com/en/areola-reduction/","es","https://clinicabelba.com/reduccion-de-areola/","ru","https://clinicabelba.com/ru/редукция-ареолы/","de","https://clinicabelba.com/de/brustwarzenhofverkleinerung/","it","https://clinicabelba.com/it/riduzione-dellareola/","nl","https://clinicabelba.com/nl/reductie-van-de-areola/","fr","https://clinicabelba.com/fr/reduction-dareole/","en","https://clinicabelba.com/en/areola-reduction/","x-default","https://clinicabelba.com/reduccion-de-areola/","","","","","Indexable",""
"https://clinicabelba.com/en/contact/","Contact | Clínica Belba","17","es-ES","https://clinicabelba.com/contacto/","ru-RU","https://clinicabelba.com/ru/контакто/","uk","https://clinicabelba.com/uk/контакт/","de-DE","https://clinicabelba.com/de/kontakt/","it-IT","https://clinicabelba.com/it/contatto/","nl-NL","https://clinicabelba.com/nl/contact/","ca","https://clinicabelba.com/ca/contacte/","fr-FR","https://clinicabelba.com/fr/contact/","en-US","https://clinicabelba.com/en/contact/","es","https://clinicabelba.com/contacto/","ru","https://clinicabelba.com/ru/контакто/","de","https://clinicabelba.com/de/kontakt/","it","https://clinicabelba.com/it/contatto/","nl","https://clinicabelba.com/nl/contact/","fr","https://clinicabelba.com/fr/contact/","en","https://clinicabelba.com/en/contact/","x-default","https://clinicabelba.com/contacto/","","","","","Indexable",""
"https://clinicabelba.com/en/otoplasty/","Otoplasty - Barcelona - Ear Surgery - Dr. Mike Dewever","17","es-ES","https://clinicabelba.com/otoplastia/","ru-RU","https://clinicabelba.com/ru/отопластика/","uk","https://clinicabelba.com/uk/отопластика/","de-DE","https://clinicabelba.com/de/ohrenkorrektur/","it-IT","https://clinicabelba.com/it/otoplastica/","nl-NL","https://clinicabelba.com/nl/otoplastie/","ca","https://clinicabelba.com/ca/otoplastia/","fr-FR","https://clinicabelba.com/fr/otoplastie/","en-US","https://clinicabelba.com/en/otoplasty/","es","https://clinicabelba.com/otoplastia/","ru","https://clinicabelba.com/ru/отопластика/","de","https://clinicabelba.com/de/ohrenkorrektur/","it","https://clinicabelba.com/it/otoplastica/","nl","https://clinicabelba.com/nl/otoplastie/","fr","https://clinicabelba.com/fr/otoplastie/","en","https://clinicabelba.com/en/otoplasty/","x-default","https://clinicabelba.com/otoplastia/","","","","","Indexable",""
"https://clinicabelba.com/en/blog/","Plastic and Aesthetic Surgery Blog | Belba Clinic","17","es-ES","https://clinicabelba.com/blog/","ru-RU","https://clinicabelba.com/ru/блог/","uk","https://clinicabelba.com/uk/блог/","de-DE","https://clinicabelba.com/de/blog/","it-IT","https://clinicabelba.com/it/blog/","nl-NL","https://clinicabelba.com/nl/blog/","ca","https://clinicabelba.com/ca/bloc/","fr-FR","https://clinicabelba.com/fr/blog/","en-US","https://clinicabelba.com/en/blog/","es","https://clinicabelba.com/blog/","ru","https://clinicabelba.com/ru/блог/","de","https://clinicabelba.com/de/blog/","it","https://clinicabelba.com/it/blog/","nl","https://clinicabelba.com/nl/blog/","fr","https://clinicabelba.com/fr/blog/","en","https://clinicabelba.com/en/blog/","x-default","https://clinicabelba.com/blog/","","","","","Indexable",""
"https://clinicabelba.com/en/liposuction-barcelona/","LIPOSUCTION SURGERY BARCELONA | 360° LIPO CONTOURING","17","es-ES","https://clinicabelba.com/liposuccion-barcelona/","ru-RU","https://clinicabelba.com/ru/липосакция-барселона/","uk","https://clinicabelba.com/uk/ліпосакція-в-барселоні/","de-DE","https://clinicabelba.com/de/fettabsaugung-barcelona/","it-IT","https://clinicabelba.com/it/liposuzione-barcellona/","nl-NL","https://clinicabelba.com/nl/liposuctie-barcelona/","ca","https://clinicabelba.com/ca/liposuccio-barcelona/","fr-FR","https://clinicabelba.com/fr/liposuccion-barcelone/","en-US","https://clinicabelba.com/en/liposuction-barcelona/","es","https://clinicabelba.com/liposuccion-barcelona/","ru","https://clinicabelba.com/ru/липосакция-барселона/","de","https://clinicabelba.com/de/fettabsaugung-barcelona/","it","https://clinicabelba.com/it/liposuzione-barcellona/","nl","https://clinicabelba.com/nl/liposuctie-barcelona/","fr","https://clinicabelba.com/fr/liposuccion-barcelone/","en","https://clinicabelba.com/en/liposuction-barcelona/","x-default","https://clinicabelba.com/liposuccion-barcelona/","","","","","Indexable",""
"https://clinicabelba.com/en/high-definition-liposuction/","Lipo HD Barcelona | Lipo 4D | Belba Clinic","17","es-ES","https://clinicabelba.com/liposuccion-de-alta-definicion/","ru-RU","https://clinicabelba.com/ru/липосакция-высокой-четкости/","uk","https://clinicabelba.com/uk/ліпосакція-високої-чіткості/","de-DE","https://clinicabelba.com/de/hochdefinitions-fettabsaugung/","it-IT","https://clinicabelba.com/it/lipoaspirazione-ad-alta-definizione/","nl-NL","https://clinicabelba.com/nl/high-definition-liposuctie/","ca","https://clinicabelba.com/ca/liposuccio-dalta-definicio/","fr-FR","https://clinicabelba.com/fr/liposuccion-haute-definition/","en-US","https://clinicabelba.com/en/high-definition-liposuction/","es","https://clinicabelba.com/liposuccion-de-alta-definicion/","ru","https://clinicabelba.com/ru/липосакция-высокой-четкости/","de","https://clinicabelba.com/de/hochdefinitions-fettabsaugung/","it","https://clinicabelba.com/it/lipoaspirazione-ad-alta-definizione/","nl","https://clinicabelba.com/nl/high-definition-liposuctie/","fr","https://clinicabelba.com/fr/liposuccion-haute-definition/","en","https://clinicabelba.com/en/high-definition-liposuction/","x-default","https://clinicabelba.com/liposuccion-de-alta-definicion/","","","","","Indexable",""
"https://clinicabelba.com/en/mentoplasty-barcelona/","Mentoplastia Barcelona | Cirugía plástica de Mentón | Belba","17","es-ES","https://clinicabelba.com/mentoplastia-barcelona/","ru-RU","https://clinicabelba.com/ru/ментопластика-барселона/","uk","https://clinicabelba.com/uk/ментопластика-в-барселоні/","de-DE","https://clinicabelba.com/de/mentoplastik-barcelona/","it-IT","https://clinicabelba.com/it/mentoplastica-barcellona/","nl-NL","https://clinicabelba.com/nl/mentoplastiek-barcelona/","ca","https://clinicabelba.com/ca/mentoplastia-barcelona/","fr-FR","https://clinicabelba.com/fr/mentoplastia-barcelona/","en-US","https://clinicabelba.com/en/mentoplasty-barcelona/","es","https://clinicabelba.com/mentoplastia-barcelona/","ru","https://clinicabelba.com/ru/ментопластика-барселона/","de","https://clinicabelba.com/de/mentoplastik-barcelona/","it","https://clinicabelba.com/it/mentoplastica-barcellona/","nl","https://clinicabelba.com/nl/mentoplastiek-barcelona/","fr","https://clinicabelba.com/fr/mentoplastia-barcelona/","en","https://clinicabelba.com/en/mentoplasty-barcelona/","x-default","https://clinicabelba.com/mentoplastia-barcelona/","","","","","Indexable",""
"https://clinicabelba.com/en/rhinomodeling-barcelona/","Nose Reshaping in Barcelona Without Surgery - Clinica Belba ®","17","es-ES","https://clinicabelba.com/rinomodelacion-barcelona/","ru-RU","https://clinicabelba.com/ru/риномоделирование-барселона/","uk","https://clinicabelba.com/uk/ринопластика-в-барселоні-2/","de-DE","https://clinicabelba.com/de/rinomodellierung-barcelona/","it-IT","https://clinicabelba.com/it/rinoplastica-a-barcellona/","nl-NL","https://clinicabelba.com/nl/rinomodelacion-barcelona/","ca","https://clinicabelba.com/ca/rinomodelacio-barcelona/","fr-FR","https://clinicabelba.com/fr/rinomodelacion-barcelona/","en-US","https://clinicabelba.com/en/rhinomodeling-barcelona/","es","https://clinicabelba.com/rinomodelacion-barcelona/","ru","https://clinicabelba.com/ru/риномоделирование-барселона/","de","https://clinicabelba.com/de/rinomodellierung-barcelona/","it","https://clinicabelba.com/it/rinoplastica-a-barcellona/","nl","https://clinicabelba.com/nl/rinomodelacion-barcelona/","fr","https://clinicabelba.com/fr/rinomodelacion-barcelona/","en","https://clinicabelba.com/en/rhinomodeling-barcelona/","x-default","https://clinicabelba.com/rinomodelacion-barcelona/","","","","","Indexable",""
"https://clinicabelba.com/en/breast-reduction/","Breast Reduction - Barcelona | Clinica Belba ⭐","17","es-ES","https://clinicabelba.com/reduccion-de-mama/","ru-RU","https://clinicabelba.com/ru/редукция-груди/","uk","https://clinicabelba.com/uk/зменшення-грудей/","de-DE","https://clinicabelba.com/de/brustverkleinerung/","it-IT","https://clinicabelba.com/it/riduzione-mammaria/","nl-NL","https://clinicabelba.com/nl/borstverkleining/","ca","https://clinicabelba.com/ca/reduccio-de-mama/","fr-FR","https://clinicabelba.com/fr/reduction-mammaire/","en-US","https://clinicabelba.com/en/breast-reduction/","es","https://clinicabelba.com/reduccion-de-mama/","ru","https://clinicabelba.com/ru/редукция-груди/","de","https://clinicabelba.com/de/brustverkleinerung/","it","https://clinicabelba.com/it/riduzione-mammaria/","nl","https://clinicabelba.com/nl/borstverkleining/","fr","https://clinicabelba.com/fr/reduction-mammaire/","en","https://clinicabelba.com/en/breast-reduction/","x-default","https://clinicabelba.com/reduccion-de-mama/","","","","","Indexable",""
"https://clinicabelba.com/ca/reduccio-dareola/","Reducció d'Areola | Reducció de Mugró | Clínica Belba","17","es-ES","https://clinicabelba.com/reduccion-de-areola/","ru-RU","https://clinicabelba.com/ru/редукция-ареолы/","uk","https://clinicabelba.com/uk/зменшення-ареоли/","de-DE","https://clinicabelba.com/de/brustwarzenhofverkleinerung/","it-IT","https://clinicabelba.com/it/riduzione-dellareola/","nl-NL","https://clinicabelba.com/nl/reductie-van-de-areola/","ca","https://clinicabelba.com/ca/reduccio-dareola/","fr-FR","https://clinicabelba.com/fr/reduction-dareole/","en-US","https://clinicabelba.com/en/areola-reduction/","es","https://clinicabelba.com/reduccion-de-areola/","ru","https://clinicabelba.com/ru/редукция-ареолы/","de","https://clinicabelba.com/de/brustwarzenhofverkleinerung/","it","https://clinicabelba.com/it/riduzione-dellareola/","nl","https://clinicabelba.com/nl/reductie-van-de-areola/","fr","https://clinicabelba.com/fr/reduction-dareole/","en","https://clinicabelba.com/en/areola-reduction/","x-default","https://clinicabelba.com/reduccion-de-areola/","","","","","Indexable",""
"https://clinicabelba.com/it/riduzione-dellareola/","Riduzione dell'Areola | Riduzione del Capezzolo | Clinica Belba","17","es-ES","https://clinicabelba.com/reduccion-de-areola/","ru-RU","https://clinicabelba.com/ru/редукция-ареолы/","uk","https://clinicabelba.com/uk/зменшення-ареоли/","de-DE","https://clinicabelba.com/de/brustwarzenhofverkleinerung/","it-IT","https://clinicabelba.com/it/riduzione-dellareola/","nl-NL","https://clinicabelba.com/nl/reductie-van-de-areola/","ca","https://clinicabelba.com/ca/reduccio-dareola/","fr-FR","https://clinicabelba.com/fr/reduction-dareole/","en-US","https://clinicabelba.com/en/areola-reduction/","es","https://clinicabelba.com/reduccion-de-areola/","ru","https://clinicabelba.com/ru/редукция-ареолы/","de","https://clinicabelba.com/de/brustwarzenhofverkleinerung/","it","https://clinicabelba.com/it/riduzione-dellareola/","nl","https://clinicabelba.com/nl/reductie-van-de-areola/","fr","https://clinicabelba.com/fr/reduction-dareole/","en","https://clinicabelba.com/en/areola-reduction/","x-default","https://clinicabelba.com/reduccion-de-areola/","","","","","Indexable",""
"https://clinicabelba.com/uk/зменшення-ареоли/","Зменшення ареоли | Зменшення соска | Клініка «Белба»","17","es-ES","https://clinicabelba.com/reduccion-de-areola/","ru-RU","https://clinicabelba.com/ru/редукция-ареолы/","uk","https://clinicabelba.com/uk/зменшення-ареоли/","de-DE","https://clinicabelba.com/de/brustwarzenhofverkleinerung/","it-IT","https://clinicabelba.com/it/riduzione-dellareola/","nl-NL","https://clinicabelba.com/nl/reductie-van-de-areola/","ca","https://clinicabelba.com/ca/reduccio-dareola/","fr-FR","https://clinicabelba.com/fr/reduction-dareole/","en-US","https://clinicabelba.com/en/areola-reduction/","es","https://clinicabelba.com/reduccion-de-areola/","ru","https://clinicabelba.com/ru/редукция-ареолы/","de","https://clinicabelba.com/de/brustwarzenhofverkleinerung/","it","https://clinicabelba.com/it/riduzione-dellareola/","nl","https://clinicabelba.com/nl/reductie-van-de-areola/","fr","https://clinicabelba.com/fr/reduction-dareole/","en","https://clinicabelba.com/en/areola-reduction/","x-default","https://clinicabelba.com/reduccion-de-areola/","","","","","Indexable",""
"https://clinicabelba.com/ru/редукция-ареолы/","Уменьшение ареолы | Уменьшение соска | Клиника Belba","17","es-ES","https://clinicabelba.com/reduccion-de-areola/","ru-RU","https://clinicabelba.com/ru/редукция-ареолы/","uk","https://clinicabelba.com/uk/зменшення-ареоли/","de-DE","https://clinicabelba.com/de/brustwarzenhofverkleinerung/","it-IT","https://clinicabelba.com/it/riduzione-dellareola/","nl-NL","https://clinicabelba.com/nl/reductie-van-de-areola/","ca","https://clinicabelba.com/ca/reduccio-dareola/","fr-FR","https://clinicabelba.com/fr/reduction-dareole/","en-US","https://clinicabelba.com/en/areola-reduction/","es","https://clinicabelba.com/reduccion-de-areola/","ru","https://clinicabelba.com/ru/редукция-ареолы/","de","https://clinicabelba.com/de/brustwarzenhofverkleinerung/","it","https://clinicabelba.com/it/riduzione-dellareola/","nl","https://clinicabelba.com/nl/reductie-van-de-areola/","fr","https://clinicabelba.com/fr/reduction-dareole/","en","https://clinicabelba.com/en/areola-reduction/","x-default","https://clinicabelba.com/reduccion-de-areola/","","","","","Indexable",""
"https://clinicabelba.com/nl/reductie-van-de-areola/","Areolaverkleining | Tepelverkleining | Clínica Belba","17","es-ES","https://clinicabelba.com/reduccion-de-areola/","ru-RU","https://clinicabelba.com/ru/редукция-ареолы/","uk","https://clinicabelba.com/uk/зменшення-ареоли/","de-DE","https://clinicabelba.com/de/brustwarzenhofverkleinerung/","it-IT","https://clinicabelba.com/it/riduzione-dellareola/","nl-NL","https://clinicabelba.com/nl/reductie-van-de-areola/","ca","https://clinicabelba.com/ca/reduccio-dareola/","fr-FR","https://clinicabelba.com/fr/reduction-dareole/","en-US","https://clinicabelba.com/en/areola-reduction/","es","https://clinicabelba.com/reduccion-de-areola/","ru","https://clinicabelba.com/ru/редукция-ареолы/","de","https://clinicabelba.com/de/brustwarzenhofverkleinerung/","it","https://clinicabelba.com/it/riduzione-dellareola/","nl","https://clinicabelba.com/nl/reductie-van-de-areola/","fr","https://clinicabelba.com/fr/reduction-dareole/","en","https://clinicabelba.com/en/areola-reduction/","x-default","https://clinicabelba.com/reduccion-de-areola/","","","","","Indexable",""
"https://clinicabelba.com/ca/liposuccio-dalta-definicio/","Lipo HD Barcelona | Lipo 4D | Clínica Belba","17","es-ES","https://clinicabelba.com/liposuccion-de-alta-definicion/","ru-RU","https://clinicabelba.com/ru/липосакция-высокой-четкости/","uk","https://clinicabelba.com/uk/ліпосакція-високої-чіткості/","de-DE","https://clinicabelba.com/de/hochdefinitions-fettabsaugung/","it-IT","https://clinicabelba.com/it/lipoaspirazione-ad-alta-definizione/","nl-NL","https://clinicabelba.com/nl/high-definition-liposuctie/","ca","https://clinicabelba.com/ca/liposuccio-dalta-definicio/","fr-FR","https://clinicabelba.com/fr/liposuccion-haute-definition/","en-US","https://clinicabelba.com/en/high-definition-liposuction/","es","https://clinicabelba.com/liposuccion-de-alta-definicion/","ru","https://clinicabelba.com/ru/липосакция-высокой-четкости/","de","https://clinicabelba.com/de/hochdefinitions-fettabsaugung/","it","https://clinicabelba.com/it/lipoaspirazione-ad-alta-definizione/","nl","https://clinicabelba.com/nl/high-definition-liposuctie/","fr","https://clinicabelba.com/fr/liposuccion-haute-definition/","en","https://clinicabelba.com/en/high-definition-liposuction/","x-default","https://clinicabelba.com/liposuccion-de-alta-definicion/","","","","","Indexable",""
"https://clinicabelba.com/it/lipoaspirazione-ad-alta-definizione/","Lipo HD Barcellona | Lipo 4D | Clinica Belba","17","es-ES","https://clinicabelba.com/liposuccion-de-alta-definicion/","ru-RU","https://clinicabelba.com/ru/липосакция-высокой-четкости/","uk","https://clinicabelba.com/uk/ліпосакція-високої-чіткості/","de-DE","https://clinicabelba.com/de/hochdefinitions-fettabsaugung/","it-IT","https://clinicabelba.com/it/lipoaspirazione-ad-alta-definizione/","nl-NL","https://clinicabelba.com/nl/high-definition-liposuctie/","ca","https://clinicabelba.com/ca/liposuccio-dalta-definicio/","fr-FR","https://clinicabelba.com/fr/liposuccion-haute-definition/","en-US","https://clinicabelba.com/en/high-definition-liposuction/","es","https://clinicabelba.com/liposuccion-de-alta-definicion/","ru","https://clinicabelba.com/ru/липосакция-высокой-четкости/","de","https://clinicabelba.com/de/hochdefinitions-fettabsaugung/","it","https://clinicabelba.com/it/lipoaspirazione-ad-alta-definizione/","nl","https://clinicabelba.com/nl/high-definition-liposuctie/","fr","https://clinicabelba.com/fr/liposuccion-haute-definition/","en","https://clinicabelba.com/en/high-definition-liposuction/","x-default","https://clinicabelba.com/liposuccion-de-alta-definicion/","","","","","Indexable",""
"https://clinicabelba.com/ru/липосакция-высокой-четкости/","Липо HD Барселона | Липо 4D | Клиника Бельба","17","es-ES","https://clinicabelba.com/liposuccion-de-alta-definicion/","ru-RU","https://clinicabelba.com/ru/липосакция-высокой-четкости/","uk","https://clinicabelba.com/uk/ліпосакція-високої-чіткості/","de-DE","https://clinicabelba.com/de/hochdefinitions-fettabsaugung/","it-IT","https://clinicabelba.com/it/lipoaspirazione-ad-alta-definizione/","nl-NL","https://clinicabelba.com/nl/high-definition-liposuctie/","ca","https://clinicabelba.com/ca/liposuccio-dalta-definicio/","fr-FR","https://clinicabelba.com/fr/liposuccion-haute-definition/","en-US","https://clinicabelba.com/en/high-definition-liposuction/","es","https://clinicabelba.com/liposuccion-de-alta-definicion/","ru","https://clinicabelba.com/ru/липосакция-высокой-четкости/","de","https://clinicabelba.com/de/hochdefinitions-fettabsaugung/","it","https://clinicabelba.com/it/lipoaspirazione-ad-alta-definizione/","nl","https://clinicabelba.com/nl/high-definition-liposuctie/","fr","https://clinicabelba.com/fr/liposuccion-haute-definition/","en","https://clinicabelba.com/en/high-definition-liposuction/","x-default","https://clinicabelba.com/liposuccion-de-alta-definicion/","","","","","Indexable",""
"https://clinicabelba.com/nl/high-definition-liposuctie/","Lipo HD Barcelona | Lipo 4D | Clinica Belba","17","es-ES","https://clinicabelba.com/liposuccion-de-alta-definicion/","ru-RU","https://clinicabelba.com/ru/липосакция-высокой-четкости/","uk","https://clinicabelba.com/uk/ліпосакція-високої-чіткості/","de-DE","https://clinicabelba.com/de/hochdefinitions-fettabsaugung/","it-IT","https://clinicabelba.com/it/lipoaspirazione-ad-alta-definizione/","nl-NL","https://clinicabelba.com/nl/high-definition-liposuctie/","ca","https://clinicabelba.com/ca/liposuccio-dalta-definicio/","fr-FR","https://clinicabelba.com/fr/liposuccion-haute-definition/","en-US","https://clinicabelba.com/en/high-definition-liposuction/","es","https://clinicabelba.com/liposuccion-de-alta-definicion/","ru","https://clinicabelba.com/ru/липосакция-высокой-четкости/","de","https://clinicabelba.com/de/hochdefinitions-fettabsaugung/","it","https://clinicabelba.com/it/lipoaspirazione-ad-alta-definizione/","nl","https://clinicabelba.com/nl/high-definition-liposuctie/","fr","https://clinicabelba.com/fr/liposuccion-haute-definition/","en","https://clinicabelba.com/en/high-definition-liposuction/","x-default","https://clinicabelba.com/liposuccion-de-alta-definicion/","","","","","Indexable",""
"https://clinicabelba.com/uk/ліпосакція-високої-чіткості/","Lipo HD Барселона | Lipo 4D | Клініка «Белба»","17","es-ES","https://clinicabelba.com/liposuccion-de-alta-definicion/","ru-RU","https://clinicabelba.com/ru/липосакция-высокой-четкости/","uk","https://clinicabelba.com/uk/ліпосакція-високої-чіткості/","de-DE","https://clinicabelba.com/de/hochdefinitions-fettabsaugung/","it-IT","https://clinicabelba.com/it/lipoaspirazione-ad-alta-definizione/","nl-NL","https://clinicabelba.com/nl/high-definition-liposuctie/","ca","https://clinicabelba.com/ca/liposuccio-dalta-definicio/","fr-FR","https://clinicabelba.com/fr/liposuccion-haute-definition/","en-US","https://clinicabelba.com/en/high-definition-liposuction/","es","https://clinicabelba.com/liposuccion-de-alta-definicion/","ru","https://clinicabelba.com/ru/липосакция-высокой-четкости/","de","https://clinicabelba.com/de/hochdefinitions-fettabsaugung/","it","https://clinicabelba.com/it/lipoaspirazione-ad-alta-definizione/","nl","https://clinicabelba.com/nl/high-definition-liposuctie/","fr","https://clinicabelba.com/fr/liposuccion-haute-definition/","en","https://clinicabelba.com/en/high-definition-liposuction/","x-default","https://clinicabelba.com/liposuccion-de-alta-definicion/","","","","","Indexable",""
"https://clinicabelba.com/it/lipo-vaser/","Lipo Vaser Barcelona | Lipovaser Corporeo | Clínica Belba","17","es-ES","https://clinicabelba.com/lipo-vaser/","ru-RU","https://clinicabelba.com/ru/липо-вазер/","uk","https://clinicabelba.com/uk/ліпо-вазер/","de-DE","https://clinicabelba.com/de/lipo-vaser/","it-IT","https://clinicabelba.com/it/lipo-vaser/","nl-NL","https://clinicabelba.com/nl/lipo-vaser/","ca","https://clinicabelba.com/ca/lipo-vaser/","fr-FR","https://clinicabelba.com/fr/lipo-vaser/","en-US","https://clinicabelba.com/en/vaser-liposuction/","es","https://clinicabelba.com/lipo-vaser/","ru","https://clinicabelba.com/ru/липо-вазер/","de","https://clinicabelba.com/de/lipo-vaser/","it","https://clinicabelba.com/it/lipo-vaser/","nl","https://clinicabelba.com/nl/lipo-vaser/","fr","https://clinicabelba.com/fr/lipo-vaser/","en","https://clinicabelba.com/en/vaser-liposuction/","x-default","https://clinicabelba.com/lipo-vaser/","","","","","Indexable",""
"https://clinicabelba.com/ca/lipo-vaser/","Lipo Vaser Barcelona | Lipo Vaser Corporal | Clínica Belba","17","es-ES","https://clinicabelba.com/lipo-vaser/","ru-RU","https://clinicabelba.com/ru/липо-вазер/","uk","https://clinicabelba.com/uk/ліпо-вазер/","de-DE","https://clinicabelba.com/de/lipo-vaser/","it-IT","https://clinicabelba.com/it/lipo-vaser/","nl-NL","https://clinicabelba.com/nl/lipo-vaser/","ca","https://clinicabelba.com/ca/lipo-vaser/","fr-FR","https://clinicabelba.com/fr/lipo-vaser/","en-US","https://clinicabelba.com/en/vaser-liposuction/","es","https://clinicabelba.com/lipo-vaser/","ru","https://clinicabelba.com/ru/липо-вазер/","de","https://clinicabelba.com/de/lipo-vaser/","it","https://clinicabelba.com/it/lipo-vaser/","nl","https://clinicabelba.com/nl/lipo-vaser/","fr","https://clinicabelba.com/fr/lipo-vaser/","en","https://clinicabelba.com/en/vaser-liposuction/","x-default","https://clinicabelba.com/lipo-vaser/","","","","","Indexable",""
"https://clinicabelba.com/ru/липо-вазер/","Липо Васер Барселона | ЛипоВасер для тела | Клиника Бельба","17","es-ES","https://clinicabelba.com/lipo-vaser/","ru-RU","https://clinicabelba.com/ru/липо-вазер/","uk","https://clinicabelba.com/uk/ліпо-вазер/","de-DE","https://clinicabelba.com/de/lipo-vaser/","it-IT","https://clinicabelba.com/it/lipo-vaser/","nl-NL","https://clinicabelba.com/nl/lipo-vaser/","ca","https://clinicabelba.com/ca/lipo-vaser/","fr-FR","https://clinicabelba.com/fr/lipo-vaser/","en-US","https://clinicabelba.com/en/vaser-liposuction/","es","https://clinicabelba.com/lipo-vaser/","ru","https://clinicabelba.com/ru/липо-вазер/","de","https://clinicabelba.com/de/lipo-vaser/","it","https://clinicabelba.com/it/lipo-vaser/","nl","https://clinicabelba.com/nl/lipo-vaser/","fr","https://clinicabelba.com/fr/lipo-vaser/","en","https://clinicabelba.com/en/vaser-liposuction/","x-default","https://clinicabelba.com/lipo-vaser/","","","","","Indexable",""
"https://clinicabelba.com/uk/ліпо-вазер/","Lipo Vaser у Барселоні | Ліповазер для тіла | Клініка «Белба»","17","es-ES","https://clinicabelba.com/lipo-vaser/","ru-RU","https://clinicabelba.com/ru/липо-вазер/","uk","https://clinicabelba.com/uk/ліпо-вазер/","de-DE","https://clinicabelba.com/de/lipo-vaser/","it-IT","https://clinicabelba.com/it/lipo-vaser/","nl-NL","https://clinicabelba.com/nl/lipo-vaser/","ca","https://clinicabelba.com/ca/lipo-vaser/","fr-FR","https://clinicabelba.com/fr/lipo-vaser/","en-US","https://clinicabelba.com/en/vaser-liposuction/","es","https://clinicabelba.com/lipo-vaser/","ru","https://clinicabelba.com/ru/липо-вазер/","de","https://clinicabelba.com/de/lipo-vaser/","it","https://clinicabelba.com/it/lipo-vaser/","nl","https://clinicabelba.com/nl/lipo-vaser/","fr","https://clinicabelba.com/fr/lipo-vaser/","en","https://clinicabelba.com/en/vaser-liposuction/","x-default","https://clinicabelba.com/lipo-vaser/","","","","","Indexable",""
"https://clinicabelba.com/nl/lipo-vaser/","Lipo Vaser Barcelona | Lichaamsliposuctie Vaser | Clínica Belba","17","es-ES","https://clinicabelba.com/lipo-vaser/","ru-RU","https://clinicabelba.com/ru/липо-вазер/","uk","https://clinicabelba.com/uk/ліпо-вазер/","de-DE","https://clinicabelba.com/de/lipo-vaser/","it-IT","https://clinicabelba.com/it/lipo-vaser/","nl-NL","https://clinicabelba.com/nl/lipo-vaser/","ca","https://clinicabelba.com/ca/lipo-vaser/","fr-FR","https://clinicabelba.com/fr/lipo-vaser/","en-US","https://clinicabelba.com/en/vaser-liposuction/","es","https://clinicabelba.com/lipo-vaser/","ru","https://clinicabelba.com/ru/липо-вазер/","de","https://clinicabelba.com/de/lipo-vaser/","it","https://clinicabelba.com/it/lipo-vaser/","nl","https://clinicabelba.com/nl/lipo-vaser/","fr","https://clinicabelba.com/fr/lipo-vaser/","en","https://clinicabelba.com/en/vaser-liposuction/","x-default","https://clinicabelba.com/lipo-vaser/","","","","","Indexable",""
"https://clinicabelba.com/it/contatto/","Contatti | Clinica Belba","17","es-ES","https://clinicabelba.com/contacto/","ru-RU","https://clinicabelba.com/ru/контакто/","uk","https://clinicabelba.com/uk/контакт/","de-DE","https://clinicabelba.com/de/kontakt/","it-IT","https://clinicabelba.com/it/contatto/","nl-NL","https://clinicabelba.com/nl/contact/","ca","https://clinicabelba.com/ca/contacte/","fr-FR","https://clinicabelba.com/fr/contact/","en-US","https://clinicabelba.com/en/contact/","es","https://clinicabelba.com/contacto/","ru","https://clinicabelba.com/ru/контакто/","de","https://clinicabelba.com/de/kontakt/","it","https://clinicabelba.com/it/contatto/","nl","https://clinicabelba.com/nl/contact/","fr","https://clinicabelba.com/fr/contact/","en","https://clinicabelba.com/en/contact/","x-default","https://clinicabelba.com/contacto/","","","","","Indexable",""
"https://clinicabelba.com/nl/contact/","Contact | Clinica Belba","17","es-ES","https://clinicabelba.com/contacto/","ru-RU","https://clinicabelba.com/ru/контакто/","uk","https://clinicabelba.com/uk/контакт/","de-DE","https://clinicabelba.com/de/kontakt/","it-IT","https://clinicabelba.com/it/contatto/","nl-NL","https://clinicabelba.com/nl/contact/","ca","https://clinicabelba.com/ca/contacte/","fr-FR","https://clinicabelba.com/fr/contact/","en-US","https://clinicabelba.com/en/contact/","es","https://clinicabelba.com/contacto/","ru","https://clinicabelba.com/ru/контакто/","de","https://clinicabelba.com/de/kontakt/","it","https://clinicabelba.com/it/contatto/","nl","https://clinicabelba.com/nl/contact/","fr","https://clinicabelba.com/fr/contact/","en","https://clinicabelba.com/en/contact/","x-default","https://clinicabelba.com/contacto/","","","","","Indexable",""
"https://clinicabelba.com/ru/контакто/","Контакты | Клиника Бельба","17","es-ES","https://clinicabelba.com/contacto/","ru-RU","https://clinicabelba.com/ru/контакто/","uk","https://clinicabelba.com/uk/контакт/","de-DE","https://clinicabelba.com/de/kontakt/","it-IT","https://clinicabelba.com/it/contatto/","nl-NL","https://clinicabelba.com/nl/contact/","ca","https://clinicabelba.com/ca/contacte/","fr-FR","https://clinicabelba.com/fr/contact/","en-US","https://clinicabelba.com/en/contact/","es","https://clinicabelba.com/contacto/","ru","https://clinicabelba.com/ru/контакто/","de","https://clinicabelba.com/de/kontakt/","it","https://clinicabelba.com/it/contatto/","nl","https://clinicabelba.com/nl/contact/","fr","https://clinicabelba.com/fr/contact/","en","https://clinicabelba.com/en/contact/","x-default","https://clinicabelba.com/contacto/","","","","","Indexable",""
"https://clinicabelba.com/ca/contacte/","Contacte | Clínica Belba","17","es-ES","https://clinicabelba.com/contacto/","ru-RU","https://clinicabelba.com/ru/контакто/","uk","https://clinicabelba.com/uk/контакт/","de-DE","https://clinicabelba.com/de/kontakt/","it-IT","https://clinicabelba.com/it/contatto/","nl-NL","https://clinicabelba.com/nl/contact/","ca","https://clinicabelba.com/ca/contacte/","fr-FR","https://clinicabelba.com/fr/contact/","en-US","https://clinicabelba.com/en/contact/","es","https://clinicabelba.com/contacto/","ru","https://clinicabelba.com/ru/контакто/","de","https://clinicabelba.com/de/kontakt/","it","https://clinicabelba.com/it/contatto/","nl","https://clinicabelba.com/nl/contact/","fr","https://clinicabelba.com/fr/contact/","en","https://clinicabelba.com/en/contact/","x-default","https://clinicabelba.com/contacto/","","","","","Indexable",""
"https://clinicabelba.com/uk/контакт/","Контакти | Клініка «Белба»","17","es-ES","https://clinicabelba.com/contacto/","ru-RU","https://clinicabelba.com/ru/контакто/","uk","https://clinicabelba.com/uk/контакт/","de-DE","https://clinicabelba.com/de/kontakt/","it-IT","https://clinicabelba.com/it/contatto/","nl-NL","https://clinicabelba.com/nl/contact/","ca","https://clinicabelba.com/ca/contacte/","fr-FR","https://clinicabelba.com/fr/contact/","en-US","https://clinicabelba.com/en/contact/","es","https://clinicabelba.com/contacto/","ru","https://clinicabelba.com/ru/контакто/","de","https://clinicabelba.com/de/kontakt/","it","https://clinicabelba.com/it/contatto/","nl","https://clinicabelba.com/nl/contact/","fr","https://clinicabelba.com/fr/contact/","en","https://clinicabelba.com/en/contact/","x-default","https://clinicabelba.com/contacto/","","","","","Indexable",""
"https://clinicabelba.com/nl/borstoperatie/","Borstoperatie in Barcelona | Clínica Belba","17","es-ES","https://clinicabelba.com/cirugia-de-la-mama/","ru-RU","https://clinicabelba.com/ru/маммопластика/","uk","https://clinicabelba.com/uk/хірургія-молочної-залози/","de-DE","https://clinicabelba.com/de/brustoperation/","it-IT","https://clinicabelba.com/it/chirurgia-mammaria/","nl-NL","https://clinicabelba.com/nl/borstoperatie/","ca","https://clinicabelba.com/ca/cirurgia-de-mama/","fr-FR","https://clinicabelba.com/fr/chirurgie-mammaire/","en-US","https://clinicabelba.com/en/breast-surgery/","es","https://clinicabelba.com/cirugia-de-la-mama/","ru","https://clinicabelba.com/ru/маммопластика/","de","https://clinicabelba.com/de/brustoperation/","it","https://clinicabelba.com/it/chirurgia-mammaria/","nl","https://clinicabelba.com/nl/borstoperatie/","fr","https://clinicabelba.com/fr/chirurgie-mammaire/","en","https://clinicabelba.com/en/breast-surgery/","x-default","https://clinicabelba.com/cirugia-de-la-mama/","","","","","Indexable",""
"https://clinicabelba.com/ru/маммопластика/","Маммопластика в Барселоне | Клиника Belba","17","es-ES","https://clinicabelba.com/cirugia-de-la-mama/","ru-RU","https://clinicabelba.com/ru/маммопластика/","uk","https://clinicabelba.com/uk/хірургія-молочної-залози/","de-DE","https://clinicabelba.com/de/brustoperation/","it-IT","https://clinicabelba.com/it/chirurgia-mammaria/","nl-NL","https://clinicabelba.com/nl/borstoperatie/","ca","https://clinicabelba.com/ca/cirurgia-de-mama/","fr-FR","https://clinicabelba.com/fr/chirurgie-mammaire/","en-US","https://clinicabelba.com/en/breast-surgery/","es","https://clinicabelba.com/cirugia-de-la-mama/","ru","https://clinicabelba.com/ru/маммопластика/","de","https://clinicabelba.com/de/brustoperation/","it","https://clinicabelba.com/it/chirurgia-mammaria/","nl","https://clinicabelba.com/nl/borstoperatie/","fr","https://clinicabelba.com/fr/chirurgie-mammaire/","en","https://clinicabelba.com/en/breast-surgery/","x-default","https://clinicabelba.com/cirugia-de-la-mama/","","","","","Indexable",""
"https://clinicabelba.com/it/chirurgia-mammaria/","Chirurgia del seno a Barcellona | Clinica Belba","17","es-ES","https://clinicabelba.com/cirugia-de-la-mama/","ru-RU","https://clinicabelba.com/ru/маммопластика/","uk","https://clinicabelba.com/uk/хірургія-молочної-залози/","de-DE","https://clinicabelba.com/de/brustoperation/","it-IT","https://clinicabelba.com/it/chirurgia-mammaria/","nl-NL","https://clinicabelba.com/nl/borstoperatie/","ca","https://clinicabelba.com/ca/cirurgia-de-mama/","fr-FR","https://clinicabelba.com/fr/chirurgie-mammaire/","en-US","https://clinicabelba.com/en/breast-surgery/","es","https://clinicabelba.com/cirugia-de-la-mama/","ru","https://clinicabelba.com/ru/маммопластика/","de","https://clinicabelba.com/de/brustoperation/","it","https://clinicabelba.com/it/chirurgia-mammaria/","nl","https://clinicabelba.com/nl/borstoperatie/","fr","https://clinicabelba.com/fr/chirurgie-mammaire/","en","https://clinicabelba.com/en/breast-surgery/","x-default","https://clinicabelba.com/cirugia-de-la-mama/","","","","","Indexable",""
"https://clinicabelba.com/ca/cirurgia-de-mama/","Cirurgia de mama a Barcelona | Clínica Belba","17","es-ES","https://clinicabelba.com/cirugia-de-la-mama/","ru-RU","https://clinicabelba.com/ru/маммопластика/","uk","https://clinicabelba.com/uk/хірургія-молочної-залози/","de-DE","https://clinicabelba.com/de/brustoperation/","it-IT","https://clinicabelba.com/it/chirurgia-mammaria/","nl-NL","https://clinicabelba.com/nl/borstoperatie/","ca","https://clinicabelba.com/ca/cirurgia-de-mama/","fr-FR","https://clinicabelba.com/fr/chirurgie-mammaire/","en-US","https://clinicabelba.com/en/breast-surgery/","es","https://clinicabelba.com/cirugia-de-la-mama/","ru","https://clinicabelba.com/ru/маммопластика/","de","https://clinicabelba.com/de/brustoperation/","it","https://clinicabelba.com/it/chirurgia-mammaria/","nl","https://clinicabelba.com/nl/borstoperatie/","fr","https://clinicabelba.com/fr/chirurgie-mammaire/","en","https://clinicabelba.com/en/breast-surgery/","x-default","https://clinicabelba.com/cirugia-de-la-mama/","","","","","Indexable",""
"https://clinicabelba.com/uk/хірургія-молочної-залози/","Хірургія грудей у Барселоні | Клініка «Белба»","17","es-ES","https://clinicabelba.com/cirugia-de-la-mama/","ru-RU","https://clinicabelba.com/ru/маммопластика/","uk","https://clinicabelba.com/uk/хірургія-молочної-залози/","de-DE","https://clinicabelba.com/de/brustoperation/","it-IT","https://clinicabelba.com/it/chirurgia-mammaria/","nl-NL","https://clinicabelba.com/nl/borstoperatie/","ca","https://clinicabelba.com/ca/cirurgia-de-mama/","fr-FR","https://clinicabelba.com/fr/chirurgie-mammaire/","en-US","https://clinicabelba.com/en/breast-surgery/","es","https://clinicabelba.com/cirugia-de-la-mama/","ru","https://clinicabelba.com/ru/маммопластика/","de","https://clinicabelba.com/de/brustoperation/","it","https://clinicabelba.com/it/chirurgia-mammaria/","nl","https://clinicabelba.com/nl/borstoperatie/","fr","https://clinicabelba.com/fr/chirurgie-mammaire/","en","https://clinicabelba.com/en/breast-surgery/","x-default","https://clinicabelba.com/cirugia-de-la-mama/","","","","","Indexable",""
"https://clinicabelba.com/ca/bloc/","Blog de Cirurgia Plàstica i Estètica | Clínica Belba","17","es-ES","https://clinicabelba.com/blog/","ru-RU","https://clinicabelba.com/ru/блог/","uk","https://clinicabelba.com/uk/блог/","de-DE","https://clinicabelba.com/de/blog/","it-IT","https://clinicabelba.com/it/blog/","nl-NL","https://clinicabelba.com/nl/blog/","ca","https://clinicabelba.com/ca/bloc/","fr-FR","https://clinicabelba.com/fr/blog/","en-US","https://clinicabelba.com/en/blog/","es","https://clinicabelba.com/blog/","ru","https://clinicabelba.com/ru/блог/","de","https://clinicabelba.com/de/blog/","it","https://clinicabelba.com/it/blog/","nl","https://clinicabelba.com/nl/blog/","fr","https://clinicabelba.com/fr/blog/","en","https://clinicabelba.com/en/blog/","x-default","https://clinicabelba.com/blog/","","","","","Indexable",""
"https://clinicabelba.com/ca/guia-del-pacient/","Guia del pacient | Clínica Belba","17","es-ES","https://clinicabelba.com/guia-del-paciente/","ru-RU","https://clinicabelba.com/ru/памятка-для-пациента/","uk","https://clinicabelba.com/uk/посібник-для-пацієнта/","de-DE","https://clinicabelba.com/de/patientenleitfaden/","it-IT","https://clinicabelba.com/it/guida-del-paziente/","nl-NL","https://clinicabelba.com/nl/patienten-gids/","ca","https://clinicabelba.com/ca/guia-del-pacient/","fr-FR","https://clinicabelba.com/fr/guide-du-patient/","en-US","https://clinicabelba.com/en/patient-guide/","es","https://clinicabelba.com/guia-del-paciente/","ru","https://clinicabelba.com/ru/памятка-для-пациента/","de","https://clinicabelba.com/de/patientenleitfaden/","it","https://clinicabelba.com/it/guida-del-paziente/","nl","https://clinicabelba.com/nl/patienten-gids/","fr","https://clinicabelba.com/fr/guide-du-patient/","en","https://clinicabelba.com/en/patient-guide/","x-default","https://clinicabelba.com/guia-del-paciente/","","","","","Indexable",""
"https://clinicabelba.com/ca/lifting-facial-barcelona/","Llifting Facial - Barcelona - Clínica Belba","17","es-ES","https://clinicabelba.com/lifting-facial-barcelona/","ru-RU","https://clinicabelba.com/ru/лифтинг-лица-барселона/","uk","https://clinicabelba.com/uk/підтяжка-обличчя-в-барселоні/","de-DE","https://clinicabelba.com/de/gesichtsstraffung-barcelona/","it-IT","https://clinicabelba.com/it/lifting-facciale-barcellona/","nl-NL","https://clinicabelba.com/nl/gezichtsbehandeling-barcelona/","ca","https://clinicabelba.com/ca/lifting-facial-barcelona/","fr-FR","https://clinicabelba.com/fr/lifting-facial-barcelone/","en-US","https://clinicabelba.com/en/facelift-barcelona/","es","https://clinicabelba.com/lifting-facial-barcelona/","ru","https://clinicabelba.com/ru/лифтинг-лица-барселона/","de","https://clinicabelba.com/de/gesichtsstraffung-barcelona/","it","https://clinicabelba.com/it/lifting-facciale-barcellona/","nl","https://clinicabelba.com/nl/gezichtsbehandeling-barcelona/","fr","https://clinicabelba.com/fr/lifting-facial-barcelone/","en","https://clinicabelba.com/en/facelift-barcelona/","x-default","https://clinicabelba.com/lifting-facial-barcelona/","","","","","Indexable",""
"https://clinicabelba.com/ca/rinomodelacio-barcelona/","Rinomodel·lació a Barcelona Sense Cirurgia - Clínica Belba ®","17","es-ES","https://clinicabelba.com/rinomodelacion-barcelona/","ru-RU","https://clinicabelba.com/ru/риномоделирование-барселона/","uk","https://clinicabelba.com/uk/ринопластика-в-барселоні-2/","de-DE","https://clinicabelba.com/de/rinomodellierung-barcelona/","it-IT","https://clinicabelba.com/it/rinoplastica-a-barcellona/","nl-NL","https://clinicabelba.com/nl/rinomodelacion-barcelona/","ca","https://clinicabelba.com/ca/rinomodelacio-barcelona/","fr-FR","https://clinicabelba.com/fr/rinomodelacion-barcelona/","en-US","https://clinicabelba.com/en/rhinomodeling-barcelona/","es","https://clinicabelba.com/rinomodelacion-barcelona/","ru","https://clinicabelba.com/ru/риномоделирование-барселона/","de","https://clinicabelba.com/de/rinomodellierung-barcelona/","it","https://clinicabelba.com/it/rinoplastica-a-barcellona/","nl","https://clinicabelba.com/nl/rinomodelacion-barcelona/","fr","https://clinicabelba.com/fr/rinomodelacion-barcelona/","en","https://clinicabelba.com/en/rhinomodeling-barcelona/","x-default","https://clinicabelba.com/rinomodelacion-barcelona/","","","","","Indexable",""
"https://clinicabelba.com/ca/cirurgians-plastics-barcelona/","Millors cirurgians plàstics de Barcelona – Dr. Chavarría, Dr. Dewever","17","es-ES","https://clinicabelba.com/cirujanos-plasticos-barcelona/","ru-RU","https://clinicabelba.com/ru/пластические-хирурги-барселона/","uk","https://clinicabelba.com/uk/пластичні-хірурги-в-барселоні/","de-DE","https://clinicabelba.com/de/plastische-chirurgen-barcelona/","it-IT","https://clinicabelba.com/it/chirurghi-plastici-barcellona/","nl-NL","https://clinicabelba.com/nl/plastisch-chirurgen-barcelona/","ca","https://clinicabelba.com/ca/cirurgians-plastics-barcelona/","fr-FR","https://clinicabelba.com/fr/chirurgiens-plasticiens-barcelone/","en-US","https://clinicabelba.com/en/plastic-surgeons-barcelona/","es","https://clinicabelba.com/cirujanos-plasticos-barcelona/","ru","https://clinicabelba.com/ru/пластические-хирурги-барселона/","de","https://clinicabelba.com/de/plastische-chirurgen-barcelona/","it","https://clinicabelba.com/it/chirurghi-plastici-barcellona/","nl","https://clinicabelba.com/nl/plastisch-chirurgen-barcelona/","fr","https://clinicabelba.com/fr/chirurgiens-plasticiens-barcelone/","en","https://clinicabelba.com/en/plastic-surgeons-barcelona/","x-default","https://clinicabelba.com/cirujanos-plasticos-barcelona/","","","","","Indexable",""
"https://clinicabelba.com/ca/tipus-daugment-de-pit/","Tipus de mamoplàstia d'augment | Clínica Belba","17","es-ES","https://clinicabelba.com/tipos-aumento-de-pecho/","ru-RU","https://clinicabelba.com/ru/типы-увеличения-груди/","uk","https://clinicabelba.com/uk/види-збільшення-грудей/","de-DE","https://clinicabelba.com/de/arten-von-brustvergroserungen/","it-IT","https://clinicabelba.com/it/tipi-di-aumento-del-seno/","nl-NL","https://clinicabelba.com/nl/soorten-borstvergroting/","ca","https://clinicabelba.com/ca/tipus-daugment-de-pit/","fr-FR","https://clinicabelba.com/fr/types-deaugmentation-mammaire/","en-US","https://clinicabelba.com/en/breast-augmentation-types/","es","https://clinicabelba.com/tipos-aumento-de-pecho/","ru","https://clinicabelba.com/ru/типы-увеличения-груди/","de","https://clinicabelba.com/de/arten-von-brustvergroserungen/","it","https://clinicabelba.com/it/tipi-di-aumento-del-seno/","nl","https://clinicabelba.com/nl/soorten-borstvergroting/","fr","https://clinicabelba.com/fr/types-deaugmentation-mammaire/","en","https://clinicabelba.com/en/breast-augmentation-types/","x-default","https://clinicabelba.com/tipos-aumento-de-pecho/","","","","","Indexable",""
"https://clinicabelba.com/ca/reduccio-de-mama/","Reducció de pits - Barcelona | Clínica Belba ⭐","17","es-ES","https://clinicabelba.com/reduccion-de-mama/","ru-RU","https://clinicabelba.com/ru/редукция-груди/","uk","https://clinicabelba.com/uk/зменшення-грудей/","de-DE","https://clinicabelba.com/de/brustverkleinerung/","it-IT","https://clinicabelba.com/it/riduzione-mammaria/","nl-NL","https://clinicabelba.com/nl/borstverkleining/","ca","https://clinicabelba.com/ca/reduccio-de-mama/","fr-FR","https://clinicabelba.com/fr/reduction-mammaire/","en-US","https://clinicabelba.com/en/breast-reduction/","es","https://clinicabelba.com/reduccion-de-mama/","ru","https://clinicabelba.com/ru/редукция-груди/","de","https://clinicabelba.com/de/brustverkleinerung/","it","https://clinicabelba.com/it/riduzione-mammaria/","nl","https://clinicabelba.com/nl/borstverkleining/","fr","https://clinicabelba.com/fr/reduction-mammaire/","en","https://clinicabelba.com/en/breast-reduction/","x-default","https://clinicabelba.com/reduccion-de-mama/","","","","","Indexable",""
"https://clinicabelba.com/ca/cirugia-corporal/","Cirugía Corporal y Estética en España | Clínica Belba","17","es-ES","https://clinicabelba.com/cirugia-corporal/","ru-RU","https://clinicabelba.com/ru/пластическая-хирургия/","uk","https://clinicabelba.com/uk/хірургія-тіла/","de-DE","https://clinicabelba.com/de/korperchirurgie/","it-IT","https://clinicabelba.com/it/chirurgia-del-corpo/","nl-NL","https://clinicabelba.com/nl/lichaamschirurgie/","ca","https://clinicabelba.com/ca/cirugia-corporal/","fr-FR","https://clinicabelba.com/fr/chirurgie-corporelle/","en-US","https://clinicabelba.com/en/body-surgery/","es","https://clinicabelba.com/cirugia-corporal/","ru","https://clinicabelba.com/ru/пластическая-хирургия/","de","https://clinicabelba.com/de/korperchirurgie/","it","https://clinicabelba.com/it/chirurgia-del-corpo/","nl","https://clinicabelba.com/nl/lichaamschirurgie/","fr","https://clinicabelba.com/fr/chirurgie-corporelle/","en","https://clinicabelba.com/en/body-surgery/","x-default","https://clinicabelba.com/cirugia-corporal/","","","","","Indexable",""
"https://clinicabelba.com/ca/lipovaser-abans-i-despres/","Lipo Vaser abans i després | CLÍNICA BELBA ®","17","es-ES","https://clinicabelba.com/lipovaser-antes-y-despues/","ru-RU","https://clinicabelba.com/ru/липосакция-до-и-после/","uk","https://clinicabelba.com/uk/lipovaser-до-і-після/","de-DE","https://clinicabelba.com/de/lipovaser-davor-und-danach/","it-IT","https://clinicabelba.com/it/lipovaser-prima-e-dopo/","nl-NL","https://clinicabelba.com/nl/lipovaser-voor-en-na/","ca","https://clinicabelba.com/ca/lipovaser-abans-i-despres/","fr-FR","https://clinicabelba.com/fr/lipovaser-avant-et-apres/","en-US","https://clinicabelba.com/en/lipolaser-before-and-after/","es","https://clinicabelba.com/lipovaser-antes-y-despues/","ru","https://clinicabelba.com/ru/липосакция-до-и-после/","de","https://clinicabelba.com/de/lipovaser-davor-und-danach/","it","https://clinicabelba.com/it/lipovaser-prima-e-dopo/","nl","https://clinicabelba.com/nl/lipovaser-voor-en-na/","fr","https://clinicabelba.com/fr/lipovaser-avant-et-apres/","en","https://clinicabelba.com/en/lipolaser-before-and-after/","x-default","https://clinicabelba.com/lipovaser-antes-y-despues/","","","","","Indexable",""
"https://clinicabelba.com/ca/augment-de-pit-tecnica-brst/","Tècnica BRST Augment de pits | Clínica Belba ®🥇","17","es-ES","https://clinicabelba.com/aumento-de-pecho-tecnica-brst/","ru-RU","https://clinicabelba.com/ru/увеличить-грудь-техника-brst/","uk","https://clinicabelba.com/uk/збільшення-грудей-за-допомогою-техні/","de-DE","https://clinicabelba.com/de/brustvergroserungstechnik/","it-IT","https://clinicabelba.com/it/mastoplastica-additiva-tecnica-b-r-s-t/","nl-NL","https://clinicabelba.com/nl/borstvergroting-techniek-brst/","ca","https://clinicabelba.com/ca/augment-de-pit-tecnica-brst/","fr-FR","https://clinicabelba.com/fr/augmentation-mammaire-technique-brst/","en-US","https://clinicabelba.com/en/breast-augmentation-brst-technique/","es","https://clinicabelba.com/aumento-de-pecho-tecnica-brst/","ru","https://clinicabelba.com/ru/увеличить-грудь-техника-brst/","de","https://clinicabelba.com/de/brustvergroserungstechnik/","it","https://clinicabelba.com/it/mastoplastica-additiva-tecnica-b-r-s-t/","nl","https://clinicabelba.com/nl/borstvergroting-techniek-brst/","fr","https://clinicabelba.com/fr/augmentation-mammaire-technique-brst/","en","https://clinicabelba.com/en/breast-augmentation-brst-technique/","x-default","https://clinicabelba.com/aumento-de-pecho-tecnica-brst/","","","","","Indexable",""
"https://clinicabelba.com/ca/labioplastia/","Labioplàstia a Barcelona | Cirurgia genital Làser Femenina❤️","17","es-ES","https://clinicabelba.com/labioplastia/","ru-RU","https://clinicabelba.com/ru/лабиопластика/","uk","https://clinicabelba.com/uk/лабіопластика/","de-DE","https://clinicabelba.com/de/lippenkorrektur/","it-IT","https://clinicabelba.com/it/labioplastica/","nl-NL","https://clinicabelba.com/nl/labiaplastiek/","ca","https://clinicabelba.com/ca/labioplastia/","fr-FR","https://clinicabelba.com/fr/labioplastie/","en-US","https://clinicabelba.com/en/labiaplasty/","es","https://clinicabelba.com/labioplastia/","ru","https://clinicabelba.com/ru/лабиопластика/","de","https://clinicabelba.com/de/lippenkorrektur/","it","https://clinicabelba.com/it/labioplastica/","nl","https://clinicabelba.com/nl/labiaplastiek/","fr","https://clinicabelba.com/fr/labioplastie/","en","https://clinicabelba.com/en/labiaplasty/","x-default","https://clinicabelba.com/labioplastia/","","","","","Indexable",""
"https://clinicabelba.com/ca/abdominoplastia-abans-i-despres/","【 Abdominoplàstia Abans i Després | fotos reals 】© BELBA","17","es-ES","https://clinicabelba.com/abdominoplastia-antes-y-despues/","ru-RU","https://clinicabelba.com/ru/абдоминопластика-до-и-после/","uk","https://clinicabelba.com/uk/абдомінопластика-до-і-після/","de-DE","https://clinicabelba.com/de/bauchdeckenstraffung-vorher-und-nachher/","it-IT","https://clinicabelba.com/it/addominoplastica-prima-e-dopo/","nl-NL","https://clinicabelba.com/nl/buikwandcorrectie-voor-en-na/","ca","https://clinicabelba.com/ca/abdominoplastia-abans-i-despres/","fr-FR","https://clinicabelba.com/fr/abdominoplastie-avant-et-apres/","en-US","https://clinicabelba.com/en/abdominoplasty-before-and-after/","es","https://clinicabelba.com/abdominoplastia-antes-y-despues/","ru","https://clinicabelba.com/ru/абдоминопластика-до-и-после/","de","https://clinicabelba.com/de/bauchdeckenstraffung-vorher-und-nachher/","it","https://clinicabelba.com/it/addominoplastica-prima-e-dopo/","nl","https://clinicabelba.com/nl/buikwandcorrectie-voor-en-na/","fr","https://clinicabelba.com/fr/abdominoplastie-avant-et-apres/","en","https://clinicabelba.com/en/abdominoplasty-before-and-after/","x-default","https://clinicabelba.com/abdominoplastia-antes-y-despues/","","","","","Indexable",""
"https://clinicabelba.com/ca/elevacio-de-mama/","Elevació de Pitades Barcelona | Mastectomia | Reducció de Pitades","17","es-ES","https://clinicabelba.com/elevacion-de-mama/","ru-RU","https://clinicabelba.com/ru/подтяжка-груди/","uk","https://clinicabelba.com/uk/підтяжка-грудей/","de-DE","https://clinicabelba.com/de/bruststraffung/","it-IT","https://clinicabelba.com/it/mastopessi/","nl-NL","https://clinicabelba.com/nl/borstvergroting/","ca","https://clinicabelba.com/ca/elevacio-de-mama/","fr-FR","https://clinicabelba.com/fr/mastopexie/","en-US","https://clinicabelba.com/en/breast-lift/","es","https://clinicabelba.com/elevacion-de-mama/","ru","https://clinicabelba.com/ru/подтяжка-груди/","de","https://clinicabelba.com/de/bruststraffung/","it","https://clinicabelba.com/it/mastopessi/","nl","https://clinicabelba.com/nl/borstvergroting/","fr","https://clinicabelba.com/fr/mastopexie/","en","https://clinicabelba.com/en/breast-lift/","x-default","https://clinicabelba.com/elevacion-de-mama/","","","","","Indexable",""
"https://clinicabelba.com/ca/rinoplastia-abans-i-despres/","Fotos de Rinoplàstia abans i després - Dr. Mike Dewever","17","es-ES","https://clinicabelba.com/rinoplastia-antes-y-despues/","ru-RU","https://clinicabelba.com/ru/ринопластика-до-и-после/","uk","https://clinicabelba.com/uk/ринопластика-до-і-після/","de-DE","https://clinicabelba.com/de/rhinoplastik-davor-und-danach/","it-IT","https://clinicabelba.com/it/rinoplastica-prima-e-dopo/","nl-NL","https://clinicabelba.com/nl/rinoplastiek-voor-en-na/","ca","https://clinicabelba.com/ca/rinoplastia-abans-i-despres/","fr-FR","https://clinicabelba.com/fr/rhinoplastie-avant-et-apres/","en-US","https://clinicabelba.com/en/rhinoplasty-before-and-after/","es","https://clinicabelba.com/rinoplastia-antes-y-despues/","ru","https://clinicabelba.com/ru/ринопластика-до-и-после/","de","https://clinicabelba.com/de/rhinoplastik-davor-und-danach/","it","https://clinicabelba.com/it/rinoplastica-prima-e-dopo/","nl","https://clinicabelba.com/nl/rinoplastiek-voor-en-na/","fr","https://clinicabelba.com/fr/rhinoplastie-avant-et-apres/","en","https://clinicabelba.com/en/rhinoplasty-before-and-after/","x-default","https://clinicabelba.com/rinoplastia-antes-y-despues/","","","","","Indexable",""
"https://clinicabelba.com/ca/recanvi-de-protesi/","Recanvi de Pròtesis Barcelona | Clínica Belba ⭐","17","es-ES","https://clinicabelba.com/recambio-de-protesis/","ru-RU","https://clinicabelba.com/ru/замена-протеза/","uk","https://clinicabelba.com/uk/заміна-протеза/","de-DE","https://clinicabelba.com/de/prothesenersatz/","it-IT","https://clinicabelba.com/it/ricambio-di-protesi/","nl-NL","https://clinicabelba.com/nl/prothese-wisseling/","ca","https://clinicabelba.com/ca/recanvi-de-protesi/","fr-FR","https://clinicabelba.com/fr/remplacement-de-prothese/","en-US","https://clinicabelba.com/en/prosthesis-replacement/","es","https://clinicabelba.com/recambio-de-protesis/","ru","https://clinicabelba.com/ru/замена-протеза/","de","https://clinicabelba.com/de/prothesenersatz/","it","https://clinicabelba.com/it/ricambio-di-protesi/","nl","https://clinicabelba.com/nl/prothese-wisseling/","fr","https://clinicabelba.com/fr/remplacement-de-prothese/","en","https://clinicabelba.com/en/prosthesis-replacement/","x-default","https://clinicabelba.com/recambio-de-protesis/","","","","","Indexable",""
"https://clinicabelba.com/ca/prova-pacient/","Prova del pacient | Clínica Belba","17","es-ES","https://clinicabelba.com/test-paciente/","ru-RU","https://clinicabelba.com/ru/тест-пациента/","uk","https://clinicabelba.com/uk/тест-пацієнта/","de-DE","https://clinicabelba.com/de/patiententest/","it-IT","https://clinicabelba.com/it/paziente-di-prova/","nl-NL","https://clinicabelba.com/nl/test-patient/","ca","https://clinicabelba.com/ca/prova-pacient/","fr-FR","https://clinicabelba.com/fr/patient-test/","en-US","https://clinicabelba.com/en/test-patient/","es","https://clinicabelba.com/test-paciente/","ru","https://clinicabelba.com/ru/тест-пациента/","de","https://clinicabelba.com/de/patiententest/","it","https://clinicabelba.com/it/paziente-di-prova/","nl","https://clinicabelba.com/nl/test-patient/","fr","https://clinicabelba.com/fr/patient-test/","en","https://clinicabelba.com/en/test-patient/","x-default","https://clinicabelba.com/test-paciente/","","","","","No indexable","noindex"
"https://clinicabelba.com/ca/cirurgia-facial/","Cirurgia Facial a Espanya | Clínica Belba","17","es-ES","https://clinicabelba.com/cirugia-facial/","ru-RU","https://clinicabelba.com/ru/челюстно-лицевая-хирургия/","uk","https://clinicabelba.com/uk/пластична-хірургія-обличчя/","de-DE","https://clinicabelba.com/de/gesichtsoperation/","it-IT","https://clinicabelba.com/it/chirurgia-facciale/","nl-NL","https://clinicabelba.com/nl/gezichtsoperatie/","ca","https://clinicabelba.com/ca/cirurgia-facial/","fr-FR","https://clinicabelba.com/fr/chirurgie-faciale/","en-US","https://clinicabelba.com/en/facial-surgery/","es","https://clinicabelba.com/cirugia-facial/","ru","https://clinicabelba.com/ru/челюстно-лицевая-хирургия/","de","https://clinicabelba.com/de/gesichtsoperation/","it","https://clinicabelba.com/it/chirurgia-facciale/","nl","https://clinicabelba.com/nl/gezichtsoperatie/","fr","https://clinicabelba.com/fr/chirurgie-faciale/","en","https://clinicabelba.com/en/facial-surgery/","x-default","https://clinicabelba.com/cirugia-facial/","","","","","No indexable","noindex"
"https://clinicabelba.com/ca/ginecomastia-abans-i-despres/","【Ginecomàstia Abans i Després | CLÍNICA BELBA】⊛⊛","17","es-ES","https://clinicabelba.com/ginecomastia-antes-y-despues/","ru-RU","https://clinicabelba.com/ru/гинекомастия-до-и-после/","uk","https://clinicabelba.com/uk/гінекомастія-до-і-після/","de-DE","https://clinicabelba.com/de/ginekomastie-vorher-und-nachher/","it-IT","https://clinicabelba.com/it/ginecomastia-prima-e-dopo/","nl-NL","https://clinicabelba.com/nl/ginecomastie-voor-en-na/","ca","https://clinicabelba.com/ca/ginecomastia-abans-i-despres/","fr-FR","https://clinicabelba.com/fr/gynecomastie-avant-et-apres/","en-US","https://clinicabelba.com/en/gynecomastia-before-and-after/","es","https://clinicabelba.com/ginecomastia-antes-y-despues/","ru","https://clinicabelba.com/ru/гинекомастия-до-и-после/","de","https://clinicabelba.com/de/ginekomastie-vorher-und-nachher/","it","https://clinicabelba.com/it/ginecomastia-prima-e-dopo/","nl","https://clinicabelba.com/nl/ginecomastie-voor-en-na/","fr","https://clinicabelba.com/fr/gynecomastie-avant-et-apres/","en","https://clinicabelba.com/en/gynecomastia-before-and-after/","x-default","https://clinicabelba.com/ginecomastia-antes-y-despues/","","","","","Indexable",""
"https://clinicabelba.com/ca/consulta-en-linia/","Consulta en línia | Clínica Belba","17","es-ES","https://clinicabelba.com/consulta-online/","ru-RU","https://clinicabelba.com/ru/онлайн-консультация/","uk","https://clinicabelba.com/uk/онлайн-консультація/","de-DE","https://clinicabelba.com/de/online-beratung/","it-IT","https://clinicabelba.com/it/consultazione-online/","nl-NL","https://clinicabelba.com/nl/online-consult/","ca","https://clinicabelba.com/ca/consulta-en-linia/","fr-FR","https://clinicabelba.com/fr/consultation-en-ligne/","en-US","https://clinicabelba.com/en/online-consultation/","es","https://clinicabelba.com/consulta-online/","ru","https://clinicabelba.com/ru/онлайн-консультация/","de","https://clinicabelba.com/de/online-beratung/","it","https://clinicabelba.com/it/consultazione-online/","nl","https://clinicabelba.com/nl/online-consult/","fr","https://clinicabelba.com/fr/consultation-en-ligne/","en","https://clinicabelba.com/en/online-consultation/","x-default","https://clinicabelba.com/consulta-online/","","","","","No indexable","noindex"
"https://clinicabelba.com/ca/mentoplastia-barcelona/","Mentoplastia Barcelona | Cirugía plástica de Mentón | Belba","17","es-ES","https://clinicabelba.com/mentoplastia-barcelona/","ru-RU","https://clinicabelba.com/ru/ментопластика-барселона/","uk","https://clinicabelba.com/uk/ментопластика-в-барселоні/","de-DE","https://clinicabelba.com/de/mentoplastik-barcelona/","it-IT","https://clinicabelba.com/it/mentoplastica-barcellona/","nl-NL","https://clinicabelba.com/nl/mentoplastiek-barcelona/","ca","https://clinicabelba.com/ca/mentoplastia-barcelona/","fr-FR","https://clinicabelba.com/fr/mentoplastia-barcelona/","en-US","https://clinicabelba.com/en/mentoplasty-barcelona/","es","https://clinicabelba.com/mentoplastia-barcelona/","ru","https://clinicabelba.com/ru/ментопластика-барселона/","de","https://clinicabelba.com/de/mentoplastik-barcelona/","it","https://clinicabelba.com/it/mentoplastica-barcellona/","nl","https://clinicabelba.com/nl/mentoplastiek-barcelona/","fr","https://clinicabelba.com/fr/mentoplastia-barcelona/","en","https://clinicabelba.com/en/mentoplasty-barcelona/","x-default","https://clinicabelba.com/mentoplastia-barcelona/","","","","","Indexable",""
"https://clinicabelba.com/ca/cirurgia-intima/","Cirurgia Íntima a Espanya | Clínica Belba","17","es-ES","https://clinicabelba.com/cirugia-intima/","ru-RU","https://clinicabelba.com/ru/интимная-хирургия/","uk","https://clinicabelba.com/uk/хірургія-інтимних-органів/","de-DE","https://clinicabelba.com/de/intimchirurgie/","it-IT","https://clinicabelba.com/it/chirurgia-intima/","nl-NL","https://clinicabelba.com/nl/intieme-chirurgie/","ca","https://clinicabelba.com/ca/cirurgia-intima/","fr-FR","https://clinicabelba.com/fr/cirugia-intima/","en-US","https://clinicabelba.com/en/intimate-surgery/","es","https://clinicabelba.com/cirugia-intima/","ru","https://clinicabelba.com/ru/интимная-хирургия/","de","https://clinicabelba.com/de/intimchirurgie/","it","https://clinicabelba.com/it/chirurgia-intima/","nl","https://clinicabelba.com/nl/intieme-chirurgie/","fr","https://clinicabelba.com/fr/cirugia-intima/","en","https://clinicabelba.com/en/intimate-surgery/","x-default","https://clinicabelba.com/cirugia-intima/","","","","","Indexable",""
"https://clinicabelba.com/ca/liposuccio-barcelona/","CIRURGIA LIPOSUCCIÓ BADALONA | LIPOESCULTURA 360°","17","es-ES","https://clinicabelba.com/liposuccion-barcelona/","ru-RU","https://clinicabelba.com/ru/липосакция-барселона/","uk","https://clinicabelba.com/uk/ліпосакція-в-барселоні/","de-DE","https://clinicabelba.com/de/fettabsaugung-barcelona/","it-IT","https://clinicabelba.com/it/liposuzione-barcellona/","nl-NL","https://clinicabelba.com/nl/liposuctie-barcelona/","ca","https://clinicabelba.com/ca/liposuccio-barcelona/","fr-FR","https://clinicabelba.com/fr/liposuccion-barcelone/","en-US","https://clinicabelba.com/en/liposuction-barcelona/","es","https://clinicabelba.com/liposuccion-barcelona/","ru","https://clinicabelba.com/ru/липосакция-барселона/","de","https://clinicabelba.com/de/fettabsaugung-barcelona/","it","https://clinicabelba.com/it/liposuzione-barcellona/","nl","https://clinicabelba.com/nl/liposuctie-barcelona/","fr","https://clinicabelba.com/fr/liposuccion-barcelone/","en","https://clinicabelba.com/en/liposuction-barcelona/","x-default","https://clinicabelba.com/liposuccion-barcelona/","","","","","Indexable",""
"https://clinicabelba.com/ca/otoplastia/","Otoplàstia - Barcelona - Cirurgia d'Orelles - Dr. Mike Dewever","17","es-ES","https://clinicabelba.com/otoplastia/","ru-RU","https://clinicabelba.com/ru/отопластика/","uk","https://clinicabelba.com/uk/отопластика/","de-DE","https://clinicabelba.com/de/ohrenkorrektur/","it-IT","https://clinicabelba.com/it/otoplastica/","nl-NL","https://clinicabelba.com/nl/otoplastie/","ca","https://clinicabelba.com/ca/otoplastia/","fr-FR","https://clinicabelba.com/fr/otoplastie/","en-US","https://clinicabelba.com/en/otoplasty/","es","https://clinicabelba.com/otoplastia/","ru","https://clinicabelba.com/ru/отопластика/","de","https://clinicabelba.com/de/ohrenkorrektur/","it","https://clinicabelba.com/it/otoplastica/","nl","https://clinicabelba.com/nl/otoplastie/","fr","https://clinicabelba.com/fr/otoplastie/","en","https://clinicabelba.com/en/otoplasty/","x-default","https://clinicabelba.com/otoplastia/","","","","","Indexable",""
"https://clinicabelba.com/ca/avis-legal/","Avís legal | Clínica Belba","17","es-ES","https://clinicabelba.com/aviso-legal/","ru-RU","https://clinicabelba.com/ru/правовая-оговорка/","uk","https://clinicabelba.com/uk/юридичне-повідомлення/","de-DE","https://clinicabelba.com/de/impressum/","it-IT","https://clinicabelba.com/it/avviso-legale/","nl-NL","https://clinicabelba.com/nl/juridische-mededeling/","ca","https://clinicabelba.com/ca/avis-legal/","fr-FR","https://clinicabelba.com/fr/aviso-legal/","en-US","https://clinicabelba.com/en/legal-notice/","es","https://clinicabelba.com/aviso-legal/","ru","https://clinicabelba.com/ru/правовая-оговорка/","de","https://clinicabelba.com/de/impressum/","it","https://clinicabelba.com/it/avviso-legale/","nl","https://clinicabelba.com/nl/juridische-mededeling/","fr","https://clinicabelba.com/fr/aviso-legal/","en","https://clinicabelba.com/en/legal-notice/","x-default","https://clinicabelba.com/aviso-legal/","","","","","Indexable",""
"https://clinicabelba.com/ca/liposuccio-del-mont-de-venus/","Lipoescultura del mont de Venus Barcelona ❤️ | Clínica Belba","17","es-ES","https://clinicabelba.com/liposuccion-de-monte-de-venus/","ru-RU","https://clinicabelba.com/ru/липосакция-лобка/","uk","https://clinicabelba.com/uk/ліпосакція-лобка/","de-DE","https://clinicabelba.com/de/fettabsaugung-am-venushugel/","it-IT","https://clinicabelba.com/it/liposuzione-del-monte-di-venere/","nl-NL","https://clinicabelba.com/nl/liposuctie-venusheuvel/","ca","https://clinicabelba.com/ca/liposuccio-del-mont-de-venus/","fr-FR","https://clinicabelba.com/fr/liposuccion-du-mont-de-venus/","en-US","https://clinicabelba.com/en/mons-pubis-liposuction/","es","https://clinicabelba.com/liposuccion-de-monte-de-venus/","ru","https://clinicabelba.com/ru/липосакция-лобка/","de","https://clinicabelba.com/de/fettabsaugung-am-venushugel/","it","https://clinicabelba.com/it/liposuzione-del-monte-di-venere/","nl","https://clinicabelba.com/nl/liposuctie-venusheuvel/","fr","https://clinicabelba.com/fr/liposuccion-du-mont-de-venus/","en","https://clinicabelba.com/en/mons-pubis-liposuction/","x-default","https://clinicabelba.com/liposuccion-de-monte-de-venus/","","","","","Indexable",""
"https://clinicabelba.com/ca/elevacio-de-cuixes/","Llifting de Muse­lls a Barcelona | Cruroplàstia ◁ © BELBA","17","es-ES","https://clinicabelba.com/lifting-de-muslos/","ru-RU","https://clinicabelba.com/ru/подтяжка-бедер/","uk","https://clinicabelba.com/uk/підтяжка-стегон/","de-DE","https://clinicabelba.com/de/oberschenkelstraffung/","it-IT","https://clinicabelba.com/it/lifting-delle-cosce/","nl-NL","https://clinicabelba.com/nl/lifting-van-de-dijen/","ca","https://clinicabelba.com/ca/elevacio-de-cuixes/","fr-FR","https://clinicabelba.com/fr/lifting-de-cuisse/","en-US","https://clinicabelba.com/en/thigh-lift/","es","https://clinicabelba.com/lifting-de-muslos/","ru","https://clinicabelba.com/ru/подтяжка-бедер/","de","https://clinicabelba.com/de/oberschenkelstraffung/","it","https://clinicabelba.com/it/lifting-delle-cosce/","nl","https://clinicabelba.com/nl/lifting-van-de-dijen/","fr","https://clinicabelba.com/fr/lifting-de-cuisse/","en","https://clinicabelba.com/en/thigh-lift/","x-default","https://clinicabelba.com/lifting-de-muslos/","","","","","Indexable",""
"https://clinicabelba.com/uk/ринопластика-до-і-після/","Фотографії до та після ринопластики — доктор Майк Дювевер","17","es-ES","https://clinicabelba.com/rinoplastia-antes-y-despues/","ru-RU","https://clinicabelba.com/ru/ринопластика-до-и-после/","uk","https://clinicabelba.com/uk/ринопластика-до-і-після/","de-DE","https://clinicabelba.com/de/rhinoplastik-davor-und-danach/","it-IT","https://clinicabelba.com/it/rinoplastica-prima-e-dopo/","nl-NL","https://clinicabelba.com/nl/rinoplastiek-voor-en-na/","ca","https://clinicabelba.com/ca/rinoplastia-abans-i-despres/","fr-FR","https://clinicabelba.com/fr/rhinoplastie-avant-et-apres/","en-US","https://clinicabelba.com/en/rhinoplasty-before-and-after/","es","https://clinicabelba.com/rinoplastia-antes-y-despues/","ru","https://clinicabelba.com/ru/ринопластика-до-и-после/","de","https://clinicabelba.com/de/rhinoplastik-davor-und-danach/","it","https://clinicabelba.com/it/rinoplastica-prima-e-dopo/","nl","https://clinicabelba.com/nl/rinoplastiek-voor-en-na/","fr","https://clinicabelba.com/fr/rhinoplastie-avant-et-apres/","en","https://clinicabelba.com/en/rhinoplasty-before-and-after/","x-default","https://clinicabelba.com/rinoplastia-antes-y-despues/","","","","","Indexable",""
"https://clinicabelba.com/it/rinoplastica-prima-e-dopo/","Foto di Rinoplastica prima e dopo - Dr. Mike Dewever","17","es-ES","https://clinicabelba.com/rinoplastia-antes-y-despues/","ru-RU","https://clinicabelba.com/ru/ринопластика-до-и-после/","uk","https://clinicabelba.com/uk/ринопластика-до-і-після/","de-DE","https://clinicabelba.com/de/rhinoplastik-davor-und-danach/","it-IT","https://clinicabelba.com/it/rinoplastica-prima-e-dopo/","nl-NL","https://clinicabelba.com/nl/rinoplastiek-voor-en-na/","ca","https://clinicabelba.com/ca/rinoplastia-abans-i-despres/","fr-FR","https://clinicabelba.com/fr/rhinoplastie-avant-et-apres/","en-US","https://clinicabelba.com/en/rhinoplasty-before-and-after/","es","https://clinicabelba.com/rinoplastia-antes-y-despues/","ru","https://clinicabelba.com/ru/ринопластика-до-и-после/","de","https://clinicabelba.com/de/rhinoplastik-davor-und-danach/","it","https://clinicabelba.com/it/rinoplastica-prima-e-dopo/","nl","https://clinicabelba.com/nl/rinoplastiek-voor-en-na/","fr","https://clinicabelba.com/fr/rhinoplastie-avant-et-apres/","en","https://clinicabelba.com/en/rhinoplasty-before-and-after/","x-default","https://clinicabelba.com/rinoplastia-antes-y-despues/","","","","","Indexable",""
"https://clinicabelba.com/nl/rinoplastiek-voor-en-na/","Foto's Rinoplastiek voor en na - Dr. Mike Dewever","17","es-ES","https://clinicabelba.com/rinoplastia-antes-y-despues/","ru-RU","https://clinicabelba.com/ru/ринопластика-до-и-после/","uk","https://clinicabelba.com/uk/ринопластика-до-і-після/","de-DE","https://clinicabelba.com/de/rhinoplastik-davor-und-danach/","it-IT","https://clinicabelba.com/it/rinoplastica-prima-e-dopo/","nl-NL","https://clinicabelba.com/nl/rinoplastiek-voor-en-na/","ca","https://clinicabelba.com/ca/rinoplastia-abans-i-despres/","fr-FR","https://clinicabelba.com/fr/rhinoplastie-avant-et-apres/","en-US","https://clinicabelba.com/en/rhinoplasty-before-and-after/","es","https://clinicabelba.com/rinoplastia-antes-y-despues/","ru","https://clinicabelba.com/ru/ринопластика-до-и-после/","de","https://clinicabelba.com/de/rhinoplastik-davor-und-danach/","it","https://clinicabelba.com/it/rinoplastica-prima-e-dopo/","nl","https://clinicabelba.com/nl/rinoplastiek-voor-en-na/","fr","https://clinicabelba.com/fr/rhinoplastie-avant-et-apres/","en","https://clinicabelba.com/en/rhinoplasty-before-and-after/","x-default","https://clinicabelba.com/rinoplastia-antes-y-despues/","","","","","Indexable",""
"https://clinicabelba.com/ru/ринопластика-до-и-после/","Фотографии ринопластики до и после — доктор Майк де Вивер","17","es-ES","https://clinicabelba.com/rinoplastia-antes-y-despues/","ru-RU","https://clinicabelba.com/ru/ринопластика-до-и-после/","uk","https://clinicabelba.com/uk/ринопластика-до-і-після/","de-DE","https://clinicabelba.com/de/rhinoplastik-davor-und-danach/","it-IT","https://clinicabelba.com/it/rinoplastica-prima-e-dopo/","nl-NL","https://clinicabelba.com/nl/rinoplastiek-voor-en-na/","ca","https://clinicabelba.com/ca/rinoplastia-abans-i-despres/","fr-FR","https://clinicabelba.com/fr/rhinoplastie-avant-et-apres/","en-US","https://clinicabelba.com/en/rhinoplasty-before-and-after/","es","https://clinicabelba.com/rinoplastia-antes-y-despues/","ru","https://clinicabelba.com/ru/ринопластика-до-и-после/","de","https://clinicabelba.com/de/rhinoplastik-davor-und-danach/","it","https://clinicabelba.com/it/rinoplastica-prima-e-dopo/","nl","https://clinicabelba.com/nl/rinoplastiek-voor-en-na/","fr","https://clinicabelba.com/fr/rhinoplastie-avant-et-apres/","en","https://clinicabelba.com/en/rhinoplasty-before-and-after/","x-default","https://clinicabelba.com/rinoplastia-antes-y-despues/","","","","","Indexable",""
"https://clinicabelba.com/it/liposuzione-del-monte-di-venere/","Liposuzione del Monte di Venere Barcelona ❤️ | Clinica Belba","17","es-ES","https://clinicabelba.com/liposuccion-de-monte-de-venus/","ru-RU","https://clinicabelba.com/ru/липосакция-лобка/","uk","https://clinicabelba.com/uk/ліпосакція-лобка/","de-DE","https://clinicabelba.com/de/fettabsaugung-am-venushugel/","it-IT","https://clinicabelba.com/it/liposuzione-del-monte-di-venere/","nl-NL","https://clinicabelba.com/nl/liposuctie-venusheuvel/","ca","https://clinicabelba.com/ca/liposuccio-del-mont-de-venus/","fr-FR","https://clinicabelba.com/fr/liposuccion-du-mont-de-venus/","en-US","https://clinicabelba.com/en/mons-pubis-liposuction/","es","https://clinicabelba.com/liposuccion-de-monte-de-venus/","ru","https://clinicabelba.com/ru/липосакция-лобка/","de","https://clinicabelba.com/de/fettabsaugung-am-venushugel/","it","https://clinicabelba.com/it/liposuzione-del-monte-di-venere/","nl","https://clinicabelba.com/nl/liposuctie-venusheuvel/","fr","https://clinicabelba.com/fr/liposuccion-du-mont-de-venus/","en","https://clinicabelba.com/en/mons-pubis-liposuction/","x-default","https://clinicabelba.com/liposuccion-de-monte-de-venus/","","","","","Indexable",""
"https://clinicabelba.com/it/riduzione-mammaria/","Riduzione del Seno - Barcellona | Clinica Belba ⭐","17","es-ES","https://clinicabelba.com/reduccion-de-mama/","ru-RU","https://clinicabelba.com/ru/редукция-груди/","uk","https://clinicabelba.com/uk/зменшення-грудей/","de-DE","https://clinicabelba.com/de/brustverkleinerung/","it-IT","https://clinicabelba.com/it/riduzione-mammaria/","nl-NL","https://clinicabelba.com/nl/borstverkleining/","ca","https://clinicabelba.com/ca/reduccio-de-mama/","fr-FR","https://clinicabelba.com/fr/reduction-mammaire/","en-US","https://clinicabelba.com/en/breast-reduction/","es","https://clinicabelba.com/reduccion-de-mama/","ru","https://clinicabelba.com/ru/редукция-груди/","de","https://clinicabelba.com/de/brustverkleinerung/","it","https://clinicabelba.com/it/riduzione-mammaria/","nl","https://clinicabelba.com/nl/borstverkleining/","fr","https://clinicabelba.com/fr/reduction-mammaire/","en","https://clinicabelba.com/en/breast-reduction/","x-default","https://clinicabelba.com/reduccion-de-mama/","","","","","Indexable",""
"https://clinicabelba.com/it/ginecomastia-prima-e-dopo/","Ginecomastia Prima e Dopo | CLINICA BELBA","17","es-ES","https://clinicabelba.com/ginecomastia-antes-y-despues/","ru-RU","https://clinicabelba.com/ru/гинекомастия-до-и-после/","uk","https://clinicabelba.com/uk/гінекомастія-до-і-після/","de-DE","https://clinicabelba.com/de/ginekomastie-vorher-und-nachher/","it-IT","https://clinicabelba.com/it/ginecomastia-prima-e-dopo/","nl-NL","https://clinicabelba.com/nl/ginecomastie-voor-en-na/","ca","https://clinicabelba.com/ca/ginecomastia-abans-i-despres/","fr-FR","https://clinicabelba.com/fr/gynecomastie-avant-et-apres/","en-US","https://clinicabelba.com/en/gynecomastia-before-and-after/","es","https://clinicabelba.com/ginecomastia-antes-y-despues/","ru","https://clinicabelba.com/ru/гинекомастия-до-и-после/","de","https://clinicabelba.com/de/ginekomastie-vorher-und-nachher/","it","https://clinicabelba.com/it/ginecomastia-prima-e-dopo/","nl","https://clinicabelba.com/nl/ginecomastie-voor-en-na/","fr","https://clinicabelba.com/fr/gynecomastie-avant-et-apres/","en","https://clinicabelba.com/en/gynecomastia-before-and-after/","x-default","https://clinicabelba.com/ginecomastia-antes-y-despues/","","","","","Indexable",""
"https://clinicabelba.com/it/lipovaser-prima-e-dopo/","Lipo Vaser prima e dopo | CLINICA BELBA","17","es-ES","https://clinicabelba.com/lipovaser-antes-y-despues/","ru-RU","https://clinicabelba.com/ru/липосакция-до-и-после/","uk","https://clinicabelba.com/uk/lipovaser-до-і-після/","de-DE","https://clinicabelba.com/de/lipovaser-davor-und-danach/","it-IT","https://clinicabelba.com/it/lipovaser-prima-e-dopo/","nl-NL","https://clinicabelba.com/nl/lipovaser-voor-en-na/","ca","https://clinicabelba.com/ca/lipovaser-abans-i-despres/","fr-FR","https://clinicabelba.com/fr/lipovaser-avant-et-apres/","en-US","https://clinicabelba.com/en/lipolaser-before-and-after/","es","https://clinicabelba.com/lipovaser-antes-y-despues/","ru","https://clinicabelba.com/ru/липосакция-до-и-после/","de","https://clinicabelba.com/de/lipovaser-davor-und-danach/","it","https://clinicabelba.com/it/lipovaser-prima-e-dopo/","nl","https://clinicabelba.com/nl/lipovaser-voor-en-na/","fr","https://clinicabelba.com/fr/lipovaser-avant-et-apres/","en","https://clinicabelba.com/en/lipolaser-before-and-after/","x-default","https://clinicabelba.com/lipovaser-antes-y-despues/","","","","","Indexable",""
"https://clinicabelba.com/it/chirurghi-plastici-barcellona/","I migliori chirurghi plastici a Barcellona: Dott. Chavarría, Dott. Dewever","17","es-ES","https://clinicabelba.com/cirujanos-plasticos-barcelona/","ru-RU","https://clinicabelba.com/ru/пластические-хирурги-барселона/","uk","https://clinicabelba.com/uk/пластичні-хірурги-в-барселоні/","de-DE","https://clinicabelba.com/de/plastische-chirurgen-barcelona/","it-IT","https://clinicabelba.com/it/chirurghi-plastici-barcellona/","nl-NL","https://clinicabelba.com/nl/plastisch-chirurgen-barcelona/","ca","https://clinicabelba.com/ca/cirurgians-plastics-barcelona/","fr-FR","https://clinicabelba.com/fr/chirurgiens-plasticiens-barcelone/","en-US","https://clinicabelba.com/en/plastic-surgeons-barcelona/","es","https://clinicabelba.com/cirujanos-plasticos-barcelona/","ru","https://clinicabelba.com/ru/пластические-хирурги-барселона/","de","https://clinicabelba.com/de/plastische-chirurgen-barcelona/","it","https://clinicabelba.com/it/chirurghi-plastici-barcellona/","nl","https://clinicabelba.com/nl/plastisch-chirurgen-barcelona/","fr","https://clinicabelba.com/fr/chirurgiens-plasticiens-barcelone/","en","https://clinicabelba.com/en/plastic-surgeons-barcelona/","x-default","https://clinicabelba.com/cirujanos-plasticos-barcelona/","","","","","Indexable",""
"https://clinicabelba.com/it/mastoplastica-additiva-tecnica-b-r-s-t/","Tecnica BRST Aumento del seno | Clinica Belba ®🥇","17","es-ES","https://clinicabelba.com/aumento-de-pecho-tecnica-brst/","ru-RU","https://clinicabelba.com/ru/увеличить-грудь-техника-brst/","uk","https://clinicabelba.com/uk/збільшення-грудей-за-допомогою-техні/","de-DE","https://clinicabelba.com/de/brustvergroserungstechnik/","it-IT","https://clinicabelba.com/it/mastoplastica-additiva-tecnica-b-r-s-t/","nl-NL","https://clinicabelba.com/nl/borstvergroting-techniek-brst/","ca","https://clinicabelba.com/ca/augment-de-pit-tecnica-brst/","fr-FR","https://clinicabelba.com/fr/augmentation-mammaire-technique-brst/","en-US","https://clinicabelba.com/en/breast-augmentation-brst-technique/","es","https://clinicabelba.com/aumento-de-pecho-tecnica-brst/","ru","https://clinicabelba.com/ru/увеличить-грудь-техника-brst/","de","https://clinicabelba.com/de/brustvergroserungstechnik/","it","https://clinicabelba.com/it/mastoplastica-additiva-tecnica-b-r-s-t/","nl","https://clinicabelba.com/nl/borstvergroting-techniek-brst/","fr","https://clinicabelba.com/fr/augmentation-mammaire-technique-brst/","en","https://clinicabelba.com/en/breast-augmentation-brst-technique/","x-default","https://clinicabelba.com/aumento-de-pecho-tecnica-brst/","","","","","Indexable",""
"https://clinicabelba.com/it/guida-del-paziente/","Guida del Paziente | Clinica Belba","17","es-ES","https://clinicabelba.com/guia-del-paciente/","ru-RU","https://clinicabelba.com/ru/памятка-для-пациента/","uk","https://clinicabelba.com/uk/посібник-для-пацієнта/","de-DE","https://clinicabelba.com/de/patientenleitfaden/","it-IT","https://clinicabelba.com/it/guida-del-paziente/","nl-NL","https://clinicabelba.com/nl/patienten-gids/","ca","https://clinicabelba.com/ca/guia-del-pacient/","fr-FR","https://clinicabelba.com/fr/guide-du-patient/","en-US","https://clinicabelba.com/en/patient-guide/","es","https://clinicabelba.com/guia-del-paciente/","ru","https://clinicabelba.com/ru/памятка-для-пациента/","de","https://clinicabelba.com/de/patientenleitfaden/","it","https://clinicabelba.com/it/guida-del-paziente/","nl","https://clinicabelba.com/nl/patienten-gids/","fr","https://clinicabelba.com/fr/guide-du-patient/","en","https://clinicabelba.com/en/patient-guide/","x-default","https://clinicabelba.com/guia-del-paciente/","","","","","Indexable",""
"https://clinicabelba.com/it/liposuzione-barcellona/","CHIRURGIA DELLA LIPOSUZIONE A BARCELLONA | LIPOSCULTURA A 360°","17","es-ES","https://clinicabelba.com/liposuccion-barcelona/","ru-RU","https://clinicabelba.com/ru/липосакция-барселона/","uk","https://clinicabelba.com/uk/ліпосакція-в-барселоні/","de-DE","https://clinicabelba.com/de/fettabsaugung-barcelona/","it-IT","https://clinicabelba.com/it/liposuzione-barcellona/","nl-NL","https://clinicabelba.com/nl/liposuctie-barcelona/","ca","https://clinicabelba.com/ca/liposuccio-barcelona/","fr-FR","https://clinicabelba.com/fr/liposuccion-barcelone/","en-US","https://clinicabelba.com/en/liposuction-barcelona/","es","https://clinicabelba.com/liposuccion-barcelona/","ru","https://clinicabelba.com/ru/липосакция-барселона/","de","https://clinicabelba.com/de/fettabsaugung-barcelona/","it","https://clinicabelba.com/it/liposuzione-barcellona/","nl","https://clinicabelba.com/nl/liposuctie-barcelona/","fr","https://clinicabelba.com/fr/liposuccion-barcelone/","en","https://clinicabelba.com/en/liposuction-barcelona/","x-default","https://clinicabelba.com/liposuccion-barcelona/","","","","","Indexable",""
"https://clinicabelba.com/it/chirurgia-del-corpo/","Chirurgia Estetica e Plastica in Spagna | Clinica Belba","17","es-ES","https://clinicabelba.com/cirugia-corporal/","ru-RU","https://clinicabelba.com/ru/пластическая-хирургия/","uk","https://clinicabelba.com/uk/хірургія-тіла/","de-DE","https://clinicabelba.com/de/korperchirurgie/","it-IT","https://clinicabelba.com/it/chirurgia-del-corpo/","nl-NL","https://clinicabelba.com/nl/lichaamschirurgie/","ca","https://clinicabelba.com/ca/cirugia-corporal/","fr-FR","https://clinicabelba.com/fr/chirurgie-corporelle/","en-US","https://clinicabelba.com/en/body-surgery/","es","https://clinicabelba.com/cirugia-corporal/","ru","https://clinicabelba.com/ru/пластическая-хирургия/","de","https://clinicabelba.com/de/korperchirurgie/","it","https://clinicabelba.com/it/chirurgia-del-corpo/","nl","https://clinicabelba.com/nl/lichaamschirurgie/","fr","https://clinicabelba.com/fr/chirurgie-corporelle/","en","https://clinicabelba.com/en/body-surgery/","x-default","https://clinicabelba.com/cirugia-corporal/","","","","","Indexable",""
"https://clinicabelba.com/it/chirurgia-intima/","Chirurgia Intima in Spagna | Clinica Belba","17","es-ES","https://clinicabelba.com/cirugia-intima/","ru-RU","https://clinicabelba.com/ru/интимная-хирургия/","uk","https://clinicabelba.com/uk/хірургія-інтимних-органів/","de-DE","https://clinicabelba.com/de/intimchirurgie/","it-IT","https://clinicabelba.com/it/chirurgia-intima/","nl-NL","https://clinicabelba.com/nl/intieme-chirurgie/","ca","https://clinicabelba.com/ca/cirurgia-intima/","fr-FR","https://clinicabelba.com/fr/cirugia-intima/","en-US","https://clinicabelba.com/en/intimate-surgery/","es","https://clinicabelba.com/cirugia-intima/","ru","https://clinicabelba.com/ru/интимная-хирургия/","de","https://clinicabelba.com/de/intimchirurgie/","it","https://clinicabelba.com/it/chirurgia-intima/","nl","https://clinicabelba.com/nl/intieme-chirurgie/","fr","https://clinicabelba.com/fr/cirugia-intima/","en","https://clinicabelba.com/en/intimate-surgery/","x-default","https://clinicabelba.com/cirugia-intima/","","","","","Indexable",""
"https://clinicabelba.com/it/chirurgia-facciale/","Chirurgia Facciale in Spagna | Clinica Belba","17","es-ES","https://clinicabelba.com/cirugia-facial/","ru-RU","https://clinicabelba.com/ru/челюстно-лицевая-хирургия/","uk","https://clinicabelba.com/uk/пластична-хірургія-обличчя/","de-DE","https://clinicabelba.com/de/gesichtsoperation/","it-IT","https://clinicabelba.com/it/chirurgia-facciale/","nl-NL","https://clinicabelba.com/nl/gezichtsoperatie/","ca","https://clinicabelba.com/ca/cirurgia-facial/","fr-FR","https://clinicabelba.com/fr/chirurgie-faciale/","en-US","https://clinicabelba.com/en/facial-surgery/","es","https://clinicabelba.com/cirugia-facial/","ru","https://clinicabelba.com/ru/челюстно-лицевая-хирургия/","de","https://clinicabelba.com/de/gesichtsoperation/","it","https://clinicabelba.com/it/chirurgia-facciale/","nl","https://clinicabelba.com/nl/gezichtsoperatie/","fr","https://clinicabelba.com/fr/chirurgie-faciale/","en","https://clinicabelba.com/en/facial-surgery/","x-default","https://clinicabelba.com/cirugia-facial/","","","","","No indexable","noindex"
"https://clinicabelba.com/it/lifting-delle-cosce/","Lifting Cosce a Barcellona | Cruroplastica ◁ © BELBA","17","es-ES","https://clinicabelba.com/lifting-de-muslos/","ru-RU","https://clinicabelba.com/ru/подтяжка-бедер/","uk","https://clinicabelba.com/uk/підтяжка-стегон/","de-DE","https://clinicabelba.com/de/oberschenkelstraffung/","it-IT","https://clinicabelba.com/it/lifting-delle-cosce/","nl-NL","https://clinicabelba.com/nl/lifting-van-de-dijen/","ca","https://clinicabelba.com/ca/elevacio-de-cuixes/","fr-FR","https://clinicabelba.com/fr/lifting-de-cuisse/","en-US","https://clinicabelba.com/en/thigh-lift/","es","https://clinicabelba.com/lifting-de-muslos/","ru","https://clinicabelba.com/ru/подтяжка-бедер/","de","https://clinicabelba.com/de/oberschenkelstraffung/","it","https://clinicabelba.com/it/lifting-delle-cosce/","nl","https://clinicabelba.com/nl/lifting-van-de-dijen/","fr","https://clinicabelba.com/fr/lifting-de-cuisse/","en","https://clinicabelba.com/en/thigh-lift/","x-default","https://clinicabelba.com/lifting-de-muslos/","","","","","Indexable",""
"https://clinicabelba.com/it/blog/","Blog di Chirurgia Plastica ed Estetica | Clinica Belba","17","es-ES","https://clinicabelba.com/blog/","ru-RU","https://clinicabelba.com/ru/блог/","uk","https://clinicabelba.com/uk/блог/","de-DE","https://clinicabelba.com/de/blog/","it-IT","https://clinicabelba.com/it/blog/","nl-NL","https://clinicabelba.com/nl/blog/","ca","https://clinicabelba.com/ca/bloc/","fr-FR","https://clinicabelba.com/fr/blog/","en-US","https://clinicabelba.com/en/blog/","es","https://clinicabelba.com/blog/","ru","https://clinicabelba.com/ru/блог/","de","https://clinicabelba.com/de/blog/","it","https://clinicabelba.com/it/blog/","nl","https://clinicabelba.com/nl/blog/","fr","https://clinicabelba.com/fr/blog/","en","https://clinicabelba.com/en/blog/","x-default","https://clinicabelba.com/blog/","","","","","Indexable",""
"https://clinicabelba.com/it/consultazione-online/","Consulta online | Clinica Belba","17","es-ES","https://clinicabelba.com/consulta-online/","ru-RU","https://clinicabelba.com/ru/онлайн-консультация/","uk","https://clinicabelba.com/uk/онлайн-консультація/","de-DE","https://clinicabelba.com/de/online-beratung/","it-IT","https://clinicabelba.com/it/consultazione-online/","nl-NL","https://clinicabelba.com/nl/online-consult/","ca","https://clinicabelba.com/ca/consulta-en-linia/","fr-FR","https://clinicabelba.com/fr/consultation-en-ligne/","en-US","https://clinicabelba.com/en/online-consultation/","es","https://clinicabelba.com/consulta-online/","ru","https://clinicabelba.com/ru/онлайн-консультация/","de","https://clinicabelba.com/de/online-beratung/","it","https://clinicabelba.com/it/consultazione-online/","nl","https://clinicabelba.com/nl/online-consult/","fr","https://clinicabelba.com/fr/consultation-en-ligne/","en","https://clinicabelba.com/en/online-consultation/","x-default","https://clinicabelba.com/consulta-online/","","","","","No indexable","noindex"
"https://clinicabelba.com/it/mentoplastica-barcellona/","Mentoplastia Barcelona | Cirugía plástica de Mentón | Belba","17","es-ES","https://clinicabelba.com/mentoplastia-barcelona/","ru-RU","https://clinicabelba.com/ru/ментопластика-барселона/","uk","https://clinicabelba.com/uk/ментопластика-в-барселоні/","de-DE","https://clinicabelba.com/de/mentoplastik-barcelona/","it-IT","https://clinicabelba.com/it/mentoplastica-barcellona/","nl-NL","https://clinicabelba.com/nl/mentoplastiek-barcelona/","ca","https://clinicabelba.com/ca/mentoplastia-barcelona/","fr-FR","https://clinicabelba.com/fr/mentoplastia-barcelona/","en-US","https://clinicabelba.com/en/mentoplasty-barcelona/","es","https://clinicabelba.com/mentoplastia-barcelona/","ru","https://clinicabelba.com/ru/ментопластика-барселона/","de","https://clinicabelba.com/de/mentoplastik-barcelona/","it","https://clinicabelba.com/it/mentoplastica-barcellona/","nl","https://clinicabelba.com/nl/mentoplastiek-barcelona/","fr","https://clinicabelba.com/fr/mentoplastia-barcelona/","en","https://clinicabelba.com/en/mentoplasty-barcelona/","x-default","https://clinicabelba.com/mentoplastia-barcelona/","","","","","Indexable",""
"https://clinicabelba.com/it/mastopessi/","Mastopessi Barcellona | Sollevamento del Seno | Lifting del Seno","17","es-ES","https://clinicabelba.com/elevacion-de-mama/","ru-RU","https://clinicabelba.com/ru/подтяжка-груди/","uk","https://clinicabelba.com/uk/підтяжка-грудей/","de-DE","https://clinicabelba.com/de/bruststraffung/","it-IT","https://clinicabelba.com/it/mastopessi/","nl-NL","https://clinicabelba.com/nl/borstvergroting/","ca","https://clinicabelba.com/ca/elevacio-de-mama/","fr-FR","https://clinicabelba.com/fr/mastopexie/","en-US","https://clinicabelba.com/en/breast-lift/","es","https://clinicabelba.com/elevacion-de-mama/","ru","https://clinicabelba.com/ru/подтяжка-груди/","de","https://clinicabelba.com/de/bruststraffung/","it","https://clinicabelba.com/it/mastopessi/","nl","https://clinicabelba.com/nl/borstvergroting/","fr","https://clinicabelba.com/fr/mastopexie/","en","https://clinicabelba.com/en/breast-lift/","x-default","https://clinicabelba.com/elevacion-de-mama/","","","","","Indexable",""
"https://clinicabelba.com/it/otoplastica/","Otoplastica - Barcellona - Chirurgia delle Orecchie - Dr. Mike Dewever","17","es-ES","https://clinicabelba.com/otoplastia/","ru-RU","https://clinicabelba.com/ru/отопластика/","uk","https://clinicabelba.com/uk/отопластика/","de-DE","https://clinicabelba.com/de/ohrenkorrektur/","it-IT","https://clinicabelba.com/it/otoplastica/","nl-NL","https://clinicabelba.com/nl/otoplastie/","ca","https://clinicabelba.com/ca/otoplastia/","fr-FR","https://clinicabelba.com/fr/otoplastie/","en-US","https://clinicabelba.com/en/otoplasty/","es","https://clinicabelba.com/otoplastia/","ru","https://clinicabelba.com/ru/отопластика/","de","https://clinicabelba.com/de/ohrenkorrektur/","it","https://clinicabelba.com/it/otoplastica/","nl","https://clinicabelba.com/nl/otoplastie/","fr","https://clinicabelba.com/fr/otoplastie/","en","https://clinicabelba.com/en/otoplasty/","x-default","https://clinicabelba.com/otoplastia/","","","","","Indexable",""
"https://clinicabelba.com/it/ricambio-di-protesi/","Ricambio Protesi Barcellona | Clinica Belba ⭐","17","es-ES","https://clinicabelba.com/recambio-de-protesis/","ru-RU","https://clinicabelba.com/ru/замена-протеза/","uk","https://clinicabelba.com/uk/заміна-протеза/","de-DE","https://clinicabelba.com/de/prothesenersatz/","it-IT","https://clinicabelba.com/it/ricambio-di-protesi/","nl-NL","https://clinicabelba.com/nl/prothese-wisseling/","ca","https://clinicabelba.com/ca/recanvi-de-protesi/","fr-FR","https://clinicabelba.com/fr/remplacement-de-prothese/","en-US","https://clinicabelba.com/en/prosthesis-replacement/","es","https://clinicabelba.com/recambio-de-protesis/","ru","https://clinicabelba.com/ru/замена-протеза/","de","https://clinicabelba.com/de/prothesenersatz/","it","https://clinicabelba.com/it/ricambio-di-protesi/","nl","https://clinicabelba.com/nl/prothese-wisseling/","fr","https://clinicabelba.com/fr/remplacement-de-prothese/","en","https://clinicabelba.com/en/prosthesis-replacement/","x-default","https://clinicabelba.com/recambio-de-protesis/","","","","","Indexable",""
"https://clinicabelba.com/it/lifting-facciale-barcellona/","Lifting del Viso - Barcellona - Clinica Belba","17","es-ES","https://clinicabelba.com/lifting-facial-barcelona/","ru-RU","https://clinicabelba.com/ru/лифтинг-лица-барселона/","uk","https://clinicabelba.com/uk/підтяжка-обличчя-в-барселоні/","de-DE","https://clinicabelba.com/de/gesichtsstraffung-barcelona/","it-IT","https://clinicabelba.com/it/lifting-facciale-barcellona/","nl-NL","https://clinicabelba.com/nl/gezichtsbehandeling-barcelona/","ca","https://clinicabelba.com/ca/lifting-facial-barcelona/","fr-FR","https://clinicabelba.com/fr/lifting-facial-barcelone/","en-US","https://clinicabelba.com/en/facelift-barcelona/","es","https://clinicabelba.com/lifting-facial-barcelona/","ru","https://clinicabelba.com/ru/лифтинг-лица-барселона/","de","https://clinicabelba.com/de/gesichtsstraffung-barcelona/","it","https://clinicabelba.com/it/lifting-facciale-barcellona/","nl","https://clinicabelba.com/nl/gezichtsbehandeling-barcelona/","fr","https://clinicabelba.com/fr/lifting-facial-barcelone/","en","https://clinicabelba.com/en/facelift-barcelona/","x-default","https://clinicabelba.com/lifting-facial-barcelona/","","","","","Indexable",""
"https://clinicabelba.com/it/addominoplastica-prima-e-dopo/","[Addominoplastica Prima e Dopo | foto reali] © BELBA","17","es-ES","https://clinicabelba.com/abdominoplastia-antes-y-despues/","ru-RU","https://clinicabelba.com/ru/абдоминопластика-до-и-после/","uk","https://clinicabelba.com/uk/абдомінопластика-до-і-після/","de-DE","https://clinicabelba.com/de/bauchdeckenstraffung-vorher-und-nachher/","it-IT","https://clinicabelba.com/it/addominoplastica-prima-e-dopo/","nl-NL","https://clinicabelba.com/nl/buikwandcorrectie-voor-en-na/","ca","https://clinicabelba.com/ca/abdominoplastia-abans-i-despres/","fr-FR","https://clinicabelba.com/fr/abdominoplastie-avant-et-apres/","en-US","https://clinicabelba.com/en/abdominoplasty-before-and-after/","es","https://clinicabelba.com/abdominoplastia-antes-y-despues/","ru","https://clinicabelba.com/ru/абдоминопластика-до-и-после/","de","https://clinicabelba.com/de/bauchdeckenstraffung-vorher-und-nachher/","it","https://clinicabelba.com/it/addominoplastica-prima-e-dopo/","nl","https://clinicabelba.com/nl/buikwandcorrectie-voor-en-na/","fr","https://clinicabelba.com/fr/abdominoplastie-avant-et-apres/","en","https://clinicabelba.com/en/abdominoplasty-before-and-after/","x-default","https://clinicabelba.com/abdominoplastia-antes-y-despues/","","","","","Indexable",""
"https://clinicabelba.com/it/rinoplastica-a-barcellona/","Rinmodellazione a Barcellona Senza Chirurgia - Clinica Belba ®","17","es-ES","https://clinicabelba.com/rinomodelacion-barcelona/","ru-RU","https://clinicabelba.com/ru/риномоделирование-барселона/","uk","https://clinicabelba.com/uk/ринопластика-в-барселоні-2/","de-DE","https://clinicabelba.com/de/rinomodellierung-barcelona/","it-IT","https://clinicabelba.com/it/rinoplastica-a-barcellona/","nl-NL","https://clinicabelba.com/nl/rinomodelacion-barcelona/","ca","https://clinicabelba.com/ca/rinomodelacio-barcelona/","fr-FR","https://clinicabelba.com/fr/rinomodelacion-barcelona/","en-US","https://clinicabelba.com/en/rhinomodeling-barcelona/","es","https://clinicabelba.com/rinomodelacion-barcelona/","ru","https://clinicabelba.com/ru/риномоделирование-барселона/","de","https://clinicabelba.com/de/rinomodellierung-barcelona/","it","https://clinicabelba.com/it/rinoplastica-a-barcellona/","nl","https://clinicabelba.com/nl/rinomodelacion-barcelona/","fr","https://clinicabelba.com/fr/rinomodelacion-barcelona/","en","https://clinicabelba.com/en/rhinomodeling-barcelona/","x-default","https://clinicabelba.com/rinomodelacion-barcelona/","","","","","Indexable",""
"https://clinicabelba.com/it/avviso-legale/","Avviso Legale | Clinica Belba","17","es-ES","https://clinicabelba.com/aviso-legal/","ru-RU","https://clinicabelba.com/ru/правовая-оговорка/","uk","https://clinicabelba.com/uk/юридичне-повідомлення/","de-DE","https://clinicabelba.com/de/impressum/","it-IT","https://clinicabelba.com/it/avviso-legale/","nl-NL","https://clinicabelba.com/nl/juridische-mededeling/","ca","https://clinicabelba.com/ca/avis-legal/","fr-FR","https://clinicabelba.com/fr/aviso-legal/","en-US","https://clinicabelba.com/en/legal-notice/","es","https://clinicabelba.com/aviso-legal/","ru","https://clinicabelba.com/ru/правовая-оговорка/","de","https://clinicabelba.com/de/impressum/","it","https://clinicabelba.com/it/avviso-legale/","nl","https://clinicabelba.com/nl/juridische-mededeling/","fr","https://clinicabelba.com/fr/aviso-legal/","en","https://clinicabelba.com/en/legal-notice/","x-default","https://clinicabelba.com/aviso-legal/","","","","","Indexable",""
"https://clinicabelba.com/it/tipi-di-aumento-del-seno/","Tipi di aumento del seno | Clinica Belba","17","es-ES","https://clinicabelba.com/tipos-aumento-de-pecho/","ru-RU","https://clinicabelba.com/ru/типы-увеличения-груди/","uk","https://clinicabelba.com/uk/види-збільшення-грудей/","de-DE","https://clinicabelba.com/de/arten-von-brustvergroserungen/","it-IT","https://clinicabelba.com/it/tipi-di-aumento-del-seno/","nl-NL","https://clinicabelba.com/nl/soorten-borstvergroting/","ca","https://clinicabelba.com/ca/tipus-daugment-de-pit/","fr-FR","https://clinicabelba.com/fr/types-deaugmentation-mammaire/","en-US","https://clinicabelba.com/en/breast-augmentation-types/","es","https://clinicabelba.com/tipos-aumento-de-pecho/","ru","https://clinicabelba.com/ru/типы-увеличения-груди/","de","https://clinicabelba.com/de/arten-von-brustvergroserungen/","it","https://clinicabelba.com/it/tipi-di-aumento-del-seno/","nl","https://clinicabelba.com/nl/soorten-borstvergroting/","fr","https://clinicabelba.com/fr/types-deaugmentation-mammaire/","en","https://clinicabelba.com/en/breast-augmentation-types/","x-default","https://clinicabelba.com/tipos-aumento-de-pecho/","","","","","Indexable",""
"https://clinicabelba.com/it/paziente-di-prova/","Test Paziente | Clinica Belba","17","es-ES","https://clinicabelba.com/test-paciente/","ru-RU","https://clinicabelba.com/ru/тест-пациента/","uk","https://clinicabelba.com/uk/тест-пацієнта/","de-DE","https://clinicabelba.com/de/patiententest/","it-IT","https://clinicabelba.com/it/paziente-di-prova/","nl-NL","https://clinicabelba.com/nl/test-patient/","ca","https://clinicabelba.com/ca/prova-pacient/","fr-FR","https://clinicabelba.com/fr/patient-test/","en-US","https://clinicabelba.com/en/test-patient/","es","https://clinicabelba.com/test-paciente/","ru","https://clinicabelba.com/ru/тест-пациента/","de","https://clinicabelba.com/de/patiententest/","it","https://clinicabelba.com/it/paziente-di-prova/","nl","https://clinicabelba.com/nl/test-patient/","fr","https://clinicabelba.com/fr/patient-test/","en","https://clinicabelba.com/en/test-patient/","x-default","https://clinicabelba.com/test-paciente/","","","","","No indexable","noindex"
"https://clinicabelba.com/it/labioplastica/","Labioplastica a Barcellona | Chirurgia Genitale Laser Femminile ❤️","17","es-ES","https://clinicabelba.com/labioplastia/","ru-RU","https://clinicabelba.com/ru/лабиопластика/","uk","https://clinicabelba.com/uk/лабіопластика/","de-DE","https://clinicabelba.com/de/lippenkorrektur/","it-IT","https://clinicabelba.com/it/labioplastica/","nl-NL","https://clinicabelba.com/nl/labiaplastiek/","ca","https://clinicabelba.com/ca/labioplastia/","fr-FR","https://clinicabelba.com/fr/labioplastie/","en-US","https://clinicabelba.com/en/labiaplasty/","es","https://clinicabelba.com/labioplastia/","ru","https://clinicabelba.com/ru/лабиопластика/","de","https://clinicabelba.com/de/lippenkorrektur/","it","https://clinicabelba.com/it/labioplastica/","nl","https://clinicabelba.com/nl/labiaplastiek/","fr","https://clinicabelba.com/fr/labioplastie/","en","https://clinicabelba.com/en/labiaplasty/","x-default","https://clinicabelba.com/labioplastia/","","","","","Indexable",""
"https://clinicabelba.com/ru/риномоделирование-барселона/","Риномоделирование в Барселоне без операции - Клиника Belba ®","17","es-ES","https://clinicabelba.com/rinomodelacion-barcelona/","ru-RU","https://clinicabelba.com/ru/риномоделирование-барселона/","uk","https://clinicabelba.com/uk/ринопластика-в-барселоні-2/","de-DE","https://clinicabelba.com/de/rinomodellierung-barcelona/","it-IT","https://clinicabelba.com/it/rinoplastica-a-barcellona/","nl-NL","https://clinicabelba.com/nl/rinomodelacion-barcelona/","ca","https://clinicabelba.com/ca/rinomodelacio-barcelona/","fr-FR","https://clinicabelba.com/fr/rinomodelacion-barcelona/","en-US","https://clinicabelba.com/en/rhinomodeling-barcelona/","es","https://clinicabelba.com/rinomodelacion-barcelona/","ru","https://clinicabelba.com/ru/риномоделирование-барселона/","de","https://clinicabelba.com/de/rinomodellierung-barcelona/","it","https://clinicabelba.com/it/rinoplastica-a-barcellona/","nl","https://clinicabelba.com/nl/rinomodelacion-barcelona/","fr","https://clinicabelba.com/fr/rinomodelacion-barcelona/","en","https://clinicabelba.com/en/rhinomodeling-barcelona/","x-default","https://clinicabelba.com/rinomodelacion-barcelona/","","","","","Indexable",""
"https://clinicabelba.com/nl/rinomodelacion-barcelona/","Rinomodelación in Barcelona Zonder Chirurgie - Clinica Belba ®","17","es-ES","https://clinicabelba.com/rinomodelacion-barcelona/","ru-RU","https://clinicabelba.com/ru/риномоделирование-барселона/","uk","https://clinicabelba.com/uk/ринопластика-в-барселоні-2/","de-DE","https://clinicabelba.com/de/rinomodellierung-barcelona/","it-IT","https://clinicabelba.com/it/rinoplastica-a-barcellona/","nl-NL","https://clinicabelba.com/nl/rinomodelacion-barcelona/","ca","https://clinicabelba.com/ca/rinomodelacio-barcelona/","fr-FR","https://clinicabelba.com/fr/rinomodelacion-barcelona/","en-US","https://clinicabelba.com/en/rhinomodeling-barcelona/","es","https://clinicabelba.com/rinomodelacion-barcelona/","ru","https://clinicabelba.com/ru/риномоделирование-барселона/","de","https://clinicabelba.com/de/rinomodellierung-barcelona/","it","https://clinicabelba.com/it/rinoplastica-a-barcellona/","nl","https://clinicabelba.com/nl/rinomodelacion-barcelona/","fr","https://clinicabelba.com/fr/rinomodelacion-barcelona/","en","https://clinicabelba.com/en/rhinomodeling-barcelona/","x-default","https://clinicabelba.com/rinomodelacion-barcelona/","","","","","Indexable",""
"https://clinicabelba.com/uk/ринопластика-в-барселоні-2/","Рінопластика в Барселоні без хірургічного втручання — Клініка Belba ®","17","es-ES","https://clinicabelba.com/rinomodelacion-barcelona/","ru-RU","https://clinicabelba.com/ru/риномоделирование-барселона/","uk","https://clinicabelba.com/uk/ринопластика-в-барселоні-2/","de-DE","https://clinicabelba.com/de/rinomodellierung-barcelona/","it-IT","https://clinicabelba.com/it/rinoplastica-a-barcellona/","nl-NL","https://clinicabelba.com/nl/rinomodelacion-barcelona/","ca","https://clinicabelba.com/ca/rinomodelacio-barcelona/","fr-FR","https://clinicabelba.com/fr/rinomodelacion-barcelona/","en-US","https://clinicabelba.com/en/rhinomodeling-barcelona/","es","https://clinicabelba.com/rinomodelacion-barcelona/","ru","https://clinicabelba.com/ru/риномоделирование-барселона/","de","https://clinicabelba.com/de/rinomodellierung-barcelona/","it","https://clinicabelba.com/it/rinoplastica-a-barcellona/","nl","https://clinicabelba.com/nl/rinomodelacion-barcelona/","fr","https://clinicabelba.com/fr/rinomodelacion-barcelona/","en","https://clinicabelba.com/en/rhinomodeling-barcelona/","x-default","https://clinicabelba.com/rinomodelacion-barcelona/","","","","","Indexable",""
"https://clinicabelba.com/nl/patienten-gids/","Patiëntengids | Clinica Belba","17","es-ES","https://clinicabelba.com/guia-del-paciente/","ru-RU","https://clinicabelba.com/ru/памятка-для-пациента/","uk","https://clinicabelba.com/uk/посібник-для-пацієнта/","de-DE","https://clinicabelba.com/de/patientenleitfaden/","it-IT","https://clinicabelba.com/it/guida-del-paziente/","nl-NL","https://clinicabelba.com/nl/patienten-gids/","ca","https://clinicabelba.com/ca/guia-del-pacient/","fr-FR","https://clinicabelba.com/fr/guide-du-patient/","en-US","https://clinicabelba.com/en/patient-guide/","es","https://clinicabelba.com/guia-del-paciente/","ru","https://clinicabelba.com/ru/памятка-для-пациента/","de","https://clinicabelba.com/de/patientenleitfaden/","it","https://clinicabelba.com/it/guida-del-paziente/","nl","https://clinicabelba.com/nl/patienten-gids/","fr","https://clinicabelba.com/fr/guide-du-patient/","en","https://clinicabelba.com/en/patient-guide/","x-default","https://clinicabelba.com/guia-del-paciente/","","","","","Indexable",""
"https://clinicabelba.com/uk/посібник-для-пацієнта/","Посібник для пацієнта | Клініка «Белба»","17","es-ES","https://clinicabelba.com/guia-del-paciente/","ru-RU","https://clinicabelba.com/ru/памятка-для-пациента/","uk","https://clinicabelba.com/uk/посібник-для-пацієнта/","de-DE","https://clinicabelba.com/de/patientenleitfaden/","it-IT","https://clinicabelba.com/it/guida-del-paziente/","nl-NL","https://clinicabelba.com/nl/patienten-gids/","ca","https://clinicabelba.com/ca/guia-del-pacient/","fr-FR","https://clinicabelba.com/fr/guide-du-patient/","en-US","https://clinicabelba.com/en/patient-guide/","es","https://clinicabelba.com/guia-del-paciente/","ru","https://clinicabelba.com/ru/памятка-для-пациента/","de","https://clinicabelba.com/de/patientenleitfaden/","it","https://clinicabelba.com/it/guida-del-paziente/","nl","https://clinicabelba.com/nl/patienten-gids/","fr","https://clinicabelba.com/fr/guide-du-patient/","en","https://clinicabelba.com/en/patient-guide/","x-default","https://clinicabelba.com/guia-del-paciente/","","","","","Indexable",""
"https://clinicabelba.com/ru/памятка-для-пациента/","Памятка для пациента | Клиника Бельба","17","es-ES","https://clinicabelba.com/guia-del-paciente/","ru-RU","https://clinicabelba.com/ru/памятка-для-пациента/","uk","https://clinicabelba.com/uk/посібник-для-пацієнта/","de-DE","https://clinicabelba.com/de/patientenleitfaden/","it-IT","https://clinicabelba.com/it/guida-del-paziente/","nl-NL","https://clinicabelba.com/nl/patienten-gids/","ca","https://clinicabelba.com/ca/guia-del-pacient/","fr-FR","https://clinicabelba.com/fr/guide-du-patient/","en-US","https://clinicabelba.com/en/patient-guide/","es","https://clinicabelba.com/guia-del-paciente/","ru","https://clinicabelba.com/ru/памятка-для-пациента/","de","https://clinicabelba.com/de/patientenleitfaden/","it","https://clinicabelba.com/it/guida-del-paziente/","nl","https://clinicabelba.com/nl/patienten-gids/","fr","https://clinicabelba.com/fr/guide-du-patient/","en","https://clinicabelba.com/en/patient-guide/","x-default","https://clinicabelba.com/guia-del-paciente/","","","","","Indexable",""
"https://clinicabelba.com/nl/borstvergroting-techniek-brst/","BRST-techniek Borstvergroting | Clinica Belba ®🥇","17","es-ES","https://clinicabelba.com/aumento-de-pecho-tecnica-brst/","ru-RU","https://clinicabelba.com/ru/увеличить-грудь-техника-brst/","uk","https://clinicabelba.com/uk/збільшення-грудей-за-допомогою-техні/","de-DE","https://clinicabelba.com/de/brustvergroserungstechnik/","it-IT","https://clinicabelba.com/it/mastoplastica-additiva-tecnica-b-r-s-t/","nl-NL","https://clinicabelba.com/nl/borstvergroting-techniek-brst/","ca","https://clinicabelba.com/ca/augment-de-pit-tecnica-brst/","fr-FR","https://clinicabelba.com/fr/augmentation-mammaire-technique-brst/","en-US","https://clinicabelba.com/en/breast-augmentation-brst-technique/","es","https://clinicabelba.com/aumento-de-pecho-tecnica-brst/","ru","https://clinicabelba.com/ru/увеличить-грудь-техника-brst/","de","https://clinicabelba.com/de/brustvergroserungstechnik/","it","https://clinicabelba.com/it/mastoplastica-additiva-tecnica-b-r-s-t/","nl","https://clinicabelba.com/nl/borstvergroting-techniek-brst/","fr","https://clinicabelba.com/fr/augmentation-mammaire-technique-brst/","en","https://clinicabelba.com/en/breast-augmentation-brst-technique/","x-default","https://clinicabelba.com/aumento-de-pecho-tecnica-brst/","","","","","Indexable",""
"https://clinicabelba.com/uk/збільшення-грудей-за-допомогою-техні/","Метод BRST для збільшення грудей | Клініка Belba ®🥇","17","es-ES","https://clinicabelba.com/aumento-de-pecho-tecnica-brst/","ru-RU","https://clinicabelba.com/ru/увеличить-грудь-техника-brst/","uk","https://clinicabelba.com/uk/збільшення-грудей-за-допомогою-техні/","de-DE","https://clinicabelba.com/de/brustvergroserungstechnik/","it-IT","https://clinicabelba.com/it/mastoplastica-additiva-tecnica-b-r-s-t/","nl-NL","https://clinicabelba.com/nl/borstvergroting-techniek-brst/","ca","https://clinicabelba.com/ca/augment-de-pit-tecnica-brst/","fr-FR","https://clinicabelba.com/fr/augmentation-mammaire-technique-brst/","en-US","https://clinicabelba.com/en/breast-augmentation-brst-technique/","es","https://clinicabelba.com/aumento-de-pecho-tecnica-brst/","ru","https://clinicabelba.com/ru/увеличить-грудь-техника-brst/","de","https://clinicabelba.com/de/brustvergroserungstechnik/","it","https://clinicabelba.com/it/mastoplastica-additiva-tecnica-b-r-s-t/","nl","https://clinicabelba.com/nl/borstvergroting-techniek-brst/","fr","https://clinicabelba.com/fr/augmentation-mammaire-technique-brst/","en","https://clinicabelba.com/en/breast-augmentation-brst-technique/","x-default","https://clinicabelba.com/aumento-de-pecho-tecnica-brst/","","","","","Indexable",""
"https://clinicabelba.com/ru/увеличить-грудь-техника-brst/","BRST-техника Увеличение груди | Клиника Belba ®🥇","17","es-ES","https://clinicabelba.com/aumento-de-pecho-tecnica-brst/","ru-RU","https://clinicabelba.com/ru/увеличить-грудь-техника-brst/","uk","https://clinicabelba.com/uk/збільшення-грудей-за-допомогою-техні/","de-DE","https://clinicabelba.com/de/brustvergroserungstechnik/","it-IT","https://clinicabelba.com/it/mastoplastica-additiva-tecnica-b-r-s-t/","nl-NL","https://clinicabelba.com/nl/borstvergroting-techniek-brst/","ca","https://clinicabelba.com/ca/augment-de-pit-tecnica-brst/","fr-FR","https://clinicabelba.com/fr/augmentation-mammaire-technique-brst/","en-US","https://clinicabelba.com/en/breast-augmentation-brst-technique/","es","https://clinicabelba.com/aumento-de-pecho-tecnica-brst/","ru","https://clinicabelba.com/ru/увеличить-грудь-техника-brst/","de","https://clinicabelba.com/de/brustvergroserungstechnik/","it","https://clinicabelba.com/it/mastoplastica-additiva-tecnica-b-r-s-t/","nl","https://clinicabelba.com/nl/borstvergroting-techniek-brst/","fr","https://clinicabelba.com/fr/augmentation-mammaire-technique-brst/","en","https://clinicabelba.com/en/breast-augmentation-brst-technique/","x-default","https://clinicabelba.com/aumento-de-pecho-tecnica-brst/","","","","","Indexable",""
"https://clinicabelba.com/uk/пластичні-хірурги-в-барселоні/","Кращі пластичні хірурги Барселони — д-р Чаваррія, д-р Девевер","17","es-ES","https://clinicabelba.com/cirujanos-plasticos-barcelona/","ru-RU","https://clinicabelba.com/ru/пластические-хирурги-барселона/","uk","https://clinicabelba.com/uk/пластичні-хірурги-в-барселоні/","de-DE","https://clinicabelba.com/de/plastische-chirurgen-barcelona/","it-IT","https://clinicabelba.com/it/chirurghi-plastici-barcellona/","nl-NL","https://clinicabelba.com/nl/plastisch-chirurgen-barcelona/","ca","https://clinicabelba.com/ca/cirurgians-plastics-barcelona/","fr-FR","https://clinicabelba.com/fr/chirurgiens-plasticiens-barcelone/","en-US","https://clinicabelba.com/en/plastic-surgeons-barcelona/","es","https://clinicabelba.com/cirujanos-plasticos-barcelona/","ru","https://clinicabelba.com/ru/пластические-хирурги-барселона/","de","https://clinicabelba.com/de/plastische-chirurgen-barcelona/","it","https://clinicabelba.com/it/chirurghi-plastici-barcellona/","nl","https://clinicabelba.com/nl/plastisch-chirurgen-barcelona/","fr","https://clinicabelba.com/fr/chirurgiens-plasticiens-barcelone/","en","https://clinicabelba.com/en/plastic-surgeons-barcelona/","x-default","https://clinicabelba.com/cirujanos-plasticos-barcelona/","","","","","Indexable",""
"https://clinicabelba.com/nl/plastisch-chirurgen-barcelona/","Beste Plastisch Chirurgen Barcelona - Dr. Chavarría Dr. Dewever","17","es-ES","https://clinicabelba.com/cirujanos-plasticos-barcelona/","ru-RU","https://clinicabelba.com/ru/пластические-хирурги-барселона/","uk","https://clinicabelba.com/uk/пластичні-хірурги-в-барселоні/","de-DE","https://clinicabelba.com/de/plastische-chirurgen-barcelona/","it-IT","https://clinicabelba.com/it/chirurghi-plastici-barcellona/","nl-NL","https://clinicabelba.com/nl/plastisch-chirurgen-barcelona/","ca","https://clinicabelba.com/ca/cirurgians-plastics-barcelona/","fr-FR","https://clinicabelba.com/fr/chirurgiens-plasticiens-barcelone/","en-US","https://clinicabelba.com/en/plastic-surgeons-barcelona/","es","https://clinicabelba.com/cirujanos-plasticos-barcelona/","ru","https://clinicabelba.com/ru/пластические-хирурги-барселона/","de","https://clinicabelba.com/de/plastische-chirurgen-barcelona/","it","https://clinicabelba.com/it/chirurghi-plastici-barcellona/","nl","https://clinicabelba.com/nl/plastisch-chirurgen-barcelona/","fr","https://clinicabelba.com/fr/chirurgiens-plasticiens-barcelone/","en","https://clinicabelba.com/en/plastic-surgeons-barcelona/","x-default","https://clinicabelba.com/cirujanos-plasticos-barcelona/","","","","","Indexable",""
"https://clinicabelba.com/nl/mentoplastiek-barcelona/","Mentoplastia Barcelona | Cirugía plástica de Mentón | Belba","17","es-ES","https://clinicabelba.com/mentoplastia-barcelona/","ru-RU","https://clinicabelba.com/ru/ментопластика-барселона/","uk","https://clinicabelba.com/uk/ментопластика-в-барселоні/","de-DE","https://clinicabelba.com/de/mentoplastik-barcelona/","it-IT","https://clinicabelba.com/it/mentoplastica-barcellona/","nl-NL","https://clinicabelba.com/nl/mentoplastiek-barcelona/","ca","https://clinicabelba.com/ca/mentoplastia-barcelona/","fr-FR","https://clinicabelba.com/fr/mentoplastia-barcelona/","en-US","https://clinicabelba.com/en/mentoplasty-barcelona/","es","https://clinicabelba.com/mentoplastia-barcelona/","ru","https://clinicabelba.com/ru/ментопластика-барселона/","de","https://clinicabelba.com/de/mentoplastik-barcelona/","it","https://clinicabelba.com/it/mentoplastica-barcellona/","nl","https://clinicabelba.com/nl/mentoplastiek-barcelona/","fr","https://clinicabelba.com/fr/mentoplastia-barcelona/","en","https://clinicabelba.com/en/mentoplasty-barcelona/","x-default","https://clinicabelba.com/mentoplastia-barcelona/","","","","","Indexable",""
"https://clinicabelba.com/ru/пластические-хирурги-барселона/","Лучшие пластические хирурги Барселоны - доктор Чаваррия, доктор Девевер","17","es-ES","https://clinicabelba.com/cirujanos-plasticos-barcelona/","ru-RU","https://clinicabelba.com/ru/пластические-хирурги-барселона/","uk","https://clinicabelba.com/uk/пластичні-хірурги-в-барселоні/","de-DE","https://clinicabelba.com/de/plastische-chirurgen-barcelona/","it-IT","https://clinicabelba.com/it/chirurghi-plastici-barcellona/","nl-NL","https://clinicabelba.com/nl/plastisch-chirurgen-barcelona/","ca","https://clinicabelba.com/ca/cirurgians-plastics-barcelona/","fr-FR","https://clinicabelba.com/fr/chirurgiens-plasticiens-barcelone/","en-US","https://clinicabelba.com/en/plastic-surgeons-barcelona/","es","https://clinicabelba.com/cirujanos-plasticos-barcelona/","ru","https://clinicabelba.com/ru/пластические-хирурги-барселона/","de","https://clinicabelba.com/de/plastische-chirurgen-barcelona/","it","https://clinicabelba.com/it/chirurghi-plastici-barcellona/","nl","https://clinicabelba.com/nl/plastisch-chirurgen-barcelona/","fr","https://clinicabelba.com/fr/chirurgiens-plasticiens-barcelone/","en","https://clinicabelba.com/en/plastic-surgeons-barcelona/","x-default","https://clinicabelba.com/cirujanos-plasticos-barcelona/","","","","","Indexable",""
"https://clinicabelba.com/uk/ментопластика-в-барселоні/","Mentoplastia Barcelona | Cirugía plástica de Mentón | Belba","17","es-ES","https://clinicabelba.com/mentoplastia-barcelona/","ru-RU","https://clinicabelba.com/ru/ментопластика-барселона/","uk","https://clinicabelba.com/uk/ментопластика-в-барселоні/","de-DE","https://clinicabelba.com/de/mentoplastik-barcelona/","it-IT","https://clinicabelba.com/it/mentoplastica-barcellona/","nl-NL","https://clinicabelba.com/nl/mentoplastiek-barcelona/","ca","https://clinicabelba.com/ca/mentoplastia-barcelona/","fr-FR","https://clinicabelba.com/fr/mentoplastia-barcelona/","en-US","https://clinicabelba.com/en/mentoplasty-barcelona/","es","https://clinicabelba.com/mentoplastia-barcelona/","ru","https://clinicabelba.com/ru/ментопластика-барселона/","de","https://clinicabelba.com/de/mentoplastik-barcelona/","it","https://clinicabelba.com/it/mentoplastica-barcellona/","nl","https://clinicabelba.com/nl/mentoplastiek-barcelona/","fr","https://clinicabelba.com/fr/mentoplastia-barcelona/","en","https://clinicabelba.com/en/mentoplasty-barcelona/","x-default","https://clinicabelba.com/mentoplastia-barcelona/","","","","","Indexable",""
"https://clinicabelba.com/ru/ментопластика-барселона/","Mentoplastia Barcelona | Cirugía plástica de Mentón | Belba","17","es-ES","https://clinicabelba.com/mentoplastia-barcelona/","ru-RU","https://clinicabelba.com/ru/ментопластика-барселона/","uk","https://clinicabelba.com/uk/ментопластика-в-барселоні/","de-DE","https://clinicabelba.com/de/mentoplastik-barcelona/","it-IT","https://clinicabelba.com/it/mentoplastica-barcellona/","nl-NL","https://clinicabelba.com/nl/mentoplastiek-barcelona/","ca","https://clinicabelba.com/ca/mentoplastia-barcelona/","fr-FR","https://clinicabelba.com/fr/mentoplastia-barcelona/","en-US","https://clinicabelba.com/en/mentoplasty-barcelona/","es","https://clinicabelba.com/mentoplastia-barcelona/","ru","https://clinicabelba.com/ru/ментопластика-барселона/","de","https://clinicabelba.com/de/mentoplastik-barcelona/","it","https://clinicabelba.com/it/mentoplastica-barcellona/","nl","https://clinicabelba.com/nl/mentoplastiek-barcelona/","fr","https://clinicabelba.com/fr/mentoplastia-barcelona/","en","https://clinicabelba.com/en/mentoplasty-barcelona/","x-default","https://clinicabelba.com/mentoplastia-barcelona/","","","","","Indexable",""
"https://clinicabelba.com/primera-consulta-cirugia-estetica/","Primera consulta de cirugía plástica: qué esperar y preguntar","0","","","","","","","","","","","","","","","","","","","","","","","","","","","","","","","","","","","","","","","Indexable",""
"https://clinicabelba.com/nl/lichaamschirurgie/","Cosmetische en Lichaamschirurgie in Spanje | Clínica Belba","17","es-ES","https://clinicabelba.com/cirugia-corporal/","ru-RU","https://clinicabelba.com/ru/пластическая-хирургия/","uk","https://clinicabelba.com/uk/хірургія-тіла/","de-DE","https://clinicabelba.com/de/korperchirurgie/","it-IT","https://clinicabelba.com/it/chirurgia-del-corpo/","nl-NL","https://clinicabelba.com/nl/lichaamschirurgie/","ca","https://clinicabelba.com/ca/cirugia-corporal/","fr-FR","https://clinicabelba.com/fr/chirurgie-corporelle/","en-US","https://clinicabelba.com/en/body-surgery/","es","https://clinicabelba.com/cirugia-corporal/","ru","https://clinicabelba.com/ru/пластическая-хирургия/","de","https://clinicabelba.com/de/korperchirurgie/","it","https://clinicabelba.com/it/chirurgia-del-corpo/","nl","https://clinicabelba.com/nl/lichaamschirurgie/","fr","https://clinicabelba.com/fr/chirurgie-corporelle/","en","https://clinicabelba.com/en/body-surgery/","x-default","https://clinicabelba.com/cirugia-corporal/","","","","","Indexable",""
"https://clinicabelba.com/ru/пластическая-хирургия/","Пластическая и эстетическая хирургия в Испании | Клиника Belba","17","es-ES","https://clinicabelba.com/cirugia-corporal/","ru-RU","https://clinicabelba.com/ru/пластическая-хирургия/","uk","https://clinicabelba.com/uk/хірургія-тіла/","de-DE","https://clinicabelba.com/de/korperchirurgie/","it-IT","https://clinicabelba.com/it/chirurgia-del-corpo/","nl-NL","https://clinicabelba.com/nl/lichaamschirurgie/","ca","https://clinicabelba.com/ca/cirugia-corporal/","fr-FR","https://clinicabelba.com/fr/chirurgie-corporelle/","en-US","https://clinicabelba.com/en/body-surgery/","es","https://clinicabelba.com/cirugia-corporal/","ru","https://clinicabelba.com/ru/пластическая-хирургия/","de","https://clinicabelba.com/de/korperchirurgie/","it","https://clinicabelba.com/it/chirurgia-del-corpo/","nl","https://clinicabelba.com/nl/lichaamschirurgie/","fr","https://clinicabelba.com/fr/chirurgie-corporelle/","en","https://clinicabelba.com/en/body-surgery/","x-default","https://clinicabelba.com/cirugia-corporal/","","","","","Indexable",""
"https://clinicabelba.com/como-eliminar-grasa-abdominal/","Cómo eliminar grasa abdominal: lo que de verdad funciona ✅","0","","","","","","","","","","","","","","","","","","","","","","","","","","","","","","","","","","","","","","","Indexable",""
"https://clinicabelba.com/uk/хірургія-тіла/","Хірургія тіла та естетична хірургія в Іспанії | Клініка «Белба»","17","es-ES","https://clinicabelba.com/cirugia-corporal/","ru-RU","https://clinicabelba.com/ru/пластическая-хирургия/","uk","https://clinicabelba.com/uk/хірургія-тіла/","de-DE","https://clinicabelba.com/de/korperchirurgie/","it-IT","https://clinicabelba.com/it/chirurgia-del-corpo/","nl-NL","https://clinicabelba.com/nl/lichaamschirurgie/","ca","https://clinicabelba.com/ca/cirugia-corporal/","fr-FR","https://clinicabelba.com/fr/chirurgie-corporelle/","en-US","https://clinicabelba.com/en/body-surgery/","es","https://clinicabelba.com/cirugia-corporal/","ru","https://clinicabelba.com/ru/пластическая-хирургия/","de","https://clinicabelba.com/de/korperchirurgie/","it","https://clinicabelba.com/it/chirurgia-del-corpo/","nl","https://clinicabelba.com/nl/lichaamschirurgie/","fr","https://clinicabelba.com/fr/chirurgie-corporelle/","en","https://clinicabelba.com/en/body-surgery/","x-default","https://clinicabelba.com/cirugia-corporal/","","","","","Indexable",""
"https://clinicabelba.com/nl/ginecomastie-voor-en-na/","Ginecomastie Voor en Na | CLINICA BELBA","17","es-ES","https://clinicabelba.com/ginecomastia-antes-y-despues/","ru-RU","https://clinicabelba.com/ru/гинекомастия-до-и-после/","uk","https://clinicabelba.com/uk/гінекомастія-до-і-після/","de-DE","https://clinicabelba.com/de/ginekomastie-vorher-und-nachher/","it-IT","https://clinicabelba.com/it/ginecomastia-prima-e-dopo/","nl-NL","https://clinicabelba.com/nl/ginecomastie-voor-en-na/","ca","https://clinicabelba.com/ca/ginecomastia-abans-i-despres/","fr-FR","https://clinicabelba.com/fr/gynecomastie-avant-et-apres/","en-US","https://clinicabelba.com/en/gynecomastia-before-and-after/","es","https://clinicabelba.com/ginecomastia-antes-y-despues/","ru","https://clinicabelba.com/ru/гинекомастия-до-и-после/","de","https://clinicabelba.com/de/ginekomastie-vorher-und-nachher/","it","https://clinicabelba.com/it/ginecomastia-prima-e-dopo/","nl","https://clinicabelba.com/nl/ginecomastie-voor-en-na/","fr","https://clinicabelba.com/fr/gynecomastie-avant-et-apres/","en","https://clinicabelba.com/en/gynecomastia-before-and-after/","x-default","https://clinicabelba.com/ginecomastia-antes-y-despues/","","","","","Indexable",""
"https://clinicabelba.com/uk/гінекомастія-до-і-після/","【 Гінекомастія: до і після | КЛІНІКА BELBA 】⊛⊛","17","es-ES","https://clinicabelba.com/ginecomastia-antes-y-despues/","ru-RU","https://clinicabelba.com/ru/гинекомастия-до-и-после/","uk","https://clinicabelba.com/uk/гінекомастія-до-і-після/","de-DE","https://clinicabelba.com/de/ginekomastie-vorher-und-nachher/","it-IT","https://clinicabelba.com/it/ginecomastia-prima-e-dopo/","nl-NL","https://clinicabelba.com/nl/ginecomastie-voor-en-na/","ca","https://clinicabelba.com/ca/ginecomastia-abans-i-despres/","fr-FR","https://clinicabelba.com/fr/gynecomastie-avant-et-apres/","en-US","https://clinicabelba.com/en/gynecomastia-before-and-after/","es","https://clinicabelba.com/ginecomastia-antes-y-despues/","ru","https://clinicabelba.com/ru/гинекомастия-до-и-после/","de","https://clinicabelba.com/de/ginekomastie-vorher-und-nachher/","it","https://clinicabelba.com/it/ginecomastia-prima-e-dopo/","nl","https://clinicabelba.com/nl/ginecomastie-voor-en-na/","fr","https://clinicabelba.com/fr/gynecomastie-avant-et-apres/","en","https://clinicabelba.com/en/gynecomastia-before-and-after/","x-default","https://clinicabelba.com/ginecomastia-antes-y-despues/","","","","","Indexable",""
"https://clinicabelba.com/ru/гинекомастия-до-и-после/","Гинекомастия До и После | CLINICA BELBA","17","es-ES","https://clinicabelba.com/ginecomastia-antes-y-despues/","ru-RU","https://clinicabelba.com/ru/гинекомастия-до-и-после/","uk","https://clinicabelba.com/uk/гінекомастія-до-і-після/","de-DE","https://clinicabelba.com/de/ginekomastie-vorher-und-nachher/","it-IT","https://clinicabelba.com/it/ginecomastia-prima-e-dopo/","nl-NL","https://clinicabelba.com/nl/ginecomastie-voor-en-na/","ca","https://clinicabelba.com/ca/ginecomastia-abans-i-despres/","fr-FR","https://clinicabelba.com/fr/gynecomastie-avant-et-apres/","en-US","https://clinicabelba.com/en/gynecomastia-before-and-after/","es","https://clinicabelba.com/ginecomastia-antes-y-despues/","ru","https://clinicabelba.com/ru/гинекомастия-до-и-после/","de","https://clinicabelba.com/de/ginekomastie-vorher-und-nachher/","it","https://clinicabelba.com/it/ginecomastia-prima-e-dopo/","nl","https://clinicabelba.com/nl/ginecomastie-voor-en-na/","fr","https://clinicabelba.com/fr/gynecomastie-avant-et-apres/","en","https://clinicabelba.com/en/gynecomastia-before-and-after/","x-default","https://clinicabelba.com/ginecomastia-antes-y-despues/","","","","","Indexable",""
"https://clinicabelba.com/nl/lifting-van-de-dijen/","Dijlift in Barcelona | Cruroplastie ◁ © BELBA","17","es-ES","https://clinicabelba.com/lifting-de-muslos/","ru-RU","https://clinicabelba.com/ru/подтяжка-бедер/","uk","https://clinicabelba.com/uk/підтяжка-стегон/","de-DE","https://clinicabelba.com/de/oberschenkelstraffung/","it-IT","https://clinicabelba.com/it/lifting-delle-cosce/","nl-NL","https://clinicabelba.com/nl/lifting-van-de-dijen/","ca","https://clinicabelba.com/ca/elevacio-de-cuixes/","fr-FR","https://clinicabelba.com/fr/lifting-de-cuisse/","en-US","https://clinicabelba.com/en/thigh-lift/","es","https://clinicabelba.com/lifting-de-muslos/","ru","https://clinicabelba.com/ru/подтяжка-бедер/","de","https://clinicabelba.com/de/oberschenkelstraffung/","it","https://clinicabelba.com/it/lifting-delle-cosce/","nl","https://clinicabelba.com/nl/lifting-van-de-dijen/","fr","https://clinicabelba.com/fr/lifting-de-cuisse/","en","https://clinicabelba.com/en/thigh-lift/","x-default","https://clinicabelba.com/lifting-de-muslos/","","","","","Indexable",""
"https://clinicabelba.com/ru/подтяжка-бедер/","Лифтинг бедер в Барселоне | Круропластика ◁ © BELBA","17","es-ES","https://clinicabelba.com/lifting-de-muslos/","ru-RU","https://clinicabelba.com/ru/подтяжка-бедер/","uk","https://clinicabelba.com/uk/підтяжка-стегон/","de-DE","https://clinicabelba.com/de/oberschenkelstraffung/","it-IT","https://clinicabelba.com/it/lifting-delle-cosce/","nl-NL","https://clinicabelba.com/nl/lifting-van-de-dijen/","ca","https://clinicabelba.com/ca/elevacio-de-cuixes/","fr-FR","https://clinicabelba.com/fr/lifting-de-cuisse/","en-US","https://clinicabelba.com/en/thigh-lift/","es","https://clinicabelba.com/lifting-de-muslos/","ru","https://clinicabelba.com/ru/подтяжка-бедер/","de","https://clinicabelba.com/de/oberschenkelstraffung/","it","https://clinicabelba.com/it/lifting-delle-cosce/","nl","https://clinicabelba.com/nl/lifting-van-de-dijen/","fr","https://clinicabelba.com/fr/lifting-de-cuisse/","en","https://clinicabelba.com/en/thigh-lift/","x-default","https://clinicabelba.com/lifting-de-muslos/","","","","","Indexable",""
"https://clinicabelba.com/uk/підтяжка-стегон/","Підтяжка стегон у Барселоні | Круропластика ◁ © BELBA","17","es-ES","https://clinicabelba.com/lifting-de-muslos/","ru-RU","https://clinicabelba.com/ru/подтяжка-бедер/","uk","https://clinicabelba.com/uk/підтяжка-стегон/","de-DE","https://clinicabelba.com/de/oberschenkelstraffung/","it-IT","https://clinicabelba.com/it/lifting-delle-cosce/","nl-NL","https://clinicabelba.com/nl/lifting-van-de-dijen/","ca","https://clinicabelba.com/ca/elevacio-de-cuixes/","fr-FR","https://clinicabelba.com/fr/lifting-de-cuisse/","en-US","https://clinicabelba.com/en/thigh-lift/","es","https://clinicabelba.com/lifting-de-muslos/","ru","https://clinicabelba.com/ru/подтяжка-бедер/","de","https://clinicabelba.com/de/oberschenkelstraffung/","it","https://clinicabelba.com/it/lifting-delle-cosce/","nl","https://clinicabelba.com/nl/lifting-van-de-dijen/","fr","https://clinicabelba.com/fr/lifting-de-cuisse/","en","https://clinicabelba.com/en/thigh-lift/","x-default","https://clinicabelba.com/lifting-de-muslos/","","","","","Indexable",""
"https://clinicabelba.com/nl/gezichtsbehandeling-barcelona/","Facelift - Barcelona - Clinica Belba","17","es-ES","https://clinicabelba.com/lifting-facial-barcelona/","ru-RU","https://clinicabelba.com/ru/лифтинг-лица-барселона/","uk","https://clinicabelba.com/uk/підтяжка-обличчя-в-барселоні/","de-DE","https://clinicabelba.com/de/gesichtsstraffung-barcelona/","it-IT","https://clinicabelba.com/it/lifting-facciale-barcellona/","nl-NL","https://clinicabelba.com/nl/gezichtsbehandeling-barcelona/","ca","https://clinicabelba.com/ca/lifting-facial-barcelona/","fr-FR","https://clinicabelba.com/fr/lifting-facial-barcelone/","en-US","https://clinicabelba.com/en/facelift-barcelona/","es","https://clinicabelba.com/lifting-facial-barcelona/","ru","https://clinicabelba.com/ru/лифтинг-лица-барселона/","de","https://clinicabelba.com/de/gesichtsstraffung-barcelona/","it","https://clinicabelba.com/it/lifting-facciale-barcellona/","nl","https://clinicabelba.com/nl/gezichtsbehandeling-barcelona/","fr","https://clinicabelba.com/fr/lifting-facial-barcelone/","en","https://clinicabelba.com/en/facelift-barcelona/","x-default","https://clinicabelba.com/lifting-facial-barcelona/","","","","","Indexable",""
"https://clinicabelba.com/ru/лифтинг-лица-барселона/","Подтяжка лица - Барселона - Клиника Бельба","17","es-ES","https://clinicabelba.com/lifting-facial-barcelona/","ru-RU","https://clinicabelba.com/ru/лифтинг-лица-барселона/","uk","https://clinicabelba.com/uk/підтяжка-обличчя-в-барселоні/","de-DE","https://clinicabelba.com/de/gesichtsstraffung-barcelona/","it-IT","https://clinicabelba.com/it/lifting-facciale-barcellona/","nl-NL","https://clinicabelba.com/nl/gezichtsbehandeling-barcelona/","ca","https://clinicabelba.com/ca/lifting-facial-barcelona/","fr-FR","https://clinicabelba.com/fr/lifting-facial-barcelone/","en-US","https://clinicabelba.com/en/facelift-barcelona/","es","https://clinicabelba.com/lifting-facial-barcelona/","ru","https://clinicabelba.com/ru/лифтинг-лица-барселона/","de","https://clinicabelba.com/de/gesichtsstraffung-barcelona/","it","https://clinicabelba.com/it/lifting-facciale-barcellona/","nl","https://clinicabelba.com/nl/gezichtsbehandeling-barcelona/","fr","https://clinicabelba.com/fr/lifting-facial-barcelone/","en","https://clinicabelba.com/en/facelift-barcelona/","x-default","https://clinicabelba.com/lifting-facial-barcelona/","","","","","Indexable",""
"https://clinicabelba.com/uk/підтяжка-обличчя-в-барселоні/","Ліфтинг обличчя — Барселона — Клініка «Белба»","17","es-ES","https://clinicabelba.com/lifting-facial-barcelona/","ru-RU","https://clinicabelba.com/ru/лифтинг-лица-барселона/","uk","https://clinicabelba.com/uk/підтяжка-обличчя-в-барселоні/","de-DE","https://clinicabelba.com/de/gesichtsstraffung-barcelona/","it-IT","https://clinicabelba.com/it/lifting-facciale-barcellona/","nl-NL","https://clinicabelba.com/nl/gezichtsbehandeling-barcelona/","ca","https://clinicabelba.com/ca/lifting-facial-barcelona/","fr-FR","https://clinicabelba.com/fr/lifting-facial-barcelone/","en-US","https://clinicabelba.com/en/facelift-barcelona/","es","https://clinicabelba.com/lifting-facial-barcelona/","ru","https://clinicabelba.com/ru/лифтинг-лица-барселона/","de","https://clinicabelba.com/de/gesichtsstraffung-barcelona/","it","https://clinicabelba.com/it/lifting-facciale-barcellona/","nl","https://clinicabelba.com/nl/gezichtsbehandeling-barcelona/","fr","https://clinicabelba.com/fr/lifting-facial-barcelone/","en","https://clinicabelba.com/en/facelift-barcelona/","x-default","https://clinicabelba.com/lifting-facial-barcelona/","","","","","Indexable",""
"https://clinicabelba.com/nl/borstverkleining/","Borstverkleining - Barcelona | Clinica Belba ⭐","17","es-ES","https://clinicabelba.com/reduccion-de-mama/","ru-RU","https://clinicabelba.com/ru/редукция-груди/","uk","https://clinicabelba.com/uk/зменшення-грудей/","de-DE","https://clinicabelba.com/de/brustverkleinerung/","it-IT","https://clinicabelba.com/it/riduzione-mammaria/","nl-NL","https://clinicabelba.com/nl/borstverkleining/","ca","https://clinicabelba.com/ca/reduccio-de-mama/","fr-FR","https://clinicabelba.com/fr/reduction-mammaire/","en-US","https://clinicabelba.com/en/breast-reduction/","es","https://clinicabelba.com/reduccion-de-mama/","ru","https://clinicabelba.com/ru/редукция-груди/","de","https://clinicabelba.com/de/brustverkleinerung/","it","https://clinicabelba.com/it/riduzione-mammaria/","nl","https://clinicabelba.com/nl/borstverkleining/","fr","https://clinicabelba.com/fr/reduction-mammaire/","en","https://clinicabelba.com/en/breast-reduction/","x-default","https://clinicabelba.com/reduccion-de-mama/","","","","","Indexable",""
"https://clinicabelba.com/ru/редукция-груди/","Уменьшение груди - Барселона | Клиника Бельба ⭐","17","es-ES","https://clinicabelba.com/reduccion-de-mama/","ru-RU","https://clinicabelba.com/ru/редукция-груди/","uk","https://clinicabelba.com/uk/зменшення-грудей/","de-DE","https://clinicabelba.com/de/brustverkleinerung/","it-IT","https://clinicabelba.com/it/riduzione-mammaria/","nl-NL","https://clinicabelba.com/nl/borstverkleining/","ca","https://clinicabelba.com/ca/reduccio-de-mama/","fr-FR","https://clinicabelba.com/fr/reduction-mammaire/","en-US","https://clinicabelba.com/en/breast-reduction/","es","https://clinicabelba.com/reduccion-de-mama/","ru","https://clinicabelba.com/ru/редукция-груди/","de","https://clinicabelba.com/de/brustverkleinerung/","it","https://clinicabelba.com/it/riduzione-mammaria/","nl","https://clinicabelba.com/nl/borstverkleining/","fr","https://clinicabelba.com/fr/reduction-mammaire/","en","https://clinicabelba.com/en/breast-reduction/","x-default","https://clinicabelba.com/reduccion-de-mama/","","","","","Indexable",""
"https://clinicabelba.com/uk/зменшення-грудей/","Зменшення грудей — Барселона | Клініка «Белба» ⭐","17","es-ES","https://clinicabelba.com/reduccion-de-mama/","ru-RU","https://clinicabelba.com/ru/редукция-груди/","uk","https://clinicabelba.com/uk/зменшення-грудей/","de-DE","https://clinicabelba.com/de/brustverkleinerung/","it-IT","https://clinicabelba.com/it/riduzione-mammaria/","nl-NL","https://clinicabelba.com/nl/borstverkleining/","ca","https://clinicabelba.com/ca/reduccio-de-mama/","fr-FR","https://clinicabelba.com/fr/reduction-mammaire/","en-US","https://clinicabelba.com/en/breast-reduction/","es","https://clinicabelba.com/reduccion-de-mama/","ru","https://clinicabelba.com/ru/редукция-груди/","de","https://clinicabelba.com/de/brustverkleinerung/","it","https://clinicabelba.com/it/riduzione-mammaria/","nl","https://clinicabelba.com/nl/borstverkleining/","fr","https://clinicabelba.com/fr/reduction-mammaire/","en","https://clinicabelba.com/en/breast-reduction/","x-default","https://clinicabelba.com/reduccion-de-mama/","","","","","Indexable",""
"https://clinicabelba.com/ru/липосакция-барселона/","Хирургия липосакции Барселона | Липоскульптура 360°","17","es-ES","https://clinicabelba.com/liposuccion-barcelona/","ru-RU","https://clinicabelba.com/ru/липосакция-барселона/","uk","https://clinicabelba.com/uk/ліпосакція-в-барселоні/","de-DE","https://clinicabelba.com/de/fettabsaugung-barcelona/","it-IT","https://clinicabelba.com/it/liposuzione-barcellona/","nl-NL","https://clinicabelba.com/nl/liposuctie-barcelona/","ca","https://clinicabelba.com/ca/liposuccio-barcelona/","fr-FR","https://clinicabelba.com/fr/liposuccion-barcelone/","en-US","https://clinicabelba.com/en/liposuction-barcelona/","es","https://clinicabelba.com/liposuccion-barcelona/","ru","https://clinicabelba.com/ru/липосакция-барселона/","de","https://clinicabelba.com/de/fettabsaugung-barcelona/","it","https://clinicabelba.com/it/liposuzione-barcellona/","nl","https://clinicabelba.com/nl/liposuctie-barcelona/","fr","https://clinicabelba.com/fr/liposuccion-barcelone/","en","https://clinicabelba.com/en/liposuction-barcelona/","x-default","https://clinicabelba.com/liposuccion-barcelona/","","","","","Indexable",""
"https://clinicabelba.com/nl/liposuctie-barcelona/","LIPOSUCTIE BARCELONA | LIPOESCULTUUR 360°","17","es-ES","https://clinicabelba.com/liposuccion-barcelona/","ru-RU","https://clinicabelba.com/ru/липосакция-барселона/","uk","https://clinicabelba.com/uk/ліпосакція-в-барселоні/","de-DE","https://clinicabelba.com/de/fettabsaugung-barcelona/","it-IT","https://clinicabelba.com/it/liposuzione-barcellona/","nl-NL","https://clinicabelba.com/nl/liposuctie-barcelona/","ca","https://clinicabelba.com/ca/liposuccio-barcelona/","fr-FR","https://clinicabelba.com/fr/liposuccion-barcelone/","en-US","https://clinicabelba.com/en/liposuction-barcelona/","es","https://clinicabelba.com/liposuccion-barcelona/","ru","https://clinicabelba.com/ru/липосакция-барселона/","de","https://clinicabelba.com/de/fettabsaugung-barcelona/","it","https://clinicabelba.com/it/liposuzione-barcellona/","nl","https://clinicabelba.com/nl/liposuctie-barcelona/","fr","https://clinicabelba.com/fr/liposuccion-barcelone/","en","https://clinicabelba.com/en/liposuction-barcelona/","x-default","https://clinicabelba.com/liposuccion-barcelona/","","","","","Indexable",""
"https://clinicabelba.com/blog/2/","Blog de Cirugía Plástica y Estética | Clinica Belba","17","es-ES","https://clinicabelba.com/blog/2/","ru-RU","https://clinicabelba.com/ru/блог/2/","uk","https://clinicabelba.com/uk/блог/2/","de-DE","https://clinicabelba.com/de/blog/2/","it-IT","https://clinicabelba.com/it/blog/2/","nl-NL","https://clinicabelba.com/nl/blog/2/","ca","https://clinicabelba.com/ca/bloc/2/","fr-FR","https://clinicabelba.com/fr/blog/2/","en-US","https://clinicabelba.com/en/blog/2/","es","https://clinicabelba.com/blog/2/","ru","https://clinicabelba.com/ru/блог/2/","de","https://clinicabelba.com/de/blog/2/","it","https://clinicabelba.com/it/blog/2/","nl","https://clinicabelba.com/nl/blog/2/","fr","https://clinicabelba.com/fr/blog/2/","en","https://clinicabelba.com/en/blog/2/","x-default","https://clinicabelba.com/blog/2/","","","","","No indexable","Canonicalizada"
"https://clinicabelba.com/blog/10/","Blog de Cirugía Plástica y Estética | Clinica Belba","17","es-ES","https://clinicabelba.com/blog/10/","ru-RU","https://clinicabelba.com/ru/блог/10/","uk","https://clinicabelba.com/uk/блог/10/","de-DE","https://clinicabelba.com/de/blog/10/","it-IT","https://clinicabelba.com/it/blog/10/","nl-NL","https://clinicabelba.com/nl/blog/10/","ca","https://clinicabelba.com/ca/bloc/10/","fr-FR","https://clinicabelba.com/fr/blog/10/","en-US","https://clinicabelba.com/en/blog/10/","es","https://clinicabelba.com/blog/10/","ru","https://clinicabelba.com/ru/блог/10/","de","https://clinicabelba.com/de/blog/10/","it","https://clinicabelba.com/it/blog/10/","nl","https://clinicabelba.com/nl/blog/10/","fr","https://clinicabelba.com/fr/blog/10/","en","https://clinicabelba.com/en/blog/10/","x-default","https://clinicabelba.com/blog/10/","","","","","No indexable","Canonicalizada"
"https://clinicabelba.com/blog/4/","Blog de Cirugía Plástica y Estética | Clinica Belba","17","es-ES","https://clinicabelba.com/blog/4/","ru-RU","https://clinicabelba.com/ru/блог/4/","uk","https://clinicabelba.com/uk/блог/4/","de-DE","https://clinicabelba.com/de/blog/4/","it-IT","https://clinicabelba.com/it/blog/4/","nl-NL","https://clinicabelba.com/nl/blog/4/","ca","https://clinicabelba.com/ca/bloc/4/","fr-FR","https://clinicabelba.com/fr/blog/4/","en-US","https://clinicabelba.com/en/blog/4/","es","https://clinicabelba.com/blog/4/","ru","https://clinicabelba.com/ru/блог/4/","de","https://clinicabelba.com/de/blog/4/","it","https://clinicabelba.com/it/blog/4/","nl","https://clinicabelba.com/nl/blog/4/","fr","https://clinicabelba.com/fr/blog/4/","en","https://clinicabelba.com/en/blog/4/","x-default","https://clinicabelba.com/blog/4/","","","","","No indexable","Canonicalizada"
"https://clinicabelba.com/uk/ліпосакція-в-барселоні/","ЛІПОСАКЦІЯ В БАРСЕЛОНІ | ЛІПОСКУЛЬПТУРА 360°","17","es-ES","https://clinicabelba.com/liposuccion-barcelona/","ru-RU","https://clinicabelba.com/ru/липосакция-барселона/","uk","https://clinicabelba.com/uk/ліпосакція-в-барселоні/","de-DE","https://clinicabelba.com/de/fettabsaugung-barcelona/","it-IT","https://clinicabelba.com/it/liposuzione-barcellona/","nl-NL","https://clinicabelba.com/nl/liposuctie-barcelona/","ca","https://clinicabelba.com/ca/liposuccio-barcelona/","fr-FR","https://clinicabelba.com/fr/liposuccion-barcelone/","en-US","https://clinicabelba.com/en/liposuction-barcelona/","es","https://clinicabelba.com/liposuccion-barcelona/","ru","https://clinicabelba.com/ru/липосакция-барселона/","de","https://clinicabelba.com/de/fettabsaugung-barcelona/","it","https://clinicabelba.com/it/liposuzione-barcellona/","nl","https://clinicabelba.com/nl/liposuctie-barcelona/","fr","https://clinicabelba.com/fr/liposuccion-barcelone/","en","https://clinicabelba.com/en/liposuction-barcelona/","x-default","https://clinicabelba.com/liposuccion-barcelona/","","","","","Indexable",""
"https://clinicabelba.com/blog/3/","Blog de Cirugía Plástica y Estética | Clinica Belba","17","es-ES","https://clinicabelba.com/blog/3/","ru-RU","https://clinicabelba.com/ru/блог/3/","uk","https://clinicabelba.com/uk/блог/3/","de-DE","https://clinicabelba.com/de/blog/3/","it-IT","https://clinicabelba.com/it/blog/3/","nl-NL","https://clinicabelba.com/nl/blog/3/","ca","https://clinicabelba.com/ca/bloc/3/","fr-FR","https://clinicabelba.com/fr/blog/3/","en-US","https://clinicabelba.com/en/blog/3/","es","https://clinicabelba.com/blog/3/","ru","https://clinicabelba.com/ru/блог/3/","de","https://clinicabelba.com/de/blog/3/","it","https://clinicabelba.com/it/blog/3/","nl","https://clinicabelba.com/nl/blog/3/","fr","https://clinicabelba.com/fr/blog/3/","en","https://clinicabelba.com/en/blog/3/","x-default","https://clinicabelba.com/blog/3/","","","","","No indexable","Canonicalizada"
"https://clinicabelba.com/blog/6/","Blog de Cirugía Plástica y Estética | Clinica Belba","17","es-ES","https://clinicabelba.com/blog/6/","ru-RU","https://clinicabelba.com/ru/блог/6/","uk","https://clinicabelba.com/uk/блог/6/","de-DE","https://clinicabelba.com/de/blog/6/","it-IT","https://clinicabelba.com/it/blog/6/","nl-NL","https://clinicabelba.com/nl/blog/6/","ca","https://clinicabelba.com/ca/bloc/6/","fr-FR","https://clinicabelba.com/fr/blog/6/","en-US","https://clinicabelba.com/en/blog/6/","es","https://clinicabelba.com/blog/6/","ru","https://clinicabelba.com/ru/блог/6/","de","https://clinicabelba.com/de/blog/6/","it","https://clinicabelba.com/it/blog/6/","nl","https://clinicabelba.com/nl/blog/6/","fr","https://clinicabelba.com/fr/blog/6/","en","https://clinicabelba.com/en/blog/6/","x-default","https://clinicabelba.com/blog/6/","","","","","No indexable","Canonicalizada"
"https://clinicabelba.com/pezones-invertidos-correccion/","Pezón invertido: causas, grados y cómo corregirlo | Clinica Belba","17","es-ES","https://clinicabelba.com/pezones-invertidos-correccion/","ru-RU","https://clinicabelba.com/ru/pezones-invertidos-correccion/","uk","https://clinicabelba.com/uk/pezones-invertidos-correccion/","de-DE","https://clinicabelba.com/de/pezones-invertidos-correccion/","it-IT","https://clinicabelba.com/it/pezones-invertidos-correccion/","nl-NL","https://clinicabelba.com/nl/pezones-invertidos-correccion/","ca","https://clinicabelba.com/ca/pezones-invertidos-correccion/","fr-FR","https://clinicabelba.com/fr/pezones-invertidos-correccion/","en-US","https://clinicabelba.com/en/pezones-invertidos-correccion/","es","https://clinicabelba.com/pezones-invertidos-correccion/","ru","https://clinicabelba.com/ru/pezones-invertidos-correccion/","de","https://clinicabelba.com/de/pezones-invertidos-correccion/","it","https://clinicabelba.com/it/pezones-invertidos-correccion/","nl","https://clinicabelba.com/nl/pezones-invertidos-correccion/","fr","https://clinicabelba.com/fr/pezones-invertidos-correccion/","en","https://clinicabelba.com/en/pezones-invertidos-correccion/","x-default","https://clinicabelba.com/pezones-invertidos-correccion/","","","","","Indexable",""
"https://clinicabelba.com/lipovaser-que-es/","Lipovaser: qué es y cómo funciona | Clínica Belba","17","es-ES","https://clinicabelba.com/lipovaser-que-es/","ru-RU","https://clinicabelba.com/ru/липосер-что-это/","uk","https://clinicabelba.com/uk/що-таке-lipovaser/","de-DE","https://clinicabelba.com/de/lipovaser-was-ist/","it-IT","https://clinicabelba.com/it/la-lipovaser-e-una-tecnica-di-liposuzione-assistita-da-ultrasuoni-che-utilizza-onde-ultrasoniche-per-sciogliere-il-grasso-prima-della-sua-rimozione/","nl-NL","https://clinicabelba.com/nl/lipovaser-wat-is-dat/","ca","https://clinicabelba.com/ca/lipovaser-que-es/","fr-FR","https://clinicabelba.com/fr/lipovaser-que-es/","en-US","https://clinicabelba.com/en/lipovaser-what-is-it/","es","https://clinicabelba.com/lipovaser-que-es/","ru","https://clinicabelba.com/ru/липосер-что-это/","de","https://clinicabelba.com/de/lipovaser-was-ist/","it","https://clinicabelba.com/it/la-lipovaser-e-una-tecnica-di-liposuzione-assistita-da-ultrasuoni-che-utilizza-onde-ultrasoniche-per-sciogliere-il-grasso-prima-della-sua-rimozione/","nl","https://clinicabelba.com/nl/lipovaser-wat-is-dat/","fr","https://clinicabelba.com/fr/lipovaser-que-es/","en","https://clinicabelba.com/en/lipovaser-what-is-it/","x-default","https://clinicabelba.com/lipovaser-que-es/","","","","","Indexable",""
"https://clinicabelba.com/blog/5/","Blog de Cirugía Plástica y Estética | Clinica Belba","17","es-ES","https://clinicabelba.com/blog/5/","ru-RU","https://clinicabelba.com/ru/блог/5/","uk","https://clinicabelba.com/uk/блог/5/","de-DE","https://clinicabelba.com/de/blog/5/","it-IT","https://clinicabelba.com/it/blog/5/","nl-NL","https://clinicabelba.com/nl/blog/5/","ca","https://clinicabelba.com/ca/bloc/5/","fr-FR","https://clinicabelba.com/fr/blog/5/","en-US","https://clinicabelba.com/en/blog/5/","es","https://clinicabelba.com/blog/5/","ru","https://clinicabelba.com/ru/блог/5/","de","https://clinicabelba.com/de/blog/5/","it","https://clinicabelba.com/it/blog/5/","nl","https://clinicabelba.com/nl/blog/5/","fr","https://clinicabelba.com/fr/blog/5/","en","https://clinicabelba.com/en/blog/5/","x-default","https://clinicabelba.com/blog/5/","","","","","No indexable","Canonicalizada"
"https://clinicabelba.com/blog/8/","Blog de Cirugía Plástica y Estética | Clinica Belba","17","es-ES","https://clinicabelba.com/blog/8/","ru-RU","https://clinicabelba.com/ru/блог/8/","uk","https://clinicabelba.com/uk/блог/8/","de-DE","https://clinicabelba.com/de/blog/8/","it-IT","https://clinicabelba.com/it/blog/8/","nl-NL","https://clinicabelba.com/nl/blog/8/","ca","https://clinicabelba.com/ca/bloc/8/","fr-FR","https://clinicabelba.com/fr/blog/8/","en-US","https://clinicabelba.com/en/blog/8/","es","https://clinicabelba.com/blog/8/","ru","https://clinicabelba.com/ru/блог/8/","de","https://clinicabelba.com/de/blog/8/","it","https://clinicabelba.com/it/blog/8/","nl","https://clinicabelba.com/nl/blog/8/","fr","https://clinicabelba.com/fr/blog/8/","en","https://clinicabelba.com/en/blog/8/","x-default","https://clinicabelba.com/blog/8/","","","","","No indexable","Canonicalizada"
"https://clinicabelba.com/blog/7/","Blog de Cirugía Plástica y Estética | Clinica Belba","17","es-ES","https://clinicabelba.com/blog/7/","ru-RU","https://clinicabelba.com/ru/блог/7/","uk","https://clinicabelba.com/uk/блог/7/","de-DE","https://clinicabelba.com/de/blog/7/","it-IT","https://clinicabelba.com/it/blog/7/","nl-NL","https://clinicabelba.com/nl/blog/7/","ca","https://clinicabelba.com/ca/bloc/7/","fr-FR","https://clinicabelba.com/fr/blog/7/","en-US","https://clinicabelba.com/en/blog/7/","es","https://clinicabelba.com/blog/7/","ru","https://clinicabelba.com/ru/блог/7/","de","https://clinicabelba.com/de/blog/7/","it","https://clinicabelba.com/it/blog/7/","nl","https://clinicabelba.com/nl/blog/7/","fr","https://clinicabelba.com/fr/blog/7/","en","https://clinicabelba.com/en/blog/7/","x-default","https://clinicabelba.com/blog/7/","","","","","No indexable","Canonicalizada"
"https://clinicabelba.com/cicatriz-cesarea-correccion/","Cicatriz de cesárea: por qué se abulta y qué hacer | Clinica Belba","17","es-ES","https://clinicabelba.com/cicatriz-cesarea-correccion/","ru-RU","https://clinicabelba.com/ru/cicatriz-cesarea-correccion/","uk","https://clinicabelba.com/uk/cicatriz-cesarea-correccion/","de-DE","https://clinicabelba.com/de/cicatriz-cesarea-correccion/","it-IT","https://clinicabelba.com/it/cicatriz-cesarea-correccion/","nl-NL","https://clinicabelba.com/nl/cicatriz-cesarea-correccion/","ca","https://clinicabelba.com/ca/cicatriz-cesarea-correccion/","fr-FR","https://clinicabelba.com/fr/cicatriz-cesarea-correccion/","en-US","https://clinicabelba.com/en/cicatriz-cesarea-correccion/","es","https://clinicabelba.com/cicatriz-cesarea-correccion/","ru","https://clinicabelba.com/ru/cicatriz-cesarea-correccion/","de","https://clinicabelba.com/de/cicatriz-cesarea-correccion/","it","https://clinicabelba.com/it/cicatriz-cesarea-correccion/","nl","https://clinicabelba.com/nl/cicatriz-cesarea-correccion/","fr","https://clinicabelba.com/fr/cicatriz-cesarea-correccion/","en","https://clinicabelba.com/en/cicatriz-cesarea-correccion/","x-default","https://clinicabelba.com/cicatriz-cesarea-correccion/","","","","","Indexable",""
"https://clinicabelba.com/blog/9/","Blog de Cirugía Plástica y Estética | Clinica Belba","17","es-ES","https://clinicabelba.com/blog/9/","ru-RU","https://clinicabelba.com/ru/блог/9/","uk","https://clinicabelba.com/uk/блог/9/","de-DE","https://clinicabelba.com/de/blog/9/","it-IT","https://clinicabelba.com/it/blog/9/","nl-NL","https://clinicabelba.com/nl/blog/9/","ca","https://clinicabelba.com/ca/bloc/9/","fr-FR","https://clinicabelba.com/fr/blog/9/","en-US","https://clinicabelba.com/en/blog/9/","es","https://clinicabelba.com/blog/9/","ru","https://clinicabelba.com/ru/блог/9/","de","https://clinicabelba.com/de/blog/9/","it","https://clinicabelba.com/it/blog/9/","nl","https://clinicabelba.com/nl/blog/9/","fr","https://clinicabelba.com/fr/blog/9/","en","https://clinicabelba.com/en/blog/9/","x-default","https://clinicabelba.com/blog/9/","","","","","No indexable","Canonicalizada"
"https://clinicabelba.com/test-post-2193c672-50fa-4ac0-84bf-874e83e57613-c19602556d950424/","Whales: Giants of the Ocean | Clinica Belba","17","es-ES","https://clinicabelba.com/test-post-2193c672-50fa-4ac0-84bf-874e83e57613-c19602556d950424/","ru-RU","https://clinicabelba.com/ru/test-post-2193c672-50fa-4ac0-84bf-874e83e57613-c19602556d950424/","uk","https://clinicabelba.com/uk/test-post-2193c672-50fa-4ac0-84bf-874e83e57613-c19602556d950424/","de-DE","https://clinicabelba.com/de/test-post-2193c672-50fa-4ac0-84bf-874e83e57613-c19602556d950424/","it-IT","https://clinicabelba.com/it/test-post-2193c672-50fa-4ac0-84bf-874e83e57613-c19602556d950424/","nl-NL","https://clinicabelba.com/nl/test-post-2193c672-50fa-4ac0-84bf-874e83e57613-c19602556d950424/","ca","https://clinicabelba.com/ca/test-post-2193c672-50fa-4ac0-84bf-874e83e57613-c19602556d950424/","fr-FR","https://clinicabelba.com/fr/test-post-2193c672-50fa-4ac0-84bf-874e83e57613-c19602556d950424/","en-US","https://clinicabelba.com/en/test-post-2193c672-50fa-4ac0-84bf-874e83e57613-c19602556d950424/","es","https://clinicabelba.com/test-post-2193c672-50fa-4ac0-84bf-874e83e57613-c19602556d950424/","ru","https://clinicabelba.com/ru/test-post-2193c672-50fa-4ac0-84bf-874e83e57613-c19602556d950424/","de","https://clinicabelba.com/de/test-post-2193c672-50fa-4ac0-84bf-874e83e57613-c19602556d950424/","it","https://clinicabelba.com/it/test-post-2193c672-50fa-4ac0-84bf-874e83e57613-c19602556d950424/","nl","https://clinicabelba.com/nl/test-post-2193c672-50fa-4ac0-84bf-874e83e57613-c19602556d950424/","fr","https://clinicabelba.com/fr/test-post-2193c672-50fa-4ac0-84bf-874e83e57613-c19602556d950424/","en","https://clinicabelba.com/en/test-post-2193c672-50fa-4ac0-84bf-874e83e57613-c19602556d950424/","x-default","https://clinicabelba.com/test-post-2193c672-50fa-4ac0-84bf-874e83e57613-c19602556d950424/","","","","","Indexable",""
"https://clinicabelba.com/asimetria-mamaria-cuando-operar/","Asimetría mamaria: por qué un pecho es más grande que el otro","17","es-ES","https://clinicabelba.com/asimetria-mamaria-cuando-operar/","ru-RU","https://clinicabelba.com/ru/asimetria-mamaria-cuando-operar/","uk","https://clinicabelba.com/uk/asimetria-mamaria-cuando-operar/","de-DE","https://clinicabelba.com/de/asimetria-mamaria-cuando-operar/","it-IT","https://clinicabelba.com/it/asimetria-mamaria-cuando-operar/","nl-NL","https://clinicabelba.com/nl/asimetria-mamaria-cuando-operar/","ca","https://clinicabelba.com/ca/asimetria-mamaria-cuando-operar/","fr-FR","https://clinicabelba.com/fr/asimetria-mamaria-cuando-operar/","en-US","https://clinicabelba.com/en/asimetria-mamaria-cuando-operar/","es","https://clinicabelba.com/asimetria-mamaria-cuando-operar/","ru","https://clinicabelba.com/ru/asimetria-mamaria-cuando-operar/","de","https://clinicabelba.com/de/asimetria-mamaria-cuando-operar/","it","https://clinicabelba.com/it/asimetria-mamaria-cuando-operar/","nl","https://clinicabelba.com/nl/asimetria-mamaria-cuando-operar/","fr","https://clinicabelba.com/fr/asimetria-mamaria-cuando-operar/","en","https://clinicabelba.com/en/asimetria-mamaria-cuando-operar/","x-default","https://clinicabelba.com/asimetria-mamaria-cuando-operar/","","","","","Indexable",""
"https://clinicabelba.com/blefaroplastia-sin-cirugia/","Qué es la blefaroplastia sin cirugía y cuándo puede funcionar | Clinica Belba","17","es-ES","https://clinicabelba.com/blefaroplastia-sin-cirugia/","ru-RU","https://clinicabelba.com/ru/блефаропластика-без-хирургического/","uk","https://clinicabelba.com/uk/блефаропластика-без-хірургічного-вт/","de-DE","https://clinicabelba.com/de/blepharoplastik-ohne-operation/","it-IT","https://clinicabelba.com/it/blefaroplastica-non-chirurgica/","nl-NL","https://clinicabelba.com/nl/blefaroplastiek-zonder-chirurgie/","ca","https://clinicabelba.com/ca/blefaroplastia-sense-cirurgia/","fr-FR","https://clinicabelba.com/fr/blepharoplastie-sans-chirurgie/","en-US","https://clinicabelba.com/en/non-surgical-blepharoplasty/","es","https://clinicabelba.com/blefaroplastia-sin-cirugia/","ru","https://clinicabelba.com/ru/блефаропластика-без-хирургического/","de","https://clinicabelba.com/de/blepharoplastik-ohne-operation/","it","https://clinicabelba.com/it/blefaroplastica-non-chirurgica/","nl","https://clinicabelba.com/nl/blefaroplastiek-zonder-chirurgie/","fr","https://clinicabelba.com/fr/blepharoplastie-sans-chirurgie/","en","https://clinicabelba.com/en/non-surgical-blepharoplasty/","x-default","https://clinicabelba.com/blefaroplastia-sin-cirugia/","","","","","Indexable",""
"https://clinicabelba.com/fr/drdeweverplasticsurgery/","Dr Mike Dewever | Chirurgie Plastique | Clinica Belba","17","es-ES","https://clinicabelba.com/drdewevercirugiaplastica/","ru-RU","https://clinicabelba.com/ru/ждрдеверхирургияпластическая/","uk","https://clinicabelba.com/uk/drdeweverпластичнахірургія/","de-DE","https://clinicabelba.com/de/dr-dewever-plastische-chirurgie/","it-IT","https://clinicabelba.com/it/drdeweverchirurgiaplastica/","nl-NL","https://clinicabelba.com/nl/drdeweverplastischechirurgie/","ca","https://clinicabelba.com/ca/drdewevercirugiaplastica/","fr-FR","https://clinicabelba.com/fr/drdeweverplasticsurgery/","en-US","https://clinicabelba.com/en/drdewevercosmeticsurgery/","es","https://clinicabelba.com/drdewevercirugiaplastica/","ru","https://clinicabelba.com/ru/ждрдеверхирургияпластическая/","de","https://clinicabelba.com/de/dr-dewever-plastische-chirurgie/","it","https://clinicabelba.com/it/drdeweverchirurgiaplastica/","nl","https://clinicabelba.com/nl/drdeweverplastischechirurgie/","fr","https://clinicabelba.com/fr/drdeweverplasticsurgery/","en","https://clinicabelba.com/en/drdewevercosmeticsurgery/","x-default","https://clinicabelba.com/drdewevercirugiaplastica/","","","","","Indexable",""
"https://clinicabelba.com/fr/blog/2/","Blog de Chirurgie Plastique et Esthétique | Clinica Belba","17","es-ES","https://clinicabelba.com/blog/2/","ru-RU","https://clinicabelba.com/ru/блог/2/","uk","https://clinicabelba.com/uk/блог/2/","de-DE","https://clinicabelba.com/de/blog/2/","it-IT","https://clinicabelba.com/it/blog/2/","nl-NL","https://clinicabelba.com/nl/blog/2/","ca","https://clinicabelba.com/ca/bloc/2/","fr-FR","https://clinicabelba.com/fr/blog/2/","en-US","https://clinicabelba.com/en/blog/2/","es","https://clinicabelba.com/blog/2/","ru","https://clinicabelba.com/ru/блог/2/","de","https://clinicabelba.com/de/blog/2/","it","https://clinicabelba.com/it/blog/2/","nl","https://clinicabelba.com/nl/blog/2/","fr","https://clinicabelba.com/fr/blog/2/","en","https://clinicabelba.com/en/blog/2/","x-default","https://clinicabelba.com/blog/2/","","","","","No indexable","Canonicalizada"
"https://clinicabelba.com/fr/blog/3/","Blog de Chirurgie Plastique et Esthétique | Clinica Belba","17","es-ES","https://clinicabelba.com/blog/3/","ru-RU","https://clinicabelba.com/ru/блог/3/","uk","https://clinicabelba.com/uk/блог/3/","de-DE","https://clinicabelba.com/de/blog/3/","it-IT","https://clinicabelba.com/it/blog/3/","nl-NL","https://clinicabelba.com/nl/blog/3/","ca","https://clinicabelba.com/ca/bloc/3/","fr-FR","https://clinicabelba.com/fr/blog/3/","en-US","https://clinicabelba.com/en/blog/3/","es","https://clinicabelba.com/blog/3/","ru","https://clinicabelba.com/ru/блог/3/","de","https://clinicabelba.com/de/blog/3/","it","https://clinicabelba.com/it/blog/3/","nl","https://clinicabelba.com/nl/blog/3/","fr","https://clinicabelba.com/fr/blog/3/","en","https://clinicabelba.com/en/blog/3/","x-default","https://clinicabelba.com/blog/3/","","","","","No indexable","Canonicalizada"
"https://clinicabelba.com/fr/blog/4/","Blog de Chirurgie Plastique et Esthétique | Clinica Belba","17","es-ES","https://clinicabelba.com/blog/4/","ru-RU","https://clinicabelba.com/ru/блог/4/","uk","https://clinicabelba.com/uk/блог/4/","de-DE","https://clinicabelba.com/de/blog/4/","it-IT","https://clinicabelba.com/it/blog/4/","nl-NL","https://clinicabelba.com/nl/blog/4/","ca","https://clinicabelba.com/ca/bloc/4/","fr-FR","https://clinicabelba.com/fr/blog/4/","en-US","https://clinicabelba.com/en/blog/4/","es","https://clinicabelba.com/blog/4/","ru","https://clinicabelba.com/ru/блог/4/","de","https://clinicabelba.com/de/blog/4/","it","https://clinicabelba.com/it/blog/4/","nl","https://clinicabelba.com/nl/blog/4/","fr","https://clinicabelba.com/fr/blog/4/","en","https://clinicabelba.com/en/blog/4/","x-default","https://clinicabelba.com/blog/4/","","","","","No indexable","Canonicalizada"
"https://clinicabelba.com/fr/blog/5/","Blog de Chirurgie Plastique et Esthétique | Clinica Belba","17","es-ES","https://clinicabelba.com/blog/5/","ru-RU","https://clinicabelba.com/ru/блог/5/","uk","https://clinicabelba.com/uk/блог/5/","de-DE","https://clinicabelba.com/de/blog/5/","it-IT","https://clinicabelba.com/it/blog/5/","nl-NL","https://clinicabelba.com/nl/blog/5/","ca","https://clinicabelba.com/ca/bloc/5/","fr-FR","https://clinicabelba.com/fr/blog/5/","en-US","https://clinicabelba.com/en/blog/5/","es","https://clinicabelba.com/blog/5/","ru","https://clinicabelba.com/ru/блог/5/","de","https://clinicabelba.com/de/blog/5/","it","https://clinicabelba.com/it/blog/5/","nl","https://clinicabelba.com/nl/blog/5/","fr","https://clinicabelba.com/fr/blog/5/","en","https://clinicabelba.com/en/blog/5/","x-default","https://clinicabelba.com/blog/5/","","","","","No indexable","Canonicalizada"
"https://clinicabelba.com/fr/asimetria-mamaria-cuando-operar/","Asimetría mamaria: por qué un pecho es más grande que el otro","17","es-ES","https://clinicabelba.com/asimetria-mamaria-cuando-operar/","ru-RU","https://clinicabelba.com/ru/asimetria-mamaria-cuando-operar/","uk","https://clinicabelba.com/uk/asimetria-mamaria-cuando-operar/","de-DE","https://clinicabelba.com/de/asimetria-mamaria-cuando-operar/","it-IT","https://clinicabelba.com/it/asimetria-mamaria-cuando-operar/","nl-NL","https://clinicabelba.com/nl/asimetria-mamaria-cuando-operar/","ca","https://clinicabelba.com/ca/asimetria-mamaria-cuando-operar/","fr-FR","https://clinicabelba.com/fr/asimetria-mamaria-cuando-operar/","en-US","https://clinicabelba.com/en/asimetria-mamaria-cuando-operar/","es","https://clinicabelba.com/asimetria-mamaria-cuando-operar/","ru","https://clinicabelba.com/ru/asimetria-mamaria-cuando-operar/","de","https://clinicabelba.com/de/asimetria-mamaria-cuando-operar/","it","https://clinicabelba.com/it/asimetria-mamaria-cuando-operar/","nl","https://clinicabelba.com/nl/asimetria-mamaria-cuando-operar/","fr","https://clinicabelba.com/fr/asimetria-mamaria-cuando-operar/","en","https://clinicabelba.com/en/asimetria-mamaria-cuando-operar/","x-default","https://clinicabelba.com/asimetria-mamaria-cuando-operar/","","","","","Indexable",""
"https://clinicabelba.com/fr/test-post-2193c672-50fa-4ac0-84bf-874e83e57613-c19602556d950424/","Whales: Giants of the Ocean | Clinica Belba","17","es-ES","https://clinicabelba.com/test-post-2193c672-50fa-4ac0-84bf-874e83e57613-c19602556d950424/","ru-RU","https://clinicabelba.com/ru/test-post-2193c672-50fa-4ac0-84bf-874e83e57613-c19602556d950424/","uk","https://clinicabelba.com/uk/test-post-2193c672-50fa-4ac0-84bf-874e83e57613-c19602556d950424/","de-DE","https://clinicabelba.com/de/test-post-2193c672-50fa-4ac0-84bf-874e83e57613-c19602556d950424/","it-IT","https://clinicabelba.com/it/test-post-2193c672-50fa-4ac0-84bf-874e83e57613-c19602556d950424/","nl-NL","https://clinicabelba.com/nl/test-post-2193c672-50fa-4ac0-84bf-874e83e57613-c19602556d950424/","ca","https://clinicabelba.com/ca/test-post-2193c672-50fa-4ac0-84bf-874e83e57613-c19602556d950424/","fr-FR","https://clinicabelba.com/fr/test-post-2193c672-50fa-4ac0-84bf-874e83e57613-c19602556d950424/","en-US","https://clinicabelba.com/en/test-post-2193c672-50fa-4ac0-84bf-874e83e57613-c19602556d950424/","es","https://clinicabelba.com/test-post-2193c672-50fa-4ac0-84bf-874e83e57613-c19602556d950424/","ru","https://clinicabelba.com/ru/test-post-2193c672-50fa-4ac0-84bf-874e83e57613-c19602556d950424/","de","https://clinicabelba.com/de/test-post-2193c672-50fa-4ac0-84bf-874e83e57613-c19602556d950424/","it","https://clinicabelba.com/it/test-post-2193c672-50fa-4ac0-84bf-874e83e57613-c19602556d950424/","nl","https://clinicabelba.com/nl/test-post-2193c672-50fa-4ac0-84bf-874e83e57613-c19602556d950424/","fr","https://clinicabelba.com/fr/test-post-2193c672-50fa-4ac0-84bf-874e83e57613-c19602556d950424/","en","https://clinicabelba.com/en/test-post-2193c672-50fa-4ac0-84bf-874e83e57613-c19602556d950424/","x-default","https://clinicabelba.com/test-post-2193c672-50fa-4ac0-84bf-874e83e57613-c19602556d950424/","","","","","Indexable",""
"https://clinicabelba.com/fr/blog/6/","Blog de Chirurgie Plastique et Esthétique | Clinica Belba","17","es-ES","https://clinicabelba.com/blog/6/","ru-RU","https://clinicabelba.com/ru/блог/6/","uk","https://clinicabelba.com/uk/блог/6/","de-DE","https://clinicabelba.com/de/blog/6/","it-IT","https://clinicabelba.com/it/blog/6/","nl-NL","https://clinicabelba.com/nl/blog/6/","ca","https://clinicabelba.com/ca/bloc/6/","fr-FR","https://clinicabelba.com/fr/blog/6/","en-US","https://clinicabelba.com/en/blog/6/","es","https://clinicabelba.com/blog/6/","ru","https://clinicabelba.com/ru/блог/6/","de","https://clinicabelba.com/de/blog/6/","it","https://clinicabelba.com/it/blog/6/","nl","https://clinicabelba.com/nl/blog/6/","fr","https://clinicabelba.com/fr/blog/6/","en","https://clinicabelba.com/en/blog/6/","x-default","https://clinicabelba.com/blog/6/","","","","","No indexable","Canonicalizada"
"https://clinicabelba.com/fr/blog/7/","Blog de Chirurgie Plastique et Esthétique | Clinica Belba","17","es-ES","https://clinicabelba.com/blog/7/","ru-RU","https://clinicabelba.com/ru/блог/7/","uk","https://clinicabelba.com/uk/блог/7/","de-DE","https://clinicabelba.com/de/blog/7/","it-IT","https://clinicabelba.com/it/blog/7/","nl-NL","https://clinicabelba.com/nl/blog/7/","ca","https://clinicabelba.com/ca/bloc/7/","fr-FR","https://clinicabelba.com/fr/blog/7/","en-US","https://clinicabelba.com/en/blog/7/","es","https://clinicabelba.com/blog/7/","ru","https://clinicabelba.com/ru/блог/7/","de","https://clinicabelba.com/de/blog/7/","it","https://clinicabelba.com/it/blog/7/","nl","https://clinicabelba.com/nl/blog/7/","fr","https://clinicabelba.com/fr/blog/7/","en","https://clinicabelba.com/en/blog/7/","x-default","https://clinicabelba.com/blog/7/","","","","","No indexable","Canonicalizada"
"https://clinicabelba.com/fr/lipovaser-que-es/","Lipovaser: qué es y cómo funciona | Clínica Belba","17","es-ES","https://clinicabelba.com/lipovaser-que-es/","ru-RU","https://clinicabelba.com/ru/липосер-что-это/","uk","https://clinicabelba.com/uk/що-таке-lipovaser/","de-DE","https://clinicabelba.com/de/lipovaser-was-ist/","it-IT","https://clinicabelba.com/it/la-lipovaser-e-una-tecnica-di-liposuzione-assistita-da-ultrasuoni-che-utilizza-onde-ultrasoniche-per-sciogliere-il-grasso-prima-della-sua-rimozione/","nl-NL","https://clinicabelba.com/nl/lipovaser-wat-is-dat/","ca","https://clinicabelba.com/ca/lipovaser-que-es/","fr-FR","https://clinicabelba.com/fr/lipovaser-que-es/","en-US","https://clinicabelba.com/en/lipovaser-what-is-it/","es","https://clinicabelba.com/lipovaser-que-es/","ru","https://clinicabelba.com/ru/липосер-что-это/","de","https://clinicabelba.com/de/lipovaser-was-ist/","it","https://clinicabelba.com/it/la-lipovaser-e-una-tecnica-di-liposuzione-assistita-da-ultrasuoni-che-utilizza-onde-ultrasoniche-per-sciogliere-il-grasso-prima-della-sua-rimozione/","nl","https://clinicabelba.com/nl/lipovaser-wat-is-dat/","fr","https://clinicabelba.com/fr/lipovaser-que-es/","en","https://clinicabelba.com/en/lipovaser-what-is-it/","x-default","https://clinicabelba.com/lipovaser-que-es/","","","","","Indexable",""
"https://clinicabelba.com/fr/blepharoplastie-sans-chirurgie/","Qu'est-ce que la blépharoplastie sans chirurgie et quand peut-elle fonctionner | Clinica Belba","17","es-ES","https://clinicabelba.com/blefaroplastia-sin-cirugia/","ru-RU","https://clinicabelba.com/ru/блефаропластика-без-хирургического/","uk","https://clinicabelba.com/uk/блефаропластика-без-хірургічного-вт/","de-DE","https://clinicabelba.com/de/blepharoplastik-ohne-operation/","it-IT","https://clinicabelba.com/it/blefaroplastica-non-chirurgica/","nl-NL","https://clinicabelba.com/nl/blefaroplastiek-zonder-chirurgie/","ca","https://clinicabelba.com/ca/blefaroplastia-sense-cirurgia/","fr-FR","https://clinicabelba.com/fr/blepharoplastie-sans-chirurgie/","en-US","https://clinicabelba.com/en/non-surgical-blepharoplasty/","es","https://clinicabelba.com/blefaroplastia-sin-cirugia/","ru","https://clinicabelba.com/ru/блефаропластика-без-хирургического/","de","https://clinicabelba.com/de/blepharoplastik-ohne-operation/","it","https://clinicabelba.com/it/blefaroplastica-non-chirurgica/","nl","https://clinicabelba.com/nl/blefaroplastiek-zonder-chirurgie/","fr","https://clinicabelba.com/fr/blepharoplastie-sans-chirurgie/","en","https://clinicabelba.com/en/non-surgical-blepharoplasty/","x-default","https://clinicabelba.com/blefaroplastia-sin-cirugia/","","","","","Indexable",""
"https://clinicabelba.com/fr/blog/10/","Blog de Chirurgie Plastique et Esthétique | Clinica Belba","17","es-ES","https://clinicabelba.com/blog/10/","ru-RU","https://clinicabelba.com/ru/блог/10/","uk","https://clinicabelba.com/uk/блог/10/","de-DE","https://clinicabelba.com/de/blog/10/","it-IT","https://clinicabelba.com/it/blog/10/","nl-NL","https://clinicabelba.com/nl/blog/10/","ca","https://clinicabelba.com/ca/bloc/10/","fr-FR","https://clinicabelba.com/fr/blog/10/","en-US","https://clinicabelba.com/en/blog/10/","es","https://clinicabelba.com/blog/10/","ru","https://clinicabelba.com/ru/блог/10/","de","https://clinicabelba.com/de/blog/10/","it","https://clinicabelba.com/it/blog/10/","nl","https://clinicabelba.com/nl/blog/10/","fr","https://clinicabelba.com/fr/blog/10/","en","https://clinicabelba.com/en/blog/10/","x-default","https://clinicabelba.com/blog/10/","","","","","No indexable","Canonicalizada"
"https://clinicabelba.com/fr/pezones-invertidos-correccion/","Pezón invertido: causas, grados y cómo corregirlo | Clinica Belba","17","es-ES","https://clinicabelba.com/pezones-invertidos-correccion/","ru-RU","https://clinicabelba.com/ru/pezones-invertidos-correccion/","uk","https://clinicabelba.com/uk/pezones-invertidos-correccion/","de-DE","https://clinicabelba.com/de/pezones-invertidos-correccion/","it-IT","https://clinicabelba.com/it/pezones-invertidos-correccion/","nl-NL","https://clinicabelba.com/nl/pezones-invertidos-correccion/","ca","https://clinicabelba.com/ca/pezones-invertidos-correccion/","fr-FR","https://clinicabelba.com/fr/pezones-invertidos-correccion/","en-US","https://clinicabelba.com/en/pezones-invertidos-correccion/","es","https://clinicabelba.com/pezones-invertidos-correccion/","ru","https://clinicabelba.com/ru/pezones-invertidos-correccion/","de","https://clinicabelba.com/de/pezones-invertidos-correccion/","it","https://clinicabelba.com/it/pezones-invertidos-correccion/","nl","https://clinicabelba.com/nl/pezones-invertidos-correccion/","fr","https://clinicabelba.com/fr/pezones-invertidos-correccion/","en","https://clinicabelba.com/en/pezones-invertidos-correccion/","x-default","https://clinicabelba.com/pezones-invertidos-correccion/","","","","","Indexable",""
"https://clinicabelba.com/fr/cicatriz-cesarea-correccion/","Cicatriz de cesárea: por qué se abulta y qué hacer | Clinica Belba","17","es-ES","https://clinicabelba.com/cicatriz-cesarea-correccion/","ru-RU","https://clinicabelba.com/ru/cicatriz-cesarea-correccion/","uk","https://clinicabelba.com/uk/cicatriz-cesarea-correccion/","de-DE","https://clinicabelba.com/de/cicatriz-cesarea-correccion/","it-IT","https://clinicabelba.com/it/cicatriz-cesarea-correccion/","nl-NL","https://clinicabelba.com/nl/cicatriz-cesarea-correccion/","ca","https://clinicabelba.com/ca/cicatriz-cesarea-correccion/","fr-FR","https://clinicabelba.com/fr/cicatriz-cesarea-correccion/","en-US","https://clinicabelba.com/en/cicatriz-cesarea-correccion/","es","https://clinicabelba.com/cicatriz-cesarea-correccion/","ru","https://clinicabelba.com/ru/cicatriz-cesarea-correccion/","de","https://clinicabelba.com/de/cicatriz-cesarea-correccion/","it","https://clinicabelba.com/it/cicatriz-cesarea-correccion/","nl","https://clinicabelba.com/nl/cicatriz-cesarea-correccion/","fr","https://clinicabelba.com/fr/cicatriz-cesarea-correccion/","en","https://clinicabelba.com/en/cicatriz-cesarea-correccion/","x-default","https://clinicabelba.com/cicatriz-cesarea-correccion/","","","","","Indexable",""
"https://clinicabelba.com/fr/blog/8/","Blog de Chirurgie Plastique et Esthétique | Clinica Belba","17","es-ES","https://clinicabelba.com/blog/8/","ru-RU","https://clinicabelba.com/ru/блог/8/","uk","https://clinicabelba.com/uk/блог/8/","de-DE","https://clinicabelba.com/de/blog/8/","it-IT","https://clinicabelba.com/it/blog/8/","nl-NL","https://clinicabelba.com/nl/blog/8/","ca","https://clinicabelba.com/ca/bloc/8/","fr-FR","https://clinicabelba.com/fr/blog/8/","en-US","https://clinicabelba.com/en/blog/8/","es","https://clinicabelba.com/blog/8/","ru","https://clinicabelba.com/ru/блог/8/","de","https://clinicabelba.com/de/blog/8/","it","https://clinicabelba.com/it/blog/8/","nl","https://clinicabelba.com/nl/blog/8/","fr","https://clinicabelba.com/fr/blog/8/","en","https://clinicabelba.com/en/blog/8/","x-default","https://clinicabelba.com/blog/8/","","","","","No indexable","Canonicalizada"
"https://clinicabelba.com/fr/blog/9/","Blog de Chirurgie Plastique et Esthétique | Clinica Belba","17","es-ES","https://clinicabelba.com/blog/9/","ru-RU","https://clinicabelba.com/ru/блог/9/","uk","https://clinicabelba.com/uk/блог/9/","de-DE","https://clinicabelba.com/de/blog/9/","it-IT","https://clinicabelba.com/it/blog/9/","nl-NL","https://clinicabelba.com/nl/blog/9/","ca","https://clinicabelba.com/ca/bloc/9/","fr-FR","https://clinicabelba.com/fr/blog/9/","en-US","https://clinicabelba.com/en/blog/9/","es","https://clinicabelba.com/blog/9/","ru","https://clinicabelba.com/ru/блог/9/","de","https://clinicabelba.com/de/blog/9/","it","https://clinicabelba.com/it/blog/9/","nl","https://clinicabelba.com/nl/blog/9/","fr","https://clinicabelba.com/fr/blog/9/","en","https://clinicabelba.com/en/blog/9/","x-default","https://clinicabelba.com/blog/9/","","","","","No indexable","Canonicalizada"
"https://clinicabelba.com/precio-liposuccion-espana/","Precio de Liposucción en España: Cuánto Cuesta por Zona (2026)","0","","","","","","","","","","","","","","","","","","","","","","","","","","","","","","","","","","","","","","","Indexable",""
"https://clinicabelba.com/author/webbelba/","Artículos del Dr. Mike Dewever | Clínica Belba","17","es-ES","https://clinicabelba.com/author/webbelba/","ru-RU","https://clinicabelba.com/ru/автор/веббелба/","uk","https://clinicabelba.com/uk/автор/webbelba/","de-DE","https://clinicabelba.com/de/autor/webbelba/","it-IT","https://clinicabelba.com/it/autore/bellissima/","nl-NL","https://clinicabelba.com/nl/auteur/webbel/","ca","https://clinicabelba.com/ca/autor/webbelba/","fr-FR","https://clinicabelba.com/fr/auteur/webbelba/","en-US","https://clinicabelba.com/en/author/webbelba/","es","https://clinicabelba.com/author/webbelba/","ru","https://clinicabelba.com/ru/автор/веббелба/","de","https://clinicabelba.com/de/autor/webbelba/","it","https://clinicabelba.com/it/autore/bellissima/","nl","https://clinicabelba.com/nl/auteur/webbel/","fr","https://clinicabelba.com/fr/auteur/webbelba/","en","https://clinicabelba.com/en/author/webbelba/","x-default","https://clinicabelba.com/author/webbelba/","","","","","Indexable",""
"https://clinicabelba.com/ca/drfelixchavarriacirugiaplastica/","Dr. Félix Chavarría, cirujano plástico | Clínica Belba","17","es-ES","https://clinicabelba.com/drfelixchavarriacirugiaplastica/","ru-RU","https://clinicabelba.com/ru/дрфеликсчаварриацируджиапластика/","uk","https://clinicabelba.com/uk/drfelixchavarriacirugiaplastica/","de-DE","https://clinicabelba.com/de/dr-felix-chavarria-plastische-chirurgie/","it-IT","https://clinicabelba.com/it/dr-felix-chavarria-chirurgia-plastica/","nl-NL","https://clinicabelba.com/nl/drfelixchavarriacirugiaplastica/","ca","https://clinicabelba.com/ca/drfelixchavarriacirugiaplastica/","fr-FR","https://clinicabelba.com/fr/drfelixchavarriacirugiaplastica/","en-US","https://clinicabelba.com/en/drfelixchavarriacirugiaplastica/","es","https://clinicabelba.com/drfelixchavarriacirugiaplastica/","ru","https://clinicabelba.com/ru/дрфеликсчаварриацируджиапластика/","de","https://clinicabelba.com/de/dr-felix-chavarria-plastische-chirurgie/","it","https://clinicabelba.com/it/dr-felix-chavarria-chirurgia-plastica/","nl","https://clinicabelba.com/nl/drfelixchavarriacirugiaplastica/","fr","https://clinicabelba.com/fr/drfelixchavarriacirugiaplastica/","en","https://clinicabelba.com/en/drfelixchavarriacirugiaplastica/","x-default","https://clinicabelba.com/drfelixchavarriacirugiaplastica/","","","","","Indexable",""
"https://clinicabelba.com/en/drfelixchavarriacirugiaplastica/","Dr. Félix Chavarría, cirujano plástico | Clínica Belba","17","es-ES","https://clinicabelba.com/drfelixchavarriacirugiaplastica/","ru-RU","https://clinicabelba.com/ru/дрфеликсчаварриацируджиапластика/","uk","https://clinicabelba.com/uk/drfelixchavarriacirugiaplastica/","de-DE","https://clinicabelba.com/de/dr-felix-chavarria-plastische-chirurgie/","it-IT","https://clinicabelba.com/it/dr-felix-chavarria-chirurgia-plastica/","nl-NL","https://clinicabelba.com/nl/drfelixchavarriacirugiaplastica/","ca","https://clinicabelba.com/ca/drfelixchavarriacirugiaplastica/","fr-FR","https://clinicabelba.com/fr/drfelixchavarriacirugiaplastica/","en-US","https://clinicabelba.com/en/drfelixchavarriacirugiaplastica/","es","https://clinicabelba.com/drfelixchavarriacirugiaplastica/","ru","https://clinicabelba.com/ru/дрфеликсчаварриацируджиапластика/","de","https://clinicabelba.com/de/dr-felix-chavarria-plastische-chirurgie/","it","https://clinicabelba.com/it/dr-felix-chavarria-chirurgia-plastica/","nl","https://clinicabelba.com/nl/drfelixchavarriacirugiaplastica/","fr","https://clinicabelba.com/fr/drfelixchavarriacirugiaplastica/","en","https://clinicabelba.com/en/drfelixchavarriacirugiaplastica/","x-default","https://clinicabelba.com/drfelixchavarriacirugiaplastica/","","","","","Indexable",""
"https://clinicabelba.com/ru/дрфеликсчаварриацируджиапластика/","Доктор Феликс Чаварриа, пластический хирург | Клиника Belba","17","es-ES","https://clinicabelba.com/drfelixchavarriacirugiaplastica/","ru-RU","https://clinicabelba.com/ru/дрфеликсчаварриацируджиапластика/","uk","https://clinicabelba.com/uk/drfelixchavarriacirugiaplastica/","de-DE","https://clinicabelba.com/de/dr-felix-chavarria-plastische-chirurgie/","it-IT","https://clinicabelba.com/it/dr-felix-chavarria-chirurgia-plastica/","nl-NL","https://clinicabelba.com/nl/drfelixchavarriacirugiaplastica/","ca","https://clinicabelba.com/ca/drfelixchavarriacirugiaplastica/","fr-FR","https://clinicabelba.com/fr/drfelixchavarriacirugiaplastica/","en-US","https://clinicabelba.com/en/drfelixchavarriacirugiaplastica/","es","https://clinicabelba.com/drfelixchavarriacirugiaplastica/","ru","https://clinicabelba.com/ru/дрфеликсчаварриацируджиапластика/","de","https://clinicabelba.com/de/dr-felix-chavarria-plastische-chirurgie/","it","https://clinicabelba.com/it/dr-felix-chavarria-chirurgia-plastica/","nl","https://clinicabelba.com/nl/drfelixchavarriacirugiaplastica/","fr","https://clinicabelba.com/fr/drfelixchavarriacirugiaplastica/","en","https://clinicabelba.com/en/drfelixchavarriacirugiaplastica/","x-default","https://clinicabelba.com/drfelixchavarriacirugiaplastica/","","","","","Indexable",""
"https://clinicabelba.com/it/dr-felix-chavarria-chirurgia-plastica/","Dott. Félix Chavarría, Chirurgo Plastico | Clinica Belba","17","es-ES","https://clinicabelba.com/drfelixchavarriacirugiaplastica/","ru-RU","https://clinicabelba.com/ru/дрфеликсчаварриацируджиапластика/","uk","https://clinicabelba.com/uk/drfelixchavarriacirugiaplastica/","de-DE","https://clinicabelba.com/de/dr-felix-chavarria-plastische-chirurgie/","it-IT","https://clinicabelba.com/it/dr-felix-chavarria-chirurgia-plastica/","nl-NL","https://clinicabelba.com/nl/drfelixchavarriacirugiaplastica/","ca","https://clinicabelba.com/ca/drfelixchavarriacirugiaplastica/","fr-FR","https://clinicabelba.com/fr/drfelixchavarriacirugiaplastica/","en-US","https://clinicabelba.com/en/drfelixchavarriacirugiaplastica/","es","https://clinicabelba.com/drfelixchavarriacirugiaplastica/","ru","https://clinicabelba.com/ru/дрфеликсчаварриацируджиапластика/","de","https://clinicabelba.com/de/dr-felix-chavarria-plastische-chirurgie/","it","https://clinicabelba.com/it/dr-felix-chavarria-chirurgia-plastica/","nl","https://clinicabelba.com/nl/drfelixchavarriacirugiaplastica/","fr","https://clinicabelba.com/fr/drfelixchavarriacirugiaplastica/","en","https://clinicabelba.com/en/drfelixchavarriacirugiaplastica/","x-default","https://clinicabelba.com/drfelixchavarriacirugiaplastica/","","","","","Indexable",""
"https://clinicabelba.com/uk/drfelixchavarriacirugiaplastica/","Д-р Фелікс Чаваррія, пластичний хірург | Клініка «Белба»","17","es-ES","https://clinicabelba.com/drfelixchavarriacirugiaplastica/","ru-RU","https://clinicabelba.com/ru/дрфеликсчаварриацируджиапластика/","uk","https://clinicabelba.com/uk/drfelixchavarriacirugiaplastica/","de-DE","https://clinicabelba.com/de/dr-felix-chavarria-plastische-chirurgie/","it-IT","https://clinicabelba.com/it/dr-felix-chavarria-chirurgia-plastica/","nl-NL","https://clinicabelba.com/nl/drfelixchavarriacirugiaplastica/","ca","https://clinicabelba.com/ca/drfelixchavarriacirugiaplastica/","fr-FR","https://clinicabelba.com/fr/drfelixchavarriacirugiaplastica/","en-US","https://clinicabelba.com/en/drfelixchavarriacirugiaplastica/","es","https://clinicabelba.com/drfelixchavarriacirugiaplastica/","ru","https://clinicabelba.com/ru/дрфеликсчаварриацируджиапластика/","de","https://clinicabelba.com/de/dr-felix-chavarria-plastische-chirurgie/","it","https://clinicabelba.com/it/dr-felix-chavarria-chirurgia-plastica/","nl","https://clinicabelba.com/nl/drfelixchavarriacirugiaplastica/","fr","https://clinicabelba.com/fr/drfelixchavarriacirugiaplastica/","en","https://clinicabelba.com/en/drfelixchavarriacirugiaplastica/","x-default","https://clinicabelba.com/drfelixchavarriacirugiaplastica/","","","","","Indexable",""
"https://clinicabelba.com/nl/drfelixchavarriacirugiaplastica/","Dr. Félix Chavarría, plastisch chirurg | Kliniek Belba","17","es-ES","https://clinicabelba.com/drfelixchavarriacirugiaplastica/","ru-RU","https://clinicabelba.com/ru/дрфеликсчаварриацируджиапластика/","uk","https://clinicabelba.com/uk/drfelixchavarriacirugiaplastica/","de-DE","https://clinicabelba.com/de/dr-felix-chavarria-plastische-chirurgie/","it-IT","https://clinicabelba.com/it/dr-felix-chavarria-chirurgia-plastica/","nl-NL","https://clinicabelba.com/nl/drfelixchavarriacirugiaplastica/","ca","https://clinicabelba.com/ca/drfelixchavarriacirugiaplastica/","fr-FR","https://clinicabelba.com/fr/drfelixchavarriacirugiaplastica/","en-US","https://clinicabelba.com/en/drfelixchavarriacirugiaplastica/","es","https://clinicabelba.com/drfelixchavarriacirugiaplastica/","ru","https://clinicabelba.com/ru/дрфеликсчаварриацируджиапластика/","de","https://clinicabelba.com/de/dr-felix-chavarria-plastische-chirurgie/","it","https://clinicabelba.com/it/dr-felix-chavarria-chirurgia-plastica/","nl","https://clinicabelba.com/nl/drfelixchavarriacirugiaplastica/","fr","https://clinicabelba.com/fr/drfelixchavarriacirugiaplastica/","en","https://clinicabelba.com/en/drfelixchavarriacirugiaplastica/","x-default","https://clinicabelba.com/drfelixchavarriacirugiaplastica/","","","","","Indexable",""
"https://clinicabelba.com/de/dr-felix-chavarria-plastische-chirurgie/","Dr. Félix Chavarría, Plastischer Chirurg | Klinik Belba","17","es-ES","https://clinicabelba.com/drfelixchavarriacirugiaplastica/","ru-RU","https://clinicabelba.com/ru/дрфеликсчаварриацируджиапластика/","uk","https://clinicabelba.com/uk/drfelixchavarriacirugiaplastica/","de-DE","https://clinicabelba.com/de/dr-felix-chavarria-plastische-chirurgie/","it-IT","https://clinicabelba.com/it/dr-felix-chavarria-chirurgia-plastica/","nl-NL","https://clinicabelba.com/nl/drfelixchavarriacirugiaplastica/","ca","https://clinicabelba.com/ca/drfelixchavarriacirugiaplastica/","fr-FR","https://clinicabelba.com/fr/drfelixchavarriacirugiaplastica/","en-US","https://clinicabelba.com/en/drfelixchavarriacirugiaplastica/","es","https://clinicabelba.com/drfelixchavarriacirugiaplastica/","ru","https://clinicabelba.com/ru/дрфеликсчаварриацируджиапластика/","de","https://clinicabelba.com/de/dr-felix-chavarria-plastische-chirurgie/","it","https://clinicabelba.com/it/dr-felix-chavarria-chirurgia-plastica/","nl","https://clinicabelba.com/nl/drfelixchavarriacirugiaplastica/","fr","https://clinicabelba.com/fr/drfelixchavarriacirugiaplastica/","en","https://clinicabelba.com/en/drfelixchavarriacirugiaplastica/","x-default","https://clinicabelba.com/drfelixchavarriacirugiaplastica/","","","","","Indexable",""
"https://clinicabelba.com/ca/drdewevercirugiaplastica/","Dr Mike Dewever | Cirurgia Plàstica | Clínica Belba","17","es-ES","https://clinicabelba.com/drdewevercirugiaplastica/","ru-RU","https://clinicabelba.com/ru/ждрдеверхирургияпластическая/","uk","https://clinicabelba.com/uk/drdeweverпластичнахірургія/","de-DE","https://clinicabelba.com/de/dr-dewever-plastische-chirurgie/","it-IT","https://clinicabelba.com/it/drdeweverchirurgiaplastica/","nl-NL","https://clinicabelba.com/nl/drdeweverplastischechirurgie/","ca","https://clinicabelba.com/ca/drdewevercirugiaplastica/","fr-FR","https://clinicabelba.com/fr/drdeweverplasticsurgery/","en-US","https://clinicabelba.com/en/drdewevercosmeticsurgery/","es","https://clinicabelba.com/drdewevercirugiaplastica/","ru","https://clinicabelba.com/ru/ждрдеверхирургияпластическая/","de","https://clinicabelba.com/de/dr-dewever-plastische-chirurgie/","it","https://clinicabelba.com/it/drdeweverchirurgiaplastica/","nl","https://clinicabelba.com/nl/drdeweverplastischechirurgie/","fr","https://clinicabelba.com/fr/drdeweverplasticsurgery/","en","https://clinicabelba.com/en/drdewevercosmeticsurgery/","x-default","https://clinicabelba.com/drdewevercirugiaplastica/","","","","","Indexable",""
"https://clinicabelba.com/nl/drdeweverplastischechirurgie/","Dr. Mike Dewever | Plastische Chirurgie | Clínica Belba","17","es-ES","https://clinicabelba.com/drdewevercirugiaplastica/","ru-RU","https://clinicabelba.com/ru/ждрдеверхирургияпластическая/","uk","https://clinicabelba.com/uk/drdeweverпластичнахірургія/","de-DE","https://clinicabelba.com/de/dr-dewever-plastische-chirurgie/","it-IT","https://clinicabelba.com/it/drdeweverchirurgiaplastica/","nl-NL","https://clinicabelba.com/nl/drdeweverplastischechirurgie/","ca","https://clinicabelba.com/ca/drdewevercirugiaplastica/","fr-FR","https://clinicabelba.com/fr/drdeweverplasticsurgery/","en-US","https://clinicabelba.com/en/drdewevercosmeticsurgery/","es","https://clinicabelba.com/drdewevercirugiaplastica/","ru","https://clinicabelba.com/ru/ждрдеверхирургияпластическая/","de","https://clinicabelba.com/de/dr-dewever-plastische-chirurgie/","it","https://clinicabelba.com/it/drdeweverchirurgiaplastica/","nl","https://clinicabelba.com/nl/drdeweverplastischechirurgie/","fr","https://clinicabelba.com/fr/drdeweverplasticsurgery/","en","https://clinicabelba.com/en/drdewevercosmeticsurgery/","x-default","https://clinicabelba.com/drdewevercirugiaplastica/","","","","","Indexable",""
"https://clinicabelba.com/de/dr-dewever-plastische-chirurgie/","Dr. Mike Dewever | Plastische Chirurgie | Klinik Belba","17","es-ES","https://clinicabelba.com/drdewevercirugiaplastica/","ru-RU","https://clinicabelba.com/ru/ждрдеверхирургияпластическая/","uk","https://clinicabelba.com/uk/drdeweverпластичнахірургія/","de-DE","https://clinicabelba.com/de/dr-dewever-plastische-chirurgie/","it-IT","https://clinicabelba.com/it/drdeweverchirurgiaplastica/","nl-NL","https://clinicabelba.com/nl/drdeweverplastischechirurgie/","ca","https://clinicabelba.com/ca/drdewevercirugiaplastica/","fr-FR","https://clinicabelba.com/fr/drdeweverplasticsurgery/","en-US","https://clinicabelba.com/en/drdewevercosmeticsurgery/","es","https://clinicabelba.com/drdewevercirugiaplastica/","ru","https://clinicabelba.com/ru/ждрдеверхирургияпластическая/","de","https://clinicabelba.com/de/dr-dewever-plastische-chirurgie/","it","https://clinicabelba.com/it/drdeweverchirurgiaplastica/","nl","https://clinicabelba.com/nl/drdeweverplastischechirurgie/","fr","https://clinicabelba.com/fr/drdeweverplasticsurgery/","en","https://clinicabelba.com/en/drdewevercosmeticsurgery/","x-default","https://clinicabelba.com/drdewevercirugiaplastica/","","","","","Indexable",""
"https://clinicabelba.com/uk/drdeweverпластичнахірургія/","Д-р Майк Девевер | Пластична хірургія | Клініка «Белба»","17","es-ES","https://clinicabelba.com/drdewevercirugiaplastica/","ru-RU","https://clinicabelba.com/ru/ждрдеверхирургияпластическая/","uk","https://clinicabelba.com/uk/drdeweverпластичнахірургія/","de-DE","https://clinicabelba.com/de/dr-dewever-plastische-chirurgie/","it-IT","https://clinicabelba.com/it/drdeweverchirurgiaplastica/","nl-NL","https://clinicabelba.com/nl/drdeweverplastischechirurgie/","ca","https://clinicabelba.com/ca/drdewevercirugiaplastica/","fr-FR","https://clinicabelba.com/fr/drdeweverplasticsurgery/","en-US","https://clinicabelba.com/en/drdewevercosmeticsurgery/","es","https://clinicabelba.com/drdewevercirugiaplastica/","ru","https://clinicabelba.com/ru/ждрдеверхирургияпластическая/","de","https://clinicabelba.com/de/dr-dewever-plastische-chirurgie/","it","https://clinicabelba.com/it/drdeweverchirurgiaplastica/","nl","https://clinicabelba.com/nl/drdeweverplastischechirurgie/","fr","https://clinicabelba.com/fr/drdeweverplasticsurgery/","en","https://clinicabelba.com/en/drdewevercosmeticsurgery/","x-default","https://clinicabelba.com/drdewevercirugiaplastica/","","","","","Indexable",""
"https://clinicabelba.com/it/drdeweverchirurgiaplastica/","Dott. Mike Dewever | Chirurgia Plastica | Clinica Belba","17","es-ES","https://clinicabelba.com/drdewevercirugiaplastica/","ru-RU","https://clinicabelba.com/ru/ждрдеверхирургияпластическая/","uk","https://clinicabelba.com/uk/drdeweverпластичнахірургія/","de-DE","https://clinicabelba.com/de/dr-dewever-plastische-chirurgie/","it-IT","https://clinicabelba.com/it/drdeweverchirurgiaplastica/","nl-NL","https://clinicabelba.com/nl/drdeweverplastischechirurgie/","ca","https://clinicabelba.com/ca/drdewevercirugiaplastica/","fr-FR","https://clinicabelba.com/fr/drdeweverplasticsurgery/","en-US","https://clinicabelba.com/en/drdewevercosmeticsurgery/","es","https://clinicabelba.com/drdewevercirugiaplastica/","ru","https://clinicabelba.com/ru/ждрдеверхирургияпластическая/","de","https://clinicabelba.com/de/dr-dewever-plastische-chirurgie/","it","https://clinicabelba.com/it/drdeweverchirurgiaplastica/","nl","https://clinicabelba.com/nl/drdeweverplastischechirurgie/","fr","https://clinicabelba.com/fr/drdeweverplasticsurgery/","en","https://clinicabelba.com/en/drdewevercosmeticsurgery/","x-default","https://clinicabelba.com/drdewevercirugiaplastica/","","","","","Indexable",""
"https://clinicabelba.com/en/drdewevercosmeticsurgery/","Dr. Mike Dewever | Plastic Surgery | Belba Clinic","17","es-ES","https://clinicabelba.com/drdewevercirugiaplastica/","ru-RU","https://clinicabelba.com/ru/ждрдеверхирургияпластическая/","uk","https://clinicabelba.com/uk/drdeweverпластичнахірургія/","de-DE","https://clinicabelba.com/de/dr-dewever-plastische-chirurgie/","it-IT","https://clinicabelba.com/it/drdeweverchirurgiaplastica/","nl-NL","https://clinicabelba.com/nl/drdeweverplastischechirurgie/","ca","https://clinicabelba.com/ca/drdewevercirugiaplastica/","fr-FR","https://clinicabelba.com/fr/drdeweverplasticsurgery/","en-US","https://clinicabelba.com/en/drdewevercosmeticsurgery/","es","https://clinicabelba.com/drdewevercirugiaplastica/","ru","https://clinicabelba.com/ru/ждрдеверхирургияпластическая/","de","https://clinicabelba.com/de/dr-dewever-plastische-chirurgie/","it","https://clinicabelba.com/it/drdeweverchirurgiaplastica/","nl","https://clinicabelba.com/nl/drdeweverplastischechirurgie/","fr","https://clinicabelba.com/fr/drdeweverplasticsurgery/","en","https://clinicabelba.com/en/drdewevercosmeticsurgery/","x-default","https://clinicabelba.com/drdewevercirugiaplastica/","","","","","Indexable",""
"https://clinicabelba.com/ru/ждрдеверхирургияпластическая/","Доктор Майк Девевер | Пластическая хирургия | Клиника Бельба","17","es-ES","https://clinicabelba.com/drdewevercirugiaplastica/","ru-RU","https://clinicabelba.com/ru/ждрдеверхирургияпластическая/","uk","https://clinicabelba.com/uk/drdeweverпластичнахірургія/","de-DE","https://clinicabelba.com/de/dr-dewever-plastische-chirurgie/","it-IT","https://clinicabelba.com/it/drdeweverchirurgiaplastica/","nl-NL","https://clinicabelba.com/nl/drdeweverplastischechirurgie/","ca","https://clinicabelba.com/ca/drdewevercirugiaplastica/","fr-FR","https://clinicabelba.com/fr/drdeweverplasticsurgery/","en-US","https://clinicabelba.com/en/drdewevercosmeticsurgery/","es","https://clinicabelba.com/drdewevercirugiaplastica/","ru","https://clinicabelba.com/ru/ждрдеверхирургияпластическая/","de","https://clinicabelba.com/de/dr-dewever-plastische-chirurgie/","it","https://clinicabelba.com/it/drdeweverchirurgiaplastica/","nl","https://clinicabelba.com/nl/drdeweverplastischechirurgie/","fr","https://clinicabelba.com/fr/drdeweverplasticsurgery/","en","https://clinicabelba.com/en/drdewevercosmeticsurgery/","x-default","https://clinicabelba.com/drdewevercirugiaplastica/","","","","","Indexable",""
"https://clinicabelba.com/de/blog/2/","Chirurgie- und Ästhetik-Chirurgie-Blog | Clinica Belba","17","es-ES","https://clinicabelba.com/blog/2/","ru-RU","https://clinicabelba.com/ru/блог/2/","uk","https://clinicabelba.com/uk/блог/2/","de-DE","https://clinicabelba.com/de/blog/2/","it-IT","https://clinicabelba.com/it/blog/2/","nl-NL","https://clinicabelba.com/nl/blog/2/","ca","https://clinicabelba.com/ca/bloc/2/","fr-FR","https://clinicabelba.com/fr/blog/2/","en-US","https://clinicabelba.com/en/blog/2/","es","https://clinicabelba.com/blog/2/","ru","https://clinicabelba.com/ru/блог/2/","de","https://clinicabelba.com/de/blog/2/","it","https://clinicabelba.com/it/blog/2/","nl","https://clinicabelba.com/nl/blog/2/","fr","https://clinicabelba.com/fr/blog/2/","en","https://clinicabelba.com/en/blog/2/","x-default","https://clinicabelba.com/blog/2/","","","","","No indexable","Canonicalizada"
"https://clinicabelba.com/de/asimetria-mamaria-cuando-operar/","Asimetría mamaria: por qué un pecho es más grande que el otro","17","es-ES","https://clinicabelba.com/asimetria-mamaria-cuando-operar/","ru-RU","https://clinicabelba.com/ru/asimetria-mamaria-cuando-operar/","uk","https://clinicabelba.com/uk/asimetria-mamaria-cuando-operar/","de-DE","https://clinicabelba.com/de/asimetria-mamaria-cuando-operar/","it-IT","https://clinicabelba.com/it/asimetria-mamaria-cuando-operar/","nl-NL","https://clinicabelba.com/nl/asimetria-mamaria-cuando-operar/","ca","https://clinicabelba.com/ca/asimetria-mamaria-cuando-operar/","fr-FR","https://clinicabelba.com/fr/asimetria-mamaria-cuando-operar/","en-US","https://clinicabelba.com/en/asimetria-mamaria-cuando-operar/","es","https://clinicabelba.com/asimetria-mamaria-cuando-operar/","ru","https://clinicabelba.com/ru/asimetria-mamaria-cuando-operar/","de","https://clinicabelba.com/de/asimetria-mamaria-cuando-operar/","it","https://clinicabelba.com/it/asimetria-mamaria-cuando-operar/","nl","https://clinicabelba.com/nl/asimetria-mamaria-cuando-operar/","fr","https://clinicabelba.com/fr/asimetria-mamaria-cuando-operar/","en","https://clinicabelba.com/en/asimetria-mamaria-cuando-operar/","x-default","https://clinicabelba.com/asimetria-mamaria-cuando-operar/","","","","","Indexable",""
"https://clinicabelba.com/de/blog/3/","Chirurgie- und Ästhetik-Chirurgie-Blog | Clinica Belba","17","es-ES","https://clinicabelba.com/blog/3/","ru-RU","https://clinicabelba.com/ru/блог/3/","uk","https://clinicabelba.com/uk/блог/3/","de-DE","https://clinicabelba.com/de/blog/3/","it-IT","https://clinicabelba.com/it/blog/3/","nl-NL","https://clinicabelba.com/nl/blog/3/","ca","https://clinicabelba.com/ca/bloc/3/","fr-FR","https://clinicabelba.com/fr/blog/3/","en-US","https://clinicabelba.com/en/blog/3/","es","https://clinicabelba.com/blog/3/","ru","https://clinicabelba.com/ru/блог/3/","de","https://clinicabelba.com/de/blog/3/","it","https://clinicabelba.com/it/blog/3/","nl","https://clinicabelba.com/nl/blog/3/","fr","https://clinicabelba.com/fr/blog/3/","en","https://clinicabelba.com/en/blog/3/","x-default","https://clinicabelba.com/blog/3/","","","","","No indexable","Canonicalizada"
"https://clinicabelba.com/de/blog/4/","Chirurgie- und Ästhetik-Chirurgie-Blog | Clinica Belba","17","es-ES","https://clinicabelba.com/blog/4/","ru-RU","https://clinicabelba.com/ru/блог/4/","uk","https://clinicabelba.com/uk/блог/4/","de-DE","https://clinicabelba.com/de/blog/4/","it-IT","https://clinicabelba.com/it/blog/4/","nl-NL","https://clinicabelba.com/nl/blog/4/","ca","https://clinicabelba.com/ca/bloc/4/","fr-FR","https://clinicabelba.com/fr/blog/4/","en-US","https://clinicabelba.com/en/blog/4/","es","https://clinicabelba.com/blog/4/","ru","https://clinicabelba.com/ru/блог/4/","de","https://clinicabelba.com/de/blog/4/","it","https://clinicabelba.com/it/blog/4/","nl","https://clinicabelba.com/nl/blog/4/","fr","https://clinicabelba.com/fr/blog/4/","en","https://clinicabelba.com/en/blog/4/","x-default","https://clinicabelba.com/blog/4/","","","","","No indexable","Canonicalizada"
"https://clinicabelba.com/de/cicatriz-cesarea-correccion/","Cicatriz de cesárea: por qué se abulta y qué hacer | Clinica Belba","17","es-ES","https://clinicabelba.com/cicatriz-cesarea-correccion/","ru-RU","https://clinicabelba.com/ru/cicatriz-cesarea-correccion/","uk","https://clinicabelba.com/uk/cicatriz-cesarea-correccion/","de-DE","https://clinicabelba.com/de/cicatriz-cesarea-correccion/","it-IT","https://clinicabelba.com/it/cicatriz-cesarea-correccion/","nl-NL","https://clinicabelba.com/nl/cicatriz-cesarea-correccion/","ca","https://clinicabelba.com/ca/cicatriz-cesarea-correccion/","fr-FR","https://clinicabelba.com/fr/cicatriz-cesarea-correccion/","en-US","https://clinicabelba.com/en/cicatriz-cesarea-correccion/","es","https://clinicabelba.com/cicatriz-cesarea-correccion/","ru","https://clinicabelba.com/ru/cicatriz-cesarea-correccion/","de","https://clinicabelba.com/de/cicatriz-cesarea-correccion/","it","https://clinicabelba.com/it/cicatriz-cesarea-correccion/","nl","https://clinicabelba.com/nl/cicatriz-cesarea-correccion/","fr","https://clinicabelba.com/fr/cicatriz-cesarea-correccion/","en","https://clinicabelba.com/en/cicatriz-cesarea-correccion/","x-default","https://clinicabelba.com/cicatriz-cesarea-correccion/","","","","","Indexable",""
"https://clinicabelba.com/de/blog/9/","Chirurgie- und Ästhetik-Chirurgie-Blog | Clinica Belba","17","es-ES","https://clinicabelba.com/blog/9/","ru-RU","https://clinicabelba.com/ru/блог/9/","uk","https://clinicabelba.com/uk/блог/9/","de-DE","https://clinicabelba.com/de/blog/9/","it-IT","https://clinicabelba.com/it/blog/9/","nl-NL","https://clinicabelba.com/nl/blog/9/","ca","https://clinicabelba.com/ca/bloc/9/","fr-FR","https://clinicabelba.com/fr/blog/9/","en-US","https://clinicabelba.com/en/blog/9/","es","https://clinicabelba.com/blog/9/","ru","https://clinicabelba.com/ru/блог/9/","de","https://clinicabelba.com/de/blog/9/","it","https://clinicabelba.com/it/blog/9/","nl","https://clinicabelba.com/nl/blog/9/","fr","https://clinicabelba.com/fr/blog/9/","en","https://clinicabelba.com/en/blog/9/","x-default","https://clinicabelba.com/blog/9/","","","","","No indexable","Canonicalizada"
"https://clinicabelba.com/de/blog/6/","Chirurgie- und Ästhetik-Chirurgie-Blog | Clinica Belba","17","es-ES","https://clinicabelba.com/blog/6/","ru-RU","https://clinicabelba.com/ru/блог/6/","uk","https://clinicabelba.com/uk/блог/6/","de-DE","https://clinicabelba.com/de/blog/6/","it-IT","https://clinicabelba.com/it/blog/6/","nl-NL","https://clinicabelba.com/nl/blog/6/","ca","https://clinicabelba.com/ca/bloc/6/","fr-FR","https://clinicabelba.com/fr/blog/6/","en-US","https://clinicabelba.com/en/blog/6/","es","https://clinicabelba.com/blog/6/","ru","https://clinicabelba.com/ru/блог/6/","de","https://clinicabelba.com/de/blog/6/","it","https://clinicabelba.com/it/blog/6/","nl","https://clinicabelba.com/nl/blog/6/","fr","https://clinicabelba.com/fr/blog/6/","en","https://clinicabelba.com/en/blog/6/","x-default","https://clinicabelba.com/blog/6/","","","","","No indexable","Canonicalizada"
"https://clinicabelba.com/de/lipovaser-was-ist/","Lipovaser: Was es ist und wie es funktioniert | Klinik Belba","17","es-ES","https://clinicabelba.com/lipovaser-que-es/","ru-RU","https://clinicabelba.com/ru/липосер-что-это/","uk","https://clinicabelba.com/uk/що-таке-lipovaser/","de-DE","https://clinicabelba.com/de/lipovaser-was-ist/","it-IT","https://clinicabelba.com/it/la-lipovaser-e-una-tecnica-di-liposuzione-assistita-da-ultrasuoni-che-utilizza-onde-ultrasoniche-per-sciogliere-il-grasso-prima-della-sua-rimozione/","nl-NL","https://clinicabelba.com/nl/lipovaser-wat-is-dat/","ca","https://clinicabelba.com/ca/lipovaser-que-es/","fr-FR","https://clinicabelba.com/fr/lipovaser-que-es/","en-US","https://clinicabelba.com/en/lipovaser-what-is-it/","es","https://clinicabelba.com/lipovaser-que-es/","ru","https://clinicabelba.com/ru/липосер-что-это/","de","https://clinicabelba.com/de/lipovaser-was-ist/","it","https://clinicabelba.com/it/la-lipovaser-e-una-tecnica-di-liposuzione-assistita-da-ultrasuoni-che-utilizza-onde-ultrasoniche-per-sciogliere-il-grasso-prima-della-sua-rimozione/","nl","https://clinicabelba.com/nl/lipovaser-wat-is-dat/","fr","https://clinicabelba.com/fr/lipovaser-que-es/","en","https://clinicabelba.com/en/lipovaser-what-is-it/","x-default","https://clinicabelba.com/lipovaser-que-es/","","","","","Indexable",""
"https://clinicabelba.com/de/pezones-invertidos-correccion/","Pezón invertido: causas, grados y cómo corregirlo | Clinica Belba","17","es-ES","https://clinicabelba.com/pezones-invertidos-correccion/","ru-RU","https://clinicabelba.com/ru/pezones-invertidos-correccion/","uk","https://clinicabelba.com/uk/pezones-invertidos-correccion/","de-DE","https://clinicabelba.com/de/pezones-invertidos-correccion/","it-IT","https://clinicabelba.com/it/pezones-invertidos-correccion/","nl-NL","https://clinicabelba.com/nl/pezones-invertidos-correccion/","ca","https://clinicabelba.com/ca/pezones-invertidos-correccion/","fr-FR","https://clinicabelba.com/fr/pezones-invertidos-correccion/","en-US","https://clinicabelba.com/en/pezones-invertidos-correccion/","es","https://clinicabelba.com/pezones-invertidos-correccion/","ru","https://clinicabelba.com/ru/pezones-invertidos-correccion/","de","https://clinicabelba.com/de/pezones-invertidos-correccion/","it","https://clinicabelba.com/it/pezones-invertidos-correccion/","nl","https://clinicabelba.com/nl/pezones-invertidos-correccion/","fr","https://clinicabelba.com/fr/pezones-invertidos-correccion/","en","https://clinicabelba.com/en/pezones-invertidos-correccion/","x-default","https://clinicabelba.com/pezones-invertidos-correccion/","","","","","Indexable",""
"https://clinicabelba.com/de/blog/10/","Chirurgie- und Ästhetik-Chirurgie-Blog | Clinica Belba","17","es-ES","https://clinicabelba.com/blog/10/","ru-RU","https://clinicabelba.com/ru/блог/10/","uk","https://clinicabelba.com/uk/блог/10/","de-DE","https://clinicabelba.com/de/blog/10/","it-IT","https://clinicabelba.com/it/blog/10/","nl-NL","https://clinicabelba.com/nl/blog/10/","ca","https://clinicabelba.com/ca/bloc/10/","fr-FR","https://clinicabelba.com/fr/blog/10/","en-US","https://clinicabelba.com/en/blog/10/","es","https://clinicabelba.com/blog/10/","ru","https://clinicabelba.com/ru/блог/10/","de","https://clinicabelba.com/de/blog/10/","it","https://clinicabelba.com/it/blog/10/","nl","https://clinicabelba.com/nl/blog/10/","fr","https://clinicabelba.com/fr/blog/10/","en","https://clinicabelba.com/en/blog/10/","x-default","https://clinicabelba.com/blog/10/","","","","","No indexable","Canonicalizada"
"https://clinicabelba.com/de/blog/5/","Chirurgie- und Ästhetik-Chirurgie-Blog | Clinica Belba","17","es-ES","https://clinicabelba.com/blog/5/","ru-RU","https://clinicabelba.com/ru/блог/5/","uk","https://clinicabelba.com/uk/блог/5/","de-DE","https://clinicabelba.com/de/blog/5/","it-IT","https://clinicabelba.com/it/blog/5/","nl-NL","https://clinicabelba.com/nl/blog/5/","ca","https://clinicabelba.com/ca/bloc/5/","fr-FR","https://clinicabelba.com/fr/blog/5/","en-US","https://clinicabelba.com/en/blog/5/","es","https://clinicabelba.com/blog/5/","ru","https://clinicabelba.com/ru/блог/5/","de","https://clinicabelba.com/de/blog/5/","it","https://clinicabelba.com/it/blog/5/","nl","https://clinicabelba.com/nl/blog/5/","fr","https://clinicabelba.com/fr/blog/5/","en","https://clinicabelba.com/en/blog/5/","x-default","https://clinicabelba.com/blog/5/","","","","","No indexable","Canonicalizada"
"https://clinicabelba.com/de/blog/7/","Chirurgie- und Ästhetik-Chirurgie-Blog | Clinica Belba","17","es-ES","https://clinicabelba.com/blog/7/","ru-RU","https://clinicabelba.com/ru/блог/7/","uk","https://clinicabelba.com/uk/блог/7/","de-DE","https://clinicabelba.com/de/blog/7/","it-IT","https://clinicabelba.com/it/blog/7/","nl-NL","https://clinicabelba.com/nl/blog/7/","ca","https://clinicabelba.com/ca/bloc/7/","fr-FR","https://clinicabelba.com/fr/blog/7/","en-US","https://clinicabelba.com/en/blog/7/","es","https://clinicabelba.com/blog/7/","ru","https://clinicabelba.com/ru/блог/7/","de","https://clinicabelba.com/de/blog/7/","it","https://clinicabelba.com/it/blog/7/","nl","https://clinicabelba.com/nl/blog/7/","fr","https://clinicabelba.com/fr/blog/7/","en","https://clinicabelba.com/en/blog/7/","x-default","https://clinicabelba.com/blog/7/","","","","","No indexable","Canonicalizada"
"https://clinicabelba.com/de/test-post-2193c672-50fa-4ac0-84bf-874e83e57613-c19602556d950424/","Whales: Giants of the Ocean | Clinica Belba","17","es-ES","https://clinicabelba.com/test-post-2193c672-50fa-4ac0-84bf-874e83e57613-c19602556d950424/","ru-RU","https://clinicabelba.com/ru/test-post-2193c672-50fa-4ac0-84bf-874e83e57613-c19602556d950424/","uk","https://clinicabelba.com/uk/test-post-2193c672-50fa-4ac0-84bf-874e83e57613-c19602556d950424/","de-DE","https://clinicabelba.com/de/test-post-2193c672-50fa-4ac0-84bf-874e83e57613-c19602556d950424/","it-IT","https://clinicabelba.com/it/test-post-2193c672-50fa-4ac0-84bf-874e83e57613-c19602556d950424/","nl-NL","https://clinicabelba.com/nl/test-post-2193c672-50fa-4ac0-84bf-874e83e57613-c19602556d950424/","ca","https://clinicabelba.com/ca/test-post-2193c672-50fa-4ac0-84bf-874e83e57613-c19602556d950424/","fr-FR","https://clinicabelba.com/fr/test-post-2193c672-50fa-4ac0-84bf-874e83e57613-c19602556d950424/","en-US","https://clinicabelba.com/en/test-post-2193c672-50fa-4ac0-84bf-874e83e57613-c19602556d950424/","es","https://clinicabelba.com/test-post-2193c672-50fa-4ac0-84bf-874e83e57613-c19602556d950424/","ru","https://clinicabelba.com/ru/test-post-2193c672-50fa-4ac0-84bf-874e83e57613-c19602556d950424/","de","https://clinicabelba.com/de/test-post-2193c672-50fa-4ac0-84bf-874e83e57613-c19602556d950424/","it","https://clinicabelba.com/it/test-post-2193c672-50fa-4ac0-84bf-874e83e57613-c19602556d950424/","nl","https://clinicabelba.com/nl/test-post-2193c672-50fa-4ac0-84bf-874e83e57613-c19602556d950424/","fr","https://clinicabelba.com/fr/test-post-2193c672-50fa-4ac0-84bf-874e83e57613-c19602556d950424/","en","https://clinicabelba.com/en/test-post-2193c672-50fa-4ac0-84bf-874e83e57613-c19602556d950424/","x-default","https://clinicabelba.com/test-post-2193c672-50fa-4ac0-84bf-874e83e57613-c19602556d950424/","","","","","Indexable",""
"https://clinicabelba.com/de/blog/8/","Chirurgie- und Ästhetik-Chirurgie-Blog | Clinica Belba","17","es-ES","https://clinicabelba.com/blog/8/","ru-RU","https://clinicabelba.com/ru/блог/8/","uk","https://clinicabelba.com/uk/блог/8/","de-DE","https://clinicabelba.com/de/blog/8/","it-IT","https://clinicabelba.com/it/blog/8/","nl-NL","https://clinicabelba.com/nl/blog/8/","ca","https://clinicabelba.com/ca/bloc/8/","fr-FR","https://clinicabelba.com/fr/blog/8/","en-US","https://clinicabelba.com/en/blog/8/","es","https://clinicabelba.com/blog/8/","ru","https://clinicabelba.com/ru/блог/8/","de","https://clinicabelba.com/de/blog/8/","it","https://clinicabelba.com/it/blog/8/","nl","https://clinicabelba.com/nl/blog/8/","fr","https://clinicabelba.com/fr/blog/8/","en","https://clinicabelba.com/en/blog/8/","x-default","https://clinicabelba.com/blog/8/","","","","","No indexable","Canonicalizada"
"https://clinicabelba.com/de/blepharoplastik-ohne-operation/","Was ist die nicht-chirurgische Lidstraffung und wann kann sie funktionieren | Clinica Belba","17","es-ES","https://clinicabelba.com/blefaroplastia-sin-cirugia/","ru-RU","https://clinicabelba.com/ru/блефаропластика-без-хирургического/","uk","https://clinicabelba.com/uk/блефаропластика-без-хірургічного-вт/","de-DE","https://clinicabelba.com/de/blepharoplastik-ohne-operation/","it-IT","https://clinicabelba.com/it/blefaroplastica-non-chirurgica/","nl-NL","https://clinicabelba.com/nl/blefaroplastiek-zonder-chirurgie/","ca","https://clinicabelba.com/ca/blefaroplastia-sense-cirurgia/","fr-FR","https://clinicabelba.com/fr/blepharoplastie-sans-chirurgie/","en-US","https://clinicabelba.com/en/non-surgical-blepharoplasty/","es","https://clinicabelba.com/blefaroplastia-sin-cirugia/","ru","https://clinicabelba.com/ru/блефаропластика-без-хирургического/","de","https://clinicabelba.com/de/blepharoplastik-ohne-operation/","it","https://clinicabelba.com/it/blefaroplastica-non-chirurgica/","nl","https://clinicabelba.com/nl/blefaroplastiek-zonder-chirurgie/","fr","https://clinicabelba.com/fr/blepharoplastie-sans-chirurgie/","en","https://clinicabelba.com/en/non-surgical-blepharoplasty/","x-default","https://clinicabelba.com/blefaroplastia-sin-cirugia/","","","","","Indexable",""
"https://clinicabelba.com/en/test-post-2193c672-50fa-4ac0-84bf-874e83e57613-c19602556d950424/","Whales: Giants of the Ocean | Clinica Belba","17","es-ES","https://clinicabelba.com/test-post-2193c672-50fa-4ac0-84bf-874e83e57613-c19602556d950424/","ru-RU","https://clinicabelba.com/ru/test-post-2193c672-50fa-4ac0-84bf-874e83e57613-c19602556d950424/","uk","https://clinicabelba.com/uk/test-post-2193c672-50fa-4ac0-84bf-874e83e57613-c19602556d950424/","de-DE","https://clinicabelba.com/de/test-post-2193c672-50fa-4ac0-84bf-874e83e57613-c19602556d950424/","it-IT","https://clinicabelba.com/it/test-post-2193c672-50fa-4ac0-84bf-874e83e57613-c19602556d950424/","nl-NL","https://clinicabelba.com/nl/test-post-2193c672-50fa-4ac0-84bf-874e83e57613-c19602556d950424/","ca","https://clinicabelba.com/ca/test-post-2193c672-50fa-4ac0-84bf-874e83e57613-c19602556d950424/","fr-FR","https://clinicabelba.com/fr/test-post-2193c672-50fa-4ac0-84bf-874e83e57613-c19602556d950424/","en-US","https://clinicabelba.com/en/test-post-2193c672-50fa-4ac0-84bf-874e83e57613-c19602556d950424/","es","https://clinicabelba.com/test-post-2193c672-50fa-4ac0-84bf-874e83e57613-c19602556d950424/","ru","https://clinicabelba.com/ru/test-post-2193c672-50fa-4ac0-84bf-874e83e57613-c19602556d950424/","de","https://clinicabelba.com/de/test-post-2193c672-50fa-4ac0-84bf-874e83e57613-c19602556d950424/","it","https://clinicabelba.com/it/test-post-2193c672-50fa-4ac0-84bf-874e83e57613-c19602556d950424/","nl","https://clinicabelba.com/nl/test-post-2193c672-50fa-4ac0-84bf-874e83e57613-c19602556d950424/","fr","https://clinicabelba.com/fr/test-post-2193c672-50fa-4ac0-84bf-874e83e57613-c19602556d950424/","en","https://clinicabelba.com/en/test-post-2193c672-50fa-4ac0-84bf-874e83e57613-c19602556d950424/","x-default","https://clinicabelba.com/test-post-2193c672-50fa-4ac0-84bf-874e83e57613-c19602556d950424/","","","","","Indexable",""
"https://clinicabelba.com/en/cicatriz-cesarea-correccion/","Cicatriz de cesárea: por qué se abulta y qué hacer | Clinica Belba","17","es-ES","https://clinicabelba.com/cicatriz-cesarea-correccion/","ru-RU","https://clinicabelba.com/ru/cicatriz-cesarea-correccion/","uk","https://clinicabelba.com/uk/cicatriz-cesarea-correccion/","de-DE","https://clinicabelba.com/de/cicatriz-cesarea-correccion/","it-IT","https://clinicabelba.com/it/cicatriz-cesarea-correccion/","nl-NL","https://clinicabelba.com/nl/cicatriz-cesarea-correccion/","ca","https://clinicabelba.com/ca/cicatriz-cesarea-correccion/","fr-FR","https://clinicabelba.com/fr/cicatriz-cesarea-correccion/","en-US","https://clinicabelba.com/en/cicatriz-cesarea-correccion/","es","https://clinicabelba.com/cicatriz-cesarea-correccion/","ru","https://clinicabelba.com/ru/cicatriz-cesarea-correccion/","de","https://clinicabelba.com/de/cicatriz-cesarea-correccion/","it","https://clinicabelba.com/it/cicatriz-cesarea-correccion/","nl","https://clinicabelba.com/nl/cicatriz-cesarea-correccion/","fr","https://clinicabelba.com/fr/cicatriz-cesarea-correccion/","en","https://clinicabelba.com/en/cicatriz-cesarea-correccion/","x-default","https://clinicabelba.com/cicatriz-cesarea-correccion/","","","","","Indexable",""
"https://clinicabelba.com/en/asimetria-mamaria-cuando-operar/","Asimetría mamaria: por qué un pecho es más grande que el otro","17","es-ES","https://clinicabelba.com/asimetria-mamaria-cuando-operar/","ru-RU","https://clinicabelba.com/ru/asimetria-mamaria-cuando-operar/","uk","https://clinicabelba.com/uk/asimetria-mamaria-cuando-operar/","de-DE","https://clinicabelba.com/de/asimetria-mamaria-cuando-operar/","it-IT","https://clinicabelba.com/it/asimetria-mamaria-cuando-operar/","nl-NL","https://clinicabelba.com/nl/asimetria-mamaria-cuando-operar/","ca","https://clinicabelba.com/ca/asimetria-mamaria-cuando-operar/","fr-FR","https://clinicabelba.com/fr/asimetria-mamaria-cuando-operar/","en-US","https://clinicabelba.com/en/asimetria-mamaria-cuando-operar/","es","https://clinicabelba.com/asimetria-mamaria-cuando-operar/","ru","https://clinicabelba.com/ru/asimetria-mamaria-cuando-operar/","de","https://clinicabelba.com/de/asimetria-mamaria-cuando-operar/","it","https://clinicabelba.com/it/asimetria-mamaria-cuando-operar/","nl","https://clinicabelba.com/nl/asimetria-mamaria-cuando-operar/","fr","https://clinicabelba.com/fr/asimetria-mamaria-cuando-operar/","en","https://clinicabelba.com/en/asimetria-mamaria-cuando-operar/","x-default","https://clinicabelba.com/asimetria-mamaria-cuando-operar/","","","","","Indexable",""
"https://clinicabelba.com/en/non-surgical-blepharoplasty/","What is non-surgical blepharoplasty and when can it work | Clinica Belba","17","es-ES","https://clinicabelba.com/blefaroplastia-sin-cirugia/","ru-RU","https://clinicabelba.com/ru/блефаропластика-без-хирургического/","uk","https://clinicabelba.com/uk/блефаропластика-без-хірургічного-вт/","de-DE","https://clinicabelba.com/de/blepharoplastik-ohne-operation/","it-IT","https://clinicabelba.com/it/blefaroplastica-non-chirurgica/","nl-NL","https://clinicabelba.com/nl/blefaroplastiek-zonder-chirurgie/","ca","https://clinicabelba.com/ca/blefaroplastia-sense-cirurgia/","fr-FR","https://clinicabelba.com/fr/blepharoplastie-sans-chirurgie/","en-US","https://clinicabelba.com/en/non-surgical-blepharoplasty/","es","https://clinicabelba.com/blefaroplastia-sin-cirugia/","ru","https://clinicabelba.com/ru/блефаропластика-без-хирургического/","de","https://clinicabelba.com/de/blepharoplastik-ohne-operation/","it","https://clinicabelba.com/it/blefaroplastica-non-chirurgica/","nl","https://clinicabelba.com/nl/blefaroplastiek-zonder-chirurgie/","fr","https://clinicabelba.com/fr/blepharoplastie-sans-chirurgie/","en","https://clinicabelba.com/en/non-surgical-blepharoplasty/","x-default","https://clinicabelba.com/blefaroplastia-sin-cirugia/","","","","","Indexable",""
"https://clinicabelba.com/en/pezones-invertidos-correccion/","Pezón invertido: causas, grados y cómo corregirlo | Clinica Belba","17","es-ES","https://clinicabelba.com/pezones-invertidos-correccion/","ru-RU","https://clinicabelba.com/ru/pezones-invertidos-correccion/","uk","https://clinicabelba.com/uk/pezones-invertidos-correccion/","de-DE","https://clinicabelba.com/de/pezones-invertidos-correccion/","it-IT","https://clinicabelba.com/it/pezones-invertidos-correccion/","nl-NL","https://clinicabelba.com/nl/pezones-invertidos-correccion/","ca","https://clinicabelba.com/ca/pezones-invertidos-correccion/","fr-FR","https://clinicabelba.com/fr/pezones-invertidos-correccion/","en-US","https://clinicabelba.com/en/pezones-invertidos-correccion/","es","https://clinicabelba.com/pezones-invertidos-correccion/","ru","https://clinicabelba.com/ru/pezones-invertidos-correccion/","de","https://clinicabelba.com/de/pezones-invertidos-correccion/","it","https://clinicabelba.com/it/pezones-invertidos-correccion/","nl","https://clinicabelba.com/nl/pezones-invertidos-correccion/","fr","https://clinicabelba.com/fr/pezones-invertidos-correccion/","en","https://clinicabelba.com/en/pezones-invertidos-correccion/","x-default","https://clinicabelba.com/pezones-invertidos-correccion/","","","","","Indexable",""
"https://clinicabelba.com/en/blog/4/","Plastic and Aesthetic Surgery Blog | Belba Clinic","17","es-ES","https://clinicabelba.com/blog/4/","ru-RU","https://clinicabelba.com/ru/блог/4/","uk","https://clinicabelba.com/uk/блог/4/","de-DE","https://clinicabelba.com/de/blog/4/","it-IT","https://clinicabelba.com/it/blog/4/","nl-NL","https://clinicabelba.com/nl/blog/4/","ca","https://clinicabelba.com/ca/bloc/4/","fr-FR","https://clinicabelba.com/fr/blog/4/","en-US","https://clinicabelba.com/en/blog/4/","es","https://clinicabelba.com/blog/4/","ru","https://clinicabelba.com/ru/блог/4/","de","https://clinicabelba.com/de/blog/4/","it","https://clinicabelba.com/it/blog/4/","nl","https://clinicabelba.com/nl/blog/4/","fr","https://clinicabelba.com/fr/blog/4/","en","https://clinicabelba.com/en/blog/4/","x-default","https://clinicabelba.com/blog/4/","","","","","No indexable","Canonicalizada"
"https://clinicabelba.com/en/blog/3/","Plastic and Aesthetic Surgery Blog | Belba Clinic","17","es-ES","https://clinicabelba.com/blog/3/","ru-RU","https://clinicabelba.com/ru/блог/3/","uk","https://clinicabelba.com/uk/блог/3/","de-DE","https://clinicabelba.com/de/blog/3/","it-IT","https://clinicabelba.com/it/blog/3/","nl-NL","https://clinicabelba.com/nl/blog/3/","ca","https://clinicabelba.com/ca/bloc/3/","fr-FR","https://clinicabelba.com/fr/blog/3/","en-US","https://clinicabelba.com/en/blog/3/","es","https://clinicabelba.com/blog/3/","ru","https://clinicabelba.com/ru/блог/3/","de","https://clinicabelba.com/de/blog/3/","it","https://clinicabelba.com/it/blog/3/","nl","https://clinicabelba.com/nl/blog/3/","fr","https://clinicabelba.com/fr/blog/3/","en","https://clinicabelba.com/en/blog/3/","x-default","https://clinicabelba.com/blog/3/","","","","","No indexable","Canonicalizada"
"https://clinicabelba.com/en/blog/2/","Plastic and Aesthetic Surgery Blog | Belba Clinic","17","es-ES","https://clinicabelba.com/blog/2/","ru-RU","https://clinicabelba.com/ru/блог/2/","uk","https://clinicabelba.com/uk/блог/2/","de-DE","https://clinicabelba.com/de/blog/2/","it-IT","https://clinicabelba.com/it/blog/2/","nl-NL","https://clinicabelba.com/nl/blog/2/","ca","https://clinicabelba.com/ca/bloc/2/","fr-FR","https://clinicabelba.com/fr/blog/2/","en-US","https://clinicabelba.com/en/blog/2/","es","https://clinicabelba.com/blog/2/","ru","https://clinicabelba.com/ru/блог/2/","de","https://clinicabelba.com/de/blog/2/","it","https://clinicabelba.com/it/blog/2/","nl","https://clinicabelba.com/nl/blog/2/","fr","https://clinicabelba.com/fr/blog/2/","en","https://clinicabelba.com/en/blog/2/","x-default","https://clinicabelba.com/blog/2/","","","","","No indexable","Canonicalizada"
"https://clinicabelba.com/en/blog/8/","Plastic and Aesthetic Surgery Blog | Belba Clinic","17","es-ES","https://clinicabelba.com/blog/8/","ru-RU","https://clinicabelba.com/ru/блог/8/","uk","https://clinicabelba.com/uk/блог/8/","de-DE","https://clinicabelba.com/de/blog/8/","it-IT","https://clinicabelba.com/it/blog/8/","nl-NL","https://clinicabelba.com/nl/blog/8/","ca","https://clinicabelba.com/ca/bloc/8/","fr-FR","https://clinicabelba.com/fr/blog/8/","en-US","https://clinicabelba.com/en/blog/8/","es","https://clinicabelba.com/blog/8/","ru","https://clinicabelba.com/ru/блог/8/","de","https://clinicabelba.com/de/blog/8/","it","https://clinicabelba.com/it/blog/8/","nl","https://clinicabelba.com/nl/blog/8/","fr","https://clinicabelba.com/fr/blog/8/","en","https://clinicabelba.com/en/blog/8/","x-default","https://clinicabelba.com/blog/8/","","","","","No indexable","Canonicalizada"
"https://clinicabelba.com/en/blog/7/","Plastic and Aesthetic Surgery Blog | Belba Clinic","17","es-ES","https://clinicabelba.com/blog/7/","ru-RU","https://clinicabelba.com/ru/блог/7/","uk","https://clinicabelba.com/uk/блог/7/","de-DE","https://clinicabelba.com/de/blog/7/","it-IT","https://clinicabelba.com/it/blog/7/","nl-NL","https://clinicabelba.com/nl/blog/7/","ca","https://clinicabelba.com/ca/bloc/7/","fr-FR","https://clinicabelba.com/fr/blog/7/","en-US","https://clinicabelba.com/en/blog/7/","es","https://clinicabelba.com/blog/7/","ru","https://clinicabelba.com/ru/блог/7/","de","https://clinicabelba.com/de/blog/7/","it","https://clinicabelba.com/it/blog/7/","nl","https://clinicabelba.com/nl/blog/7/","fr","https://clinicabelba.com/fr/blog/7/","en","https://clinicabelba.com/en/blog/7/","x-default","https://clinicabelba.com/blog/7/","","","","","No indexable","Canonicalizada"
"https://clinicabelba.com/en/blog/6/","Plastic and Aesthetic Surgery Blog | Belba Clinic","17","es-ES","https://clinicabelba.com/blog/6/","ru-RU","https://clinicabelba.com/ru/блог/6/","uk","https://clinicabelba.com/uk/блог/6/","de-DE","https://clinicabelba.com/de/blog/6/","it-IT","https://clinicabelba.com/it/blog/6/","nl-NL","https://clinicabelba.com/nl/blog/6/","ca","https://clinicabelba.com/ca/bloc/6/","fr-FR","https://clinicabelba.com/fr/blog/6/","en-US","https://clinicabelba.com/en/blog/6/","es","https://clinicabelba.com/blog/6/","ru","https://clinicabelba.com/ru/блог/6/","de","https://clinicabelba.com/de/blog/6/","it","https://clinicabelba.com/it/blog/6/","nl","https://clinicabelba.com/nl/blog/6/","fr","https://clinicabelba.com/fr/blog/6/","en","https://clinicabelba.com/en/blog/6/","x-default","https://clinicabelba.com/blog/6/","","","","","No indexable","Canonicalizada"
"https://clinicabelba.com/en/blog/5/","Plastic and Aesthetic Surgery Blog | Belba Clinic","17","es-ES","https://clinicabelba.com/blog/5/","ru-RU","https://clinicabelba.com/ru/блог/5/","uk","https://clinicabelba.com/uk/блог/5/","de-DE","https://clinicabelba.com/de/blog/5/","it-IT","https://clinicabelba.com/it/blog/5/","nl-NL","https://clinicabelba.com/nl/blog/5/","ca","https://clinicabelba.com/ca/bloc/5/","fr-FR","https://clinicabelba.com/fr/blog/5/","en-US","https://clinicabelba.com/en/blog/5/","es","https://clinicabelba.com/blog/5/","ru","https://clinicabelba.com/ru/блог/5/","de","https://clinicabelba.com/de/blog/5/","it","https://clinicabelba.com/it/blog/5/","nl","https://clinicabelba.com/nl/blog/5/","fr","https://clinicabelba.com/fr/blog/5/","en","https://clinicabelba.com/en/blog/5/","x-default","https://clinicabelba.com/blog/5/","","","","","No indexable","Canonicalizada"
"https://clinicabelba.com/en/blog/10/","Plastic and Aesthetic Surgery Blog | Belba Clinic","17","es-ES","https://clinicabelba.com/blog/10/","ru-RU","https://clinicabelba.com/ru/блог/10/","uk","https://clinicabelba.com/uk/блог/10/","de-DE","https://clinicabelba.com/de/blog/10/","it-IT","https://clinicabelba.com/it/blog/10/","nl-NL","https://clinicabelba.com/nl/blog/10/","ca","https://clinicabelba.com/ca/bloc/10/","fr-FR","https://clinicabelba.com/fr/blog/10/","en-US","https://clinicabelba.com/en/blog/10/","es","https://clinicabelba.com/blog/10/","ru","https://clinicabelba.com/ru/блог/10/","de","https://clinicabelba.com/de/blog/10/","it","https://clinicabelba.com/it/blog/10/","nl","https://clinicabelba.com/nl/blog/10/","fr","https://clinicabelba.com/fr/blog/10/","en","https://clinicabelba.com/en/blog/10/","x-default","https://clinicabelba.com/blog/10/","","","","","No indexable","Canonicalizada"
"https://clinicabelba.com/en/blog/9/","Plastic and Aesthetic Surgery Blog | Belba Clinic","17","es-ES","https://clinicabelba.com/blog/9/","ru-RU","https://clinicabelba.com/ru/блог/9/","uk","https://clinicabelba.com/uk/блог/9/","de-DE","https://clinicabelba.com/de/blog/9/","it-IT","https://clinicabelba.com/it/blog/9/","nl-NL","https://clinicabelba.com/nl/blog/9/","ca","https://clinicabelba.com/ca/bloc/9/","fr-FR","https://clinicabelba.com/fr/blog/9/","en-US","https://clinicabelba.com/en/blog/9/","es","https://clinicabelba.com/blog/9/","ru","https://clinicabelba.com/ru/блог/9/","de","https://clinicabelba.com/de/blog/9/","it","https://clinicabelba.com/it/blog/9/","nl","https://clinicabelba.com/nl/blog/9/","fr","https://clinicabelba.com/fr/blog/9/","en","https://clinicabelba.com/en/blog/9/","x-default","https://clinicabelba.com/blog/9/","","","","","No indexable","Canonicalizada"
"https://clinicabelba.com/en/lipovaser-what-is-it/","Lipovaser: What It Is and How It Works | Clínica Belba","17","es-ES","https://clinicabelba.com/lipovaser-que-es/","ru-RU","https://clinicabelba.com/ru/липосер-что-это/","uk","https://clinicabelba.com/uk/що-таке-lipovaser/","de-DE","https://clinicabelba.com/de/lipovaser-was-ist/","it-IT","https://clinicabelba.com/it/la-lipovaser-e-una-tecnica-di-liposuzione-assistita-da-ultrasuoni-che-utilizza-onde-ultrasoniche-per-sciogliere-il-grasso-prima-della-sua-rimozione/","nl-NL","https://clinicabelba.com/nl/lipovaser-wat-is-dat/","ca","https://clinicabelba.com/ca/lipovaser-que-es/","fr-FR","https://clinicabelba.com/fr/lipovaser-que-es/","en-US","https://clinicabelba.com/en/lipovaser-what-is-it/","es","https://clinicabelba.com/lipovaser-que-es/","ru","https://clinicabelba.com/ru/липосер-что-это/","de","https://clinicabelba.com/de/lipovaser-was-ist/","it","https://clinicabelba.com/it/la-lipovaser-e-una-tecnica-di-liposuzione-assistita-da-ultrasuoni-che-utilizza-onde-ultrasoniche-per-sciogliere-il-grasso-prima-della-sua-rimozione/","nl","https://clinicabelba.com/nl/lipovaser-wat-is-dat/","fr","https://clinicabelba.com/fr/lipovaser-que-es/","en","https://clinicabelba.com/en/lipovaser-what-is-it/","x-default","https://clinicabelba.com/lipovaser-que-es/","","","","","Indexable",""
"https://clinicabelba.com/ca/bloc/2/","Blog de Cirurgia Plàstica i Estètica | Clínica Belba","17","es-ES","https://clinicabelba.com/blog/2/","ru-RU","https://clinicabelba.com/ru/блог/2/","uk","https://clinicabelba.com/uk/блог/2/","de-DE","https://clinicabelba.com/de/blog/2/","it-IT","https://clinicabelba.com/it/blog/2/","nl-NL","https://clinicabelba.com/nl/blog/2/","ca","https://clinicabelba.com/ca/bloc/2/","fr-FR","https://clinicabelba.com/fr/blog/2/","en-US","https://clinicabelba.com/en/blog/2/","es","https://clinicabelba.com/blog/2/","ru","https://clinicabelba.com/ru/блог/2/","de","https://clinicabelba.com/de/blog/2/","it","https://clinicabelba.com/it/blog/2/","nl","https://clinicabelba.com/nl/blog/2/","fr","https://clinicabelba.com/fr/blog/2/","en","https://clinicabelba.com/en/blog/2/","x-default","https://clinicabelba.com/blog/2/","","","","","No indexable","Canonicalizada"
"https://clinicabelba.com/ca/bloc/4/","Blog de Cirurgia Plàstica i Estètica | Clínica Belba","17","es-ES","https://clinicabelba.com/blog/4/","ru-RU","https://clinicabelba.com/ru/блог/4/","uk","https://clinicabelba.com/uk/блог/4/","de-DE","https://clinicabelba.com/de/blog/4/","it-IT","https://clinicabelba.com/it/blog/4/","nl-NL","https://clinicabelba.com/nl/blog/4/","ca","https://clinicabelba.com/ca/bloc/4/","fr-FR","https://clinicabelba.com/fr/blog/4/","en-US","https://clinicabelba.com/en/blog/4/","es","https://clinicabelba.com/blog/4/","ru","https://clinicabelba.com/ru/блог/4/","de","https://clinicabelba.com/de/blog/4/","it","https://clinicabelba.com/it/blog/4/","nl","https://clinicabelba.com/nl/blog/4/","fr","https://clinicabelba.com/fr/blog/4/","en","https://clinicabelba.com/en/blog/4/","x-default","https://clinicabelba.com/blog/4/","","","","","No indexable","Canonicalizada"
"https://clinicabelba.com/ca/bloc/5/","Blog de Cirurgia Plàstica i Estètica | Clínica Belba","17","es-ES","https://clinicabelba.com/blog/5/","ru-RU","https://clinicabelba.com/ru/блог/5/","uk","https://clinicabelba.com/uk/блог/5/","de-DE","https://clinicabelba.com/de/blog/5/","it-IT","https://clinicabelba.com/it/blog/5/","nl-NL","https://clinicabelba.com/nl/blog/5/","ca","https://clinicabelba.com/ca/bloc/5/","fr-FR","https://clinicabelba.com/fr/blog/5/","en-US","https://clinicabelba.com/en/blog/5/","es","https://clinicabelba.com/blog/5/","ru","https://clinicabelba.com/ru/блог/5/","de","https://clinicabelba.com/de/blog/5/","it","https://clinicabelba.com/it/blog/5/","nl","https://clinicabelba.com/nl/blog/5/","fr","https://clinicabelba.com/fr/blog/5/","en","https://clinicabelba.com/en/blog/5/","x-default","https://clinicabelba.com/blog/5/","","","","","No indexable","Canonicalizada"
"https://clinicabelba.com/ca/bloc/3/","Blog de Cirurgia Plàstica i Estètica | Clínica Belba","17","es-ES","https://clinicabelba.com/blog/3/","ru-RU","https://clinicabelba.com/ru/блог/3/","uk","https://clinicabelba.com/uk/блог/3/","de-DE","https://clinicabelba.com/de/blog/3/","it-IT","https://clinicabelba.com/it/blog/3/","nl-NL","https://clinicabelba.com/nl/blog/3/","ca","https://clinicabelba.com/ca/bloc/3/","fr-FR","https://clinicabelba.com/fr/blog/3/","en-US","https://clinicabelba.com/en/blog/3/","es","https://clinicabelba.com/blog/3/","ru","https://clinicabelba.com/ru/блог/3/","de","https://clinicabelba.com/de/blog/3/","it","https://clinicabelba.com/it/blog/3/","nl","https://clinicabelba.com/nl/blog/3/","fr","https://clinicabelba.com/fr/blog/3/","en","https://clinicabelba.com/en/blog/3/","x-default","https://clinicabelba.com/blog/3/","","","","","No indexable","Canonicalizada"
"https://clinicabelba.com/ca/test-post-2193c672-50fa-4ac0-84bf-874e83e57613-c19602556d950424/","Whales: Giants of the Ocean | Clinica Belba","17","es-ES","https://clinicabelba.com/test-post-2193c672-50fa-4ac0-84bf-874e83e57613-c19602556d950424/","ru-RU","https://clinicabelba.com/ru/test-post-2193c672-50fa-4ac0-84bf-874e83e57613-c19602556d950424/","uk","https://clinicabelba.com/uk/test-post-2193c672-50fa-4ac0-84bf-874e83e57613-c19602556d950424/","de-DE","https://clinicabelba.com/de/test-post-2193c672-50fa-4ac0-84bf-874e83e57613-c19602556d950424/","it-IT","https://clinicabelba.com/it/test-post-2193c672-50fa-4ac0-84bf-874e83e57613-c19602556d950424/","nl-NL","https://clinicabelba.com/nl/test-post-2193c672-50fa-4ac0-84bf-874e83e57613-c19602556d950424/","ca","https://clinicabelba.com/ca/test-post-2193c672-50fa-4ac0-84bf-874e83e57613-c19602556d950424/","fr-FR","https://clinicabelba.com/fr/test-post-2193c672-50fa-4ac0-84bf-874e83e57613-c19602556d950424/","en-US","https://clinicabelba.com/en/test-post-2193c672-50fa-4ac0-84bf-874e83e57613-c19602556d950424/","es","https://clinicabelba.com/test-post-2193c672-50fa-4ac0-84bf-874e83e57613-c19602556d950424/","ru","https://clinicabelba.com/ru/test-post-2193c672-50fa-4ac0-84bf-874e83e57613-c19602556d950424/","de","https://clinicabelba.com/de/test-post-2193c672-50fa-4ac0-84bf-874e83e57613-c19602556d950424/","it","https://clinicabelba.com/it/test-post-2193c672-50fa-4ac0-84bf-874e83e57613-c19602556d950424/","nl","https://clinicabelba.com/nl/test-post-2193c672-50fa-4ac0-84bf-874e83e57613-c19602556d950424/","fr","https://clinicabelba.com/fr/test-post-2193c672-50fa-4ac0-84bf-874e83e57613-c19602556d950424/","en","https://clinicabelba.com/en/test-post-2193c672-50fa-4ac0-84bf-874e83e57613-c19602556d950424/","x-default","https://clinicabelba.com/test-post-2193c672-50fa-4ac0-84bf-874e83e57613-c19602556d950424/","","","","","Indexable",""
"https://clinicabelba.com/ca/bloc/8/","Blog de Cirurgia Plàstica i Estètica | Clínica Belba","17","es-ES","https://clinicabelba.com/blog/8/","ru-RU","https://clinicabelba.com/ru/блог/8/","uk","https://clinicabelba.com/uk/блог/8/","de-DE","https://clinicabelba.com/de/blog/8/","it-IT","https://clinicabelba.com/it/blog/8/","nl-NL","https://clinicabelba.com/nl/blog/8/","ca","https://clinicabelba.com/ca/bloc/8/","fr-FR","https://clinicabelba.com/fr/blog/8/","en-US","https://clinicabelba.com/en/blog/8/","es","https://clinicabelba.com/blog/8/","ru","https://clinicabelba.com/ru/блог/8/","de","https://clinicabelba.com/de/blog/8/","it","https://clinicabelba.com/it/blog/8/","nl","https://clinicabelba.com/nl/blog/8/","fr","https://clinicabelba.com/fr/blog/8/","en","https://clinicabelba.com/en/blog/8/","x-default","https://clinicabelba.com/blog/8/","","","","","No indexable","Canonicalizada"
"https://clinicabelba.com/ca/bloc/9/","Blog de Cirurgia Plàstica i Estètica | Clínica Belba","17","es-ES","https://clinicabelba.com/blog/9/","ru-RU","https://clinicabelba.com/ru/блог/9/","uk","https://clinicabelba.com/uk/блог/9/","de-DE","https://clinicabelba.com/de/blog/9/","it-IT","https://clinicabelba.com/it/blog/9/","nl-NL","https://clinicabelba.com/nl/blog/9/","ca","https://clinicabelba.com/ca/bloc/9/","fr-FR","https://clinicabelba.com/fr/blog/9/","en-US","https://clinicabelba.com/en/blog/9/","es","https://clinicabelba.com/blog/9/","ru","https://clinicabelba.com/ru/блог/9/","de","https://clinicabelba.com/de/blog/9/","it","https://clinicabelba.com/it/blog/9/","nl","https://clinicabelba.com/nl/blog/9/","fr","https://clinicabelba.com/fr/blog/9/","en","https://clinicabelba.com/en/blog/9/","x-default","https://clinicabelba.com/blog/9/","","","","","No indexable","Canonicalizada"
"https://clinicabelba.com/ca/bloc/6/","Blog de Cirurgia Plàstica i Estètica | Clínica Belba","17","es-ES","https://clinicabelba.com/blog/6/","ru-RU","https://clinicabelba.com/ru/блог/6/","uk","https://clinicabelba.com/uk/блог/6/","de-DE","https://clinicabelba.com/de/blog/6/","it-IT","https://clinicabelba.com/it/blog/6/","nl-NL","https://clinicabelba.com/nl/blog/6/","ca","https://clinicabelba.com/ca/bloc/6/","fr-FR","https://clinicabelba.com/fr/blog/6/","en-US","https://clinicabelba.com/en/blog/6/","es","https://clinicabelba.com/blog/6/","ru","https://clinicabelba.com/ru/блог/6/","de","https://clinicabelba.com/de/blog/6/","it","https://clinicabelba.com/it/blog/6/","nl","https://clinicabelba.com/nl/blog/6/","fr","https://clinicabelba.com/fr/blog/6/","en","https://clinicabelba.com/en/blog/6/","x-default","https://clinicabelba.com/blog/6/","","","","","No indexable","Canonicalizada"
"https://clinicabelba.com/ca/asimetria-mamaria-cuando-operar/","Asimetría mamaria: por qué un pecho es más grande que el otro","17","es-ES","https://clinicabelba.com/asimetria-mamaria-cuando-operar/","ru-RU","https://clinicabelba.com/ru/asimetria-mamaria-cuando-operar/","uk","https://clinicabelba.com/uk/asimetria-mamaria-cuando-operar/","de-DE","https://clinicabelba.com/de/asimetria-mamaria-cuando-operar/","it-IT","https://clinicabelba.com/it/asimetria-mamaria-cuando-operar/","nl-NL","https://clinicabelba.com/nl/asimetria-mamaria-cuando-operar/","ca","https://clinicabelba.com/ca/asimetria-mamaria-cuando-operar/","fr-FR","https://clinicabelba.com/fr/asimetria-mamaria-cuando-operar/","en-US","https://clinicabelba.com/en/asimetria-mamaria-cuando-operar/","es","https://clinicabelba.com/asimetria-mamaria-cuando-operar/","ru","https://clinicabelba.com/ru/asimetria-mamaria-cuando-operar/","de","https://clinicabelba.com/de/asimetria-mamaria-cuando-operar/","it","https://clinicabelba.com/it/asimetria-mamaria-cuando-operar/","nl","https://clinicabelba.com/nl/asimetria-mamaria-cuando-operar/","fr","https://clinicabelba.com/fr/asimetria-mamaria-cuando-operar/","en","https://clinicabelba.com/en/asimetria-mamaria-cuando-operar/","x-default","https://clinicabelba.com/asimetria-mamaria-cuando-operar/","","","","","Indexable",""
"https://clinicabelba.com/ca/pezones-invertidos-correccion/","Pezón invertido: causas, grados y cómo corregirlo | Clinica Belba","17","es-ES","https://clinicabelba.com/pezones-invertidos-correccion/","ru-RU","https://clinicabelba.com/ru/pezones-invertidos-correccion/","uk","https://clinicabelba.com/uk/pezones-invertidos-correccion/","de-DE","https://clinicabelba.com/de/pezones-invertidos-correccion/","it-IT","https://clinicabelba.com/it/pezones-invertidos-correccion/","nl-NL","https://clinicabelba.com/nl/pezones-invertidos-correccion/","ca","https://clinicabelba.com/ca/pezones-invertidos-correccion/","fr-FR","https://clinicabelba.com/fr/pezones-invertidos-correccion/","en-US","https://clinicabelba.com/en/pezones-invertidos-correccion/","es","https://clinicabelba.com/pezones-invertidos-correccion/","ru","https://clinicabelba.com/ru/pezones-invertidos-correccion/","de","https://clinicabelba.com/de/pezones-invertidos-correccion/","it","https://clinicabelba.com/it/pezones-invertidos-correccion/","nl","https://clinicabelba.com/nl/pezones-invertidos-correccion/","fr","https://clinicabelba.com/fr/pezones-invertidos-correccion/","en","https://clinicabelba.com/en/pezones-invertidos-correccion/","x-default","https://clinicabelba.com/pezones-invertidos-correccion/","","","","","Indexable",""
"https://clinicabelba.com/ca/bloc/7/","Blog de Cirurgia Plàstica i Estètica | Clínica Belba","17","es-ES","https://clinicabelba.com/blog/7/","ru-RU","https://clinicabelba.com/ru/блог/7/","uk","https://clinicabelba.com/uk/блог/7/","de-DE","https://clinicabelba.com/de/blog/7/","it-IT","https://clinicabelba.com/it/blog/7/","nl-NL","https://clinicabelba.com/nl/blog/7/","ca","https://clinicabelba.com/ca/bloc/7/","fr-FR","https://clinicabelba.com/fr/blog/7/","en-US","https://clinicabelba.com/en/blog/7/","es","https://clinicabelba.com/blog/7/","ru","https://clinicabelba.com/ru/блог/7/","de","https://clinicabelba.com/de/blog/7/","it","https://clinicabelba.com/it/blog/7/","nl","https://clinicabelba.com/nl/blog/7/","fr","https://clinicabelba.com/fr/blog/7/","en","https://clinicabelba.com/en/blog/7/","x-default","https://clinicabelba.com/blog/7/","","","","","No indexable","Canonicalizada"
"https://clinicabelba.com/ca/bloc/10/","Blog de Cirurgia Plàstica i Estètica | Clínica Belba","17","es-ES","https://clinicabelba.com/blog/10/","ru-RU","https://clinicabelba.com/ru/блог/10/","uk","https://clinicabelba.com/uk/блог/10/","de-DE","https://clinicabelba.com/de/blog/10/","it-IT","https://clinicabelba.com/it/blog/10/","nl-NL","https://clinicabelba.com/nl/blog/10/","ca","https://clinicabelba.com/ca/bloc/10/","fr-FR","https://clinicabelba.com/fr/blog/10/","en-US","https://clinicabelba.com/en/blog/10/","es","https://clinicabelba.com/blog/10/","ru","https://clinicabelba.com/ru/блог/10/","de","https://clinicabelba.com/de/blog/10/","it","https://clinicabelba.com/it/blog/10/","nl","https://clinicabelba.com/nl/blog/10/","fr","https://clinicabelba.com/fr/blog/10/","en","https://clinicabelba.com/en/blog/10/","x-default","https://clinicabelba.com/blog/10/","","","","","No indexable","Canonicalizada"
"https://clinicabelba.com/ca/cicatriz-cesarea-correccion/","Cicatriz de cesárea: por qué se abulta y qué hacer | Clinica Belba","17","es-ES","https://clinicabelba.com/cicatriz-cesarea-correccion/","ru-RU","https://clinicabelba.com/ru/cicatriz-cesarea-correccion/","uk","https://clinicabelba.com/uk/cicatriz-cesarea-correccion/","de-DE","https://clinicabelba.com/de/cicatriz-cesarea-correccion/","it-IT","https://clinicabelba.com/it/cicatriz-cesarea-correccion/","nl-NL","https://clinicabelba.com/nl/cicatriz-cesarea-correccion/","ca","https://clinicabelba.com/ca/cicatriz-cesarea-correccion/","fr-FR","https://clinicabelba.com/fr/cicatriz-cesarea-correccion/","en-US","https://clinicabelba.com/en/cicatriz-cesarea-correccion/","es","https://clinicabelba.com/cicatriz-cesarea-correccion/","ru","https://clinicabelba.com/ru/cicatriz-cesarea-correccion/","de","https://clinicabelba.com/de/cicatriz-cesarea-correccion/","it","https://clinicabelba.com/it/cicatriz-cesarea-correccion/","nl","https://clinicabelba.com/nl/cicatriz-cesarea-correccion/","fr","https://clinicabelba.com/fr/cicatriz-cesarea-correccion/","en","https://clinicabelba.com/en/cicatriz-cesarea-correccion/","x-default","https://clinicabelba.com/cicatriz-cesarea-correccion/","","","","","Indexable",""
"https://clinicabelba.com/ca/lipovaser-que-es/","Lipovaser: què és i com funciona | Clínica Belba","17","es-ES","https://clinicabelba.com/lipovaser-que-es/","ru-RU","https://clinicabelba.com/ru/липосер-что-это/","uk","https://clinicabelba.com/uk/що-таке-lipovaser/","de-DE","https://clinicabelba.com/de/lipovaser-was-ist/","it-IT","https://clinicabelba.com/it/la-lipovaser-e-una-tecnica-di-liposuzione-assistita-da-ultrasuoni-che-utilizza-onde-ultrasoniche-per-sciogliere-il-grasso-prima-della-sua-rimozione/","nl-NL","https://clinicabelba.com/nl/lipovaser-wat-is-dat/","ca","https://clinicabelba.com/ca/lipovaser-que-es/","fr-FR","https://clinicabelba.com/fr/lipovaser-que-es/","en-US","https://clinicabelba.com/en/lipovaser-what-is-it/","es","https://clinicabelba.com/lipovaser-que-es/","ru","https://clinicabelba.com/ru/липосер-что-это/","de","https://clinicabelba.com/de/lipovaser-was-ist/","it","https://clinicabelba.com/it/la-lipovaser-e-una-tecnica-di-liposuzione-assistita-da-ultrasuoni-che-utilizza-onde-ultrasoniche-per-sciogliere-il-grasso-prima-della-sua-rimozione/","nl","https://clinicabelba.com/nl/lipovaser-wat-is-dat/","fr","https://clinicabelba.com/fr/lipovaser-que-es/","en","https://clinicabelba.com/en/lipovaser-what-is-it/","x-default","https://clinicabelba.com/lipovaser-que-es/","","","","","Indexable",""
"https://clinicabelba.com/ca/blefaroplastia-sense-cirurgia/","Què és la blefaroplàstia sense cirurgia i quan pot funcionar | Clínica Belba","17","es-ES","https://clinicabelba.com/blefaroplastia-sin-cirugia/","ru-RU","https://clinicabelba.com/ru/блефаропластика-без-хирургического/","uk","https://clinicabelba.com/uk/блефаропластика-без-хірургічного-вт/","de-DE","https://clinicabelba.com/de/blepharoplastik-ohne-operation/","it-IT","https://clinicabelba.com/it/blefaroplastica-non-chirurgica/","nl-NL","https://clinicabelba.com/nl/blefaroplastiek-zonder-chirurgie/","ca","https://clinicabelba.com/ca/blefaroplastia-sense-cirurgia/","fr-FR","https://clinicabelba.com/fr/blepharoplastie-sans-chirurgie/","en-US","https://clinicabelba.com/en/non-surgical-blepharoplasty/","es","https://clinicabelba.com/blefaroplastia-sin-cirugia/","ru","https://clinicabelba.com/ru/блефаропластика-без-хирургического/","de","https://clinicabelba.com/de/blepharoplastik-ohne-operation/","it","https://clinicabelba.com/it/blefaroplastica-non-chirurgica/","nl","https://clinicabelba.com/nl/blefaroplastiek-zonder-chirurgie/","fr","https://clinicabelba.com/fr/blepharoplastie-sans-chirurgie/","en","https://clinicabelba.com/en/non-surgical-blepharoplasty/","x-default","https://clinicabelba.com/blefaroplastia-sin-cirugia/","","","","","Indexable",""
"https://clinicabelba.com/mama-tuberosa-grados-cirugia/","Operación de Mamas tuberosas: grados y como saber si las tengo","0","","","","","","","","","","","","","","","","","","","","","","","","","","","","","","","","","","","","","","","Indexable",""
"https://clinicabelba.com/lipovaser-vs-liposuccion/","Lipovaser vs liposucción: diferencias reales y cuándo compensa","0","","","","","","","","","","","","","","","","","","","","","","","","","","","","","","","","","","","","","","","Indexable",""
"https://clinicabelba.com/rinoplastia-hombre-antes-y-despues-mejorado/","Rinoplastia en hombres: guía completa con antes y después (2026) | Clinica Belba","17","es-ES","https://clinicabelba.com/rinoplastia-hombre-antes-y-despues-mejorado/","ru-RU","https://clinicabelba.com/ru/ринопластика-мужчина-до-и-после-улучш/","uk","https://clinicabelba.com/uk/ринопластика-у-чоловіків-до-і-післ/","de-DE","https://clinicabelba.com/de/rhinoplastik-mann-vorher-und-nachher-verbessert/","it-IT","https://clinicabelba.com/it/rinoplastica-uomo-prima-e-dopo-migliorata/","nl-NL","https://clinicabelba.com/nl/rhinoplastiek-man-voor-en-na-verbeterd/","ca","https://clinicabelba.com/ca/rinoplastia-home-abans-i-despres-millorat/","fr-FR","https://clinicabelba.com/fr/rhinoplastie-homme-avant-et-apres-ameliore/","en-US","https://clinicabelba.com/en/rhinoplasty-male-before-and-after-improved/","es","https://clinicabelba.com/rinoplastia-hombre-antes-y-despues-mejorado/","ru","https://clinicabelba.com/ru/ринопластика-мужчина-до-и-после-улучш/","de","https://clinicabelba.com/de/rhinoplastik-mann-vorher-und-nachher-verbessert/","it","https://clinicabelba.com/it/rinoplastica-uomo-prima-e-dopo-migliorata/","nl","https://clinicabelba.com/nl/rhinoplastiek-man-voor-en-na-verbeterd/","fr","https://clinicabelba.com/fr/rhinoplastie-homme-avant-et-apres-ameliore/","en","https://clinicabelba.com/en/rhinoplasty-male-before-and-after-improved/","x-default","https://clinicabelba.com/rinoplastia-hombre-antes-y-despues-mejorado/","","","","","Indexable",""
"https://clinicabelba.com/labios-vaginales/","Labios vaginales grandes o caídos: cuándo tratarlos","17","es-ES","https://clinicabelba.com/labios-vaginales/","ru-RU","https://clinicabelba.com/ru/лабии-вульвы/","uk","https://clinicabelba.com/uk/статеві-губи/","de-DE","https://clinicabelba.com/de/schamlippen/","it-IT","https://clinicabelba.com/it/labbra-vaginali/","nl-NL","https://clinicabelba.com/nl/labia-minora/","ca","https://clinicabelba.com/ca/llavis-vaginals/","fr-FR","https://clinicabelba.com/fr/levres-vaginales/","en-US","https://clinicabelba.com/en/labia/","es","https://clinicabelba.com/labios-vaginales/","ru","https://clinicabelba.com/ru/лабии-вульвы/","de","https://clinicabelba.com/de/schamlippen/","it","https://clinicabelba.com/it/labbra-vaginali/","nl","https://clinicabelba.com/nl/labia-minora/","fr","https://clinicabelba.com/fr/levres-vaginales/","en","https://clinicabelba.com/en/labia/","x-default","https://clinicabelba.com/labios-vaginales/","","","","","Indexable",""
"https://clinicabelba.com/recuperacion-rinoplastia-semana-a-semana/","Recuperación tras rinoplastia: guía semana a semana [2026]","0","","","","","","","","","","","","","","","","","","","","","","","","","","","","","","","","","","","","","","","Indexable",""
"https://clinicabelba.com/diastasis-abdominal-es-peligroso/","Diástasis abdominal: ¿es peligroso? Riesgos y señales","0","","","","","","","","","","","","","","","","","","","","","","","","","","","","","","","","","","","","","","","Indexable",""
"https://clinicabelba.com/recuperacion-liposuccion-semana-a-semana/","Recuperación liposucción: guía semana a semana [2026]","0","","","","","","","","","","","","","","","","","","","","","","","","","","","","","","","","","","","","","","","Indexable",""
"https://clinicabelba.com/rinoplastia-hombre-antes-y-despues/","Rinoplastia en hombres: todo los que tenes que saber (2026)","0","","","","","","","","","","","","","","","","","","","","","","","","","","","","","","","","","","","","","","","Indexable",""
"https://clinicabelba.com/hipertrofia-labios-menores/","Hipertrofia de labios menores: cuándo valorar una labioplastia","0","","","","","","","","","","","","","","","","","","","","","","","","","","","","","","","","","","","","","","","Indexable",""
"https://clinicabelba.com/bbl-hialuronico-o-protesis-gluteo-cual-elegir/","BBL, ácido hialurónico o prótesis de glúteo: cuál elegir","0","","","","","","","","","","","","","","","","","","","","","","","","","","","","","","","","","","","","","","","Indexable",""
"https://clinicabelba.com/cuanto-dura-una-blefaroplastia/","Cuánto dura una blefaroplastia: cirugía y recuperación","0","","","","","","","","","","","","","","","","","","","","","","","","","","","","","","","","","","","","","","","Indexable",""
"https://clinicabelba.com/merece-la-pena-operarse-el-pecho/","¿Merece la pena operarse el pecho? Pros, contras y precio","0","","","","","","","","","","","","","","","","","","","","","","","","","","","","","","","","","","","","","","","Indexable",""
"https://clinicabelba.com/que-es-bichectomia/","Bichectomía: qué es, en qué consiste y precio","0","","","","","","","","","","","","","","","","","","","","","","","","","","","","","","","","","","","","","","","Indexable",""
"https://clinicabelba.com/lifting-denise-richards/","Lifting de Denise Richards y la estética natural: análisis experto","0","","","","","","","","","","","","","","","","","","","","","","","","","","","","","","","","","","","","","","","Indexable",""
"https://clinicabelba.com/aumento-hibrido-vs-implantes/","Aumento de pecho híbrido vs implantes: diferencias y ventajas ⭐","0","","","","","","","","","","","","","","","","","","","","","","","","","","","","","","","","","","","","","","","Indexable",""
"https://clinicabelba.com/aumento-pecho-150cc/","Aumento pecho 150cc: cuándo favorece y cuándo se queda corto","0","","","","","","","","","","","","","","","","","","","","","","","","","","","","","","","","","","","","","","","Indexable",""
"https://clinicabelba.com/abdominoplastia-recuperacion/","Recuperación de abdominoplastia mes a mes: tiempos y cuidados","0","","","","","","","","","","","","","","","","","","","","","","","","","","","","","","","","","","","","","","","Indexable",""
"https://clinicabelba.com/aumento-pecho-barcelona-elegir-cirujano/","Aumento de pecho: cómo elegir cirujano al mejor cirujano plástico","0","","","","","","","","","","","","","","","","","","","","","","","","","","","","","","","","","","","","","","","Indexable",""
"https://clinicabelba.com/que-es-un-bbl-brazilian-butt-lift/","¿Qué es un BBL? (Brazilian Butt Lift) | Belba Barcelona","0","","","","","","","","","","","","","","","","","","","","","","","","","","","","","","","","","","","","","","","Indexable",""
"https://clinicabelba.com/postoperatorio-lifting-facial-semana-a-semana/","Recuperación del lifting facial: guía semana a semana","0","","","","","","","","","","","","","","","","","","","","","","","","","","","","","","","","","","","","","","","Indexable",""
"https://clinicabelba.com/rinomodelacion-cuanto-dura/","Rinomodelación: cuánto dura y de qué depende ✅","0","","","","","","","","","","","","","","","","","","","","","","","","","","","","","","","","","","","","","","","Indexable",""
"https://clinicabelba.com/precio-abdominoplastia/","Precio de la abdominoplastia: cuánto cuesta y de qué depende","0","","","","","","","","","","","","","","","","","","","","","","","","","","","","","","","","","","","","","","","Indexable",""
"https://clinicabelba.com/mejor-edad-para-aumento-pecho/","Cuál es la mejor edad para un aumento de pecho","0","","","","","","","","","","","","","","","","","","","","","","","","","","","","","","","","","","","","","","","Indexable",""
"https://clinicabelba.com/precio-blefaroplastia/","Precios blefaroplastia: operación de parpados en Barcelona 2026","0","","","","","","","","","","","","","","","","","","","","","","","","","","","","","","","","","","","","","","","Indexable",""
"https://clinicabelba.com/recuperacion-blefaroplastia/","Blefaroplastia recuperación: tiempos, cuidados y resultados","0","","","","","","","","","","","","","","","","","","","","","","","","","","","","","","","","","","","","","","","Indexable",""
"https://clinicabelba.com/tipos-lifting-facial-corporal/","Tipos de lifting ¿Cual es para Ti? Guía completa Facial y Corporal","0","","","","","","","","","","","","","","","","","","","","","","","","","","","","","","","","","","","","","","","Indexable",""
"https://clinicabelba.com/precio-aumento-pecho-barcelona/","Cuánto cuesta un aumento de pecho en Barcelona | Clinica Belba","0","","","","","","","","","","","","","","","","","","","","","","","","","","","","","","","","","","","","","","","Indexable",""
"https://clinicabelba.com/tipos-protesis-pecho-redondas-anatomicas/","Tipos de prótesis de pecho: redondas vs anatómicas","0","","","","","","","","","","","","","","","","","","","","","","","","","","","","","","","","","","","","","","","Indexable",""
"https://clinicabelba.com/cuanto-vale-aumento-pecho-espana/","Cuánto vale un aumento de pecho en España (Precio 2026)✅","0","","","","","","","","","","","","","","","","","","","","","","","","","","","","","","","","","","","","","","","Indexable",""
"https://clinicabelba.com/nl/blog/10/","Chirurgie Blog Plastische en Esthetische | Belba Kliniek","17","es-ES","https://clinicabelba.com/blog/10/","ru-RU","https://clinicabelba.com/ru/блог/10/","uk","https://clinicabelba.com/uk/блог/10/","de-DE","https://clinicabelba.com/de/blog/10/","it-IT","https://clinicabelba.com/it/blog/10/","nl-NL","https://clinicabelba.com/nl/blog/10/","ca","https://clinicabelba.com/ca/bloc/10/","fr-FR","https://clinicabelba.com/fr/blog/10/","en-US","https://clinicabelba.com/en/blog/10/","es","https://clinicabelba.com/blog/10/","ru","https://clinicabelba.com/ru/блог/10/","de","https://clinicabelba.com/de/blog/10/","it","https://clinicabelba.com/it/blog/10/","nl","https://clinicabelba.com/nl/blog/10/","fr","https://clinicabelba.com/fr/blog/10/","en","https://clinicabelba.com/en/blog/10/","x-default","https://clinicabelba.com/blog/10/","","","","","No indexable","Canonicalizada"
"https://clinicabelba.com/nl/test-post-2193c672-50fa-4ac0-84bf-874e83e57613-c19602556d950424/","Whales: Giants of the Ocean | Clinica Belba","17","es-ES","https://clinicabelba.com/test-post-2193c672-50fa-4ac0-84bf-874e83e57613-c19602556d950424/","ru-RU","https://clinicabelba.com/ru/test-post-2193c672-50fa-4ac0-84bf-874e83e57613-c19602556d950424/","uk","https://clinicabelba.com/uk/test-post-2193c672-50fa-4ac0-84bf-874e83e57613-c19602556d950424/","de-DE","https://clinicabelba.com/de/test-post-2193c672-50fa-4ac0-84bf-874e83e57613-c19602556d950424/","it-IT","https://clinicabelba.com/it/test-post-2193c672-50fa-4ac0-84bf-874e83e57613-c19602556d950424/","nl-NL","https://clinicabelba.com/nl/test-post-2193c672-50fa-4ac0-84bf-874e83e57613-c19602556d950424/","ca","https://clinicabelba.com/ca/test-post-2193c672-50fa-4ac0-84bf-874e83e57613-c19602556d950424/","fr-FR","https://clinicabelba.com/fr/test-post-2193c672-50fa-4ac0-84bf-874e83e57613-c19602556d950424/","en-US","https://clinicabelba.com/en/test-post-2193c672-50fa-4ac0-84bf-874e83e57613-c19602556d950424/","es","https://clinicabelba.com/test-post-2193c672-50fa-4ac0-84bf-874e83e57613-c19602556d950424/","ru","https://clinicabelba.com/ru/test-post-2193c672-50fa-4ac0-84bf-874e83e57613-c19602556d950424/","de","https://clinicabelba.com/de/test-post-2193c672-50fa-4ac0-84bf-874e83e57613-c19602556d950424/","it","https://clinicabelba.com/it/test-post-2193c672-50fa-4ac0-84bf-874e83e57613-c19602556d950424/","nl","https://clinicabelba.com/nl/test-post-2193c672-50fa-4ac0-84bf-874e83e57613-c19602556d950424/","fr","https://clinicabelba.com/fr/test-post-2193c672-50fa-4ac0-84bf-874e83e57613-c19602556d950424/","en","https://clinicabelba.com/en/test-post-2193c672-50fa-4ac0-84bf-874e83e57613-c19602556d950424/","x-default","https://clinicabelba.com/test-post-2193c672-50fa-4ac0-84bf-874e83e57613-c19602556d950424/","","","","","Indexable",""
"https://clinicabelba.com/nl/pezones-invertidos-correccion/","Pezón invertido: causas, grados y cómo corregirlo | Clinica Belba","17","es-ES","https://clinicabelba.com/pezones-invertidos-correccion/","ru-RU","https://clinicabelba.com/ru/pezones-invertidos-correccion/","uk","https://clinicabelba.com/uk/pezones-invertidos-correccion/","de-DE","https://clinicabelba.com/de/pezones-invertidos-correccion/","it-IT","https://clinicabelba.com/it/pezones-invertidos-correccion/","nl-NL","https://clinicabelba.com/nl/pezones-invertidos-correccion/","ca","https://clinicabelba.com/ca/pezones-invertidos-correccion/","fr-FR","https://clinicabelba.com/fr/pezones-invertidos-correccion/","en-US","https://clinicabelba.com/en/pezones-invertidos-correccion/","es","https://clinicabelba.com/pezones-invertidos-correccion/","ru","https://clinicabelba.com/ru/pezones-invertidos-correccion/","de","https://clinicabelba.com/de/pezones-invertidos-correccion/","it","https://clinicabelba.com/it/pezones-invertidos-correccion/","nl","https://clinicabelba.com/nl/pezones-invertidos-correccion/","fr","https://clinicabelba.com/fr/pezones-invertidos-correccion/","en","https://clinicabelba.com/en/pezones-invertidos-correccion/","x-default","https://clinicabelba.com/pezones-invertidos-correccion/","","","","","Indexable",""
"https://clinicabelba.com/nl/blog/8/","Chirurgie Blog Plastische en Esthetische | Belba Kliniek","17","es-ES","https://clinicabelba.com/blog/8/","ru-RU","https://clinicabelba.com/ru/блог/8/","uk","https://clinicabelba.com/uk/блог/8/","de-DE","https://clinicabelba.com/de/blog/8/","it-IT","https://clinicabelba.com/it/blog/8/","nl-NL","https://clinicabelba.com/nl/blog/8/","ca","https://clinicabelba.com/ca/bloc/8/","fr-FR","https://clinicabelba.com/fr/blog/8/","en-US","https://clinicabelba.com/en/blog/8/","es","https://clinicabelba.com/blog/8/","ru","https://clinicabelba.com/ru/блог/8/","de","https://clinicabelba.com/de/blog/8/","it","https://clinicabelba.com/it/blog/8/","nl","https://clinicabelba.com/nl/blog/8/","fr","https://clinicabelba.com/fr/blog/8/","en","https://clinicabelba.com/en/blog/8/","x-default","https://clinicabelba.com/blog/8/","","","","","No indexable","Canonicalizada"
"https://clinicabelba.com/nl/blog/9/","Chirurgie Blog Plastische en Esthetische | Belba Kliniek","17","es-ES","https://clinicabelba.com/blog/9/","ru-RU","https://clinicabelba.com/ru/блог/9/","uk","https://clinicabelba.com/uk/блог/9/","de-DE","https://clinicabelba.com/de/blog/9/","it-IT","https://clinicabelba.com/it/blog/9/","nl-NL","https://clinicabelba.com/nl/blog/9/","ca","https://clinicabelba.com/ca/bloc/9/","fr-FR","https://clinicabelba.com/fr/blog/9/","en-US","https://clinicabelba.com/en/blog/9/","es","https://clinicabelba.com/blog/9/","ru","https://clinicabelba.com/ru/блог/9/","de","https://clinicabelba.com/de/blog/9/","it","https://clinicabelba.com/it/blog/9/","nl","https://clinicabelba.com/nl/blog/9/","fr","https://clinicabelba.com/fr/blog/9/","en","https://clinicabelba.com/en/blog/9/","x-default","https://clinicabelba.com/blog/9/","","","","","No indexable","Canonicalizada"
"https://clinicabelba.com/nl/blog/6/","Chirurgie Blog Plastische en Esthetische | Belba Kliniek","17","es-ES","https://clinicabelba.com/blog/6/","ru-RU","https://clinicabelba.com/ru/блог/6/","uk","https://clinicabelba.com/uk/блог/6/","de-DE","https://clinicabelba.com/de/blog/6/","it-IT","https://clinicabelba.com/it/blog/6/","nl-NL","https://clinicabelba.com/nl/blog/6/","ca","https://clinicabelba.com/ca/bloc/6/","fr-FR","https://clinicabelba.com/fr/blog/6/","en-US","https://clinicabelba.com/en/blog/6/","es","https://clinicabelba.com/blog/6/","ru","https://clinicabelba.com/ru/блог/6/","de","https://clinicabelba.com/de/blog/6/","it","https://clinicabelba.com/it/blog/6/","nl","https://clinicabelba.com/nl/blog/6/","fr","https://clinicabelba.com/fr/blog/6/","en","https://clinicabelba.com/en/blog/6/","x-default","https://clinicabelba.com/blog/6/","","","","","No indexable","Canonicalizada"
"https://clinicabelba.com/nl/blog/5/","Chirurgie Blog Plastische en Esthetische | Belba Kliniek","17","es-ES","https://clinicabelba.com/blog/5/","ru-RU","https://clinicabelba.com/ru/блог/5/","uk","https://clinicabelba.com/uk/блог/5/","de-DE","https://clinicabelba.com/de/blog/5/","it-IT","https://clinicabelba.com/it/blog/5/","nl-NL","https://clinicabelba.com/nl/blog/5/","ca","https://clinicabelba.com/ca/bloc/5/","fr-FR","https://clinicabelba.com/fr/blog/5/","en-US","https://clinicabelba.com/en/blog/5/","es","https://clinicabelba.com/blog/5/","ru","https://clinicabelba.com/ru/блог/5/","de","https://clinicabelba.com/de/blog/5/","it","https://clinicabelba.com/it/blog/5/","nl","https://clinicabelba.com/nl/blog/5/","fr","https://clinicabelba.com/fr/blog/5/","en","https://clinicabelba.com/en/blog/5/","x-default","https://clinicabelba.com/blog/5/","","","","","No indexable","Canonicalizada"
"https://clinicabelba.com/nl/blog/7/","Chirurgie Blog Plastische en Esthetische | Belba Kliniek","17","es-ES","https://clinicabelba.com/blog/7/","ru-RU","https://clinicabelba.com/ru/блог/7/","uk","https://clinicabelba.com/uk/блог/7/","de-DE","https://clinicabelba.com/de/blog/7/","it-IT","https://clinicabelba.com/it/blog/7/","nl-NL","https://clinicabelba.com/nl/blog/7/","ca","https://clinicabelba.com/ca/bloc/7/","fr-FR","https://clinicabelba.com/fr/blog/7/","en-US","https://clinicabelba.com/en/blog/7/","es","https://clinicabelba.com/blog/7/","ru","https://clinicabelba.com/ru/блог/7/","de","https://clinicabelba.com/de/blog/7/","it","https://clinicabelba.com/it/blog/7/","nl","https://clinicabelba.com/nl/blog/7/","fr","https://clinicabelba.com/fr/blog/7/","en","https://clinicabelba.com/en/blog/7/","x-default","https://clinicabelba.com/blog/7/","","","","","No indexable","Canonicalizada"
"https://clinicabelba.com/nl/blog/4/","Chirurgie Blog Plastische en Esthetische | Belba Kliniek","17","es-ES","https://clinicabelba.com/blog/4/","ru-RU","https://clinicabelba.com/ru/блог/4/","uk","https://clinicabelba.com/uk/блог/4/","de-DE","https://clinicabelba.com/de/blog/4/","it-IT","https://clinicabelba.com/it/blog/4/","nl-NL","https://clinicabelba.com/nl/blog/4/","ca","https://clinicabelba.com/ca/bloc/4/","fr-FR","https://clinicabelba.com/fr/blog/4/","en-US","https://clinicabelba.com/en/blog/4/","es","https://clinicabelba.com/blog/4/","ru","https://clinicabelba.com/ru/блог/4/","de","https://clinicabelba.com/de/blog/4/","it","https://clinicabelba.com/it/blog/4/","nl","https://clinicabelba.com/nl/blog/4/","fr","https://clinicabelba.com/fr/blog/4/","en","https://clinicabelba.com/en/blog/4/","x-default","https://clinicabelba.com/blog/4/","","","","","No indexable","Canonicalizada"
"https://clinicabelba.com/nl/blog/3/","Chirurgie Blog Plastische en Esthetische | Belba Kliniek","17","es-ES","https://clinicabelba.com/blog/3/","ru-RU","https://clinicabelba.com/ru/блог/3/","uk","https://clinicabelba.com/uk/блог/3/","de-DE","https://clinicabelba.com/de/blog/3/","it-IT","https://clinicabelba.com/it/blog/3/","nl-NL","https://clinicabelba.com/nl/blog/3/","ca","https://clinicabelba.com/ca/bloc/3/","fr-FR","https://clinicabelba.com/fr/blog/3/","en-US","https://clinicabelba.com/en/blog/3/","es","https://clinicabelba.com/blog/3/","ru","https://clinicabelba.com/ru/блог/3/","de","https://clinicabelba.com/de/blog/3/","it","https://clinicabelba.com/it/blog/3/","nl","https://clinicabelba.com/nl/blog/3/","fr","https://clinicabelba.com/fr/blog/3/","en","https://clinicabelba.com/en/blog/3/","x-default","https://clinicabelba.com/blog/3/","","","","","No indexable","Canonicalizada"
"https://clinicabelba.com/nl/blog/2/","Chirurgie Blog Plastische en Esthetische | Belba Kliniek","17","es-ES","https://clinicabelba.com/blog/2/","ru-RU","https://clinicabelba.com/ru/блог/2/","uk","https://clinicabelba.com/uk/блог/2/","de-DE","https://clinicabelba.com/de/blog/2/","it-IT","https://clinicabelba.com/it/blog/2/","nl-NL","https://clinicabelba.com/nl/blog/2/","ca","https://clinicabelba.com/ca/bloc/2/","fr-FR","https://clinicabelba.com/fr/blog/2/","en-US","https://clinicabelba.com/en/blog/2/","es","https://clinicabelba.com/blog/2/","ru","https://clinicabelba.com/ru/блог/2/","de","https://clinicabelba.com/de/blog/2/","it","https://clinicabelba.com/it/blog/2/","nl","https://clinicabelba.com/nl/blog/2/","fr","https://clinicabelba.com/fr/blog/2/","en","https://clinicabelba.com/en/blog/2/","x-default","https://clinicabelba.com/blog/2/","","","","","No indexable","Canonicalizada"
"https://clinicabelba.com/nl/cicatriz-cesarea-correccion/","Cicatriz de cesárea: por qué se abulta y qué hacer | Clinica Belba","17","es-ES","https://clinicabelba.com/cicatriz-cesarea-correccion/","ru-RU","https://clinicabelba.com/ru/cicatriz-cesarea-correccion/","uk","https://clinicabelba.com/uk/cicatriz-cesarea-correccion/","de-DE","https://clinicabelba.com/de/cicatriz-cesarea-correccion/","it-IT","https://clinicabelba.com/it/cicatriz-cesarea-correccion/","nl-NL","https://clinicabelba.com/nl/cicatriz-cesarea-correccion/","ca","https://clinicabelba.com/ca/cicatriz-cesarea-correccion/","fr-FR","https://clinicabelba.com/fr/cicatriz-cesarea-correccion/","en-US","https://clinicabelba.com/en/cicatriz-cesarea-correccion/","es","https://clinicabelba.com/cicatriz-cesarea-correccion/","ru","https://clinicabelba.com/ru/cicatriz-cesarea-correccion/","de","https://clinicabelba.com/de/cicatriz-cesarea-correccion/","it","https://clinicabelba.com/it/cicatriz-cesarea-correccion/","nl","https://clinicabelba.com/nl/cicatriz-cesarea-correccion/","fr","https://clinicabelba.com/fr/cicatriz-cesarea-correccion/","en","https://clinicabelba.com/en/cicatriz-cesarea-correccion/","x-default","https://clinicabelba.com/cicatriz-cesarea-correccion/","","","","","Indexable",""
"https://clinicabelba.com/nl/blefaroplastiek-zonder-chirurgie/","Wat is niet-chirurgische blefaroplastie en wanneer kan het werken | Clinica Belba","17","es-ES","https://clinicabelba.com/blefaroplastia-sin-cirugia/","ru-RU","https://clinicabelba.com/ru/блефаропластика-без-хирургического/","uk","https://clinicabelba.com/uk/блефаропластика-без-хірургічного-вт/","de-DE","https://clinicabelba.com/de/blepharoplastik-ohne-operation/","it-IT","https://clinicabelba.com/it/blefaroplastica-non-chirurgica/","nl-NL","https://clinicabelba.com/nl/blefaroplastiek-zonder-chirurgie/","ca","https://clinicabelba.com/ca/blefaroplastia-sense-cirurgia/","fr-FR","https://clinicabelba.com/fr/blepharoplastie-sans-chirurgie/","en-US","https://clinicabelba.com/en/non-surgical-blepharoplasty/","es","https://clinicabelba.com/blefaroplastia-sin-cirugia/","ru","https://clinicabelba.com/ru/блефаропластика-без-хирургического/","de","https://clinicabelba.com/de/blepharoplastik-ohne-operation/","it","https://clinicabelba.com/it/blefaroplastica-non-chirurgica/","nl","https://clinicabelba.com/nl/blefaroplastiek-zonder-chirurgie/","fr","https://clinicabelba.com/fr/blepharoplastie-sans-chirurgie/","en","https://clinicabelba.com/en/non-surgical-blepharoplasty/","x-default","https://clinicabelba.com/blefaroplastia-sin-cirugia/","","","","","Indexable",""
"https://clinicabelba.com/nl/lipovaser-wat-is-dat/","Lipovaser: wat is het en hoe werkt het | Clínica Belba","17","es-ES","https://clinicabelba.com/lipovaser-que-es/","ru-RU","https://clinicabelba.com/ru/липосер-что-это/","uk","https://clinicabelba.com/uk/що-таке-lipovaser/","de-DE","https://clinicabelba.com/de/lipovaser-was-ist/","it-IT","https://clinicabelba.com/it/la-lipovaser-e-una-tecnica-di-liposuzione-assistita-da-ultrasuoni-che-utilizza-onde-ultrasoniche-per-sciogliere-il-grasso-prima-della-sua-rimozione/","nl-NL","https://clinicabelba.com/nl/lipovaser-wat-is-dat/","ca","https://clinicabelba.com/ca/lipovaser-que-es/","fr-FR","https://clinicabelba.com/fr/lipovaser-que-es/","en-US","https://clinicabelba.com/en/lipovaser-what-is-it/","es","https://clinicabelba.com/lipovaser-que-es/","ru","https://clinicabelba.com/ru/липосер-что-это/","de","https://clinicabelba.com/de/lipovaser-was-ist/","it","https://clinicabelba.com/it/la-lipovaser-e-una-tecnica-di-liposuzione-assistita-da-ultrasuoni-che-utilizza-onde-ultrasoniche-per-sciogliere-il-grasso-prima-della-sua-rimozione/","nl","https://clinicabelba.com/nl/lipovaser-wat-is-dat/","fr","https://clinicabelba.com/fr/lipovaser-que-es/","en","https://clinicabelba.com/en/lipovaser-what-is-it/","x-default","https://clinicabelba.com/lipovaser-que-es/","","","","","Indexable",""
"https://clinicabelba.com/nl/asimetria-mamaria-cuando-operar/","Asimetría mamaria: por qué un pecho es más grande que el otro","17","es-ES","https://clinicabelba.com/asimetria-mamaria-cuando-operar/","ru-RU","https://clinicabelba.com/ru/asimetria-mamaria-cuando-operar/","uk","https://clinicabelba.com/uk/asimetria-mamaria-cuando-operar/","de-DE","https://clinicabelba.com/de/asimetria-mamaria-cuando-operar/","it-IT","https://clinicabelba.com/it/asimetria-mamaria-cuando-operar/","nl-NL","https://clinicabelba.com/nl/asimetria-mamaria-cuando-operar/","ca","https://clinicabelba.com/ca/asimetria-mamaria-cuando-operar/","fr-FR","https://clinicabelba.com/fr/asimetria-mamaria-cuando-operar/","en-US","https://clinicabelba.com/en/asimetria-mamaria-cuando-operar/","es","https://clinicabelba.com/asimetria-mamaria-cuando-operar/","ru","https://clinicabelba.com/ru/asimetria-mamaria-cuando-operar/","de","https://clinicabelba.com/de/asimetria-mamaria-cuando-operar/","it","https://clinicabelba.com/it/asimetria-mamaria-cuando-operar/","nl","https://clinicabelba.com/nl/asimetria-mamaria-cuando-operar/","fr","https://clinicabelba.com/fr/asimetria-mamaria-cuando-operar/","en","https://clinicabelba.com/en/asimetria-mamaria-cuando-operar/","x-default","https://clinicabelba.com/asimetria-mamaria-cuando-operar/","","","","","Indexable",""
"https://clinicabelba.com/como-elegir-cirujano-plastico/","Consejos para escoger un cirujano: claves para acertar","0","","","","","","","","","","","","","","","","","","","","","","","","","","","","","","","","","","","","","","","Indexable",""
"https://clinicabelba.com/labios-vaginales-que-son-tipos-cuidados-y-cuando-consultar/","Labios vaginales: tipos, cuidados y cuándo consultar","17","es-ES","https://clinicabelba.com/labios-vaginales-que-son-tipos-cuidados-y-cuando-consultar/","ru-RU","https://clinicabelba.com/ru/половой-жизни-являющиеся-типами-уход/","uk","https://clinicabelba.com/uk/статеві-губи-як-доглядати-за-ними-та-ко/","de-DE","https://clinicabelba.com/de/vaginale-lippen-was-sie-sind-arten-pflege-und-wann-ein-arzt-aufgesucht-werden-sollte/","it-IT","https://clinicabelba.com/it/labbra-vaginali-cosa-sono-tipologie-cura-e-quando-consultare-un-medico/","nl-NL","https://clinicabelba.com/nl/labios-vaginales-que-son-tipos-cuidados-y-cuando-consultar/","ca","https://clinicabelba.com/ca/llavis-vaginals-quins-son-tipus-cures-i-quan-consultar/","fr-FR","https://clinicabelba.com/fr/levres-vaginales-quest-ce-que-cest-types-soins-et-quand-consulter/","en-US","https://clinicabelba.com/en/labia-what-they-are-types-care-and-when-to-consult-a-doctor/","es","https://clinicabelba.com/labios-vaginales-que-son-tipos-cuidados-y-cuando-consultar/","ru","https://clinicabelba.com/ru/половой-жизни-являющиеся-типами-уход/","de","https://clinicabelba.com/de/vaginale-lippen-was-sie-sind-arten-pflege-und-wann-ein-arzt-aufgesucht-werden-sollte/","it","https://clinicabelba.com/it/labbra-vaginali-cosa-sono-tipologie-cura-e-quando-consultare-un-medico/","nl","https://clinicabelba.com/nl/labios-vaginales-que-son-tipos-cuidados-y-cuando-consultar/","fr","https://clinicabelba.com/fr/levres-vaginales-quest-ce-que-cest-types-soins-et-quand-consulter/","en","https://clinicabelba.com/en/labia-what-they-are-types-care-and-when-to-consult-a-doctor/","x-default","https://clinicabelba.com/labios-vaginales-que-son-tipos-cuidados-y-cuando-consultar/","","","","","Indexable",""
"https://clinicabelba.com/uk/блог/9/","Блог про пластичну та естетичну хірургію | Клініка «Белба»","17","es-ES","https://clinicabelba.com/blog/9/","ru-RU","https://clinicabelba.com/ru/блог/9/","uk","https://clinicabelba.com/uk/блог/9/","de-DE","https://clinicabelba.com/de/blog/9/","it-IT","https://clinicabelba.com/it/blog/9/","nl-NL","https://clinicabelba.com/nl/blog/9/","ca","https://clinicabelba.com/ca/bloc/9/","fr-FR","https://clinicabelba.com/fr/blog/9/","en-US","https://clinicabelba.com/en/blog/9/","es","https://clinicabelba.com/blog/9/","ru","https://clinicabelba.com/ru/блог/9/","de","https://clinicabelba.com/de/blog/9/","it","https://clinicabelba.com/it/blog/9/","nl","https://clinicabelba.com/nl/blog/9/","fr","https://clinicabelba.com/fr/blog/9/","en","https://clinicabelba.com/en/blog/9/","x-default","https://clinicabelba.com/blog/9/","","","","","No indexable","Canonicalizada"
"https://clinicabelba.com/uk/що-таке-lipovaser/","Lipovaser: що це таке і як працює | Клініка «Белба»","17","es-ES","https://clinicabelba.com/lipovaser-que-es/","ru-RU","https://clinicabelba.com/ru/липосер-что-это/","uk","https://clinicabelba.com/uk/що-таке-lipovaser/","de-DE","https://clinicabelba.com/de/lipovaser-was-ist/","it-IT","https://clinicabelba.com/it/la-lipovaser-e-una-tecnica-di-liposuzione-assistita-da-ultrasuoni-che-utilizza-onde-ultrasoniche-per-sciogliere-il-grasso-prima-della-sua-rimozione/","nl-NL","https://clinicabelba.com/nl/lipovaser-wat-is-dat/","ca","https://clinicabelba.com/ca/lipovaser-que-es/","fr-FR","https://clinicabelba.com/fr/lipovaser-que-es/","en-US","https://clinicabelba.com/en/lipovaser-what-is-it/","es","https://clinicabelba.com/lipovaser-que-es/","ru","https://clinicabelba.com/ru/липосер-что-это/","de","https://clinicabelba.com/de/lipovaser-was-ist/","it","https://clinicabelba.com/it/la-lipovaser-e-una-tecnica-di-liposuzione-assistita-da-ultrasuoni-che-utilizza-onde-ultrasoniche-per-sciogliere-il-grasso-prima-della-sua-rimozione/","nl","https://clinicabelba.com/nl/lipovaser-wat-is-dat/","fr","https://clinicabelba.com/fr/lipovaser-que-es/","en","https://clinicabelba.com/en/lipovaser-what-is-it/","x-default","https://clinicabelba.com/lipovaser-que-es/","","","","","Indexable",""
"https://clinicabelba.com/uk/блог/3/","Блог про пластичну та естетичну хірургію | Клініка «Белба»","17","es-ES","https://clinicabelba.com/blog/3/","ru-RU","https://clinicabelba.com/ru/блог/3/","uk","https://clinicabelba.com/uk/блог/3/","de-DE","https://clinicabelba.com/de/blog/3/","it-IT","https://clinicabelba.com/it/blog/3/","nl-NL","https://clinicabelba.com/nl/blog/3/","ca","https://clinicabelba.com/ca/bloc/3/","fr-FR","https://clinicabelba.com/fr/blog/3/","en-US","https://clinicabelba.com/en/blog/3/","es","https://clinicabelba.com/blog/3/","ru","https://clinicabelba.com/ru/блог/3/","de","https://clinicabelba.com/de/blog/3/","it","https://clinicabelba.com/it/blog/3/","nl","https://clinicabelba.com/nl/blog/3/","fr","https://clinicabelba.com/fr/blog/3/","en","https://clinicabelba.com/en/blog/3/","x-default","https://clinicabelba.com/blog/3/","","","","","No indexable","Canonicalizada"
"https://clinicabelba.com/uk/блог/4/","Блог про пластичну та естетичну хірургію | Клініка «Белба»","17","es-ES","https://clinicabelba.com/blog/4/","ru-RU","https://clinicabelba.com/ru/блог/4/","uk","https://clinicabelba.com/uk/блог/4/","de-DE","https://clinicabelba.com/de/blog/4/","it-IT","https://clinicabelba.com/it/blog/4/","nl-NL","https://clinicabelba.com/nl/blog/4/","ca","https://clinicabelba.com/ca/bloc/4/","fr-FR","https://clinicabelba.com/fr/blog/4/","en-US","https://clinicabelba.com/en/blog/4/","es","https://clinicabelba.com/blog/4/","ru","https://clinicabelba.com/ru/блог/4/","de","https://clinicabelba.com/de/blog/4/","it","https://clinicabelba.com/it/blog/4/","nl","https://clinicabelba.com/nl/blog/4/","fr","https://clinicabelba.com/fr/blog/4/","en","https://clinicabelba.com/en/blog/4/","x-default","https://clinicabelba.com/blog/4/","","","","","No indexable","Canonicalizada"
"https://clinicabelba.com/uk/блог/2/","Блог про пластичну та естетичну хірургію | Клініка «Белба»","17","es-ES","https://clinicabelba.com/blog/2/","ru-RU","https://clinicabelba.com/ru/блог/2/","uk","https://clinicabelba.com/uk/блог/2/","de-DE","https://clinicabelba.com/de/blog/2/","it-IT","https://clinicabelba.com/it/blog/2/","nl-NL","https://clinicabelba.com/nl/blog/2/","ca","https://clinicabelba.com/ca/bloc/2/","fr-FR","https://clinicabelba.com/fr/blog/2/","en-US","https://clinicabelba.com/en/blog/2/","es","https://clinicabelba.com/blog/2/","ru","https://clinicabelba.com/ru/блог/2/","de","https://clinicabelba.com/de/blog/2/","it","https://clinicabelba.com/it/blog/2/","nl","https://clinicabelba.com/nl/blog/2/","fr","https://clinicabelba.com/fr/blog/2/","en","https://clinicabelba.com/en/blog/2/","x-default","https://clinicabelba.com/blog/2/","","","","","No indexable","Canonicalizada"
"https://clinicabelba.com/uk/блог/7/","Блог про пластичну та естетичну хірургію | Клініка «Белба»","17","es-ES","https://clinicabelba.com/blog/7/","ru-RU","https://clinicabelba.com/ru/блог/7/","uk","https://clinicabelba.com/uk/блог/7/","de-DE","https://clinicabelba.com/de/blog/7/","it-IT","https://clinicabelba.com/it/blog/7/","nl-NL","https://clinicabelba.com/nl/blog/7/","ca","https://clinicabelba.com/ca/bloc/7/","fr-FR","https://clinicabelba.com/fr/blog/7/","en-US","https://clinicabelba.com/en/blog/7/","es","https://clinicabelba.com/blog/7/","ru","https://clinicabelba.com/ru/блог/7/","de","https://clinicabelba.com/de/blog/7/","it","https://clinicabelba.com/it/blog/7/","nl","https://clinicabelba.com/nl/blog/7/","fr","https://clinicabelba.com/fr/blog/7/","en","https://clinicabelba.com/en/blog/7/","x-default","https://clinicabelba.com/blog/7/","","","","","No indexable","Canonicalizada"
"https://clinicabelba.com/uk/блог/8/","Блог про пластичну та естетичну хірургію | Клініка «Белба»","17","es-ES","https://clinicabelba.com/blog/8/","ru-RU","https://clinicabelba.com/ru/блог/8/","uk","https://clinicabelba.com/uk/блог/8/","de-DE","https://clinicabelba.com/de/blog/8/","it-IT","https://clinicabelba.com/it/blog/8/","nl-NL","https://clinicabelba.com/nl/blog/8/","ca","https://clinicabelba.com/ca/bloc/8/","fr-FR","https://clinicabelba.com/fr/blog/8/","en-US","https://clinicabelba.com/en/blog/8/","es","https://clinicabelba.com/blog/8/","ru","https://clinicabelba.com/ru/блог/8/","de","https://clinicabelba.com/de/blog/8/","it","https://clinicabelba.com/it/blog/8/","nl","https://clinicabelba.com/nl/blog/8/","fr","https://clinicabelba.com/fr/blog/8/","en","https://clinicabelba.com/en/blog/8/","x-default","https://clinicabelba.com/blog/8/","","","","","No indexable","Canonicalizada"
"https://clinicabelba.com/uk/asimetria-mamaria-cuando-operar/","Asimetría mamaria: por qué un pecho es más grande que el otro","17","es-ES","https://clinicabelba.com/asimetria-mamaria-cuando-operar/","ru-RU","https://clinicabelba.com/ru/asimetria-mamaria-cuando-operar/","uk","https://clinicabelba.com/uk/asimetria-mamaria-cuando-operar/","de-DE","https://clinicabelba.com/de/asimetria-mamaria-cuando-operar/","it-IT","https://clinicabelba.com/it/asimetria-mamaria-cuando-operar/","nl-NL","https://clinicabelba.com/nl/asimetria-mamaria-cuando-operar/","ca","https://clinicabelba.com/ca/asimetria-mamaria-cuando-operar/","fr-FR","https://clinicabelba.com/fr/asimetria-mamaria-cuando-operar/","en-US","https://clinicabelba.com/en/asimetria-mamaria-cuando-operar/","es","https://clinicabelba.com/asimetria-mamaria-cuando-operar/","ru","https://clinicabelba.com/ru/asimetria-mamaria-cuando-operar/","de","https://clinicabelba.com/de/asimetria-mamaria-cuando-operar/","it","https://clinicabelba.com/it/asimetria-mamaria-cuando-operar/","nl","https://clinicabelba.com/nl/asimetria-mamaria-cuando-operar/","fr","https://clinicabelba.com/fr/asimetria-mamaria-cuando-operar/","en","https://clinicabelba.com/en/asimetria-mamaria-cuando-operar/","x-default","https://clinicabelba.com/asimetria-mamaria-cuando-operar/","","","","","Indexable",""
"https://clinicabelba.com/uk/блог/6/","Блог про пластичну та естетичну хірургію | Клініка «Белба»","17","es-ES","https://clinicabelba.com/blog/6/","ru-RU","https://clinicabelba.com/ru/блог/6/","uk","https://clinicabelba.com/uk/блог/6/","de-DE","https://clinicabelba.com/de/blog/6/","it-IT","https://clinicabelba.com/it/blog/6/","nl-NL","https://clinicabelba.com/nl/blog/6/","ca","https://clinicabelba.com/ca/bloc/6/","fr-FR","https://clinicabelba.com/fr/blog/6/","en-US","https://clinicabelba.com/en/blog/6/","es","https://clinicabelba.com/blog/6/","ru","https://clinicabelba.com/ru/блог/6/","de","https://clinicabelba.com/de/blog/6/","it","https://clinicabelba.com/it/blog/6/","nl","https://clinicabelba.com/nl/blog/6/","fr","https://clinicabelba.com/fr/blog/6/","en","https://clinicabelba.com/en/blog/6/","x-default","https://clinicabelba.com/blog/6/","","","","","No indexable","Canonicalizada"
"https://clinicabelba.com/uk/блог/5/","Блог про пластичну та естетичну хірургію | Клініка «Белба»","17","es-ES","https://clinicabelba.com/blog/5/","ru-RU","https://clinicabelba.com/ru/блог/5/","uk","https://clinicabelba.com/uk/блог/5/","de-DE","https://clinicabelba.com/de/blog/5/","it-IT","https://clinicabelba.com/it/blog/5/","nl-NL","https://clinicabelba.com/nl/blog/5/","ca","https://clinicabelba.com/ca/bloc/5/","fr-FR","https://clinicabelba.com/fr/blog/5/","en-US","https://clinicabelba.com/en/blog/5/","es","https://clinicabelba.com/blog/5/","ru","https://clinicabelba.com/ru/блог/5/","de","https://clinicabelba.com/de/blog/5/","it","https://clinicabelba.com/it/blog/5/","nl","https://clinicabelba.com/nl/blog/5/","fr","https://clinicabelba.com/fr/blog/5/","en","https://clinicabelba.com/en/blog/5/","x-default","https://clinicabelba.com/blog/5/","","","","","No indexable","Canonicalizada"
"https://clinicabelba.com/uk/блог/10/","Блог про пластичну та естетичну хірургію | Клініка «Белба»","17","es-ES","https://clinicabelba.com/blog/10/","ru-RU","https://clinicabelba.com/ru/блог/10/","uk","https://clinicabelba.com/uk/блог/10/","de-DE","https://clinicabelba.com/de/blog/10/","it-IT","https://clinicabelba.com/it/blog/10/","nl-NL","https://clinicabelba.com/nl/blog/10/","ca","https://clinicabelba.com/ca/bloc/10/","fr-FR","https://clinicabelba.com/fr/blog/10/","en-US","https://clinicabelba.com/en/blog/10/","es","https://clinicabelba.com/blog/10/","ru","https://clinicabelba.com/ru/блог/10/","de","https://clinicabelba.com/de/blog/10/","it","https://clinicabelba.com/it/blog/10/","nl","https://clinicabelba.com/nl/blog/10/","fr","https://clinicabelba.com/fr/blog/10/","en","https://clinicabelba.com/en/blog/10/","x-default","https://clinicabelba.com/blog/10/","","","","","No indexable","Canonicalizada"
"https://clinicabelba.com/uk/cicatriz-cesarea-correccion/","Cicatriz de cesárea: por qué se abulta y qué hacer | Clinica Belba","17","es-ES","https://clinicabelba.com/cicatriz-cesarea-correccion/","ru-RU","https://clinicabelba.com/ru/cicatriz-cesarea-correccion/","uk","https://clinicabelba.com/uk/cicatriz-cesarea-correccion/","de-DE","https://clinicabelba.com/de/cicatriz-cesarea-correccion/","it-IT","https://clinicabelba.com/it/cicatriz-cesarea-correccion/","nl-NL","https://clinicabelba.com/nl/cicatriz-cesarea-correccion/","ca","https://clinicabelba.com/ca/cicatriz-cesarea-correccion/","fr-FR","https://clinicabelba.com/fr/cicatriz-cesarea-correccion/","en-US","https://clinicabelba.com/en/cicatriz-cesarea-correccion/","es","https://clinicabelba.com/cicatriz-cesarea-correccion/","ru","https://clinicabelba.com/ru/cicatriz-cesarea-correccion/","de","https://clinicabelba.com/de/cicatriz-cesarea-correccion/","it","https://clinicabelba.com/it/cicatriz-cesarea-correccion/","nl","https://clinicabelba.com/nl/cicatriz-cesarea-correccion/","fr","https://clinicabelba.com/fr/cicatriz-cesarea-correccion/","en","https://clinicabelba.com/en/cicatriz-cesarea-correccion/","x-default","https://clinicabelba.com/cicatriz-cesarea-correccion/","","","","","Indexable",""
"https://clinicabelba.com/uk/pezones-invertidos-correccion/","Pezón invertido: causas, grados y cómo corregirlo | Clinica Belba","17","es-ES","https://clinicabelba.com/pezones-invertidos-correccion/","ru-RU","https://clinicabelba.com/ru/pezones-invertidos-correccion/","uk","https://clinicabelba.com/uk/pezones-invertidos-correccion/","de-DE","https://clinicabelba.com/de/pezones-invertidos-correccion/","it-IT","https://clinicabelba.com/it/pezones-invertidos-correccion/","nl-NL","https://clinicabelba.com/nl/pezones-invertidos-correccion/","ca","https://clinicabelba.com/ca/pezones-invertidos-correccion/","fr-FR","https://clinicabelba.com/fr/pezones-invertidos-correccion/","en-US","https://clinicabelba.com/en/pezones-invertidos-correccion/","es","https://clinicabelba.com/pezones-invertidos-correccion/","ru","https://clinicabelba.com/ru/pezones-invertidos-correccion/","de","https://clinicabelba.com/de/pezones-invertidos-correccion/","it","https://clinicabelba.com/it/pezones-invertidos-correccion/","nl","https://clinicabelba.com/nl/pezones-invertidos-correccion/","fr","https://clinicabelba.com/fr/pezones-invertidos-correccion/","en","https://clinicabelba.com/en/pezones-invertidos-correccion/","x-default","https://clinicabelba.com/pezones-invertidos-correccion/","","","","","Indexable",""
"https://clinicabelba.com/uk/test-post-2193c672-50fa-4ac0-84bf-874e83e57613-c19602556d950424/","Whales: Giants of the Ocean | Clinica Belba","17","es-ES","https://clinicabelba.com/test-post-2193c672-50fa-4ac0-84bf-874e83e57613-c19602556d950424/","ru-RU","https://clinicabelba.com/ru/test-post-2193c672-50fa-4ac0-84bf-874e83e57613-c19602556d950424/","uk","https://clinicabelba.com/uk/test-post-2193c672-50fa-4ac0-84bf-874e83e57613-c19602556d950424/","de-DE","https://clinicabelba.com/de/test-post-2193c672-50fa-4ac0-84bf-874e83e57613-c19602556d950424/","it-IT","https://clinicabelba.com/it/test-post-2193c672-50fa-4ac0-84bf-874e83e57613-c19602556d950424/","nl-NL","https://clinicabelba.com/nl/test-post-2193c672-50fa-4ac0-84bf-874e83e57613-c19602556d950424/","ca","https://clinicabelba.com/ca/test-post-2193c672-50fa-4ac0-84bf-874e83e57613-c19602556d950424/","fr-FR","https://clinicabelba.com/fr/test-post-2193c672-50fa-4ac0-84bf-874e83e57613-c19602556d950424/","en-US","https://clinicabelba.com/en/test-post-2193c672-50fa-4ac0-84bf-874e83e57613-c19602556d950424/","es","https://clinicabelba.com/test-post-2193c672-50fa-4ac0-84bf-874e83e57613-c19602556d950424/","ru","https://clinicabelba.com/ru/test-post-2193c672-50fa-4ac0-84bf-874e83e57613-c19602556d950424/","de","https://clinicabelba.com/de/test-post-2193c672-50fa-4ac0-84bf-874e83e57613-c19602556d950424/","it","https://clinicabelba.com/it/test-post-2193c672-50fa-4ac0-84bf-874e83e57613-c19602556d950424/","nl","https://clinicabelba.com/nl/test-post-2193c672-50fa-4ac0-84bf-874e83e57613-c19602556d950424/","fr","https://clinicabelba.com/fr/test-post-2193c672-50fa-4ac0-84bf-874e83e57613-c19602556d950424/","en","https://clinicabelba.com/en/test-post-2193c672-50fa-4ac0-84bf-874e83e57613-c19602556d950424/","x-default","https://clinicabelba.com/test-post-2193c672-50fa-4ac0-84bf-874e83e57613-c19602556d950424/","","","","","Indexable",""
"https://clinicabelba.com/uk/блефаропластика-без-хірургічного-вт/","Що таке нехірургічна блефаропластика і в яких випадках вона може бути ефективною | Клініка «Белба»","17","es-ES","https://clinicabelba.com/blefaroplastia-sin-cirugia/","ru-RU","https://clinicabelba.com/ru/блефаропластика-без-хирургического/","uk","https://clinicabelba.com/uk/блефаропластика-без-хірургічного-вт/","de-DE","https://clinicabelba.com/de/blepharoplastik-ohne-operation/","it-IT","https://clinicabelba.com/it/blefaroplastica-non-chirurgica/","nl-NL","https://clinicabelba.com/nl/blefaroplastiek-zonder-chirurgie/","ca","https://clinicabelba.com/ca/blefaroplastia-sense-cirurgia/","fr-FR","https://clinicabelba.com/fr/blepharoplastie-sans-chirurgie/","en-US","https://clinicabelba.com/en/non-surgical-blepharoplasty/","es","https://clinicabelba.com/blefaroplastia-sin-cirugia/","ru","https://clinicabelba.com/ru/блефаропластика-без-хирургического/","de","https://clinicabelba.com/de/blepharoplastik-ohne-operation/","it","https://clinicabelba.com/it/blefaroplastica-non-chirurgica/","nl","https://clinicabelba.com/nl/blefaroplastiek-zonder-chirurgie/","fr","https://clinicabelba.com/fr/blepharoplastie-sans-chirurgie/","en","https://clinicabelba.com/en/non-surgical-blepharoplasty/","x-default","https://clinicabelba.com/blefaroplastia-sin-cirugia/","","","","","Indexable",""
"https://clinicabelba.com/ru/блог/3/","Блог пластической и эстетической хирургии | Клиника Belba","17","es-ES","https://clinicabelba.com/blog/3/","ru-RU","https://clinicabelba.com/ru/блог/3/","uk","https://clinicabelba.com/uk/блог/3/","de-DE","https://clinicabelba.com/de/blog/3/","it-IT","https://clinicabelba.com/it/blog/3/","nl-NL","https://clinicabelba.com/nl/blog/3/","ca","https://clinicabelba.com/ca/bloc/3/","fr-FR","https://clinicabelba.com/fr/blog/3/","en-US","https://clinicabelba.com/en/blog/3/","es","https://clinicabelba.com/blog/3/","ru","https://clinicabelba.com/ru/блог/3/","de","https://clinicabelba.com/de/blog/3/","it","https://clinicabelba.com/it/blog/3/","nl","https://clinicabelba.com/nl/blog/3/","fr","https://clinicabelba.com/fr/blog/3/","en","https://clinicabelba.com/en/blog/3/","x-default","https://clinicabelba.com/blog/3/","","","","","No indexable","Canonicalizada"
"https://clinicabelba.com/ru/cicatriz-cesarea-correccion/","Cicatriz de cesárea: por qué se abulta y qué hacer | Clinica Belba","17","es-ES","https://clinicabelba.com/cicatriz-cesarea-correccion/","ru-RU","https://clinicabelba.com/ru/cicatriz-cesarea-correccion/","uk","https://clinicabelba.com/uk/cicatriz-cesarea-correccion/","de-DE","https://clinicabelba.com/de/cicatriz-cesarea-correccion/","it-IT","https://clinicabelba.com/it/cicatriz-cesarea-correccion/","nl-NL","https://clinicabelba.com/nl/cicatriz-cesarea-correccion/","ca","https://clinicabelba.com/ca/cicatriz-cesarea-correccion/","fr-FR","https://clinicabelba.com/fr/cicatriz-cesarea-correccion/","en-US","https://clinicabelba.com/en/cicatriz-cesarea-correccion/","es","https://clinicabelba.com/cicatriz-cesarea-correccion/","ru","https://clinicabelba.com/ru/cicatriz-cesarea-correccion/","de","https://clinicabelba.com/de/cicatriz-cesarea-correccion/","it","https://clinicabelba.com/it/cicatriz-cesarea-correccion/","nl","https://clinicabelba.com/nl/cicatriz-cesarea-correccion/","fr","https://clinicabelba.com/fr/cicatriz-cesarea-correccion/","en","https://clinicabelba.com/en/cicatriz-cesarea-correccion/","x-default","https://clinicabelba.com/cicatriz-cesarea-correccion/","","","","","Indexable",""
"https://clinicabelba.com/ru/блог/2/","Блог пластической и эстетической хирургии | Клиника Belba","17","es-ES","https://clinicabelba.com/blog/2/","ru-RU","https://clinicabelba.com/ru/блог/2/","uk","https://clinicabelba.com/uk/блог/2/","de-DE","https://clinicabelba.com/de/blog/2/","it-IT","https://clinicabelba.com/it/blog/2/","nl-NL","https://clinicabelba.com/nl/blog/2/","ca","https://clinicabelba.com/ca/bloc/2/","fr-FR","https://clinicabelba.com/fr/blog/2/","en-US","https://clinicabelba.com/en/blog/2/","es","https://clinicabelba.com/blog/2/","ru","https://clinicabelba.com/ru/блог/2/","de","https://clinicabelba.com/de/blog/2/","it","https://clinicabelba.com/it/blog/2/","nl","https://clinicabelba.com/nl/blog/2/","fr","https://clinicabelba.com/fr/blog/2/","en","https://clinicabelba.com/en/blog/2/","x-default","https://clinicabelba.com/blog/2/","","","","","No indexable","Canonicalizada"
"https://clinicabelba.com/ru/блог/5/","Блог пластической и эстетической хирургии | Клиника Belba","17","es-ES","https://clinicabelba.com/blog/5/","ru-RU","https://clinicabelba.com/ru/блог/5/","uk","https://clinicabelba.com/uk/блог/5/","de-DE","https://clinicabelba.com/de/blog/5/","it-IT","https://clinicabelba.com/it/blog/5/","nl-NL","https://clinicabelba.com/nl/blog/5/","ca","https://clinicabelba.com/ca/bloc/5/","fr-FR","https://clinicabelba.com/fr/blog/5/","en-US","https://clinicabelba.com/en/blog/5/","es","https://clinicabelba.com/blog/5/","ru","https://clinicabelba.com/ru/блог/5/","de","https://clinicabelba.com/de/blog/5/","it","https://clinicabelba.com/it/blog/5/","nl","https://clinicabelba.com/nl/blog/5/","fr","https://clinicabelba.com/fr/blog/5/","en","https://clinicabelba.com/en/blog/5/","x-default","https://clinicabelba.com/blog/5/","","","","","No indexable","Canonicalizada"
"https://clinicabelba.com/ru/asimetria-mamaria-cuando-operar/","Asimetría mamaria: por qué un pecho es más grande que el otro","17","es-ES","https://clinicabelba.com/asimetria-mamaria-cuando-operar/","ru-RU","https://clinicabelba.com/ru/asimetria-mamaria-cuando-operar/","uk","https://clinicabelba.com/uk/asimetria-mamaria-cuando-operar/","de-DE","https://clinicabelba.com/de/asimetria-mamaria-cuando-operar/","it-IT","https://clinicabelba.com/it/asimetria-mamaria-cuando-operar/","nl-NL","https://clinicabelba.com/nl/asimetria-mamaria-cuando-operar/","ca","https://clinicabelba.com/ca/asimetria-mamaria-cuando-operar/","fr-FR","https://clinicabelba.com/fr/asimetria-mamaria-cuando-operar/","en-US","https://clinicabelba.com/en/asimetria-mamaria-cuando-operar/","es","https://clinicabelba.com/asimetria-mamaria-cuando-operar/","ru","https://clinicabelba.com/ru/asimetria-mamaria-cuando-operar/","de","https://clinicabelba.com/de/asimetria-mamaria-cuando-operar/","it","https://clinicabelba.com/it/asimetria-mamaria-cuando-operar/","nl","https://clinicabelba.com/nl/asimetria-mamaria-cuando-operar/","fr","https://clinicabelba.com/fr/asimetria-mamaria-cuando-operar/","en","https://clinicabelba.com/en/asimetria-mamaria-cuando-operar/","x-default","https://clinicabelba.com/asimetria-mamaria-cuando-operar/","","","","","Indexable",""
"https://clinicabelba.com/ru/блог/4/","Блог пластической и эстетической хирургии | Клиника Belba","17","es-ES","https://clinicabelba.com/blog/4/","ru-RU","https://clinicabelba.com/ru/блог/4/","uk","https://clinicabelba.com/uk/блог/4/","de-DE","https://clinicabelba.com/de/blog/4/","it-IT","https://clinicabelba.com/it/blog/4/","nl-NL","https://clinicabelba.com/nl/blog/4/","ca","https://clinicabelba.com/ca/bloc/4/","fr-FR","https://clinicabelba.com/fr/blog/4/","en-US","https://clinicabelba.com/en/blog/4/","es","https://clinicabelba.com/blog/4/","ru","https://clinicabelba.com/ru/блог/4/","de","https://clinicabelba.com/de/blog/4/","it","https://clinicabelba.com/it/blog/4/","nl","https://clinicabelba.com/nl/blog/4/","fr","https://clinicabelba.com/fr/blog/4/","en","https://clinicabelba.com/en/blog/4/","x-default","https://clinicabelba.com/blog/4/","","","","","No indexable","Canonicalizada"
"https://clinicabelba.com/ru/блог/10/","Блог пластической и эстетической хирургии | Клиника Belba","17","es-ES","https://clinicabelba.com/blog/10/","ru-RU","https://clinicabelba.com/ru/блог/10/","uk","https://clinicabelba.com/uk/блог/10/","de-DE","https://clinicabelba.com/de/blog/10/","it-IT","https://clinicabelba.com/it/blog/10/","nl-NL","https://clinicabelba.com/nl/blog/10/","ca","https://clinicabelba.com/ca/bloc/10/","fr-FR","https://clinicabelba.com/fr/blog/10/","en-US","https://clinicabelba.com/en/blog/10/","es","https://clinicabelba.com/blog/10/","ru","https://clinicabelba.com/ru/блог/10/","de","https://clinicabelba.com/de/blog/10/","it","https://clinicabelba.com/it/blog/10/","nl","https://clinicabelba.com/nl/blog/10/","fr","https://clinicabelba.com/fr/blog/10/","en","https://clinicabelba.com/en/blog/10/","x-default","https://clinicabelba.com/blog/10/","","","","","No indexable","Canonicalizada"
"https://clinicabelba.com/ru/блог/7/","Блог пластической и эстетической хирургии | Клиника Belba","17","es-ES","https://clinicabelba.com/blog/7/","ru-RU","https://clinicabelba.com/ru/блог/7/","uk","https://clinicabelba.com/uk/блог/7/","de-DE","https://clinicabelba.com/de/blog/7/","it-IT","https://clinicabelba.com/it/blog/7/","nl-NL","https://clinicabelba.com/nl/blog/7/","ca","https://clinicabelba.com/ca/bloc/7/","fr-FR","https://clinicabelba.com/fr/blog/7/","en-US","https://clinicabelba.com/en/blog/7/","es","https://clinicabelba.com/blog/7/","ru","https://clinicabelba.com/ru/блог/7/","de","https://clinicabelba.com/de/blog/7/","it","https://clinicabelba.com/it/blog/7/","nl","https://clinicabelba.com/nl/blog/7/","fr","https://clinicabelba.com/fr/blog/7/","en","https://clinicabelba.com/en/blog/7/","x-default","https://clinicabelba.com/blog/7/","","","","","No indexable","Canonicalizada"
"https://clinicabelba.com/ru/блог/6/","Блог пластической и эстетической хирургии | Клиника Belba","17","es-ES","https://clinicabelba.com/blog/6/","ru-RU","https://clinicabelba.com/ru/блог/6/","uk","https://clinicabelba.com/uk/блог/6/","de-DE","https://clinicabelba.com/de/blog/6/","it-IT","https://clinicabelba.com/it/blog/6/","nl-NL","https://clinicabelba.com/nl/blog/6/","ca","https://clinicabelba.com/ca/bloc/6/","fr-FR","https://clinicabelba.com/fr/blog/6/","en-US","https://clinicabelba.com/en/blog/6/","es","https://clinicabelba.com/blog/6/","ru","https://clinicabelba.com/ru/блог/6/","de","https://clinicabelba.com/de/blog/6/","it","https://clinicabelba.com/it/blog/6/","nl","https://clinicabelba.com/nl/blog/6/","fr","https://clinicabelba.com/fr/blog/6/","en","https://clinicabelba.com/en/blog/6/","x-default","https://clinicabelba.com/blog/6/","","","","","No indexable","Canonicalizada"
"https://clinicabelba.com/ru/test-post-2193c672-50fa-4ac0-84bf-874e83e57613-c19602556d950424/","Whales: Giants of the Ocean | Clinica Belba","17","es-ES","https://clinicabelba.com/test-post-2193c672-50fa-4ac0-84bf-874e83e57613-c19602556d950424/","ru-RU","https://clinicabelba.com/ru/test-post-2193c672-50fa-4ac0-84bf-874e83e57613-c19602556d950424/","uk","https://clinicabelba.com/uk/test-post-2193c672-50fa-4ac0-84bf-874e83e57613-c19602556d950424/","de-DE","https://clinicabelba.com/de/test-post-2193c672-50fa-4ac0-84bf-874e83e57613-c19602556d950424/","it-IT","https://clinicabelba.com/it/test-post-2193c672-50fa-4ac0-84bf-874e83e57613-c19602556d950424/","nl-NL","https://clinicabelba.com/nl/test-post-2193c672-50fa-4ac0-84bf-874e83e57613-c19602556d950424/","ca","https://clinicabelba.com/ca/test-post-2193c672-50fa-4ac0-84bf-874e83e57613-c19602556d950424/","fr-FR","https://clinicabelba.com/fr/test-post-2193c672-50fa-4ac0-84bf-874e83e57613-c19602556d950424/","en-US","https://clinicabelba.com/en/test-post-2193c672-50fa-4ac0-84bf-874e83e57613-c19602556d950424/","es","https://clinicabelba.com/test-post-2193c672-50fa-4ac0-84bf-874e83e57613-c19602556d950424/","ru","https://clinicabelba.com/ru/test-post-2193c672-50fa-4ac0-84bf-874e83e57613-c19602556d950424/","de","https://clinicabelba.com/de/test-post-2193c672-50fa-4ac0-84bf-874e83e57613-c19602556d950424/","it","https://clinicabelba.com/it/test-post-2193c672-50fa-4ac0-84bf-874e83e57613-c19602556d950424/","nl","https://clinicabelba.com/nl/test-post-2193c672-50fa-4ac0-84bf-874e83e57613-c19602556d950424/","fr","https://clinicabelba.com/fr/test-post-2193c672-50fa-4ac0-84bf-874e83e57613-c19602556d950424/","en","https://clinicabelba.com/en/test-post-2193c672-50fa-4ac0-84bf-874e83e57613-c19602556d950424/","x-default","https://clinicabelba.com/test-post-2193c672-50fa-4ac0-84bf-874e83e57613-c19602556d950424/","","","","","Indexable",""
"https://clinicabelba.com/ru/блог/9/","Блог пластической и эстетической хирургии | Клиника Belba","17","es-ES","https://clinicabelba.com/blog/9/","ru-RU","https://clinicabelba.com/ru/блог/9/","uk","https://clinicabelba.com/uk/блог/9/","de-DE","https://clinicabelba.com/de/blog/9/","it-IT","https://clinicabelba.com/it/blog/9/","nl-NL","https://clinicabelba.com/nl/blog/9/","ca","https://clinicabelba.com/ca/bloc/9/","fr-FR","https://clinicabelba.com/fr/blog/9/","en-US","https://clinicabelba.com/en/blog/9/","es","https://clinicabelba.com/blog/9/","ru","https://clinicabelba.com/ru/блог/9/","de","https://clinicabelba.com/de/blog/9/","it","https://clinicabelba.com/it/blog/9/","nl","https://clinicabelba.com/nl/blog/9/","fr","https://clinicabelba.com/fr/blog/9/","en","https://clinicabelba.com/en/blog/9/","x-default","https://clinicabelba.com/blog/9/","","","","","No indexable","Canonicalizada"
"https://clinicabelba.com/ru/блог/8/","Блог пластической и эстетической хирургии | Клиника Belba","17","es-ES","https://clinicabelba.com/blog/8/","ru-RU","https://clinicabelba.com/ru/блог/8/","uk","https://clinicabelba.com/uk/блог/8/","de-DE","https://clinicabelba.com/de/blog/8/","it-IT","https://clinicabelba.com/it/blog/8/","nl-NL","https://clinicabelba.com/nl/blog/8/","ca","https://clinicabelba.com/ca/bloc/8/","fr-FR","https://clinicabelba.com/fr/blog/8/","en-US","https://clinicabelba.com/en/blog/8/","es","https://clinicabelba.com/blog/8/","ru","https://clinicabelba.com/ru/блог/8/","de","https://clinicabelba.com/de/blog/8/","it","https://clinicabelba.com/it/blog/8/","nl","https://clinicabelba.com/nl/blog/8/","fr","https://clinicabelba.com/fr/blog/8/","en","https://clinicabelba.com/en/blog/8/","x-default","https://clinicabelba.com/blog/8/","","","","","No indexable","Canonicalizada"
"https://clinicabelba.com/ru/липосер-что-это/","Липосер: что это такое и как это работает | Клиника Belba","17","es-ES","https://clinicabelba.com/lipovaser-que-es/","ru-RU","https://clinicabelba.com/ru/липосер-что-это/","uk","https://clinicabelba.com/uk/що-таке-lipovaser/","de-DE","https://clinicabelba.com/de/lipovaser-was-ist/","it-IT","https://clinicabelba.com/it/la-lipovaser-e-una-tecnica-di-liposuzione-assistita-da-ultrasuoni-che-utilizza-onde-ultrasoniche-per-sciogliere-il-grasso-prima-della-sua-rimozione/","nl-NL","https://clinicabelba.com/nl/lipovaser-wat-is-dat/","ca","https://clinicabelba.com/ca/lipovaser-que-es/","fr-FR","https://clinicabelba.com/fr/lipovaser-que-es/","en-US","https://clinicabelba.com/en/lipovaser-what-is-it/","es","https://clinicabelba.com/lipovaser-que-es/","ru","https://clinicabelba.com/ru/липосер-что-это/","de","https://clinicabelba.com/de/lipovaser-was-ist/","it","https://clinicabelba.com/it/la-lipovaser-e-una-tecnica-di-liposuzione-assistita-da-ultrasuoni-che-utilizza-onde-ultrasoniche-per-sciogliere-il-grasso-prima-della-sua-rimozione/","nl","https://clinicabelba.com/nl/lipovaser-wat-is-dat/","fr","https://clinicabelba.com/fr/lipovaser-que-es/","en","https://clinicabelba.com/en/lipovaser-what-is-it/","x-default","https://clinicabelba.com/lipovaser-que-es/","","","","","Indexable",""
"https://clinicabelba.com/ru/блефаропластика-без-хирургического/","Что такое блефаропластика без операции и когда она может быть эффективна | Клиника Belba","17","es-ES","https://clinicabelba.com/blefaroplastia-sin-cirugia/","ru-RU","https://clinicabelba.com/ru/блефаропластика-без-хирургического/","uk","https://clinicabelba.com/uk/блефаропластика-без-хірургічного-вт/","de-DE","https://clinicabelba.com/de/blepharoplastik-ohne-operation/","it-IT","https://clinicabelba.com/it/blefaroplastica-non-chirurgica/","nl-NL","https://clinicabelba.com/nl/blefaroplastiek-zonder-chirurgie/","ca","https://clinicabelba.com/ca/blefaroplastia-sense-cirurgia/","fr-FR","https://clinicabelba.com/fr/blepharoplastie-sans-chirurgie/","en-US","https://clinicabelba.com/en/non-surgical-blepharoplasty/","es","https://clinicabelba.com/blefaroplastia-sin-cirugia/","ru","https://clinicabelba.com/ru/блефаропластика-без-хирургического/","de","https://clinicabelba.com/de/blepharoplastik-ohne-operation/","it","https://clinicabelba.com/it/blefaroplastica-non-chirurgica/","nl","https://clinicabelba.com/nl/blefaroplastiek-zonder-chirurgie/","fr","https://clinicabelba.com/fr/blepharoplastie-sans-chirurgie/","en","https://clinicabelba.com/en/non-surgical-blepharoplasty/","x-default","https://clinicabelba.com/blefaroplastia-sin-cirugia/","","","","","Indexable",""
"https://clinicabelba.com/ru/pezones-invertidos-correccion/","Pezón invertido: causas, grados y cómo corregirlo | Clinica Belba","17","es-ES","https://clinicabelba.com/pezones-invertidos-correccion/","ru-RU","https://clinicabelba.com/ru/pezones-invertidos-correccion/","uk","https://clinicabelba.com/uk/pezones-invertidos-correccion/","de-DE","https://clinicabelba.com/de/pezones-invertidos-correccion/","it-IT","https://clinicabelba.com/it/pezones-invertidos-correccion/","nl-NL","https://clinicabelba.com/nl/pezones-invertidos-correccion/","ca","https://clinicabelba.com/ca/pezones-invertidos-correccion/","fr-FR","https://clinicabelba.com/fr/pezones-invertidos-correccion/","en-US","https://clinicabelba.com/en/pezones-invertidos-correccion/","es","https://clinicabelba.com/pezones-invertidos-correccion/","ru","https://clinicabelba.com/ru/pezones-invertidos-correccion/","de","https://clinicabelba.com/de/pezones-invertidos-correccion/","it","https://clinicabelba.com/it/pezones-invertidos-correccion/","nl","https://clinicabelba.com/nl/pezones-invertidos-correccion/","fr","https://clinicabelba.com/fr/pezones-invertidos-correccion/","en","https://clinicabelba.com/en/pezones-invertidos-correccion/","x-default","https://clinicabelba.com/pezones-invertidos-correccion/","","","","","Indexable",""
"https://clinicabelba.com/fr/drfelixchavarriacirugiaplastica/","Dr. Félix Chavarría, chirurgien plasticien | Clinique Belba","17","es-ES","https://clinicabelba.com/drfelixchavarriacirugiaplastica/","ru-RU","https://clinicabelba.com/ru/дрфеликсчаварриацируджиапластика/","uk","https://clinicabelba.com/uk/drfelixchavarriacirugiaplastica/","de-DE","https://clinicabelba.com/de/dr-felix-chavarria-plastische-chirurgie/","it-IT","https://clinicabelba.com/it/dr-felix-chavarria-chirurgia-plastica/","nl-NL","https://clinicabelba.com/nl/drfelixchavarriacirugiaplastica/","ca","https://clinicabelba.com/ca/drfelixchavarriacirugiaplastica/","fr-FR","https://clinicabelba.com/fr/drfelixchavarriacirugiaplastica/","en-US","https://clinicabelba.com/en/drfelixchavarriacirugiaplastica/","es","https://clinicabelba.com/drfelixchavarriacirugiaplastica/","ru","https://clinicabelba.com/ru/дрфеликсчаварриацируджиапластика/","de","https://clinicabelba.com/de/dr-felix-chavarria-plastische-chirurgie/","it","https://clinicabelba.com/it/dr-felix-chavarria-chirurgia-plastica/","nl","https://clinicabelba.com/nl/drfelixchavarriacirugiaplastica/","fr","https://clinicabelba.com/fr/drfelixchavarriacirugiaplastica/","en","https://clinicabelba.com/en/drfelixchavarriacirugiaplastica/","x-default","https://clinicabelba.com/drfelixchavarriacirugiaplastica/","","","","","Indexable",""
"https://clinicabelba.com/it/blog/2/","Blog di Chirurgia Plastica ed Estetica | Clinica Belba","17","es-ES","https://clinicabelba.com/blog/2/","ru-RU","https://clinicabelba.com/ru/блог/2/","uk","https://clinicabelba.com/uk/блог/2/","de-DE","https://clinicabelba.com/de/blog/2/","it-IT","https://clinicabelba.com/it/blog/2/","nl-NL","https://clinicabelba.com/nl/blog/2/","ca","https://clinicabelba.com/ca/bloc/2/","fr-FR","https://clinicabelba.com/fr/blog/2/","en-US","https://clinicabelba.com/en/blog/2/","es","https://clinicabelba.com/blog/2/","ru","https://clinicabelba.com/ru/блог/2/","de","https://clinicabelba.com/de/blog/2/","it","https://clinicabelba.com/it/blog/2/","nl","https://clinicabelba.com/nl/blog/2/","fr","https://clinicabelba.com/fr/blog/2/","en","https://clinicabelba.com/en/blog/2/","x-default","https://clinicabelba.com/blog/2/","","","","","No indexable","Canonicalizada"
"https://clinicabelba.com/it/asimetria-mamaria-cuando-operar/","Asimetría mamaria: por qué un pecho es más grande que el otro","17","es-ES","https://clinicabelba.com/asimetria-mamaria-cuando-operar/","ru-RU","https://clinicabelba.com/ru/asimetria-mamaria-cuando-operar/","uk","https://clinicabelba.com/uk/asimetria-mamaria-cuando-operar/","de-DE","https://clinicabelba.com/de/asimetria-mamaria-cuando-operar/","it-IT","https://clinicabelba.com/it/asimetria-mamaria-cuando-operar/","nl-NL","https://clinicabelba.com/nl/asimetria-mamaria-cuando-operar/","ca","https://clinicabelba.com/ca/asimetria-mamaria-cuando-operar/","fr-FR","https://clinicabelba.com/fr/asimetria-mamaria-cuando-operar/","en-US","https://clinicabelba.com/en/asimetria-mamaria-cuando-operar/","es","https://clinicabelba.com/asimetria-mamaria-cuando-operar/","ru","https://clinicabelba.com/ru/asimetria-mamaria-cuando-operar/","de","https://clinicabelba.com/de/asimetria-mamaria-cuando-operar/","it","https://clinicabelba.com/it/asimetria-mamaria-cuando-operar/","nl","https://clinicabelba.com/nl/asimetria-mamaria-cuando-operar/","fr","https://clinicabelba.com/fr/asimetria-mamaria-cuando-operar/","en","https://clinicabelba.com/en/asimetria-mamaria-cuando-operar/","x-default","https://clinicabelba.com/asimetria-mamaria-cuando-operar/","","","","","Indexable",""
"https://clinicabelba.com/it/pezones-invertidos-correccion/","Pezón invertido: causas, grados y cómo corregirlo | Clinica Belba","17","es-ES","https://clinicabelba.com/pezones-invertidos-correccion/","ru-RU","https://clinicabelba.com/ru/pezones-invertidos-correccion/","uk","https://clinicabelba.com/uk/pezones-invertidos-correccion/","de-DE","https://clinicabelba.com/de/pezones-invertidos-correccion/","it-IT","https://clinicabelba.com/it/pezones-invertidos-correccion/","nl-NL","https://clinicabelba.com/nl/pezones-invertidos-correccion/","ca","https://clinicabelba.com/ca/pezones-invertidos-correccion/","fr-FR","https://clinicabelba.com/fr/pezones-invertidos-correccion/","en-US","https://clinicabelba.com/en/pezones-invertidos-correccion/","es","https://clinicabelba.com/pezones-invertidos-correccion/","ru","https://clinicabelba.com/ru/pezones-invertidos-correccion/","de","https://clinicabelba.com/de/pezones-invertidos-correccion/","it","https://clinicabelba.com/it/pezones-invertidos-correccion/","nl","https://clinicabelba.com/nl/pezones-invertidos-correccion/","fr","https://clinicabelba.com/fr/pezones-invertidos-correccion/","en","https://clinicabelba.com/en/pezones-invertidos-correccion/","x-default","https://clinicabelba.com/pezones-invertidos-correccion/","","","","","Indexable",""
"https://clinicabelba.com/it/blog/6/","Blog di Chirurgia Plastica ed Estetica | Clinica Belba","17","es-ES","https://clinicabelba.com/blog/6/","ru-RU","https://clinicabelba.com/ru/блог/6/","uk","https://clinicabelba.com/uk/блог/6/","de-DE","https://clinicabelba.com/de/blog/6/","it-IT","https://clinicabelba.com/it/blog/6/","nl-NL","https://clinicabelba.com/nl/blog/6/","ca","https://clinicabelba.com/ca/bloc/6/","fr-FR","https://clinicabelba.com/fr/blog/6/","en-US","https://clinicabelba.com/en/blog/6/","es","https://clinicabelba.com/blog/6/","ru","https://clinicabelba.com/ru/блог/6/","de","https://clinicabelba.com/de/blog/6/","it","https://clinicabelba.com/it/blog/6/","nl","https://clinicabelba.com/nl/blog/6/","fr","https://clinicabelba.com/fr/blog/6/","en","https://clinicabelba.com/en/blog/6/","x-default","https://clinicabelba.com/blog/6/","","","","","No indexable","Canonicalizada"
"https://clinicabelba.com/it/test-post-2193c672-50fa-4ac0-84bf-874e83e57613-c19602556d950424/","Whales: Giants of the Ocean | Clinica Belba","17","es-ES","https://clinicabelba.com/test-post-2193c672-50fa-4ac0-84bf-874e83e57613-c19602556d950424/","ru-RU","https://clinicabelba.com/ru/test-post-2193c672-50fa-4ac0-84bf-874e83e57613-c19602556d950424/","uk","https://clinicabelba.com/uk/test-post-2193c672-50fa-4ac0-84bf-874e83e57613-c19602556d950424/","de-DE","https://clinicabelba.com/de/test-post-2193c672-50fa-4ac0-84bf-874e83e57613-c19602556d950424/","it-IT","https://clinicabelba.com/it/test-post-2193c672-50fa-4ac0-84bf-874e83e57613-c19602556d950424/","nl-NL","https://clinicabelba.com/nl/test-post-2193c672-50fa-4ac0-84bf-874e83e57613-c19602556d950424/","ca","https://clinicabelba.com/ca/test-post-2193c672-50fa-4ac0-84bf-874e83e57613-c19602556d950424/","fr-FR","https://clinicabelba.com/fr/test-post-2193c672-50fa-4ac0-84bf-874e83e57613-c19602556d950424/","en-US","https://clinicabelba.com/en/test-post-2193c672-50fa-4ac0-84bf-874e83e57613-c19602556d950424/","es","https://clinicabelba.com/test-post-2193c672-50fa-4ac0-84bf-874e83e57613-c19602556d950424/","ru","https://clinicabelba.com/ru/test-post-2193c672-50fa-4ac0-84bf-874e83e57613-c19602556d950424/","de","https://clinicabelba.com/de/test-post-2193c672-50fa-4ac0-84bf-874e83e57613-c19602556d950424/","it","https://clinicabelba.com/it/test-post-2193c672-50fa-4ac0-84bf-874e83e57613-c19602556d950424/","nl","https://clinicabelba.com/nl/test-post-2193c672-50fa-4ac0-84bf-874e83e57613-c19602556d950424/","fr","https://clinicabelba.com/fr/test-post-2193c672-50fa-4ac0-84bf-874e83e57613-c19602556d950424/","en","https://clinicabelba.com/en/test-post-2193c672-50fa-4ac0-84bf-874e83e57613-c19602556d950424/","x-default","https://clinicabelba.com/test-post-2193c672-50fa-4ac0-84bf-874e83e57613-c19602556d950424/","","","","","Indexable",""
"https://clinicabelba.com/it/blog/10/","Blog di Chirurgia Plastica ed Estetica | Clinica Belba","17","es-ES","https://clinicabelba.com/blog/10/","ru-RU","https://clinicabelba.com/ru/блог/10/","uk","https://clinicabelba.com/uk/блог/10/","de-DE","https://clinicabelba.com/de/blog/10/","it-IT","https://clinicabelba.com/it/blog/10/","nl-NL","https://clinicabelba.com/nl/blog/10/","ca","https://clinicabelba.com/ca/bloc/10/","fr-FR","https://clinicabelba.com/fr/blog/10/","en-US","https://clinicabelba.com/en/blog/10/","es","https://clinicabelba.com/blog/10/","ru","https://clinicabelba.com/ru/блог/10/","de","https://clinicabelba.com/de/blog/10/","it","https://clinicabelba.com/it/blog/10/","nl","https://clinicabelba.com/nl/blog/10/","fr","https://clinicabelba.com/fr/blog/10/","en","https://clinicabelba.com/en/blog/10/","x-default","https://clinicabelba.com/blog/10/","","","","","No indexable","Canonicalizada"
"https://clinicabelba.com/it/blog/4/","Blog di Chirurgia Plastica ed Estetica | Clinica Belba","17","es-ES","https://clinicabelba.com/blog/4/","ru-RU","https://clinicabelba.com/ru/блог/4/","uk","https://clinicabelba.com/uk/блог/4/","de-DE","https://clinicabelba.com/de/blog/4/","it-IT","https://clinicabelba.com/it/blog/4/","nl-NL","https://clinicabelba.com/nl/blog/4/","ca","https://clinicabelba.com/ca/bloc/4/","fr-FR","https://clinicabelba.com/fr/blog/4/","en-US","https://clinicabelba.com/en/blog/4/","es","https://clinicabelba.com/blog/4/","ru","https://clinicabelba.com/ru/блог/4/","de","https://clinicabelba.com/de/blog/4/","it","https://clinicabelba.com/it/blog/4/","nl","https://clinicabelba.com/nl/blog/4/","fr","https://clinicabelba.com/fr/blog/4/","en","https://clinicabelba.com/en/blog/4/","x-default","https://clinicabelba.com/blog/4/","","","","","No indexable","Canonicalizada"
"https://clinicabelba.com/it/blog/5/","Blog di Chirurgia Plastica ed Estetica | Clinica Belba","17","es-ES","https://clinicabelba.com/blog/5/","ru-RU","https://clinicabelba.com/ru/блог/5/","uk","https://clinicabelba.com/uk/блог/5/","de-DE","https://clinicabelba.com/de/blog/5/","it-IT","https://clinicabelba.com/it/blog/5/","nl-NL","https://clinicabelba.com/nl/blog/5/","ca","https://clinicabelba.com/ca/bloc/5/","fr-FR","https://clinicabelba.com/fr/blog/5/","en-US","https://clinicabelba.com/en/blog/5/","es","https://clinicabelba.com/blog/5/","ru","https://clinicabelba.com/ru/блог/5/","de","https://clinicabelba.com/de/blog/5/","it","https://clinicabelba.com/it/blog/5/","nl","https://clinicabelba.com/nl/blog/5/","fr","https://clinicabelba.com/fr/blog/5/","en","https://clinicabelba.com/en/blog/5/","x-default","https://clinicabelba.com/blog/5/","","","","","No indexable","Canonicalizada"
"https://clinicabelba.com/it/blog/3/","Blog di Chirurgia Plastica ed Estetica | Clinica Belba","17","es-ES","https://clinicabelba.com/blog/3/","ru-RU","https://clinicabelba.com/ru/блог/3/","uk","https://clinicabelba.com/uk/блог/3/","de-DE","https://clinicabelba.com/de/blog/3/","it-IT","https://clinicabelba.com/it/blog/3/","nl-NL","https://clinicabelba.com/nl/blog/3/","ca","https://clinicabelba.com/ca/bloc/3/","fr-FR","https://clinicabelba.com/fr/blog/3/","en-US","https://clinicabelba.com/en/blog/3/","es","https://clinicabelba.com/blog/3/","ru","https://clinicabelba.com/ru/блог/3/","de","https://clinicabelba.com/de/blog/3/","it","https://clinicabelba.com/it/blog/3/","nl","https://clinicabelba.com/nl/blog/3/","fr","https://clinicabelba.com/fr/blog/3/","en","https://clinicabelba.com/en/blog/3/","x-default","https://clinicabelba.com/blog/3/","","","","","No indexable","Canonicalizada"
"https://clinicabelba.com/it/blog/9/","Blog di Chirurgia Plastica ed Estetica | Clinica Belba","17","es-ES","https://clinicabelba.com/blog/9/","ru-RU","https://clinicabelba.com/ru/блог/9/","uk","https://clinicabelba.com/uk/блог/9/","de-DE","https://clinicabelba.com/de/blog/9/","it-IT","https://clinicabelba.com/it/blog/9/","nl-NL","https://clinicabelba.com/nl/blog/9/","ca","https://clinicabelba.com/ca/bloc/9/","fr-FR","https://clinicabelba.com/fr/blog/9/","en-US","https://clinicabelba.com/en/blog/9/","es","https://clinicabelba.com/blog/9/","ru","https://clinicabelba.com/ru/блог/9/","de","https://clinicabelba.com/de/blog/9/","it","https://clinicabelba.com/it/blog/9/","nl","https://clinicabelba.com/nl/blog/9/","fr","https://clinicabelba.com/fr/blog/9/","en","https://clinicabelba.com/en/blog/9/","x-default","https://clinicabelba.com/blog/9/","","","","","No indexable","Canonicalizada"
"https://clinicabelba.com/it/blog/8/","Blog di Chirurgia Plastica ed Estetica | Clinica Belba","17","es-ES","https://clinicabelba.com/blog/8/","ru-RU","https://clinicabelba.com/ru/блог/8/","uk","https://clinicabelba.com/uk/блог/8/","de-DE","https://clinicabelba.com/de/blog/8/","it-IT","https://clinicabelba.com/it/blog/8/","nl-NL","https://clinicabelba.com/nl/blog/8/","ca","https://clinicabelba.com/ca/bloc/8/","fr-FR","https://clinicabelba.com/fr/blog/8/","en-US","https://clinicabelba.com/en/blog/8/","es","https://clinicabelba.com/blog/8/","ru","https://clinicabelba.com/ru/блог/8/","de","https://clinicabelba.com/de/blog/8/","it","https://clinicabelba.com/it/blog/8/","nl","https://clinicabelba.com/nl/blog/8/","fr","https://clinicabelba.com/fr/blog/8/","en","https://clinicabelba.com/en/blog/8/","x-default","https://clinicabelba.com/blog/8/","","","","","No indexable","Canonicalizada"
"https://clinicabelba.com/it/blog/7/","Blog di Chirurgia Plastica ed Estetica | Clinica Belba","17","es-ES","https://clinicabelba.com/blog/7/","ru-RU","https://clinicabelba.com/ru/блог/7/","uk","https://clinicabelba.com/uk/блог/7/","de-DE","https://clinicabelba.com/de/blog/7/","it-IT","https://clinicabelba.com/it/blog/7/","nl-NL","https://clinicabelba.com/nl/blog/7/","ca","https://clinicabelba.com/ca/bloc/7/","fr-FR","https://clinicabelba.com/fr/blog/7/","en-US","https://clinicabelba.com/en/blog/7/","es","https://clinicabelba.com/blog/7/","ru","https://clinicabelba.com/ru/блог/7/","de","https://clinicabelba.com/de/blog/7/","it","https://clinicabelba.com/it/blog/7/","nl","https://clinicabelba.com/nl/blog/7/","fr","https://clinicabelba.com/fr/blog/7/","en","https://clinicabelba.com/en/blog/7/","x-default","https://clinicabelba.com/blog/7/","","","","","No indexable","Canonicalizada"
"https://clinicabelba.com/it/cicatriz-cesarea-correccion/","Cicatriz de cesárea: por qué se abulta y qué hacer | Clinica Belba","17","es-ES","https://clinicabelba.com/cicatriz-cesarea-correccion/","ru-RU","https://clinicabelba.com/ru/cicatriz-cesarea-correccion/","uk","https://clinicabelba.com/uk/cicatriz-cesarea-correccion/","de-DE","https://clinicabelba.com/de/cicatriz-cesarea-correccion/","it-IT","https://clinicabelba.com/it/cicatriz-cesarea-correccion/","nl-NL","https://clinicabelba.com/nl/cicatriz-cesarea-correccion/","ca","https://clinicabelba.com/ca/cicatriz-cesarea-correccion/","fr-FR","https://clinicabelba.com/fr/cicatriz-cesarea-correccion/","en-US","https://clinicabelba.com/en/cicatriz-cesarea-correccion/","es","https://clinicabelba.com/cicatriz-cesarea-correccion/","ru","https://clinicabelba.com/ru/cicatriz-cesarea-correccion/","de","https://clinicabelba.com/de/cicatriz-cesarea-correccion/","it","https://clinicabelba.com/it/cicatriz-cesarea-correccion/","nl","https://clinicabelba.com/nl/cicatriz-cesarea-correccion/","fr","https://clinicabelba.com/fr/cicatriz-cesarea-correccion/","en","https://clinicabelba.com/en/cicatriz-cesarea-correccion/","x-default","https://clinicabelba.com/cicatriz-cesarea-correccion/","","","","","Indexable",""
"https://clinicabelba.com/it/blefaroplastica-non-chirurgica/","Che cos'è la blefaroplastia senza chirurgia e quando può funzionare | Clinica Belba","17","es-ES","https://clinicabelba.com/blefaroplastia-sin-cirugia/","ru-RU","https://clinicabelba.com/ru/блефаропластика-без-хирургического/","uk","https://clinicabelba.com/uk/блефаропластика-без-хірургічного-вт/","de-DE","https://clinicabelba.com/de/blepharoplastik-ohne-operation/","it-IT","https://clinicabelba.com/it/blefaroplastica-non-chirurgica/","nl-NL","https://clinicabelba.com/nl/blefaroplastiek-zonder-chirurgie/","ca","https://clinicabelba.com/ca/blefaroplastia-sense-cirurgia/","fr-FR","https://clinicabelba.com/fr/blepharoplastie-sans-chirurgie/","en-US","https://clinicabelba.com/en/non-surgical-blepharoplasty/","es","https://clinicabelba.com/blefaroplastia-sin-cirugia/","ru","https://clinicabelba.com/ru/блефаропластика-без-хирургического/","de","https://clinicabelba.com/de/blepharoplastik-ohne-operation/","it","https://clinicabelba.com/it/blefaroplastica-non-chirurgica/","nl","https://clinicabelba.com/nl/blefaroplastiek-zonder-chirurgie/","fr","https://clinicabelba.com/fr/blepharoplastie-sans-chirurgie/","en","https://clinicabelba.com/en/non-surgical-blepharoplasty/","x-default","https://clinicabelba.com/blefaroplastia-sin-cirugia/","","","","","Indexable",""
"https://clinicabelba.com/it/la-lipovaser-e-una-tecnica-di-liposuzione-assistita-da-ultrasuoni-che-utilizza-onde-ultrasoniche-per-sciogliere-il-grasso-prima-della-sua-rimozione/","Lipovaser: cos'è e come funziona | Clinica Belba","17","es-ES","https://clinicabelba.com/lipovaser-que-es/","ru-RU","https://clinicabelba.com/ru/липосер-что-это/","uk","https://clinicabelba.com/uk/що-таке-lipovaser/","de-DE","https://clinicabelba.com/de/lipovaser-was-ist/","it-IT","https://clinicabelba.com/it/la-lipovaser-e-una-tecnica-di-liposuzione-assistita-da-ultrasuoni-che-utilizza-onde-ultrasoniche-per-sciogliere-il-grasso-prima-della-sua-rimozione/","nl-NL","https://clinicabelba.com/nl/lipovaser-wat-is-dat/","ca","https://clinicabelba.com/ca/lipovaser-que-es/","fr-FR","https://clinicabelba.com/fr/lipovaser-que-es/","en-US","https://clinicabelba.com/en/lipovaser-what-is-it/","es","https://clinicabelba.com/lipovaser-que-es/","ru","https://clinicabelba.com/ru/липосер-что-это/","de","https://clinicabelba.com/de/lipovaser-was-ist/","it","https://clinicabelba.com/it/la-lipovaser-e-una-tecnica-di-liposuzione-assistita-da-ultrasuoni-che-utilizza-onde-ultrasoniche-per-sciogliere-il-grasso-prima-della-sua-rimozione/","nl","https://clinicabelba.com/nl/lipovaser-wat-is-dat/","fr","https://clinicabelba.com/fr/lipovaser-que-es/","en","https://clinicabelba.com/en/lipovaser-what-is-it/","x-default","https://clinicabelba.com/lipovaser-que-es/","","","","","Indexable",""
"https://clinicabelba.com/seroma-tras-cirugia-que-es-como-prevenir/","Seroma tras cirugía: qué es, por qué sale y cómo prevenirlo","0","","","","","","","","","","","","","","","","","","","","","","","","","","","","","","","","","","","","","","","Indexable",""
"https://clinicabelba.com/rinoplastia-ultrasonica-ventajas-limites/","Rinoplastia ultrasónica: ventajas, límites y cuándo elegirla","17","es-ES","https://clinicabelba.com/rinoplastia-ultrasonica-ventajas-limites/","ru-RU","https://clinicabelba.com/ru/ультразвуковая-ринопластика-преиму/","uk","https://clinicabelba.com/uk/ультразвукова-ринопластика-переваг/","de-DE","https://clinicabelba.com/de/ultraschall-rhinoplastik-vorteile-grenzen/","it-IT","https://clinicabelba.com/it/rinoplastica-ultrasonica-vantaggi-e-limiti/","nl-NL","https://clinicabelba.com/nl/ultrasone-neuscorrectie-voordelen-beperkingen/","ca","https://clinicabelba.com/ca/rinoplastia-ultrasonica-avantatges-limits/","fr-FR","https://clinicabelba.com/fr/rinoplastia-ultrasonica-ventajas-limites/","en-US","https://clinicabelba.com/en/ultrasonic-rhinoplasty-advantages-limitations/","es","https://clinicabelba.com/rinoplastia-ultrasonica-ventajas-limites/","ru","https://clinicabelba.com/ru/ультразвуковая-ринопластика-преиму/","de","https://clinicabelba.com/de/ultraschall-rhinoplastik-vorteile-grenzen/","it","https://clinicabelba.com/it/rinoplastica-ultrasonica-vantaggi-e-limiti/","nl","https://clinicabelba.com/nl/ultrasone-neuscorrectie-voordelen-beperkingen/","fr","https://clinicabelba.com/fr/rinoplastia-ultrasonica-ventajas-limites/","en","https://clinicabelba.com/en/ultrasonic-rhinoplasty-advantages-limitations/","x-default","https://clinicabelba.com/rinoplastia-ultrasonica-ventajas-limites/","","","","","Indexable",""
"https://clinicabelba.com/en/rhinoplasty-male-before-and-after-improved/","Rhinoplasty in Men: Complete Guide with Before and After (2026) | Clinica Belba","17","es-ES","https://clinicabelba.com/rinoplastia-hombre-antes-y-despues-mejorado/","ru-RU","https://clinicabelba.com/ru/ринопластика-мужчина-до-и-после-улучш/","uk","https://clinicabelba.com/uk/ринопластика-у-чоловіків-до-і-післ/","de-DE","https://clinicabelba.com/de/rhinoplastik-mann-vorher-und-nachher-verbessert/","it-IT","https://clinicabelba.com/it/rinoplastica-uomo-prima-e-dopo-migliorata/","nl-NL","https://clinicabelba.com/nl/rhinoplastiek-man-voor-en-na-verbeterd/","ca","https://clinicabelba.com/ca/rinoplastia-home-abans-i-despres-millorat/","fr-FR","https://clinicabelba.com/fr/rhinoplastie-homme-avant-et-apres-ameliore/","en-US","https://clinicabelba.com/en/rhinoplasty-male-before-and-after-improved/","es","https://clinicabelba.com/rinoplastia-hombre-antes-y-despues-mejorado/","ru","https://clinicabelba.com/ru/ринопластика-мужчина-до-и-после-улучш/","de","https://clinicabelba.com/de/rhinoplastik-mann-vorher-und-nachher-verbessert/","it","https://clinicabelba.com/it/rinoplastica-uomo-prima-e-dopo-migliorata/","nl","https://clinicabelba.com/nl/rhinoplastiek-man-voor-en-na-verbeterd/","fr","https://clinicabelba.com/fr/rhinoplastie-homme-avant-et-apres-ameliore/","en","https://clinicabelba.com/en/rhinoplasty-male-before-and-after-improved/","x-default","https://clinicabelba.com/rinoplastia-hombre-antes-y-despues-mejorado/","","","","","Indexable",""
"https://clinicabelba.com/en/labia-what-they-are-types-care-and-when-to-consult-a-doctor/","Vaginal lips: types, care, and when to consult","17","es-ES","https://clinicabelba.com/labios-vaginales-que-son-tipos-cuidados-y-cuando-consultar/","ru-RU","https://clinicabelba.com/ru/половой-жизни-являющиеся-типами-уход/","uk","https://clinicabelba.com/uk/статеві-губи-як-доглядати-за-ними-та-ко/","de-DE","https://clinicabelba.com/de/vaginale-lippen-was-sie-sind-arten-pflege-und-wann-ein-arzt-aufgesucht-werden-sollte/","it-IT","https://clinicabelba.com/it/labbra-vaginali-cosa-sono-tipologie-cura-e-quando-consultare-un-medico/","nl-NL","https://clinicabelba.com/nl/labios-vaginales-que-son-tipos-cuidados-y-cuando-consultar/","ca","https://clinicabelba.com/ca/llavis-vaginals-quins-son-tipus-cures-i-quan-consultar/","fr-FR","https://clinicabelba.com/fr/levres-vaginales-quest-ce-que-cest-types-soins-et-quand-consulter/","en-US","https://clinicabelba.com/en/labia-what-they-are-types-care-and-when-to-consult-a-doctor/","es","https://clinicabelba.com/labios-vaginales-que-son-tipos-cuidados-y-cuando-consultar/","ru","https://clinicabelba.com/ru/половой-жизни-являющиеся-типами-уход/","de","https://clinicabelba.com/de/vaginale-lippen-was-sie-sind-arten-pflege-und-wann-ein-arzt-aufgesucht-werden-sollte/","it","https://clinicabelba.com/it/labbra-vaginali-cosa-sono-tipologie-cura-e-quando-consultare-un-medico/","nl","https://clinicabelba.com/nl/labios-vaginales-que-son-tipos-cuidados-y-cuando-consultar/","fr","https://clinicabelba.com/fr/levres-vaginales-quest-ce-que-cest-types-soins-et-quand-consulter/","en","https://clinicabelba.com/en/labia-what-they-are-types-care-and-when-to-consult-a-doctor/","x-default","https://clinicabelba.com/labios-vaginales-que-son-tipos-cuidados-y-cuando-consultar/","","","","","Indexable",""
"https://clinicabelba.com/en/labia/","Large or drooping labia: when to treat","17","es-ES","https://clinicabelba.com/labios-vaginales/","ru-RU","https://clinicabelba.com/ru/лабии-вульвы/","uk","https://clinicabelba.com/uk/статеві-губи/","de-DE","https://clinicabelba.com/de/schamlippen/","it-IT","https://clinicabelba.com/it/labbra-vaginali/","nl-NL","https://clinicabelba.com/nl/labia-minora/","ca","https://clinicabelba.com/ca/llavis-vaginals/","fr-FR","https://clinicabelba.com/fr/levres-vaginales/","en-US","https://clinicabelba.com/en/labia/","es","https://clinicabelba.com/labios-vaginales/","ru","https://clinicabelba.com/ru/лабии-вульвы/","de","https://clinicabelba.com/de/schamlippen/","it","https://clinicabelba.com/it/labbra-vaginali/","nl","https://clinicabelba.com/nl/labia-minora/","fr","https://clinicabelba.com/fr/levres-vaginales/","en","https://clinicabelba.com/en/labia/","x-default","https://clinicabelba.com/labios-vaginales/","","","","","Indexable",""
"https://clinicabelba.com/en/ultrasonic-rhinoplasty-advantages-limitations/","Ultrasound Rhinoplasty: Advantages, Limitations, and When to Choose It","17","es-ES","https://clinicabelba.com/rinoplastia-ultrasonica-ventajas-limites/","ru-RU","https://clinicabelba.com/ru/ультразвуковая-ринопластика-преиму/","uk","https://clinicabelba.com/uk/ультразвукова-ринопластика-переваг/","de-DE","https://clinicabelba.com/de/ultraschall-rhinoplastik-vorteile-grenzen/","it-IT","https://clinicabelba.com/it/rinoplastica-ultrasonica-vantaggi-e-limiti/","nl-NL","https://clinicabelba.com/nl/ultrasone-neuscorrectie-voordelen-beperkingen/","ca","https://clinicabelba.com/ca/rinoplastia-ultrasonica-avantatges-limits/","fr-FR","https://clinicabelba.com/fr/rinoplastia-ultrasonica-ventajas-limites/","en-US","https://clinicabelba.com/en/ultrasonic-rhinoplasty-advantages-limitations/","es","https://clinicabelba.com/rinoplastia-ultrasonica-ventajas-limites/","ru","https://clinicabelba.com/ru/ультразвуковая-ринопластика-преиму/","de","https://clinicabelba.com/de/ultraschall-rhinoplastik-vorteile-grenzen/","it","https://clinicabelba.com/it/rinoplastica-ultrasonica-vantaggi-e-limiti/","nl","https://clinicabelba.com/nl/ultrasone-neuscorrectie-voordelen-beperkingen/","fr","https://clinicabelba.com/fr/rinoplastia-ultrasonica-ventajas-limites/","en","https://clinicabelba.com/en/ultrasonic-rhinoplasty-advantages-limitations/","x-default","https://clinicabelba.com/rinoplastia-ultrasonica-ventajas-limites/","","","","","Indexable",""
"https://clinicabelba.com/ca/llavis-vaginals-quins-son-tipus-cures-i-quan-consultar/","Llavis vaginals: tipus, cures i quan consultar","17","es-ES","https://clinicabelba.com/labios-vaginales-que-son-tipos-cuidados-y-cuando-consultar/","ru-RU","https://clinicabelba.com/ru/половой-жизни-являющиеся-типами-уход/","uk","https://clinicabelba.com/uk/статеві-губи-як-доглядати-за-ними-та-ко/","de-DE","https://clinicabelba.com/de/vaginale-lippen-was-sie-sind-arten-pflege-und-wann-ein-arzt-aufgesucht-werden-sollte/","it-IT","https://clinicabelba.com/it/labbra-vaginali-cosa-sono-tipologie-cura-e-quando-consultare-un-medico/","nl-NL","https://clinicabelba.com/nl/labios-vaginales-que-son-tipos-cuidados-y-cuando-consultar/","ca","https://clinicabelba.com/ca/llavis-vaginals-quins-son-tipus-cures-i-quan-consultar/","fr-FR","https://clinicabelba.com/fr/levres-vaginales-quest-ce-que-cest-types-soins-et-quand-consulter/","en-US","https://clinicabelba.com/en/labia-what-they-are-types-care-and-when-to-consult-a-doctor/","es","https://clinicabelba.com/labios-vaginales-que-son-tipos-cuidados-y-cuando-consultar/","ru","https://clinicabelba.com/ru/половой-жизни-являющиеся-типами-уход/","de","https://clinicabelba.com/de/vaginale-lippen-was-sie-sind-arten-pflege-und-wann-ein-arzt-aufgesucht-werden-sollte/","it","https://clinicabelba.com/it/labbra-vaginali-cosa-sono-tipologie-cura-e-quando-consultare-un-medico/","nl","https://clinicabelba.com/nl/labios-vaginales-que-son-tipos-cuidados-y-cuando-consultar/","fr","https://clinicabelba.com/fr/levres-vaginales-quest-ce-que-cest-types-soins-et-quand-consulter/","en","https://clinicabelba.com/en/labia-what-they-are-types-care-and-when-to-consult-a-doctor/","x-default","https://clinicabelba.com/labios-vaginales-que-son-tipos-cuidados-y-cuando-consultar/","","","","","Indexable",""
"https://clinicabelba.com/ca/rinoplastia-home-abans-i-despres-millorat/","Rinoplàstia en homes: guia completa amb abans i després (2026) | Clínica Belba","17","es-ES","https://clinicabelba.com/rinoplastia-hombre-antes-y-despues-mejorado/","ru-RU","https://clinicabelba.com/ru/ринопластика-мужчина-до-и-после-улучш/","uk","https://clinicabelba.com/uk/ринопластика-у-чоловіків-до-і-післ/","de-DE","https://clinicabelba.com/de/rhinoplastik-mann-vorher-und-nachher-verbessert/","it-IT","https://clinicabelba.com/it/rinoplastica-uomo-prima-e-dopo-migliorata/","nl-NL","https://clinicabelba.com/nl/rhinoplastiek-man-voor-en-na-verbeterd/","ca","https://clinicabelba.com/ca/rinoplastia-home-abans-i-despres-millorat/","fr-FR","https://clinicabelba.com/fr/rhinoplastie-homme-avant-et-apres-ameliore/","en-US","https://clinicabelba.com/en/rhinoplasty-male-before-and-after-improved/","es","https://clinicabelba.com/rinoplastia-hombre-antes-y-despues-mejorado/","ru","https://clinicabelba.com/ru/ринопластика-мужчина-до-и-после-улучш/","de","https://clinicabelba.com/de/rhinoplastik-mann-vorher-und-nachher-verbessert/","it","https://clinicabelba.com/it/rinoplastica-uomo-prima-e-dopo-migliorata/","nl","https://clinicabelba.com/nl/rhinoplastiek-man-voor-en-na-verbeterd/","fr","https://clinicabelba.com/fr/rhinoplastie-homme-avant-et-apres-ameliore/","en","https://clinicabelba.com/en/rhinoplasty-male-before-and-after-improved/","x-default","https://clinicabelba.com/rinoplastia-hombre-antes-y-despues-mejorado/","","","","","Indexable",""
"https://clinicabelba.com/ca/rinoplastia-ultrasonica-avantatges-limits/","Rinoplàstia ultrasònica: avantatges, límits i quan escollir-la","17","es-ES","https://clinicabelba.com/rinoplastia-ultrasonica-ventajas-limites/","ru-RU","https://clinicabelba.com/ru/ультразвуковая-ринопластика-преиму/","uk","https://clinicabelba.com/uk/ультразвукова-ринопластика-переваг/","de-DE","https://clinicabelba.com/de/ultraschall-rhinoplastik-vorteile-grenzen/","it-IT","https://clinicabelba.com/it/rinoplastica-ultrasonica-vantaggi-e-limiti/","nl-NL","https://clinicabelba.com/nl/ultrasone-neuscorrectie-voordelen-beperkingen/","ca","https://clinicabelba.com/ca/rinoplastia-ultrasonica-avantatges-limits/","fr-FR","https://clinicabelba.com/fr/rinoplastia-ultrasonica-ventajas-limites/","en-US","https://clinicabelba.com/en/ultrasonic-rhinoplasty-advantages-limitations/","es","https://clinicabelba.com/rinoplastia-ultrasonica-ventajas-limites/","ru","https://clinicabelba.com/ru/ультразвуковая-ринопластика-преиму/","de","https://clinicabelba.com/de/ultraschall-rhinoplastik-vorteile-grenzen/","it","https://clinicabelba.com/it/rinoplastica-ultrasonica-vantaggi-e-limiti/","nl","https://clinicabelba.com/nl/ultrasone-neuscorrectie-voordelen-beperkingen/","fr","https://clinicabelba.com/fr/rinoplastia-ultrasonica-ventajas-limites/","en","https://clinicabelba.com/en/ultrasonic-rhinoplasty-advantages-limitations/","x-default","https://clinicabelba.com/rinoplastia-ultrasonica-ventajas-limites/","","","","","Indexable",""
"https://clinicabelba.com/ca/llavis-vaginals/","Lavis vulvars grans o caiguts: quan tractar-los","17","es-ES","https://clinicabelba.com/labios-vaginales/","ru-RU","https://clinicabelba.com/ru/лабии-вульвы/","uk","https://clinicabelba.com/uk/статеві-губи/","de-DE","https://clinicabelba.com/de/schamlippen/","it-IT","https://clinicabelba.com/it/labbra-vaginali/","nl-NL","https://clinicabelba.com/nl/labia-minora/","ca","https://clinicabelba.com/ca/llavis-vaginals/","fr-FR","https://clinicabelba.com/fr/levres-vaginales/","en-US","https://clinicabelba.com/en/labia/","es","https://clinicabelba.com/labios-vaginales/","ru","https://clinicabelba.com/ru/лабии-вульвы/","de","https://clinicabelba.com/de/schamlippen/","it","https://clinicabelba.com/it/labbra-vaginali/","nl","https://clinicabelba.com/nl/labia-minora/","fr","https://clinicabelba.com/fr/levres-vaginales/","en","https://clinicabelba.com/en/labia/","x-default","https://clinicabelba.com/labios-vaginales/","","","","","Indexable",""
"https://clinicabelba.com/ru/ринопластика-мужчина-до-и-после-улучш/","Ринопластика у мужчин: полное руководство с фотографиями до и после (2026) | Клиника Belba","17","es-ES","https://clinicabelba.com/rinoplastia-hombre-antes-y-despues-mejorado/","ru-RU","https://clinicabelba.com/ru/ринопластика-мужчина-до-и-после-улучш/","uk","https://clinicabelba.com/uk/ринопластика-у-чоловіків-до-і-післ/","de-DE","https://clinicabelba.com/de/rhinoplastik-mann-vorher-und-nachher-verbessert/","it-IT","https://clinicabelba.com/it/rinoplastica-uomo-prima-e-dopo-migliorata/","nl-NL","https://clinicabelba.com/nl/rhinoplastiek-man-voor-en-na-verbeterd/","ca","https://clinicabelba.com/ca/rinoplastia-home-abans-i-despres-millorat/","fr-FR","https://clinicabelba.com/fr/rhinoplastie-homme-avant-et-apres-ameliore/","en-US","https://clinicabelba.com/en/rhinoplasty-male-before-and-after-improved/","es","https://clinicabelba.com/rinoplastia-hombre-antes-y-despues-mejorado/","ru","https://clinicabelba.com/ru/ринопластика-мужчина-до-и-после-улучш/","de","https://clinicabelba.com/de/rhinoplastik-mann-vorher-und-nachher-verbessert/","it","https://clinicabelba.com/it/rinoplastica-uomo-prima-e-dopo-migliorata/","nl","https://clinicabelba.com/nl/rhinoplastiek-man-voor-en-na-verbeterd/","fr","https://clinicabelba.com/fr/rhinoplastie-homme-avant-et-apres-ameliore/","en","https://clinicabelba.com/en/rhinoplasty-male-before-and-after-improved/","x-default","https://clinicabelba.com/rinoplastia-hombre-antes-y-despues-mejorado/","","","","","Indexable",""
"https://clinicabelba.com/it/rinoplastica-uomo-prima-e-dopo-migliorata/","Rinoplastica negli uomini: guida completa con prima e dopo (2026) | Clinica Belba","17","es-ES","https://clinicabelba.com/rinoplastia-hombre-antes-y-despues-mejorado/","ru-RU","https://clinicabelba.com/ru/ринопластика-мужчина-до-и-после-улучш/","uk","https://clinicabelba.com/uk/ринопластика-у-чоловіків-до-і-післ/","de-DE","https://clinicabelba.com/de/rhinoplastik-mann-vorher-und-nachher-verbessert/","it-IT","https://clinicabelba.com/it/rinoplastica-uomo-prima-e-dopo-migliorata/","nl-NL","https://clinicabelba.com/nl/rhinoplastiek-man-voor-en-na-verbeterd/","ca","https://clinicabelba.com/ca/rinoplastia-home-abans-i-despres-millorat/","fr-FR","https://clinicabelba.com/fr/rhinoplastie-homme-avant-et-apres-ameliore/","en-US","https://clinicabelba.com/en/rhinoplasty-male-before-and-after-improved/","es","https://clinicabelba.com/rinoplastia-hombre-antes-y-despues-mejorado/","ru","https://clinicabelba.com/ru/ринопластика-мужчина-до-и-после-улучш/","de","https://clinicabelba.com/de/rhinoplastik-mann-vorher-und-nachher-verbessert/","it","https://clinicabelba.com/it/rinoplastica-uomo-prima-e-dopo-migliorata/","nl","https://clinicabelba.com/nl/rhinoplastiek-man-voor-en-na-verbeterd/","fr","https://clinicabelba.com/fr/rhinoplastie-homme-avant-et-apres-ameliore/","en","https://clinicabelba.com/en/rhinoplasty-male-before-and-after-improved/","x-default","https://clinicabelba.com/rinoplastia-hombre-antes-y-despues-mejorado/","","","","","Indexable",""
"https://clinicabelba.com/nl/rhinoplastiek-man-voor-en-na-verbeterd/","Rinoplastiek bij mannen: complete gids met voor en na (2026) | Clinica Belba","17","es-ES","https://clinicabelba.com/rinoplastia-hombre-antes-y-despues-mejorado/","ru-RU","https://clinicabelba.com/ru/ринопластика-мужчина-до-и-после-улучш/","uk","https://clinicabelba.com/uk/ринопластика-у-чоловіків-до-і-післ/","de-DE","https://clinicabelba.com/de/rhinoplastik-mann-vorher-und-nachher-verbessert/","it-IT","https://clinicabelba.com/it/rinoplastica-uomo-prima-e-dopo-migliorata/","nl-NL","https://clinicabelba.com/nl/rhinoplastiek-man-voor-en-na-verbeterd/","ca","https://clinicabelba.com/ca/rinoplastia-home-abans-i-despres-millorat/","fr-FR","https://clinicabelba.com/fr/rhinoplastie-homme-avant-et-apres-ameliore/","en-US","https://clinicabelba.com/en/rhinoplasty-male-before-and-after-improved/","es","https://clinicabelba.com/rinoplastia-hombre-antes-y-despues-mejorado/","ru","https://clinicabelba.com/ru/ринопластика-мужчина-до-и-после-улучш/","de","https://clinicabelba.com/de/rhinoplastik-mann-vorher-und-nachher-verbessert/","it","https://clinicabelba.com/it/rinoplastica-uomo-prima-e-dopo-migliorata/","nl","https://clinicabelba.com/nl/rhinoplastiek-man-voor-en-na-verbeterd/","fr","https://clinicabelba.com/fr/rhinoplastie-homme-avant-et-apres-ameliore/","en","https://clinicabelba.com/en/rhinoplasty-male-before-and-after-improved/","x-default","https://clinicabelba.com/rinoplastia-hombre-antes-y-despues-mejorado/","","","","","Indexable",""
"https://clinicabelba.com/uk/ринопластика-у-чоловіків-до-і-післ/","Ринопластика у чоловіків: повний посібник із фотографіями «до» та «після» (2026) | Клініка «Белба»","17","es-ES","https://clinicabelba.com/rinoplastia-hombre-antes-y-despues-mejorado/","ru-RU","https://clinicabelba.com/ru/ринопластика-мужчина-до-и-после-улучш/","uk","https://clinicabelba.com/uk/ринопластика-у-чоловіків-до-і-післ/","de-DE","https://clinicabelba.com/de/rhinoplastik-mann-vorher-und-nachher-verbessert/","it-IT","https://clinicabelba.com/it/rinoplastica-uomo-prima-e-dopo-migliorata/","nl-NL","https://clinicabelba.com/nl/rhinoplastiek-man-voor-en-na-verbeterd/","ca","https://clinicabelba.com/ca/rinoplastia-home-abans-i-despres-millorat/","fr-FR","https://clinicabelba.com/fr/rhinoplastie-homme-avant-et-apres-ameliore/","en-US","https://clinicabelba.com/en/rhinoplasty-male-before-and-after-improved/","es","https://clinicabelba.com/rinoplastia-hombre-antes-y-despues-mejorado/","ru","https://clinicabelba.com/ru/ринопластика-мужчина-до-и-после-улучш/","de","https://clinicabelba.com/de/rhinoplastik-mann-vorher-und-nachher-verbessert/","it","https://clinicabelba.com/it/rinoplastica-uomo-prima-e-dopo-migliorata/","nl","https://clinicabelba.com/nl/rhinoplastiek-man-voor-en-na-verbeterd/","fr","https://clinicabelba.com/fr/rhinoplastie-homme-avant-et-apres-ameliore/","en","https://clinicabelba.com/en/rhinoplasty-male-before-and-after-improved/","x-default","https://clinicabelba.com/rinoplastia-hombre-antes-y-despues-mejorado/","","","","","Indexable",""
"https://clinicabelba.com/ru/лабии-вульвы/","Большие или отвисшие половые губы: когда следует их лечить","17","es-ES","https://clinicabelba.com/labios-vaginales/","ru-RU","https://clinicabelba.com/ru/лабии-вульвы/","uk","https://clinicabelba.com/uk/статеві-губи/","de-DE","https://clinicabelba.com/de/schamlippen/","it-IT","https://clinicabelba.com/it/labbra-vaginali/","nl-NL","https://clinicabelba.com/nl/labia-minora/","ca","https://clinicabelba.com/ca/llavis-vaginals/","fr-FR","https://clinicabelba.com/fr/levres-vaginales/","en-US","https://clinicabelba.com/en/labia/","es","https://clinicabelba.com/labios-vaginales/","ru","https://clinicabelba.com/ru/лабии-вульвы/","de","https://clinicabelba.com/de/schamlippen/","it","https://clinicabelba.com/it/labbra-vaginali/","nl","https://clinicabelba.com/nl/labia-minora/","fr","https://clinicabelba.com/fr/levres-vaginales/","en","https://clinicabelba.com/en/labia/","x-default","https://clinicabelba.com/labios-vaginales/","","","","","Indexable",""
"https://clinicabelba.com/it/labbra-vaginali/","Grandi o cadenti labbra vaginali: quando trattarle","17","es-ES","https://clinicabelba.com/labios-vaginales/","ru-RU","https://clinicabelba.com/ru/лабии-вульвы/","uk","https://clinicabelba.com/uk/статеві-губи/","de-DE","https://clinicabelba.com/de/schamlippen/","it-IT","https://clinicabelba.com/it/labbra-vaginali/","nl-NL","https://clinicabelba.com/nl/labia-minora/","ca","https://clinicabelba.com/ca/llavis-vaginals/","fr-FR","https://clinicabelba.com/fr/levres-vaginales/","en-US","https://clinicabelba.com/en/labia/","es","https://clinicabelba.com/labios-vaginales/","ru","https://clinicabelba.com/ru/лабии-вульвы/","de","https://clinicabelba.com/de/schamlippen/","it","https://clinicabelba.com/it/labbra-vaginali/","nl","https://clinicabelba.com/nl/labia-minora/","fr","https://clinicabelba.com/fr/levres-vaginales/","en","https://clinicabelba.com/en/labia/","x-default","https://clinicabelba.com/labios-vaginales/","","","","","Indexable",""
"https://clinicabelba.com/uk/статеві-губи/","Великі або обвислі статеві губи: коли слід їх лікувати","17","es-ES","https://clinicabelba.com/labios-vaginales/","ru-RU","https://clinicabelba.com/ru/лабии-вульвы/","uk","https://clinicabelba.com/uk/статеві-губи/","de-DE","https://clinicabelba.com/de/schamlippen/","it-IT","https://clinicabelba.com/it/labbra-vaginali/","nl-NL","https://clinicabelba.com/nl/labia-minora/","ca","https://clinicabelba.com/ca/llavis-vaginals/","fr-FR","https://clinicabelba.com/fr/levres-vaginales/","en-US","https://clinicabelba.com/en/labia/","es","https://clinicabelba.com/labios-vaginales/","ru","https://clinicabelba.com/ru/лабии-вульвы/","de","https://clinicabelba.com/de/schamlippen/","it","https://clinicabelba.com/it/labbra-vaginali/","nl","https://clinicabelba.com/nl/labia-minora/","fr","https://clinicabelba.com/fr/levres-vaginales/","en","https://clinicabelba.com/en/labia/","x-default","https://clinicabelba.com/labios-vaginales/","","","","","Indexable",""
"https://clinicabelba.com/nl/labia-minora/","Grote of hangende binnenste schaamlippen: wanneer ze te behandelen","17","es-ES","https://clinicabelba.com/labios-vaginales/","ru-RU","https://clinicabelba.com/ru/лабии-вульвы/","uk","https://clinicabelba.com/uk/статеві-губи/","de-DE","https://clinicabelba.com/de/schamlippen/","it-IT","https://clinicabelba.com/it/labbra-vaginali/","nl-NL","https://clinicabelba.com/nl/labia-minora/","ca","https://clinicabelba.com/ca/llavis-vaginals/","fr-FR","https://clinicabelba.com/fr/levres-vaginales/","en-US","https://clinicabelba.com/en/labia/","es","https://clinicabelba.com/labios-vaginales/","ru","https://clinicabelba.com/ru/лабии-вульвы/","de","https://clinicabelba.com/de/schamlippen/","it","https://clinicabelba.com/it/labbra-vaginali/","nl","https://clinicabelba.com/nl/labia-minora/","fr","https://clinicabelba.com/fr/levres-vaginales/","en","https://clinicabelba.com/en/labia/","x-default","https://clinicabelba.com/labios-vaginales/","","","","","Indexable",""
"https://clinicabelba.com/aumento-pecho-precio/","Aumento de pecho: precio en España y Barcelona en 2026 | Belba","17","es-ES","https://clinicabelba.com/aumento-pecho-precio/","ru-RU","https://clinicabelba.com/ru/увеличение-груди-цена/","uk","https://clinicabelba.com/uk/вартість-збільшення-грудей/","de-DE","https://clinicabelba.com/de/brustvergroserung-preis/","it-IT","https://clinicabelba.com/it/aumento-seno-prezzo/","nl-NL","https://clinicabelba.com/nl/borstvergroting-prijs/","ca","https://clinicabelba.com/ca/augment-de-pits-preu/","fr-FR","https://clinicabelba.com/fr/augmentation-mammaire-prix/","en-US","https://clinicabelba.com/en/breast-augmentation-price/","es","https://clinicabelba.com/aumento-pecho-precio/","ru","https://clinicabelba.com/ru/увеличение-груди-цена/","de","https://clinicabelba.com/de/brustvergroserung-preis/","it","https://clinicabelba.com/it/aumento-seno-prezzo/","nl","https://clinicabelba.com/nl/borstvergroting-prijs/","fr","https://clinicabelba.com/fr/augmentation-mammaire-prix/","en","https://clinicabelba.com/en/breast-augmentation-price/","x-default","https://clinicabelba.com/aumento-pecho-precio/","","","","","Indexable",""
"https://clinicabelba.com/de/schamlippen/","Große oder hängende Schamlippen: Wann sie behandelt werden sollten","17","es-ES","https://clinicabelba.com/labios-vaginales/","ru-RU","https://clinicabelba.com/ru/лабии-вульвы/","uk","https://clinicabelba.com/uk/статеві-губи/","de-DE","https://clinicabelba.com/de/schamlippen/","it-IT","https://clinicabelba.com/it/labbra-vaginali/","nl-NL","https://clinicabelba.com/nl/labia-minora/","ca","https://clinicabelba.com/ca/llavis-vaginals/","fr-FR","https://clinicabelba.com/fr/levres-vaginales/","en-US","https://clinicabelba.com/en/labia/","es","https://clinicabelba.com/labios-vaginales/","ru","https://clinicabelba.com/ru/лабии-вульвы/","de","https://clinicabelba.com/de/schamlippen/","it","https://clinicabelba.com/it/labbra-vaginali/","nl","https://clinicabelba.com/nl/labia-minora/","fr","https://clinicabelba.com/fr/levres-vaginales/","en","https://clinicabelba.com/en/labia/","x-default","https://clinicabelba.com/labios-vaginales/","","","","","Indexable",""
"https://clinicabelba.com/de/ultraschall-rhinoplastik-vorteile-grenzen/","Ultraschall-Rhinoplastik: Vorteile, Grenzen und wann man sie wählen sollte","17","es-ES","https://clinicabelba.com/rinoplastia-ultrasonica-ventajas-limites/","ru-RU","https://clinicabelba.com/ru/ультразвуковая-ринопластика-преиму/","uk","https://clinicabelba.com/uk/ультразвукова-ринопластика-переваг/","de-DE","https://clinicabelba.com/de/ultraschall-rhinoplastik-vorteile-grenzen/","it-IT","https://clinicabelba.com/it/rinoplastica-ultrasonica-vantaggi-e-limiti/","nl-NL","https://clinicabelba.com/nl/ultrasone-neuscorrectie-voordelen-beperkingen/","ca","https://clinicabelba.com/ca/rinoplastia-ultrasonica-avantatges-limits/","fr-FR","https://clinicabelba.com/fr/rinoplastia-ultrasonica-ventajas-limites/","en-US","https://clinicabelba.com/en/ultrasonic-rhinoplasty-advantages-limitations/","es","https://clinicabelba.com/rinoplastia-ultrasonica-ventajas-limites/","ru","https://clinicabelba.com/ru/ультразвуковая-ринопластика-преиму/","de","https://clinicabelba.com/de/ultraschall-rhinoplastik-vorteile-grenzen/","it","https://clinicabelba.com/it/rinoplastica-ultrasonica-vantaggi-e-limiti/","nl","https://clinicabelba.com/nl/ultrasone-neuscorrectie-voordelen-beperkingen/","fr","https://clinicabelba.com/fr/rinoplastia-ultrasonica-ventajas-limites/","en","https://clinicabelba.com/en/ultrasonic-rhinoplasty-advantages-limitations/","x-default","https://clinicabelba.com/rinoplastia-ultrasonica-ventajas-limites/","","","","","Indexable",""
"https://clinicabelba.com/de/vaginale-lippen-was-sie-sind-arten-pflege-und-wann-ein-arzt-aufgesucht-werden-sollte/","Labien: Arten, Pflege und wann ein Arzt aufgesucht werden sollte","17","es-ES","https://clinicabelba.com/labios-vaginales-que-son-tipos-cuidados-y-cuando-consultar/","ru-RU","https://clinicabelba.com/ru/половой-жизни-являющиеся-типами-уход/","uk","https://clinicabelba.com/uk/статеві-губи-як-доглядати-за-ними-та-ко/","de-DE","https://clinicabelba.com/de/vaginale-lippen-was-sie-sind-arten-pflege-und-wann-ein-arzt-aufgesucht-werden-sollte/","it-IT","https://clinicabelba.com/it/labbra-vaginali-cosa-sono-tipologie-cura-e-quando-consultare-un-medico/","nl-NL","https://clinicabelba.com/nl/labios-vaginales-que-son-tipos-cuidados-y-cuando-consultar/","ca","https://clinicabelba.com/ca/llavis-vaginals-quins-son-tipus-cures-i-quan-consultar/","fr-FR","https://clinicabelba.com/fr/levres-vaginales-quest-ce-que-cest-types-soins-et-quand-consulter/","en-US","https://clinicabelba.com/en/labia-what-they-are-types-care-and-when-to-consult-a-doctor/","es","https://clinicabelba.com/labios-vaginales-que-son-tipos-cuidados-y-cuando-consultar/","ru","https://clinicabelba.com/ru/половой-жизни-являющиеся-типами-уход/","de","https://clinicabelba.com/de/vaginale-lippen-was-sie-sind-arten-pflege-und-wann-ein-arzt-aufgesucht-werden-sollte/","it","https://clinicabelba.com/it/labbra-vaginali-cosa-sono-tipologie-cura-e-quando-consultare-un-medico/","nl","https://clinicabelba.com/nl/labios-vaginales-que-son-tipos-cuidados-y-cuando-consultar/","fr","https://clinicabelba.com/fr/levres-vaginales-quest-ce-que-cest-types-soins-et-quand-consulter/","en","https://clinicabelba.com/en/labia-what-they-are-types-care-and-when-to-consult-a-doctor/","x-default","https://clinicabelba.com/labios-vaginales-que-son-tipos-cuidados-y-cuando-consultar/","","","","","Indexable",""
"https://clinicabelba.com/de/rhinoplastik-mann-vorher-und-nachher-verbessert/","Rhinoplastik bei Männern: Vollständiger Leitfaden mit Vorher-Nachher-Bildern (2026) | Clinica Belba","17","es-ES","https://clinicabelba.com/rinoplastia-hombre-antes-y-despues-mejorado/","ru-RU","https://clinicabelba.com/ru/ринопластика-мужчина-до-и-после-улучш/","uk","https://clinicabelba.com/uk/ринопластика-у-чоловіків-до-і-післ/","de-DE","https://clinicabelba.com/de/rhinoplastik-mann-vorher-und-nachher-verbessert/","it-IT","https://clinicabelba.com/it/rinoplastica-uomo-prima-e-dopo-migliorata/","nl-NL","https://clinicabelba.com/nl/rhinoplastiek-man-voor-en-na-verbeterd/","ca","https://clinicabelba.com/ca/rinoplastia-home-abans-i-despres-millorat/","fr-FR","https://clinicabelba.com/fr/rhinoplastie-homme-avant-et-apres-ameliore/","en-US","https://clinicabelba.com/en/rhinoplasty-male-before-and-after-improved/","es","https://clinicabelba.com/rinoplastia-hombre-antes-y-despues-mejorado/","ru","https://clinicabelba.com/ru/ринопластика-мужчина-до-и-после-улучш/","de","https://clinicabelba.com/de/rhinoplastik-mann-vorher-und-nachher-verbessert/","it","https://clinicabelba.com/it/rinoplastica-uomo-prima-e-dopo-migliorata/","nl","https://clinicabelba.com/nl/rhinoplastiek-man-voor-en-na-verbeterd/","fr","https://clinicabelba.com/fr/rhinoplastie-homme-avant-et-apres-ameliore/","en","https://clinicabelba.com/en/rhinoplasty-male-before-and-after-improved/","x-default","https://clinicabelba.com/rinoplastia-hombre-antes-y-despues-mejorado/","","","","","Indexable",""
"https://clinicabelba.com/ru/aumento-de-mama-hibrido/","Aumento de mama híbrido | Clinica Belba","17","es-ES","https://clinicabelba.com/aumento-de-mama-hibrido/","ru-RU","https://clinicabelba.com/ru/aumento-de-mama-hibrido/","uk","https://clinicabelba.com/uk/гібридне-збільшення-грудей/","de-DE","https://clinicabelba.com/de/aumento-de-mama-hibrido/","it-IT","https://clinicabelba.com/it/aumento-de-mama-hibrido/","nl-NL","https://clinicabelba.com/nl/hybride-borstvergroting/","ca","https://clinicabelba.com/ca/aumento-de-mama-hibrido/","fr-FR","https://clinicabelba.com/fr/aumento-de-mama-hibrido/","en-US","https://clinicabelba.com/en/aumento-de-mama-hibrido/","es","https://clinicabelba.com/aumento-de-mama-hibrido/","ru","https://clinicabelba.com/ru/aumento-de-mama-hibrido/","de","https://clinicabelba.com/de/aumento-de-mama-hibrido/","it","https://clinicabelba.com/it/aumento-de-mama-hibrido/","nl","https://clinicabelba.com/nl/hybride-borstvergroting/","fr","https://clinicabelba.com/fr/aumento-de-mama-hibrido/","en","https://clinicabelba.com/en/aumento-de-mama-hibrido/","x-default","https://clinicabelba.com/aumento-de-mama-hibrido/","","","","","No indexable","noindex"
"https://clinicabelba.com/en/aumento-de-mama-hibrido/","Aumento de mama híbrido | Clinica Belba","17","es-ES","https://clinicabelba.com/aumento-de-mama-hibrido/","ru-RU","https://clinicabelba.com/ru/aumento-de-mama-hibrido/","uk","https://clinicabelba.com/uk/гібридне-збільшення-грудей/","de-DE","https://clinicabelba.com/de/aumento-de-mama-hibrido/","it-IT","https://clinicabelba.com/it/aumento-de-mama-hibrido/","nl-NL","https://clinicabelba.com/nl/hybride-borstvergroting/","ca","https://clinicabelba.com/ca/aumento-de-mama-hibrido/","fr-FR","https://clinicabelba.com/fr/aumento-de-mama-hibrido/","en-US","https://clinicabelba.com/en/aumento-de-mama-hibrido/","es","https://clinicabelba.com/aumento-de-mama-hibrido/","ru","https://clinicabelba.com/ru/aumento-de-mama-hibrido/","de","https://clinicabelba.com/de/aumento-de-mama-hibrido/","it","https://clinicabelba.com/it/aumento-de-mama-hibrido/","nl","https://clinicabelba.com/nl/hybride-borstvergroting/","fr","https://clinicabelba.com/fr/aumento-de-mama-hibrido/","en","https://clinicabelba.com/en/aumento-de-mama-hibrido/","x-default","https://clinicabelba.com/aumento-de-mama-hibrido/","","","","","No indexable","noindex"
"https://clinicabelba.com/it/aumento-de-mama-hibrido/","Aumento de mama híbrido | Clinica Belba","17","es-ES","https://clinicabelba.com/aumento-de-mama-hibrido/","ru-RU","https://clinicabelba.com/ru/aumento-de-mama-hibrido/","uk","https://clinicabelba.com/uk/гібридне-збільшення-грудей/","de-DE","https://clinicabelba.com/de/aumento-de-mama-hibrido/","it-IT","https://clinicabelba.com/it/aumento-de-mama-hibrido/","nl-NL","https://clinicabelba.com/nl/hybride-borstvergroting/","ca","https://clinicabelba.com/ca/aumento-de-mama-hibrido/","fr-FR","https://clinicabelba.com/fr/aumento-de-mama-hibrido/","en-US","https://clinicabelba.com/en/aumento-de-mama-hibrido/","es","https://clinicabelba.com/aumento-de-mama-hibrido/","ru","https://clinicabelba.com/ru/aumento-de-mama-hibrido/","de","https://clinicabelba.com/de/aumento-de-mama-hibrido/","it","https://clinicabelba.com/it/aumento-de-mama-hibrido/","nl","https://clinicabelba.com/nl/hybride-borstvergroting/","fr","https://clinicabelba.com/fr/aumento-de-mama-hibrido/","en","https://clinicabelba.com/en/aumento-de-mama-hibrido/","x-default","https://clinicabelba.com/aumento-de-mama-hibrido/","","","","","No indexable","noindex"
"https://clinicabelba.com/de/aumento-de-mama-hibrido/","Aumento de mama híbrido | Clinica Belba","17","es-ES","https://clinicabelba.com/aumento-de-mama-hibrido/","ru-RU","https://clinicabelba.com/ru/aumento-de-mama-hibrido/","uk","https://clinicabelba.com/uk/гібридне-збільшення-грудей/","de-DE","https://clinicabelba.com/de/aumento-de-mama-hibrido/","it-IT","https://clinicabelba.com/it/aumento-de-mama-hibrido/","nl-NL","https://clinicabelba.com/nl/hybride-borstvergroting/","ca","https://clinicabelba.com/ca/aumento-de-mama-hibrido/","fr-FR","https://clinicabelba.com/fr/aumento-de-mama-hibrido/","en-US","https://clinicabelba.com/en/aumento-de-mama-hibrido/","es","https://clinicabelba.com/aumento-de-mama-hibrido/","ru","https://clinicabelba.com/ru/aumento-de-mama-hibrido/","de","https://clinicabelba.com/de/aumento-de-mama-hibrido/","it","https://clinicabelba.com/it/aumento-de-mama-hibrido/","nl","https://clinicabelba.com/nl/hybride-borstvergroting/","fr","https://clinicabelba.com/fr/aumento-de-mama-hibrido/","en","https://clinicabelba.com/en/aumento-de-mama-hibrido/","x-default","https://clinicabelba.com/aumento-de-mama-hibrido/","","","","","No indexable","noindex"
"https://clinicabelba.com/uk/гібридне-збільшення-грудей/","Гібридна операція зі збільшення грудей | Клініка «Белба»","17","es-ES","https://clinicabelba.com/aumento-de-mama-hibrido/","ru-RU","https://clinicabelba.com/ru/aumento-de-mama-hibrido/","uk","https://clinicabelba.com/uk/гібридне-збільшення-грудей/","de-DE","https://clinicabelba.com/de/aumento-de-mama-hibrido/","it-IT","https://clinicabelba.com/it/aumento-de-mama-hibrido/","nl-NL","https://clinicabelba.com/nl/hybride-borstvergroting/","ca","https://clinicabelba.com/ca/aumento-de-mama-hibrido/","fr-FR","https://clinicabelba.com/fr/aumento-de-mama-hibrido/","en-US","https://clinicabelba.com/en/aumento-de-mama-hibrido/","es","https://clinicabelba.com/aumento-de-mama-hibrido/","ru","https://clinicabelba.com/ru/aumento-de-mama-hibrido/","de","https://clinicabelba.com/de/aumento-de-mama-hibrido/","it","https://clinicabelba.com/it/aumento-de-mama-hibrido/","nl","https://clinicabelba.com/nl/hybride-borstvergroting/","fr","https://clinicabelba.com/fr/aumento-de-mama-hibrido/","en","https://clinicabelba.com/en/aumento-de-mama-hibrido/","x-default","https://clinicabelba.com/aumento-de-mama-hibrido/","","","","","No indexable","noindex"
"https://clinicabelba.com/nl/hybride-borstvergroting/","Hybride borstvergroting | Clinica Belba","17","es-ES","https://clinicabelba.com/aumento-de-mama-hibrido/","ru-RU","https://clinicabelba.com/ru/aumento-de-mama-hibrido/","uk","https://clinicabelba.com/uk/гібридне-збільшення-грудей/","de-DE","https://clinicabelba.com/de/aumento-de-mama-hibrido/","it-IT","https://clinicabelba.com/it/aumento-de-mama-hibrido/","nl-NL","https://clinicabelba.com/nl/hybride-borstvergroting/","ca","https://clinicabelba.com/ca/aumento-de-mama-hibrido/","fr-FR","https://clinicabelba.com/fr/aumento-de-mama-hibrido/","en-US","https://clinicabelba.com/en/aumento-de-mama-hibrido/","es","https://clinicabelba.com/aumento-de-mama-hibrido/","ru","https://clinicabelba.com/ru/aumento-de-mama-hibrido/","de","https://clinicabelba.com/de/aumento-de-mama-hibrido/","it","https://clinicabelba.com/it/aumento-de-mama-hibrido/","nl","https://clinicabelba.com/nl/hybride-borstvergroting/","fr","https://clinicabelba.com/fr/aumento-de-mama-hibrido/","en","https://clinicabelba.com/en/aumento-de-mama-hibrido/","x-default","https://clinicabelba.com/aumento-de-mama-hibrido/","","","","","No indexable","noindex"
"https://clinicabelba.com/ca/aumento-de-mama-hibrido/","Aumento de mama híbrido | Clinica Belba","17","es-ES","https://clinicabelba.com/aumento-de-mama-hibrido/","ru-RU","https://clinicabelba.com/ru/aumento-de-mama-hibrido/","uk","https://clinicabelba.com/uk/гібридне-збільшення-грудей/","de-DE","https://clinicabelba.com/de/aumento-de-mama-hibrido/","it-IT","https://clinicabelba.com/it/aumento-de-mama-hibrido/","nl-NL","https://clinicabelba.com/nl/hybride-borstvergroting/","ca","https://clinicabelba.com/ca/aumento-de-mama-hibrido/","fr-FR","https://clinicabelba.com/fr/aumento-de-mama-hibrido/","en-US","https://clinicabelba.com/en/aumento-de-mama-hibrido/","es","https://clinicabelba.com/aumento-de-mama-hibrido/","ru","https://clinicabelba.com/ru/aumento-de-mama-hibrido/","de","https://clinicabelba.com/de/aumento-de-mama-hibrido/","it","https://clinicabelba.com/it/aumento-de-mama-hibrido/","nl","https://clinicabelba.com/nl/hybride-borstvergroting/","fr","https://clinicabelba.com/fr/aumento-de-mama-hibrido/","en","https://clinicabelba.com/en/aumento-de-mama-hibrido/","x-default","https://clinicabelba.com/aumento-de-mama-hibrido/","","","","","No indexable","noindex"
"https://clinicabelba.com/nl/auteur/webbel/","Artikelen van Dr. Mike Dewever | Clinique Belba","17","es-ES","https://clinicabelba.com/author/webbelba/","ru-RU","https://clinicabelba.com/ru/автор/веббелба/","uk","https://clinicabelba.com/uk/автор/webbelba/","de-DE","https://clinicabelba.com/de/autor/webbelba/","it-IT","https://clinicabelba.com/it/autore/bellissima/","nl-NL","https://clinicabelba.com/nl/auteur/webbel/","ca","https://clinicabelba.com/ca/autor/webbelba/","fr-FR","https://clinicabelba.com/fr/auteur/webbelba/","en-US","https://clinicabelba.com/en/author/webbelba/","es","https://clinicabelba.com/author/webbelba/","ru","https://clinicabelba.com/ru/автор/веббелба/","de","https://clinicabelba.com/de/autor/webbelba/","it","https://clinicabelba.com/it/autore/bellissima/","nl","https://clinicabelba.com/nl/auteur/webbel/","fr","https://clinicabelba.com/fr/auteur/webbelba/","en","https://clinicabelba.com/en/author/webbelba/","x-default","https://clinicabelba.com/author/webbelba/","","","","","Indexable",""
"https://clinicabelba.com/it/autore/bellissima/","Articoli del Dott. Mike Dewever | Clinica Belba","17","es-ES","https://clinicabelba.com/author/webbelba/","ru-RU","https://clinicabelba.com/ru/автор/веббелба/","uk","https://clinicabelba.com/uk/автор/webbelba/","de-DE","https://clinicabelba.com/de/autor/webbelba/","it-IT","https://clinicabelba.com/it/autore/bellissima/","nl-NL","https://clinicabelba.com/nl/auteur/webbel/","ca","https://clinicabelba.com/ca/autor/webbelba/","fr-FR","https://clinicabelba.com/fr/auteur/webbelba/","en-US","https://clinicabelba.com/en/author/webbelba/","es","https://clinicabelba.com/author/webbelba/","ru","https://clinicabelba.com/ru/автор/веббелба/","de","https://clinicabelba.com/de/autor/webbelba/","it","https://clinicabelba.com/it/autore/bellissima/","nl","https://clinicabelba.com/nl/auteur/webbel/","fr","https://clinicabelba.com/fr/auteur/webbelba/","en","https://clinicabelba.com/en/author/webbelba/","x-default","https://clinicabelba.com/author/webbelba/","","","","","Indexable",""
"https://clinicabelba.com/en/author/webbelba/","Articles by Dr. Mike Dewever | Belba Clinic","17","es-ES","https://clinicabelba.com/author/webbelba/","ru-RU","https://clinicabelba.com/ru/автор/веббелба/","uk","https://clinicabelba.com/uk/автор/webbelba/","de-DE","https://clinicabelba.com/de/autor/webbelba/","it-IT","https://clinicabelba.com/it/autore/bellissima/","nl-NL","https://clinicabelba.com/nl/auteur/webbel/","ca","https://clinicabelba.com/ca/autor/webbelba/","fr-FR","https://clinicabelba.com/fr/auteur/webbelba/","en-US","https://clinicabelba.com/en/author/webbelba/","es","https://clinicabelba.com/author/webbelba/","ru","https://clinicabelba.com/ru/автор/веббелба/","de","https://clinicabelba.com/de/autor/webbelba/","it","https://clinicabelba.com/it/autore/bellissima/","nl","https://clinicabelba.com/nl/auteur/webbel/","fr","https://clinicabelba.com/fr/auteur/webbelba/","en","https://clinicabelba.com/en/author/webbelba/","x-default","https://clinicabelba.com/author/webbelba/","","","","","Indexable",""
"https://clinicabelba.com/de/autor/webbelba/","Artikel von Dr. Mike Dewever | Belba Klinik","17","es-ES","https://clinicabelba.com/author/webbelba/","ru-RU","https://clinicabelba.com/ru/автор/веббелба/","uk","https://clinicabelba.com/uk/автор/webbelba/","de-DE","https://clinicabelba.com/de/autor/webbelba/","it-IT","https://clinicabelba.com/it/autore/bellissima/","nl-NL","https://clinicabelba.com/nl/auteur/webbel/","ca","https://clinicabelba.com/ca/autor/webbelba/","fr-FR","https://clinicabelba.com/fr/auteur/webbelba/","en-US","https://clinicabelba.com/en/author/webbelba/","es","https://clinicabelba.com/author/webbelba/","ru","https://clinicabelba.com/ru/автор/веббелба/","de","https://clinicabelba.com/de/autor/webbelba/","it","https://clinicabelba.com/it/autore/bellissima/","nl","https://clinicabelba.com/nl/auteur/webbel/","fr","https://clinicabelba.com/fr/auteur/webbelba/","en","https://clinicabelba.com/en/author/webbelba/","x-default","https://clinicabelba.com/author/webbelba/","","","","","Indexable",""
"https://clinicabelba.com/uk/автор/webbelba/","Статті доктора Майка Девевера | Клініка «Белба»","17","es-ES","https://clinicabelba.com/author/webbelba/","ru-RU","https://clinicabelba.com/ru/автор/веббелба/","uk","https://clinicabelba.com/uk/автор/webbelba/","de-DE","https://clinicabelba.com/de/autor/webbelba/","it-IT","https://clinicabelba.com/it/autore/bellissima/","nl-NL","https://clinicabelba.com/nl/auteur/webbel/","ca","https://clinicabelba.com/ca/autor/webbelba/","fr-FR","https://clinicabelba.com/fr/auteur/webbelba/","en-US","https://clinicabelba.com/en/author/webbelba/","es","https://clinicabelba.com/author/webbelba/","ru","https://clinicabelba.com/ru/автор/веббелба/","de","https://clinicabelba.com/de/autor/webbelba/","it","https://clinicabelba.com/it/autore/bellissima/","nl","https://clinicabelba.com/nl/auteur/webbel/","fr","https://clinicabelba.com/fr/auteur/webbelba/","en","https://clinicabelba.com/en/author/webbelba/","x-default","https://clinicabelba.com/author/webbelba/","","","","","Indexable",""
"https://clinicabelba.com/fr/auteur/webbelba/","Articles du Dr Mike Dewever | Clinique Belba","17","es-ES","https://clinicabelba.com/author/webbelba/","ru-RU","https://clinicabelba.com/ru/автор/веббелба/","uk","https://clinicabelba.com/uk/автор/webbelba/","de-DE","https://clinicabelba.com/de/autor/webbelba/","it-IT","https://clinicabelba.com/it/autore/bellissima/","nl-NL","https://clinicabelba.com/nl/auteur/webbel/","ca","https://clinicabelba.com/ca/autor/webbelba/","fr-FR","https://clinicabelba.com/fr/auteur/webbelba/","en-US","https://clinicabelba.com/en/author/webbelba/","es","https://clinicabelba.com/author/webbelba/","ru","https://clinicabelba.com/ru/автор/веббелба/","de","https://clinicabelba.com/de/autor/webbelba/","it","https://clinicabelba.com/it/autore/bellissima/","nl","https://clinicabelba.com/nl/auteur/webbel/","fr","https://clinicabelba.com/fr/auteur/webbelba/","en","https://clinicabelba.com/en/author/webbelba/","x-default","https://clinicabelba.com/author/webbelba/","","","","","Indexable",""
"https://clinicabelba.com/author/webbelba/page/2/","Artículos del Dr. Mike Dewever | Clínica Belba","17","es-ES","https://clinicabelba.com/author/webbelba/page/2/","ru-RU","https://clinicabelba.com/ru/автор/веббелба/страница/2/","uk","https://clinicabelba.com/uk/автор/webbelba/сторінка/2/","de-DE","https://clinicabelba.com/de/autor/webbelba/seite/2/","it-IT","https://clinicabelba.com/it/autore/bellissima/pagina/2/","nl-NL","https://clinicabelba.com/nl/auteur/webbel/pagina/2/","ca","https://clinicabelba.com/ca/autor/webbelba/pagina/2/","fr-FR","https://clinicabelba.com/fr/auteur/webbelba/page/2/","en-US","https://clinicabelba.com/en/author/webbelba/page/2/","es","https://clinicabelba.com/author/webbelba/page/2/","ru","https://clinicabelba.com/ru/автор/веббелба/страница/2/","de","https://clinicabelba.com/de/autor/webbelba/seite/2/","it","https://clinicabelba.com/it/autore/bellissima/pagina/2/","nl","https://clinicabelba.com/nl/auteur/webbel/pagina/2/","fr","https://clinicabelba.com/fr/auteur/webbelba/page/2/","en","https://clinicabelba.com/en/author/webbelba/page/2/","x-default","https://clinicabelba.com/author/webbelba/page/2/","","","","","Indexable",""
"https://clinicabelba.com/ru/автор/веббелба/","Статьи д-ра Майка ДеВервиля | Клиника Бельба","17","es-ES","https://clinicabelba.com/author/webbelba/","ru-RU","https://clinicabelba.com/ru/автор/веббелба/","uk","https://clinicabelba.com/uk/автор/webbelba/","de-DE","https://clinicabelba.com/de/autor/webbelba/","it-IT","https://clinicabelba.com/it/autore/bellissima/","nl-NL","https://clinicabelba.com/nl/auteur/webbel/","ca","https://clinicabelba.com/ca/autor/webbelba/","fr-FR","https://clinicabelba.com/fr/auteur/webbelba/","en-US","https://clinicabelba.com/en/author/webbelba/","es","https://clinicabelba.com/author/webbelba/","ru","https://clinicabelba.com/ru/автор/веббелба/","de","https://clinicabelba.com/de/autor/webbelba/","it","https://clinicabelba.com/it/autore/bellissima/","nl","https://clinicabelba.com/nl/auteur/webbel/","fr","https://clinicabelba.com/fr/auteur/webbelba/","en","https://clinicabelba.com/en/author/webbelba/","x-default","https://clinicabelba.com/author/webbelba/","","","","","Indexable",""
"https://clinicabelba.com/ca/autor/webbelba/","Articles del Dr. Mike Dewever | Clínica Belba","17","es-ES","https://clinicabelba.com/author/webbelba/","ru-RU","https://clinicabelba.com/ru/автор/веббелба/","uk","https://clinicabelba.com/uk/автор/webbelba/","de-DE","https://clinicabelba.com/de/autor/webbelba/","it-IT","https://clinicabelba.com/it/autore/bellissima/","nl-NL","https://clinicabelba.com/nl/auteur/webbel/","ca","https://clinicabelba.com/ca/autor/webbelba/","fr-FR","https://clinicabelba.com/fr/auteur/webbelba/","en-US","https://clinicabelba.com/en/author/webbelba/","es","https://clinicabelba.com/author/webbelba/","ru","https://clinicabelba.com/ru/автор/веббелба/","de","https://clinicabelba.com/de/autor/webbelba/","it","https://clinicabelba.com/it/autore/bellissima/","nl","https://clinicabelba.com/nl/auteur/webbel/","fr","https://clinicabelba.com/fr/auteur/webbelba/","en","https://clinicabelba.com/en/author/webbelba/","x-default","https://clinicabelba.com/author/webbelba/","","","","","Indexable",""
"https://clinicabelba.com/fr/rinoplastia-ultrasonica-ventajas-limites/","Rinoplastia ultrasónica: ventajas, límites y cuándo elegirla","17","es-ES","https://clinicabelba.com/rinoplastia-ultrasonica-ventajas-limites/","ru-RU","https://clinicabelba.com/ru/ультразвуковая-ринопластика-преиму/","uk","https://clinicabelba.com/uk/ультразвукова-ринопластика-переваг/","de-DE","https://clinicabelba.com/de/ultraschall-rhinoplastik-vorteile-grenzen/","it-IT","https://clinicabelba.com/it/rinoplastica-ultrasonica-vantaggi-e-limiti/","nl-NL","https://clinicabelba.com/nl/ultrasone-neuscorrectie-voordelen-beperkingen/","ca","https://clinicabelba.com/ca/rinoplastia-ultrasonica-avantatges-limits/","fr-FR","https://clinicabelba.com/fr/rinoplastia-ultrasonica-ventajas-limites/","en-US","https://clinicabelba.com/en/ultrasonic-rhinoplasty-advantages-limitations/","es","https://clinicabelba.com/rinoplastia-ultrasonica-ventajas-limites/","ru","https://clinicabelba.com/ru/ультразвуковая-ринопластика-преиму/","de","https://clinicabelba.com/de/ultraschall-rhinoplastik-vorteile-grenzen/","it","https://clinicabelba.com/it/rinoplastica-ultrasonica-vantaggi-e-limiti/","nl","https://clinicabelba.com/nl/ultrasone-neuscorrectie-voordelen-beperkingen/","fr","https://clinicabelba.com/fr/rinoplastia-ultrasonica-ventajas-limites/","en","https://clinicabelba.com/en/ultrasonic-rhinoplasty-advantages-limitations/","x-default","https://clinicabelba.com/rinoplastia-ultrasonica-ventajas-limites/","","","","","Indexable",""
"https://clinicabelba.com/fr/rhinoplastie-homme-avant-et-apres-ameliore/","Rinoplastie chez les hommes : guide complet avec avant et après (2026) | Clinica Belba","17","es-ES","https://clinicabelba.com/rinoplastia-hombre-antes-y-despues-mejorado/","ru-RU","https://clinicabelba.com/ru/ринопластика-мужчина-до-и-после-улучш/","uk","https://clinicabelba.com/uk/ринопластика-у-чоловіків-до-і-післ/","de-DE","https://clinicabelba.com/de/rhinoplastik-mann-vorher-und-nachher-verbessert/","it-IT","https://clinicabelba.com/it/rinoplastica-uomo-prima-e-dopo-migliorata/","nl-NL","https://clinicabelba.com/nl/rhinoplastiek-man-voor-en-na-verbeterd/","ca","https://clinicabelba.com/ca/rinoplastia-home-abans-i-despres-millorat/","fr-FR","https://clinicabelba.com/fr/rhinoplastie-homme-avant-et-apres-ameliore/","en-US","https://clinicabelba.com/en/rhinoplasty-male-before-and-after-improved/","es","https://clinicabelba.com/rinoplastia-hombre-antes-y-despues-mejorado/","ru","https://clinicabelba.com/ru/ринопластика-мужчина-до-и-после-улучш/","de","https://clinicabelba.com/de/rhinoplastik-mann-vorher-und-nachher-verbessert/","it","https://clinicabelba.com/it/rinoplastica-uomo-prima-e-dopo-migliorata/","nl","https://clinicabelba.com/nl/rhinoplastiek-man-voor-en-na-verbeterd/","fr","https://clinicabelba.com/fr/rhinoplastie-homme-avant-et-apres-ameliore/","en","https://clinicabelba.com/en/rhinoplasty-male-before-and-after-improved/","x-default","https://clinicabelba.com/rinoplastia-hombre-antes-y-despues-mejorado/","","","","","Indexable",""
"https://clinicabelba.com/fr/levres-vaginales/","Lèvres vaginales grandes ou tombantes : quand les traiter","17","es-ES","https://clinicabelba.com/labios-vaginales/","ru-RU","https://clinicabelba.com/ru/лабии-вульвы/","uk","https://clinicabelba.com/uk/статеві-губи/","de-DE","https://clinicabelba.com/de/schamlippen/","it-IT","https://clinicabelba.com/it/labbra-vaginali/","nl-NL","https://clinicabelba.com/nl/labia-minora/","ca","https://clinicabelba.com/ca/llavis-vaginals/","fr-FR","https://clinicabelba.com/fr/levres-vaginales/","en-US","https://clinicabelba.com/en/labia/","es","https://clinicabelba.com/labios-vaginales/","ru","https://clinicabelba.com/ru/лабии-вульвы/","de","https://clinicabelba.com/de/schamlippen/","it","https://clinicabelba.com/it/labbra-vaginali/","nl","https://clinicabelba.com/nl/labia-minora/","fr","https://clinicabelba.com/fr/levres-vaginales/","en","https://clinicabelba.com/en/labia/","x-default","https://clinicabelba.com/labios-vaginales/","","","","","Indexable",""
"https://clinicabelba.com/fr/levres-vaginales-quest-ce-que-cest-types-soins-et-quand-consulter/","Lèvres vaginales : types, soins et quand consulter","17","es-ES","https://clinicabelba.com/labios-vaginales-que-son-tipos-cuidados-y-cuando-consultar/","ru-RU","https://clinicabelba.com/ru/половой-жизни-являющиеся-типами-уход/","uk","https://clinicabelba.com/uk/статеві-губи-як-доглядати-за-ними-та-ко/","de-DE","https://clinicabelba.com/de/vaginale-lippen-was-sie-sind-arten-pflege-und-wann-ein-arzt-aufgesucht-werden-sollte/","it-IT","https://clinicabelba.com/it/labbra-vaginali-cosa-sono-tipologie-cura-e-quando-consultare-un-medico/","nl-NL","https://clinicabelba.com/nl/labios-vaginales-que-son-tipos-cuidados-y-cuando-consultar/","ca","https://clinicabelba.com/ca/llavis-vaginals-quins-son-tipus-cures-i-quan-consultar/","fr-FR","https://clinicabelba.com/fr/levres-vaginales-quest-ce-que-cest-types-soins-et-quand-consulter/","en-US","https://clinicabelba.com/en/labia-what-they-are-types-care-and-when-to-consult-a-doctor/","es","https://clinicabelba.com/labios-vaginales-que-son-tipos-cuidados-y-cuando-consultar/","ru","https://clinicabelba.com/ru/половой-жизни-являющиеся-типами-уход/","de","https://clinicabelba.com/de/vaginale-lippen-was-sie-sind-arten-pflege-und-wann-ein-arzt-aufgesucht-werden-sollte/","it","https://clinicabelba.com/it/labbra-vaginali-cosa-sono-tipologie-cura-e-quando-consultare-un-medico/","nl","https://clinicabelba.com/nl/labios-vaginales-que-son-tipos-cuidados-y-cuando-consultar/","fr","https://clinicabelba.com/fr/levres-vaginales-quest-ce-que-cest-types-soins-et-quand-consulter/","en","https://clinicabelba.com/en/labia-what-they-are-types-care-and-when-to-consult-a-doctor/","x-default","https://clinicabelba.com/labios-vaginales-que-son-tipos-cuidados-y-cuando-consultar/","","","","","Indexable",""
"https://clinicabelba.com/fr/aumento-de-mama-hibrido/","Aumento de mama híbrido | Clinica Belba","17","es-ES","https://clinicabelba.com/aumento-de-mama-hibrido/","ru-RU","https://clinicabelba.com/ru/aumento-de-mama-hibrido/","uk","https://clinicabelba.com/uk/гібридне-збільшення-грудей/","de-DE","https://clinicabelba.com/de/aumento-de-mama-hibrido/","it-IT","https://clinicabelba.com/it/aumento-de-mama-hibrido/","nl-NL","https://clinicabelba.com/nl/hybride-borstvergroting/","ca","https://clinicabelba.com/ca/aumento-de-mama-hibrido/","fr-FR","https://clinicabelba.com/fr/aumento-de-mama-hibrido/","en-US","https://clinicabelba.com/en/aumento-de-mama-hibrido/","es","https://clinicabelba.com/aumento-de-mama-hibrido/","ru","https://clinicabelba.com/ru/aumento-de-mama-hibrido/","de","https://clinicabelba.com/de/aumento-de-mama-hibrido/","it","https://clinicabelba.com/it/aumento-de-mama-hibrido/","nl","https://clinicabelba.com/nl/hybride-borstvergroting/","fr","https://clinicabelba.com/fr/aumento-de-mama-hibrido/","en","https://clinicabelba.com/en/aumento-de-mama-hibrido/","x-default","https://clinicabelba.com/aumento-de-mama-hibrido/","","","","","No indexable","noindex"
"https://clinicabelba.com/it/rinoplastica-ultrasonica-vantaggi-e-limiti/","Rinoplastica ultrasonica: vantaggi, limiti e quando sceglierla","17","es-ES","https://clinicabelba.com/rinoplastia-ultrasonica-ventajas-limites/","ru-RU","https://clinicabelba.com/ru/ультразвуковая-ринопластика-преиму/","uk","https://clinicabelba.com/uk/ультразвукова-ринопластика-переваг/","de-DE","https://clinicabelba.com/de/ultraschall-rhinoplastik-vorteile-grenzen/","it-IT","https://clinicabelba.com/it/rinoplastica-ultrasonica-vantaggi-e-limiti/","nl-NL","https://clinicabelba.com/nl/ultrasone-neuscorrectie-voordelen-beperkingen/","ca","https://clinicabelba.com/ca/rinoplastia-ultrasonica-avantatges-limits/","fr-FR","https://clinicabelba.com/fr/rinoplastia-ultrasonica-ventajas-limites/","en-US","https://clinicabelba.com/en/ultrasonic-rhinoplasty-advantages-limitations/","es","https://clinicabelba.com/rinoplastia-ultrasonica-ventajas-limites/","ru","https://clinicabelba.com/ru/ультразвуковая-ринопластика-преиму/","de","https://clinicabelba.com/de/ultraschall-rhinoplastik-vorteile-grenzen/","it","https://clinicabelba.com/it/rinoplastica-ultrasonica-vantaggi-e-limiti/","nl","https://clinicabelba.com/nl/ultrasone-neuscorrectie-voordelen-beperkingen/","fr","https://clinicabelba.com/fr/rinoplastia-ultrasonica-ventajas-limites/","en","https://clinicabelba.com/en/ultrasonic-rhinoplasty-advantages-limitations/","x-default","https://clinicabelba.com/rinoplastia-ultrasonica-ventajas-limites/","","","","","Indexable",""
"https://clinicabelba.com/ru/ультразвуковая-ринопластика-преиму/","Ультразвуковая ринопластика: преимущества, ограничения и когда ее выбрать","17","es-ES","https://clinicabelba.com/rinoplastia-ultrasonica-ventajas-limites/","ru-RU","https://clinicabelba.com/ru/ультразвуковая-ринопластика-преиму/","uk","https://clinicabelba.com/uk/ультразвукова-ринопластика-переваг/","de-DE","https://clinicabelba.com/de/ultraschall-rhinoplastik-vorteile-grenzen/","it-IT","https://clinicabelba.com/it/rinoplastica-ultrasonica-vantaggi-e-limiti/","nl-NL","https://clinicabelba.com/nl/ultrasone-neuscorrectie-voordelen-beperkingen/","ca","https://clinicabelba.com/ca/rinoplastia-ultrasonica-avantatges-limits/","fr-FR","https://clinicabelba.com/fr/rinoplastia-ultrasonica-ventajas-limites/","en-US","https://clinicabelba.com/en/ultrasonic-rhinoplasty-advantages-limitations/","es","https://clinicabelba.com/rinoplastia-ultrasonica-ventajas-limites/","ru","https://clinicabelba.com/ru/ультразвуковая-ринопластика-преиму/","de","https://clinicabelba.com/de/ultraschall-rhinoplastik-vorteile-grenzen/","it","https://clinicabelba.com/it/rinoplastica-ultrasonica-vantaggi-e-limiti/","nl","https://clinicabelba.com/nl/ultrasone-neuscorrectie-voordelen-beperkingen/","fr","https://clinicabelba.com/fr/rinoplastia-ultrasonica-ventajas-limites/","en","https://clinicabelba.com/en/ultrasonic-rhinoplasty-advantages-limitations/","x-default","https://clinicabelba.com/rinoplastia-ultrasonica-ventajas-limites/","","","","","Indexable",""
"https://clinicabelba.com/uk/ультразвукова-ринопластика-переваг/","Ультразвукова ринопластика: переваги, обмеження та коли її обирати","17","es-ES","https://clinicabelba.com/rinoplastia-ultrasonica-ventajas-limites/","ru-RU","https://clinicabelba.com/ru/ультразвуковая-ринопластика-преиму/","uk","https://clinicabelba.com/uk/ультразвукова-ринопластика-переваг/","de-DE","https://clinicabelba.com/de/ultraschall-rhinoplastik-vorteile-grenzen/","it-IT","https://clinicabelba.com/it/rinoplastica-ultrasonica-vantaggi-e-limiti/","nl-NL","https://clinicabelba.com/nl/ultrasone-neuscorrectie-voordelen-beperkingen/","ca","https://clinicabelba.com/ca/rinoplastia-ultrasonica-avantatges-limits/","fr-FR","https://clinicabelba.com/fr/rinoplastia-ultrasonica-ventajas-limites/","en-US","https://clinicabelba.com/en/ultrasonic-rhinoplasty-advantages-limitations/","es","https://clinicabelba.com/rinoplastia-ultrasonica-ventajas-limites/","ru","https://clinicabelba.com/ru/ультразвуковая-ринопластика-преиму/","de","https://clinicabelba.com/de/ultraschall-rhinoplastik-vorteile-grenzen/","it","https://clinicabelba.com/it/rinoplastica-ultrasonica-vantaggi-e-limiti/","nl","https://clinicabelba.com/nl/ultrasone-neuscorrectie-voordelen-beperkingen/","fr","https://clinicabelba.com/fr/rinoplastia-ultrasonica-ventajas-limites/","en","https://clinicabelba.com/en/ultrasonic-rhinoplasty-advantages-limitations/","x-default","https://clinicabelba.com/rinoplastia-ultrasonica-ventajas-limites/","","","","","Indexable",""
"https://clinicabelba.com/uk/статеві-губи-як-доглядати-за-ними-та-ко/","Стінки піхви: види, догляд та коли слід звернутися до лікаря","17","es-ES","https://clinicabelba.com/labios-vaginales-que-son-tipos-cuidados-y-cuando-consultar/","ru-RU","https://clinicabelba.com/ru/половой-жизни-являющиеся-типами-уход/","uk","https://clinicabelba.com/uk/статеві-губи-як-доглядати-за-ними-та-ко/","de-DE","https://clinicabelba.com/de/vaginale-lippen-was-sie-sind-arten-pflege-und-wann-ein-arzt-aufgesucht-werden-sollte/","it-IT","https://clinicabelba.com/it/labbra-vaginali-cosa-sono-tipologie-cura-e-quando-consultare-un-medico/","nl-NL","https://clinicabelba.com/nl/labios-vaginales-que-son-tipos-cuidados-y-cuando-consultar/","ca","https://clinicabelba.com/ca/llavis-vaginals-quins-son-tipus-cures-i-quan-consultar/","fr-FR","https://clinicabelba.com/fr/levres-vaginales-quest-ce-que-cest-types-soins-et-quand-consulter/","en-US","https://clinicabelba.com/en/labia-what-they-are-types-care-and-when-to-consult-a-doctor/","es","https://clinicabelba.com/labios-vaginales-que-son-tipos-cuidados-y-cuando-consultar/","ru","https://clinicabelba.com/ru/половой-жизни-являющиеся-типами-уход/","de","https://clinicabelba.com/de/vaginale-lippen-was-sie-sind-arten-pflege-und-wann-ein-arzt-aufgesucht-werden-sollte/","it","https://clinicabelba.com/it/labbra-vaginali-cosa-sono-tipologie-cura-e-quando-consultare-un-medico/","nl","https://clinicabelba.com/nl/labios-vaginales-que-son-tipos-cuidados-y-cuando-consultar/","fr","https://clinicabelba.com/fr/levres-vaginales-quest-ce-que-cest-types-soins-et-quand-consulter/","en","https://clinicabelba.com/en/labia-what-they-are-types-care-and-when-to-consult-a-doctor/","x-default","https://clinicabelba.com/labios-vaginales-que-son-tipos-cuidados-y-cuando-consultar/","","","","","Indexable",""
"https://clinicabelba.com/it/labbra-vaginali-cosa-sono-tipologie-cura-e-quando-consultare-un-medico/","Labbra vaginali: tipi, cura e quando consultare","17","es-ES","https://clinicabelba.com/labios-vaginales-que-son-tipos-cuidados-y-cuando-consultar/","ru-RU","https://clinicabelba.com/ru/половой-жизни-являющиеся-типами-уход/","uk","https://clinicabelba.com/uk/статеві-губи-як-доглядати-за-ними-та-ко/","de-DE","https://clinicabelba.com/de/vaginale-lippen-was-sie-sind-arten-pflege-und-wann-ein-arzt-aufgesucht-werden-sollte/","it-IT","https://clinicabelba.com/it/labbra-vaginali-cosa-sono-tipologie-cura-e-quando-consultare-un-medico/","nl-NL","https://clinicabelba.com/nl/labios-vaginales-que-son-tipos-cuidados-y-cuando-consultar/","ca","https://clinicabelba.com/ca/llavis-vaginals-quins-son-tipus-cures-i-quan-consultar/","fr-FR","https://clinicabelba.com/fr/levres-vaginales-quest-ce-que-cest-types-soins-et-quand-consulter/","en-US","https://clinicabelba.com/en/labia-what-they-are-types-care-and-when-to-consult-a-doctor/","es","https://clinicabelba.com/labios-vaginales-que-son-tipos-cuidados-y-cuando-consultar/","ru","https://clinicabelba.com/ru/половой-жизни-являющиеся-типами-уход/","de","https://clinicabelba.com/de/vaginale-lippen-was-sie-sind-arten-pflege-und-wann-ein-arzt-aufgesucht-werden-sollte/","it","https://clinicabelba.com/it/labbra-vaginali-cosa-sono-tipologie-cura-e-quando-consultare-un-medico/","nl","https://clinicabelba.com/nl/labios-vaginales-que-son-tipos-cuidados-y-cuando-consultar/","fr","https://clinicabelba.com/fr/levres-vaginales-quest-ce-que-cest-types-soins-et-quand-consulter/","en","https://clinicabelba.com/en/labia-what-they-are-types-care-and-when-to-consult-a-doctor/","x-default","https://clinicabelba.com/labios-vaginales-que-son-tipos-cuidados-y-cuando-consultar/","","","","","Indexable",""
"https://clinicabelba.com/ru/половой-жизни-являющиеся-типами-уход/","Влагалищные губы: типы, уход и когда следует обратиться к врачу","17","es-ES","https://clinicabelba.com/labios-vaginales-que-son-tipos-cuidados-y-cuando-consultar/","ru-RU","https://clinicabelba.com/ru/половой-жизни-являющиеся-типами-уход/","uk","https://clinicabelba.com/uk/статеві-губи-як-доглядати-за-ними-та-ко/","de-DE","https://clinicabelba.com/de/vaginale-lippen-was-sie-sind-arten-pflege-und-wann-ein-arzt-aufgesucht-werden-sollte/","it-IT","https://clinicabelba.com/it/labbra-vaginali-cosa-sono-tipologie-cura-e-quando-consultare-un-medico/","nl-NL","https://clinicabelba.com/nl/labios-vaginales-que-son-tipos-cuidados-y-cuando-consultar/","ca","https://clinicabelba.com/ca/llavis-vaginals-quins-son-tipus-cures-i-quan-consultar/","fr-FR","https://clinicabelba.com/fr/levres-vaginales-quest-ce-que-cest-types-soins-et-quand-consulter/","en-US","https://clinicabelba.com/en/labia-what-they-are-types-care-and-when-to-consult-a-doctor/","es","https://clinicabelba.com/labios-vaginales-que-son-tipos-cuidados-y-cuando-consultar/","ru","https://clinicabelba.com/ru/половой-жизни-являющиеся-типами-уход/","de","https://clinicabelba.com/de/vaginale-lippen-was-sie-sind-arten-pflege-und-wann-ein-arzt-aufgesucht-werden-sollte/","it","https://clinicabelba.com/it/labbra-vaginali-cosa-sono-tipologie-cura-e-quando-consultare-un-medico/","nl","https://clinicabelba.com/nl/labios-vaginales-que-son-tipos-cuidados-y-cuando-consultar/","fr","https://clinicabelba.com/fr/levres-vaginales-quest-ce-que-cest-types-soins-et-quand-consulter/","en","https://clinicabelba.com/en/labia-what-they-are-types-care-and-when-to-consult-a-doctor/","x-default","https://clinicabelba.com/labios-vaginales-que-son-tipos-cuidados-y-cuando-consultar/","","","","","Indexable",""
"https://clinicabelba.com/nl/labios-vaginales-que-son-tipos-cuidados-y-cuando-consultar/","Labios vaginales: tipos, cuidados y cuándo consultar","17","es-ES","https://clinicabelba.com/labios-vaginales-que-son-tipos-cuidados-y-cuando-consultar/","ru-RU","https://clinicabelba.com/ru/половой-жизни-являющиеся-типами-уход/","uk","https://clinicabelba.com/uk/статеві-губи-як-доглядати-за-ними-та-ко/","de-DE","https://clinicabelba.com/de/vaginale-lippen-was-sie-sind-arten-pflege-und-wann-ein-arzt-aufgesucht-werden-sollte/","it-IT","https://clinicabelba.com/it/labbra-vaginali-cosa-sono-tipologie-cura-e-quando-consultare-un-medico/","nl-NL","https://clinicabelba.com/nl/labios-vaginales-que-son-tipos-cuidados-y-cuando-consultar/","ca","https://clinicabelba.com/ca/llavis-vaginals-quins-son-tipus-cures-i-quan-consultar/","fr-FR","https://clinicabelba.com/fr/levres-vaginales-quest-ce-que-cest-types-soins-et-quand-consulter/","en-US","https://clinicabelba.com/en/labia-what-they-are-types-care-and-when-to-consult-a-doctor/","es","https://clinicabelba.com/labios-vaginales-que-son-tipos-cuidados-y-cuando-consultar/","ru","https://clinicabelba.com/ru/половой-жизни-являющиеся-типами-уход/","de","https://clinicabelba.com/de/vaginale-lippen-was-sie-sind-arten-pflege-und-wann-ein-arzt-aufgesucht-werden-sollte/","it","https://clinicabelba.com/it/labbra-vaginali-cosa-sono-tipologie-cura-e-quando-consultare-un-medico/","nl","https://clinicabelba.com/nl/labios-vaginales-que-son-tipos-cuidados-y-cuando-consultar/","fr","https://clinicabelba.com/fr/levres-vaginales-quest-ce-que-cest-types-soins-et-quand-consulter/","en","https://clinicabelba.com/en/labia-what-they-are-types-care-and-when-to-consult-a-doctor/","x-default","https://clinicabelba.com/labios-vaginales-que-son-tipos-cuidados-y-cuando-consultar/","","","","","Indexable",""
"https://clinicabelba.com/nl/ultrasone-neuscorrectie-voordelen-beperkingen/","Ultrasone rhinoplastiek: voordelen, beperkingen en wanneer te kiezen","17","es-ES","https://clinicabelba.com/rinoplastia-ultrasonica-ventajas-limites/","ru-RU","https://clinicabelba.com/ru/ультразвуковая-ринопластика-преиму/","uk","https://clinicabelba.com/uk/ультразвукова-ринопластика-переваг/","de-DE","https://clinicabelba.com/de/ultraschall-rhinoplastik-vorteile-grenzen/","it-IT","https://clinicabelba.com/it/rinoplastica-ultrasonica-vantaggi-e-limiti/","nl-NL","https://clinicabelba.com/nl/ultrasone-neuscorrectie-voordelen-beperkingen/","ca","https://clinicabelba.com/ca/rinoplastia-ultrasonica-avantatges-limits/","fr-FR","https://clinicabelba.com/fr/rinoplastia-ultrasonica-ventajas-limites/","en-US","https://clinicabelba.com/en/ultrasonic-rhinoplasty-advantages-limitations/","es","https://clinicabelba.com/rinoplastia-ultrasonica-ventajas-limites/","ru","https://clinicabelba.com/ru/ультразвуковая-ринопластика-преиму/","de","https://clinicabelba.com/de/ultraschall-rhinoplastik-vorteile-grenzen/","it","https://clinicabelba.com/it/rinoplastica-ultrasonica-vantaggi-e-limiti/","nl","https://clinicabelba.com/nl/ultrasone-neuscorrectie-voordelen-beperkingen/","fr","https://clinicabelba.com/fr/rinoplastia-ultrasonica-ventajas-limites/","en","https://clinicabelba.com/en/ultrasonic-rhinoplasty-advantages-limitations/","x-default","https://clinicabelba.com/rinoplastia-ultrasonica-ventajas-limites/","","","","","Indexable",""
"https://clinicabelba.com/uk/вартість-збільшення-грудей/","Збільшення грудей: ціна в Іспанії та Барселоні у 2026 році | Belba","17","es-ES","https://clinicabelba.com/aumento-pecho-precio/","ru-RU","https://clinicabelba.com/ru/увеличение-груди-цена/","uk","https://clinicabelba.com/uk/вартість-збільшення-грудей/","de-DE","https://clinicabelba.com/de/brustvergroserung-preis/","it-IT","https://clinicabelba.com/it/aumento-seno-prezzo/","nl-NL","https://clinicabelba.com/nl/borstvergroting-prijs/","ca","https://clinicabelba.com/ca/augment-de-pits-preu/","fr-FR","https://clinicabelba.com/fr/augmentation-mammaire-prix/","en-US","https://clinicabelba.com/en/breast-augmentation-price/","es","https://clinicabelba.com/aumento-pecho-precio/","ru","https://clinicabelba.com/ru/увеличение-груди-цена/","de","https://clinicabelba.com/de/brustvergroserung-preis/","it","https://clinicabelba.com/it/aumento-seno-prezzo/","nl","https://clinicabelba.com/nl/borstvergroting-prijs/","fr","https://clinicabelba.com/fr/augmentation-mammaire-prix/","en","https://clinicabelba.com/en/breast-augmentation-price/","x-default","https://clinicabelba.com/aumento-pecho-precio/","","","","","Indexable",""
"https://clinicabelba.com/it/aumento-seno-prezzo/","Aumento di seno: prezzo in Spagna e Barcellona nel 2026 | Belba","17","es-ES","https://clinicabelba.com/aumento-pecho-precio/","ru-RU","https://clinicabelba.com/ru/увеличение-груди-цена/","uk","https://clinicabelba.com/uk/вартість-збільшення-грудей/","de-DE","https://clinicabelba.com/de/brustvergroserung-preis/","it-IT","https://clinicabelba.com/it/aumento-seno-prezzo/","nl-NL","https://clinicabelba.com/nl/borstvergroting-prijs/","ca","https://clinicabelba.com/ca/augment-de-pits-preu/","fr-FR","https://clinicabelba.com/fr/augmentation-mammaire-prix/","en-US","https://clinicabelba.com/en/breast-augmentation-price/","es","https://clinicabelba.com/aumento-pecho-precio/","ru","https://clinicabelba.com/ru/увеличение-груди-цена/","de","https://clinicabelba.com/de/brustvergroserung-preis/","it","https://clinicabelba.com/it/aumento-seno-prezzo/","nl","https://clinicabelba.com/nl/borstvergroting-prijs/","fr","https://clinicabelba.com/fr/augmentation-mammaire-prix/","en","https://clinicabelba.com/en/breast-augmentation-price/","x-default","https://clinicabelba.com/aumento-pecho-precio/","","","","","Indexable",""
"https://clinicabelba.com/ca/augment-de-pits-preu/","Augment de pit: preu a Espanya i Barcelona el 2026 | Belba","17","es-ES","https://clinicabelba.com/aumento-pecho-precio/","ru-RU","https://clinicabelba.com/ru/увеличение-груди-цена/","uk","https://clinicabelba.com/uk/вартість-збільшення-грудей/","de-DE","https://clinicabelba.com/de/brustvergroserung-preis/","it-IT","https://clinicabelba.com/it/aumento-seno-prezzo/","nl-NL","https://clinicabelba.com/nl/borstvergroting-prijs/","ca","https://clinicabelba.com/ca/augment-de-pits-preu/","fr-FR","https://clinicabelba.com/fr/augmentation-mammaire-prix/","en-US","https://clinicabelba.com/en/breast-augmentation-price/","es","https://clinicabelba.com/aumento-pecho-precio/","ru","https://clinicabelba.com/ru/увеличение-груди-цена/","de","https://clinicabelba.com/de/brustvergroserung-preis/","it","https://clinicabelba.com/it/aumento-seno-prezzo/","nl","https://clinicabelba.com/nl/borstvergroting-prijs/","fr","https://clinicabelba.com/fr/augmentation-mammaire-prix/","en","https://clinicabelba.com/en/breast-augmentation-price/","x-default","https://clinicabelba.com/aumento-pecho-precio/","","","","","Indexable",""
"https://clinicabelba.com/ru/увеличение-груди-цена/","Увеличение груди: цена в Испании и Барселоне в 2026 году | Belba","17","es-ES","https://clinicabelba.com/aumento-pecho-precio/","ru-RU","https://clinicabelba.com/ru/увеличение-груди-цена/","uk","https://clinicabelba.com/uk/вартість-збільшення-грудей/","de-DE","https://clinicabelba.com/de/brustvergroserung-preis/","it-IT","https://clinicabelba.com/it/aumento-seno-prezzo/","nl-NL","https://clinicabelba.com/nl/borstvergroting-prijs/","ca","https://clinicabelba.com/ca/augment-de-pits-preu/","fr-FR","https://clinicabelba.com/fr/augmentation-mammaire-prix/","en-US","https://clinicabelba.com/en/breast-augmentation-price/","es","https://clinicabelba.com/aumento-pecho-precio/","ru","https://clinicabelba.com/ru/увеличение-груди-цена/","de","https://clinicabelba.com/de/brustvergroserung-preis/","it","https://clinicabelba.com/it/aumento-seno-prezzo/","nl","https://clinicabelba.com/nl/borstvergroting-prijs/","fr","https://clinicabelba.com/fr/augmentation-mammaire-prix/","en","https://clinicabelba.com/en/breast-augmentation-price/","x-default","https://clinicabelba.com/aumento-pecho-precio/","","","","","Indexable",""
"https://clinicabelba.com/nl/borstvergroting-prijs/","Borstvergroting: prijs in Spanje en Barcelona in 2026 | Belba","17","es-ES","https://clinicabelba.com/aumento-pecho-precio/","ru-RU","https://clinicabelba.com/ru/увеличение-груди-цена/","uk","https://clinicabelba.com/uk/вартість-збільшення-грудей/","de-DE","https://clinicabelba.com/de/brustvergroserung-preis/","it-IT","https://clinicabelba.com/it/aumento-seno-prezzo/","nl-NL","https://clinicabelba.com/nl/borstvergroting-prijs/","ca","https://clinicabelba.com/ca/augment-de-pits-preu/","fr-FR","https://clinicabelba.com/fr/augmentation-mammaire-prix/","en-US","https://clinicabelba.com/en/breast-augmentation-price/","es","https://clinicabelba.com/aumento-pecho-precio/","ru","https://clinicabelba.com/ru/увеличение-груди-цена/","de","https://clinicabelba.com/de/brustvergroserung-preis/","it","https://clinicabelba.com/it/aumento-seno-prezzo/","nl","https://clinicabelba.com/nl/borstvergroting-prijs/","fr","https://clinicabelba.com/fr/augmentation-mammaire-prix/","en","https://clinicabelba.com/en/breast-augmentation-price/","x-default","https://clinicabelba.com/aumento-pecho-precio/","","","","","Indexable",""
"https://clinicabelba.com/en/breast-augmentation-price/","Breast Augmentation: Price in Spain and Barcelona in 2026 | Belba","17","es-ES","https://clinicabelba.com/aumento-pecho-precio/","ru-RU","https://clinicabelba.com/ru/увеличение-груди-цена/","uk","https://clinicabelba.com/uk/вартість-збільшення-грудей/","de-DE","https://clinicabelba.com/de/brustvergroserung-preis/","it-IT","https://clinicabelba.com/it/aumento-seno-prezzo/","nl-NL","https://clinicabelba.com/nl/borstvergroting-prijs/","ca","https://clinicabelba.com/ca/augment-de-pits-preu/","fr-FR","https://clinicabelba.com/fr/augmentation-mammaire-prix/","en-US","https://clinicabelba.com/en/breast-augmentation-price/","es","https://clinicabelba.com/aumento-pecho-precio/","ru","https://clinicabelba.com/ru/увеличение-груди-цена/","de","https://clinicabelba.com/de/brustvergroserung-preis/","it","https://clinicabelba.com/it/aumento-seno-prezzo/","nl","https://clinicabelba.com/nl/borstvergroting-prijs/","fr","https://clinicabelba.com/fr/augmentation-mammaire-prix/","en","https://clinicabelba.com/en/breast-augmentation-price/","x-default","https://clinicabelba.com/aumento-pecho-precio/","","","","","Indexable",""
"https://clinicabelba.com/de/brustvergroserung-preis/","Brustvergrößerung: Preis in Spanien und Barcelona im Jahr 2026 | Belba","17","es-ES","https://clinicabelba.com/aumento-pecho-precio/","ru-RU","https://clinicabelba.com/ru/увеличение-груди-цена/","uk","https://clinicabelba.com/uk/вартість-збільшення-грудей/","de-DE","https://clinicabelba.com/de/brustvergroserung-preis/","it-IT","https://clinicabelba.com/it/aumento-seno-prezzo/","nl-NL","https://clinicabelba.com/nl/borstvergroting-prijs/","ca","https://clinicabelba.com/ca/augment-de-pits-preu/","fr-FR","https://clinicabelba.com/fr/augmentation-mammaire-prix/","en-US","https://clinicabelba.com/en/breast-augmentation-price/","es","https://clinicabelba.com/aumento-pecho-precio/","ru","https://clinicabelba.com/ru/увеличение-груди-цена/","de","https://clinicabelba.com/de/brustvergroserung-preis/","it","https://clinicabelba.com/it/aumento-seno-prezzo/","nl","https://clinicabelba.com/nl/borstvergroting-prijs/","fr","https://clinicabelba.com/fr/augmentation-mammaire-prix/","en","https://clinicabelba.com/en/breast-augmentation-price/","x-default","https://clinicabelba.com/aumento-pecho-precio/","","","","","Indexable",""
"https://clinicabelba.com/fr/augmentation-mammaire-prix/","Augmentation mammaire : prix en Espagne et à Barcelone en 2026 | Belba","17","es-ES","https://clinicabelba.com/aumento-pecho-precio/","ru-RU","https://clinicabelba.com/ru/увеличение-груди-цена/","uk","https://clinicabelba.com/uk/вартість-збільшення-грудей/","de-DE","https://clinicabelba.com/de/brustvergroserung-preis/","it-IT","https://clinicabelba.com/it/aumento-seno-prezzo/","nl-NL","https://clinicabelba.com/nl/borstvergroting-prijs/","ca","https://clinicabelba.com/ca/augment-de-pits-preu/","fr-FR","https://clinicabelba.com/fr/augmentation-mammaire-prix/","en-US","https://clinicabelba.com/en/breast-augmentation-price/","es","https://clinicabelba.com/aumento-pecho-precio/","ru","https://clinicabelba.com/ru/увеличение-груди-цена/","de","https://clinicabelba.com/de/brustvergroserung-preis/","it","https://clinicabelba.com/it/aumento-seno-prezzo/","nl","https://clinicabelba.com/nl/borstvergroting-prijs/","fr","https://clinicabelba.com/fr/augmentation-mammaire-prix/","en","https://clinicabelba.com/en/breast-augmentation-price/","x-default","https://clinicabelba.com/aumento-pecho-precio/","","","","","Indexable",""
"https://clinicabelba.com/author/webbelba/page/3/","Artículos del Dr. Mike Dewever | Clínica Belba","17","es-ES","https://clinicabelba.com/author/webbelba/page/3/","ru-RU","https://clinicabelba.com/ru/автор/веббелба/страница/3/","uk","https://clinicabelba.com/uk/автор/webbelba/сторінка/3/","de-DE","https://clinicabelba.com/de/autor/webbelba/seite/3/","it-IT","https://clinicabelba.com/it/autore/bellissima/pagina/3/","nl-NL","https://clinicabelba.com/nl/auteur/webbel/pagina/3/","ca","https://clinicabelba.com/ca/autor/webbelba/pagina/3/","fr-FR","https://clinicabelba.com/fr/auteur/webbelba/page/3/","en-US","https://clinicabelba.com/en/author/webbelba/page/3/","es","https://clinicabelba.com/author/webbelba/page/3/","ru","https://clinicabelba.com/ru/автор/веббелба/страница/3/","de","https://clinicabelba.com/de/autor/webbelba/seite/3/","it","https://clinicabelba.com/it/autore/bellissima/pagina/3/","nl","https://clinicabelba.com/nl/auteur/webbel/pagina/3/","fr","https://clinicabelba.com/fr/auteur/webbelba/page/3/","en","https://clinicabelba.com/en/author/webbelba/page/3/","x-default","https://clinicabelba.com/author/webbelba/page/3/","","","","","Indexable",""
"https://clinicabelba.com/ru/автор/веббелба/страница/2/","Статьи д-ра Майка ДеВервиля | Клиника Бельба","17","es-ES","https://clinicabelba.com/author/webbelba/page/2/","ru-RU","https://clinicabelba.com/ru/автор/веббелба/страница/2/","uk","https://clinicabelba.com/uk/автор/webbelba/сторінка/2/","de-DE","https://clinicabelba.com/de/autor/webbelba/seite/2/","it-IT","https://clinicabelba.com/it/autore/bellissima/pagina/2/","nl-NL","https://clinicabelba.com/nl/auteur/webbel/pagina/2/","ca","https://clinicabelba.com/ca/autor/webbelba/pagina/2/","fr-FR","https://clinicabelba.com/fr/auteur/webbelba/page/2/","en-US","https://clinicabelba.com/en/author/webbelba/page/2/","es","https://clinicabelba.com/author/webbelba/page/2/","ru","https://clinicabelba.com/ru/автор/веббелба/страница/2/","de","https://clinicabelba.com/de/autor/webbelba/seite/2/","it","https://clinicabelba.com/it/autore/bellissima/pagina/2/","nl","https://clinicabelba.com/nl/auteur/webbel/pagina/2/","fr","https://clinicabelba.com/fr/auteur/webbelba/page/2/","en","https://clinicabelba.com/en/author/webbelba/page/2/","x-default","https://clinicabelba.com/author/webbelba/page/2/","","","","","Indexable",""
"https://clinicabelba.com/ca/autor/webbelba/pagina/2/","Articles del Dr. Mike Dewever | Clínica Belba","17","es-ES","https://clinicabelba.com/author/webbelba/page/2/","ru-RU","https://clinicabelba.com/ru/автор/веббелба/страница/2/","uk","https://clinicabelba.com/uk/автор/webbelba/сторінка/2/","de-DE","https://clinicabelba.com/de/autor/webbelba/seite/2/","it-IT","https://clinicabelba.com/it/autore/bellissima/pagina/2/","nl-NL","https://clinicabelba.com/nl/auteur/webbel/pagina/2/","ca","https://clinicabelba.com/ca/autor/webbelba/pagina/2/","fr-FR","https://clinicabelba.com/fr/auteur/webbelba/page/2/","en-US","https://clinicabelba.com/en/author/webbelba/page/2/","es","https://clinicabelba.com/author/webbelba/page/2/","ru","https://clinicabelba.com/ru/автор/веббелба/страница/2/","de","https://clinicabelba.com/de/autor/webbelba/seite/2/","it","https://clinicabelba.com/it/autore/bellissima/pagina/2/","nl","https://clinicabelba.com/nl/auteur/webbel/pagina/2/","fr","https://clinicabelba.com/fr/auteur/webbelba/page/2/","en","https://clinicabelba.com/en/author/webbelba/page/2/","x-default","https://clinicabelba.com/author/webbelba/page/2/","","","","","Indexable",""
"https://clinicabelba.com/fr/auteur/webbelba/page/2/","Articles du Dr Mike Dewever | Clinique Belba","17","es-ES","https://clinicabelba.com/author/webbelba/page/2/","ru-RU","https://clinicabelba.com/ru/автор/веббелба/страница/2/","uk","https://clinicabelba.com/uk/автор/webbelba/сторінка/2/","de-DE","https://clinicabelba.com/de/autor/webbelba/seite/2/","it-IT","https://clinicabelba.com/it/autore/bellissima/pagina/2/","nl-NL","https://clinicabelba.com/nl/auteur/webbel/pagina/2/","ca","https://clinicabelba.com/ca/autor/webbelba/pagina/2/","fr-FR","https://clinicabelba.com/fr/auteur/webbelba/page/2/","en-US","https://clinicabelba.com/en/author/webbelba/page/2/","es","https://clinicabelba.com/author/webbelba/page/2/","ru","https://clinicabelba.com/ru/автор/веббелба/страница/2/","de","https://clinicabelba.com/de/autor/webbelba/seite/2/","it","https://clinicabelba.com/it/autore/bellissima/pagina/2/","nl","https://clinicabelba.com/nl/auteur/webbel/pagina/2/","fr","https://clinicabelba.com/fr/auteur/webbelba/page/2/","en","https://clinicabelba.com/en/author/webbelba/page/2/","x-default","https://clinicabelba.com/author/webbelba/page/2/","","","","","Indexable",""
"https://clinicabelba.com/uk/автор/webbelba/сторінка/2/","Статті доктора Майка Девевера | Клініка «Белба»","17","es-ES","https://clinicabelba.com/author/webbelba/page/2/","ru-RU","https://clinicabelba.com/ru/автор/веббелба/страница/2/","uk","https://clinicabelba.com/uk/автор/webbelba/сторінка/2/","de-DE","https://clinicabelba.com/de/autor/webbelba/seite/2/","it-IT","https://clinicabelba.com/it/autore/bellissima/pagina/2/","nl-NL","https://clinicabelba.com/nl/auteur/webbel/pagina/2/","ca","https://clinicabelba.com/ca/autor/webbelba/pagina/2/","fr-FR","https://clinicabelba.com/fr/auteur/webbelba/page/2/","en-US","https://clinicabelba.com/en/author/webbelba/page/2/","es","https://clinicabelba.com/author/webbelba/page/2/","ru","https://clinicabelba.com/ru/автор/веббелба/страница/2/","de","https://clinicabelba.com/de/autor/webbelba/seite/2/","it","https://clinicabelba.com/it/autore/bellissima/pagina/2/","nl","https://clinicabelba.com/nl/auteur/webbel/pagina/2/","fr","https://clinicabelba.com/fr/auteur/webbelba/page/2/","en","https://clinicabelba.com/en/author/webbelba/page/2/","x-default","https://clinicabelba.com/author/webbelba/page/2/","","","","","Indexable",""
"https://clinicabelba.com/de/autor/webbelba/seite/2/","Artikel von Dr. Mike Dewever | Belba Klinik","17","es-ES","https://clinicabelba.com/author/webbelba/page/2/","ru-RU","https://clinicabelba.com/ru/автор/веббелба/страница/2/","uk","https://clinicabelba.com/uk/автор/webbelba/сторінка/2/","de-DE","https://clinicabelba.com/de/autor/webbelba/seite/2/","it-IT","https://clinicabelba.com/it/autore/bellissima/pagina/2/","nl-NL","https://clinicabelba.com/nl/auteur/webbel/pagina/2/","ca","https://clinicabelba.com/ca/autor/webbelba/pagina/2/","fr-FR","https://clinicabelba.com/fr/auteur/webbelba/page/2/","en-US","https://clinicabelba.com/en/author/webbelba/page/2/","es","https://clinicabelba.com/author/webbelba/page/2/","ru","https://clinicabelba.com/ru/автор/веббелба/страница/2/","de","https://clinicabelba.com/de/autor/webbelba/seite/2/","it","https://clinicabelba.com/it/autore/bellissima/pagina/2/","nl","https://clinicabelba.com/nl/auteur/webbel/pagina/2/","fr","https://clinicabelba.com/fr/auteur/webbelba/page/2/","en","https://clinicabelba.com/en/author/webbelba/page/2/","x-default","https://clinicabelba.com/author/webbelba/page/2/","","","","","Indexable",""
"https://clinicabelba.com/en/author/webbelba/page/2/","Articles by Dr. Mike Dewever | Belba Clinic","17","es-ES","https://clinicabelba.com/author/webbelba/page/2/","ru-RU","https://clinicabelba.com/ru/автор/веббелба/страница/2/","uk","https://clinicabelba.com/uk/автор/webbelba/сторінка/2/","de-DE","https://clinicabelba.com/de/autor/webbelba/seite/2/","it-IT","https://clinicabelba.com/it/autore/bellissima/pagina/2/","nl-NL","https://clinicabelba.com/nl/auteur/webbel/pagina/2/","ca","https://clinicabelba.com/ca/autor/webbelba/pagina/2/","fr-FR","https://clinicabelba.com/fr/auteur/webbelba/page/2/","en-US","https://clinicabelba.com/en/author/webbelba/page/2/","es","https://clinicabelba.com/author/webbelba/page/2/","ru","https://clinicabelba.com/ru/автор/веббелба/страница/2/","de","https://clinicabelba.com/de/autor/webbelba/seite/2/","it","https://clinicabelba.com/it/autore/bellissima/pagina/2/","nl","https://clinicabelba.com/nl/auteur/webbel/pagina/2/","fr","https://clinicabelba.com/fr/auteur/webbelba/page/2/","en","https://clinicabelba.com/en/author/webbelba/page/2/","x-default","https://clinicabelba.com/author/webbelba/page/2/","","","","","Indexable",""
"https://clinicabelba.com/nl/auteur/webbel/pagina/2/","Artikelen van Dr. Mike Dewever | Clinique Belba","17","es-ES","https://clinicabelba.com/author/webbelba/page/2/","ru-RU","https://clinicabelba.com/ru/автор/веббелба/страница/2/","uk","https://clinicabelba.com/uk/автор/webbelba/сторінка/2/","de-DE","https://clinicabelba.com/de/autor/webbelba/seite/2/","it-IT","https://clinicabelba.com/it/autore/bellissima/pagina/2/","nl-NL","https://clinicabelba.com/nl/auteur/webbel/pagina/2/","ca","https://clinicabelba.com/ca/autor/webbelba/pagina/2/","fr-FR","https://clinicabelba.com/fr/auteur/webbelba/page/2/","en-US","https://clinicabelba.com/en/author/webbelba/page/2/","es","https://clinicabelba.com/author/webbelba/page/2/","ru","https://clinicabelba.com/ru/автор/веббелба/страница/2/","de","https://clinicabelba.com/de/autor/webbelba/seite/2/","it","https://clinicabelba.com/it/autore/bellissima/pagina/2/","nl","https://clinicabelba.com/nl/auteur/webbel/pagina/2/","fr","https://clinicabelba.com/fr/auteur/webbelba/page/2/","en","https://clinicabelba.com/en/author/webbelba/page/2/","x-default","https://clinicabelba.com/author/webbelba/page/2/","","","","","Indexable",""
"https://clinicabelba.com/it/autore/bellissima/pagina/2/","Articoli del Dott. Mike Dewever | Clinica Belba","17","es-ES","https://clinicabelba.com/author/webbelba/page/2/","ru-RU","https://clinicabelba.com/ru/автор/веббелба/страница/2/","uk","https://clinicabelba.com/uk/автор/webbelba/сторінка/2/","de-DE","https://clinicabelba.com/de/autor/webbelba/seite/2/","it-IT","https://clinicabelba.com/it/autore/bellissima/pagina/2/","nl-NL","https://clinicabelba.com/nl/auteur/webbel/pagina/2/","ca","https://clinicabelba.com/ca/autor/webbelba/pagina/2/","fr-FR","https://clinicabelba.com/fr/auteur/webbelba/page/2/","en-US","https://clinicabelba.com/en/author/webbelba/page/2/","es","https://clinicabelba.com/author/webbelba/page/2/","ru","https://clinicabelba.com/ru/автор/веббелба/страница/2/","de","https://clinicabelba.com/de/autor/webbelba/seite/2/","it","https://clinicabelba.com/it/autore/bellissima/pagina/2/","nl","https://clinicabelba.com/nl/auteur/webbel/pagina/2/","fr","https://clinicabelba.com/fr/auteur/webbelba/page/2/","en","https://clinicabelba.com/en/author/webbelba/page/2/","x-default","https://clinicabelba.com/author/webbelba/page/2/","","","","","Indexable",""
"https://clinicabelba.com/fr/auteur/webbelba/page/3/","Articles du Dr Mike Dewever | Clinique Belba","17","es-ES","https://clinicabelba.com/author/webbelba/page/3/","ru-RU","https://clinicabelba.com/ru/автор/веббелба/страница/3/","uk","https://clinicabelba.com/uk/автор/webbelba/сторінка/3/","de-DE","https://clinicabelba.com/de/autor/webbelba/seite/3/","it-IT","https://clinicabelba.com/it/autore/bellissima/pagina/3/","nl-NL","https://clinicabelba.com/nl/auteur/webbel/pagina/3/","ca","https://clinicabelba.com/ca/autor/webbelba/pagina/3/","fr-FR","https://clinicabelba.com/fr/auteur/webbelba/page/3/","en-US","https://clinicabelba.com/en/author/webbelba/page/3/","es","https://clinicabelba.com/author/webbelba/page/3/","ru","https://clinicabelba.com/ru/автор/веббелба/страница/3/","de","https://clinicabelba.com/de/autor/webbelba/seite/3/","it","https://clinicabelba.com/it/autore/bellissima/pagina/3/","nl","https://clinicabelba.com/nl/auteur/webbel/pagina/3/","fr","https://clinicabelba.com/fr/auteur/webbelba/page/3/","en","https://clinicabelba.com/en/author/webbelba/page/3/","x-default","https://clinicabelba.com/author/webbelba/page/3/","","","","","Indexable",""
"https://clinicabelba.com/de/autor/webbelba/seite/3/","Artikel von Dr. Mike Dewever | Belba Klinik","17","es-ES","https://clinicabelba.com/author/webbelba/page/3/","ru-RU","https://clinicabelba.com/ru/автор/веббелба/страница/3/","uk","https://clinicabelba.com/uk/автор/webbelba/сторінка/3/","de-DE","https://clinicabelba.com/de/autor/webbelba/seite/3/","it-IT","https://clinicabelba.com/it/autore/bellissima/pagina/3/","nl-NL","https://clinicabelba.com/nl/auteur/webbel/pagina/3/","ca","https://clinicabelba.com/ca/autor/webbelba/pagina/3/","fr-FR","https://clinicabelba.com/fr/auteur/webbelba/page/3/","en-US","https://clinicabelba.com/en/author/webbelba/page/3/","es","https://clinicabelba.com/author/webbelba/page/3/","ru","https://clinicabelba.com/ru/автор/веббелба/страница/3/","de","https://clinicabelba.com/de/autor/webbelba/seite/3/","it","https://clinicabelba.com/it/autore/bellissima/pagina/3/","nl","https://clinicabelba.com/nl/auteur/webbel/pagina/3/","fr","https://clinicabelba.com/fr/auteur/webbelba/page/3/","en","https://clinicabelba.com/en/author/webbelba/page/3/","x-default","https://clinicabelba.com/author/webbelba/page/3/","","","","","Indexable",""
"https://clinicabelba.com/en/author/webbelba/page/3/","Articles by Dr. Mike Dewever | Belba Clinic","17","es-ES","https://clinicabelba.com/author/webbelba/page/3/","ru-RU","https://clinicabelba.com/ru/автор/веббелба/страница/3/","uk","https://clinicabelba.com/uk/автор/webbelba/сторінка/3/","de-DE","https://clinicabelba.com/de/autor/webbelba/seite/3/","it-IT","https://clinicabelba.com/it/autore/bellissima/pagina/3/","nl-NL","https://clinicabelba.com/nl/auteur/webbel/pagina/3/","ca","https://clinicabelba.com/ca/autor/webbelba/pagina/3/","fr-FR","https://clinicabelba.com/fr/auteur/webbelba/page/3/","en-US","https://clinicabelba.com/en/author/webbelba/page/3/","es","https://clinicabelba.com/author/webbelba/page/3/","ru","https://clinicabelba.com/ru/автор/веббелба/страница/3/","de","https://clinicabelba.com/de/autor/webbelba/seite/3/","it","https://clinicabelba.com/it/autore/bellissima/pagina/3/","nl","https://clinicabelba.com/nl/auteur/webbel/pagina/3/","fr","https://clinicabelba.com/fr/auteur/webbelba/page/3/","en","https://clinicabelba.com/en/author/webbelba/page/3/","x-default","https://clinicabelba.com/author/webbelba/page/3/","","","","","Indexable",""
"https://clinicabelba.com/it/autore/bellissima/pagina/3/","Articoli del Dott. Mike Dewever | Clinica Belba","17","es-ES","https://clinicabelba.com/author/webbelba/page/3/","ru-RU","https://clinicabelba.com/ru/автор/веббелба/страница/3/","uk","https://clinicabelba.com/uk/автор/webbelba/сторінка/3/","de-DE","https://clinicabelba.com/de/autor/webbelba/seite/3/","it-IT","https://clinicabelba.com/it/autore/bellissima/pagina/3/","nl-NL","https://clinicabelba.com/nl/auteur/webbel/pagina/3/","ca","https://clinicabelba.com/ca/autor/webbelba/pagina/3/","fr-FR","https://clinicabelba.com/fr/auteur/webbelba/page/3/","en-US","https://clinicabelba.com/en/author/webbelba/page/3/","es","https://clinicabelba.com/author/webbelba/page/3/","ru","https://clinicabelba.com/ru/автор/веббелба/страница/3/","de","https://clinicabelba.com/de/autor/webbelba/seite/3/","it","https://clinicabelba.com/it/autore/bellissima/pagina/3/","nl","https://clinicabelba.com/nl/auteur/webbel/pagina/3/","fr","https://clinicabelba.com/fr/auteur/webbelba/page/3/","en","https://clinicabelba.com/en/author/webbelba/page/3/","x-default","https://clinicabelba.com/author/webbelba/page/3/","","","","","Indexable",""
"https://clinicabelba.com/ru/автор/веббелба/страница/3/","Статьи д-ра Майка ДеВервиля | Клиника Бельба","17","es-ES","https://clinicabelba.com/author/webbelba/page/3/","ru-RU","https://clinicabelba.com/ru/автор/веббелба/страница/3/","uk","https://clinicabelba.com/uk/автор/webbelba/сторінка/3/","de-DE","https://clinicabelba.com/de/autor/webbelba/seite/3/","it-IT","https://clinicabelba.com/it/autore/bellissima/pagina/3/","nl-NL","https://clinicabelba.com/nl/auteur/webbel/pagina/3/","ca","https://clinicabelba.com/ca/autor/webbelba/pagina/3/","fr-FR","https://clinicabelba.com/fr/auteur/webbelba/page/3/","en-US","https://clinicabelba.com/en/author/webbelba/page/3/","es","https://clinicabelba.com/author/webbelba/page/3/","ru","https://clinicabelba.com/ru/автор/веббелба/страница/3/","de","https://clinicabelba.com/de/autor/webbelba/seite/3/","it","https://clinicabelba.com/it/autore/bellissima/pagina/3/","nl","https://clinicabelba.com/nl/auteur/webbel/pagina/3/","fr","https://clinicabelba.com/fr/auteur/webbelba/page/3/","en","https://clinicabelba.com/en/author/webbelba/page/3/","x-default","https://clinicabelba.com/author/webbelba/page/3/","","","","","Indexable",""
"https://clinicabelba.com/author/webbelba/page/4/","Artículos del Dr. Mike Dewever | Clínica Belba","17","es-ES","https://clinicabelba.com/author/webbelba/page/4/","ru-RU","https://clinicabelba.com/ru/автор/веббелба/страница/4/","uk","https://clinicabelba.com/uk/автор/webbelba/сторінка/4/","de-DE","https://clinicabelba.com/de/autor/webbelba/seite/4/","it-IT","https://clinicabelba.com/it/autore/bellissima/pagina/4/","nl-NL","https://clinicabelba.com/nl/auteur/webbel/pagina/4/","ca","https://clinicabelba.com/ca/autor/webbelba/pagina/4/","fr-FR","https://clinicabelba.com/fr/auteur/webbelba/page/4/","en-US","https://clinicabelba.com/en/author/webbelba/page/4/","es","https://clinicabelba.com/author/webbelba/page/4/","ru","https://clinicabelba.com/ru/автор/веббелба/страница/4/","de","https://clinicabelba.com/de/autor/webbelba/seite/4/","it","https://clinicabelba.com/it/autore/bellissima/pagina/4/","nl","https://clinicabelba.com/nl/auteur/webbel/pagina/4/","fr","https://clinicabelba.com/fr/auteur/webbelba/page/4/","en","https://clinicabelba.com/en/author/webbelba/page/4/","x-default","https://clinicabelba.com/author/webbelba/page/4/","","","","","Indexable",""
"https://clinicabelba.com/nl/auteur/webbel/pagina/3/","Artikelen van Dr. Mike Dewever | Clinique Belba","17","es-ES","https://clinicabelba.com/author/webbelba/page/3/","ru-RU","https://clinicabelba.com/ru/автор/веббелба/страница/3/","uk","https://clinicabelba.com/uk/автор/webbelba/сторінка/3/","de-DE","https://clinicabelba.com/de/autor/webbelba/seite/3/","it-IT","https://clinicabelba.com/it/autore/bellissima/pagina/3/","nl-NL","https://clinicabelba.com/nl/auteur/webbel/pagina/3/","ca","https://clinicabelba.com/ca/autor/webbelba/pagina/3/","fr-FR","https://clinicabelba.com/fr/auteur/webbelba/page/3/","en-US","https://clinicabelba.com/en/author/webbelba/page/3/","es","https://clinicabelba.com/author/webbelba/page/3/","ru","https://clinicabelba.com/ru/автор/веббелба/страница/3/","de","https://clinicabelba.com/de/autor/webbelba/seite/3/","it","https://clinicabelba.com/it/autore/bellissima/pagina/3/","nl","https://clinicabelba.com/nl/auteur/webbel/pagina/3/","fr","https://clinicabelba.com/fr/auteur/webbelba/page/3/","en","https://clinicabelba.com/en/author/webbelba/page/3/","x-default","https://clinicabelba.com/author/webbelba/page/3/","","","","","Indexable",""
"https://clinicabelba.com/ca/autor/webbelba/pagina/3/","Articles del Dr. Mike Dewever | Clínica Belba","17","es-ES","https://clinicabelba.com/author/webbelba/page/3/","ru-RU","https://clinicabelba.com/ru/автор/веббелба/страница/3/","uk","https://clinicabelba.com/uk/автор/webbelba/сторінка/3/","de-DE","https://clinicabelba.com/de/autor/webbelba/seite/3/","it-IT","https://clinicabelba.com/it/autore/bellissima/pagina/3/","nl-NL","https://clinicabelba.com/nl/auteur/webbel/pagina/3/","ca","https://clinicabelba.com/ca/autor/webbelba/pagina/3/","fr-FR","https://clinicabelba.com/fr/auteur/webbelba/page/3/","en-US","https://clinicabelba.com/en/author/webbelba/page/3/","es","https://clinicabelba.com/author/webbelba/page/3/","ru","https://clinicabelba.com/ru/автор/веббелба/страница/3/","de","https://clinicabelba.com/de/autor/webbelba/seite/3/","it","https://clinicabelba.com/it/autore/bellissima/pagina/3/","nl","https://clinicabelba.com/nl/auteur/webbel/pagina/3/","fr","https://clinicabelba.com/fr/auteur/webbelba/page/3/","en","https://clinicabelba.com/en/author/webbelba/page/3/","x-default","https://clinicabelba.com/author/webbelba/page/3/","","","","","Indexable",""
"https://clinicabelba.com/uk/автор/webbelba/сторінка/3/","Статті доктора Майка Девевера | Клініка «Белба»","17","es-ES","https://clinicabelba.com/author/webbelba/page/3/","ru-RU","https://clinicabelba.com/ru/автор/веббелба/страница/3/","uk","https://clinicabelba.com/uk/автор/webbelba/сторінка/3/","de-DE","https://clinicabelba.com/de/autor/webbelba/seite/3/","it-IT","https://clinicabelba.com/it/autore/bellissima/pagina/3/","nl-NL","https://clinicabelba.com/nl/auteur/webbel/pagina/3/","ca","https://clinicabelba.com/ca/autor/webbelba/pagina/3/","fr-FR","https://clinicabelba.com/fr/auteur/webbelba/page/3/","en-US","https://clinicabelba.com/en/author/webbelba/page/3/","es","https://clinicabelba.com/author/webbelba/page/3/","ru","https://clinicabelba.com/ru/автор/веббелба/страница/3/","de","https://clinicabelba.com/de/autor/webbelba/seite/3/","it","https://clinicabelba.com/it/autore/bellissima/pagina/3/","nl","https://clinicabelba.com/nl/auteur/webbel/pagina/3/","fr","https://clinicabelba.com/fr/auteur/webbelba/page/3/","en","https://clinicabelba.com/en/author/webbelba/page/3/","x-default","https://clinicabelba.com/author/webbelba/page/3/","","","","","Indexable",""
"https://clinicabelba.com/author/webbelba/page/5/","Artículos del Dr. Mike Dewever | Clínica Belba","17","es-ES","https://clinicabelba.com/author/webbelba/page/5/","ru-RU","https://clinicabelba.com/ru/автор/веббелба/страница/5/","uk","https://clinicabelba.com/uk/автор/webbelba/сторінка/5/","de-DE","https://clinicabelba.com/de/autor/webbelba/seite/5/","it-IT","https://clinicabelba.com/it/autore/bellissima/pagina/5/","nl-NL","https://clinicabelba.com/nl/auteur/webbel/pagina/5/","ca","https://clinicabelba.com/ca/autor/webbelba/pagina/5/","fr-FR","https://clinicabelba.com/fr/auteur/webbelba/page/5/","en-US","https://clinicabelba.com/en/author/webbelba/page/5/","es","https://clinicabelba.com/author/webbelba/page/5/","ru","https://clinicabelba.com/ru/автор/веббелба/страница/5/","de","https://clinicabelba.com/de/autor/webbelba/seite/5/","it","https://clinicabelba.com/it/autore/bellissima/pagina/5/","nl","https://clinicabelba.com/nl/auteur/webbel/pagina/5/","fr","https://clinicabelba.com/fr/auteur/webbelba/page/5/","en","https://clinicabelba.com/en/author/webbelba/page/5/","x-default","https://clinicabelba.com/author/webbelba/page/5/","","","","","Indexable",""
"https://clinicabelba.com/nl/auteur/webbel/pagina/4/","Artikelen van Dr. Mike Dewever | Clinique Belba","17","es-ES","https://clinicabelba.com/author/webbelba/page/4/","ru-RU","https://clinicabelba.com/ru/автор/веббелба/страница/4/","uk","https://clinicabelba.com/uk/автор/webbelba/сторінка/4/","de-DE","https://clinicabelba.com/de/autor/webbelba/seite/4/","it-IT","https://clinicabelba.com/it/autore/bellissima/pagina/4/","nl-NL","https://clinicabelba.com/nl/auteur/webbel/pagina/4/","ca","https://clinicabelba.com/ca/autor/webbelba/pagina/4/","fr-FR","https://clinicabelba.com/fr/auteur/webbelba/page/4/","en-US","https://clinicabelba.com/en/author/webbelba/page/4/","es","https://clinicabelba.com/author/webbelba/page/4/","ru","https://clinicabelba.com/ru/автор/веббелба/страница/4/","de","https://clinicabelba.com/de/autor/webbelba/seite/4/","it","https://clinicabelba.com/it/autore/bellissima/pagina/4/","nl","https://clinicabelba.com/nl/auteur/webbel/pagina/4/","fr","https://clinicabelba.com/fr/auteur/webbelba/page/4/","en","https://clinicabelba.com/en/author/webbelba/page/4/","x-default","https://clinicabelba.com/author/webbelba/page/4/","","","","","Indexable",""
"https://clinicabelba.com/uk/автор/webbelba/сторінка/4/","Статті доктора Майка Девевера | Клініка «Белба»","17","es-ES","https://clinicabelba.com/author/webbelba/page/4/","ru-RU","https://clinicabelba.com/ru/автор/веббелба/страница/4/","uk","https://clinicabelba.com/uk/автор/webbelba/сторінка/4/","de-DE","https://clinicabelba.com/de/autor/webbelba/seite/4/","it-IT","https://clinicabelba.com/it/autore/bellissima/pagina/4/","nl-NL","https://clinicabelba.com/nl/auteur/webbel/pagina/4/","ca","https://clinicabelba.com/ca/autor/webbelba/pagina/4/","fr-FR","https://clinicabelba.com/fr/auteur/webbelba/page/4/","en-US","https://clinicabelba.com/en/author/webbelba/page/4/","es","https://clinicabelba.com/author/webbelba/page/4/","ru","https://clinicabelba.com/ru/автор/веббелба/страница/4/","de","https://clinicabelba.com/de/autor/webbelba/seite/4/","it","https://clinicabelba.com/it/autore/bellissima/pagina/4/","nl","https://clinicabelba.com/nl/auteur/webbel/pagina/4/","fr","https://clinicabelba.com/fr/auteur/webbelba/page/4/","en","https://clinicabelba.com/en/author/webbelba/page/4/","x-default","https://clinicabelba.com/author/webbelba/page/4/","","","","","Indexable",""
"https://clinicabelba.com/ca/autor/webbelba/pagina/4/","Articles del Dr. Mike Dewever | Clínica Belba","17","es-ES","https://clinicabelba.com/author/webbelba/page/4/","ru-RU","https://clinicabelba.com/ru/автор/веббелба/страница/4/","uk","https://clinicabelba.com/uk/автор/webbelba/сторінка/4/","de-DE","https://clinicabelba.com/de/autor/webbelba/seite/4/","it-IT","https://clinicabelba.com/it/autore/bellissima/pagina/4/","nl-NL","https://clinicabelba.com/nl/auteur/webbel/pagina/4/","ca","https://clinicabelba.com/ca/autor/webbelba/pagina/4/","fr-FR","https://clinicabelba.com/fr/auteur/webbelba/page/4/","en-US","https://clinicabelba.com/en/author/webbelba/page/4/","es","https://clinicabelba.com/author/webbelba/page/4/","ru","https://clinicabelba.com/ru/автор/веббелба/страница/4/","de","https://clinicabelba.com/de/autor/webbelba/seite/4/","it","https://clinicabelba.com/it/autore/bellissima/pagina/4/","nl","https://clinicabelba.com/nl/auteur/webbel/pagina/4/","fr","https://clinicabelba.com/fr/auteur/webbelba/page/4/","en","https://clinicabelba.com/en/author/webbelba/page/4/","x-default","https://clinicabelba.com/author/webbelba/page/4/","","","","","Indexable",""
"https://clinicabelba.com/ru/автор/веббелба/страница/4/","Статьи д-ра Майка ДеВервиля | Клиника Бельба","17","es-ES","https://clinicabelba.com/author/webbelba/page/4/","ru-RU","https://clinicabelba.com/ru/автор/веббелба/страница/4/","uk","https://clinicabelba.com/uk/автор/webbelba/сторінка/4/","de-DE","https://clinicabelba.com/de/autor/webbelba/seite/4/","it-IT","https://clinicabelba.com/it/autore/bellissima/pagina/4/","nl-NL","https://clinicabelba.com/nl/auteur/webbel/pagina/4/","ca","https://clinicabelba.com/ca/autor/webbelba/pagina/4/","fr-FR","https://clinicabelba.com/fr/auteur/webbelba/page/4/","en-US","https://clinicabelba.com/en/author/webbelba/page/4/","es","https://clinicabelba.com/author/webbelba/page/4/","ru","https://clinicabelba.com/ru/автор/веббелба/страница/4/","de","https://clinicabelba.com/de/autor/webbelba/seite/4/","it","https://clinicabelba.com/it/autore/bellissima/pagina/4/","nl","https://clinicabelba.com/nl/auteur/webbel/pagina/4/","fr","https://clinicabelba.com/fr/auteur/webbelba/page/4/","en","https://clinicabelba.com/en/author/webbelba/page/4/","x-default","https://clinicabelba.com/author/webbelba/page/4/","","","","","Indexable",""
"https://clinicabelba.com/it/autore/bellissima/pagina/4/","Articoli del Dott. Mike Dewever | Clinica Belba","17","es-ES","https://clinicabelba.com/author/webbelba/page/4/","ru-RU","https://clinicabelba.com/ru/автор/веббелба/страница/4/","uk","https://clinicabelba.com/uk/автор/webbelba/сторінка/4/","de-DE","https://clinicabelba.com/de/autor/webbelba/seite/4/","it-IT","https://clinicabelba.com/it/autore/bellissima/pagina/4/","nl-NL","https://clinicabelba.com/nl/auteur/webbel/pagina/4/","ca","https://clinicabelba.com/ca/autor/webbelba/pagina/4/","fr-FR","https://clinicabelba.com/fr/auteur/webbelba/page/4/","en-US","https://clinicabelba.com/en/author/webbelba/page/4/","es","https://clinicabelba.com/author/webbelba/page/4/","ru","https://clinicabelba.com/ru/автор/веббелба/страница/4/","de","https://clinicabelba.com/de/autor/webbelba/seite/4/","it","https://clinicabelba.com/it/autore/bellissima/pagina/4/","nl","https://clinicabelba.com/nl/auteur/webbel/pagina/4/","fr","https://clinicabelba.com/fr/auteur/webbelba/page/4/","en","https://clinicabelba.com/en/author/webbelba/page/4/","x-default","https://clinicabelba.com/author/webbelba/page/4/","","","","","Indexable",""
"https://clinicabelba.com/en/author/webbelba/page/4/","Articles by Dr. Mike Dewever | Belba Clinic","17","es-ES","https://clinicabelba.com/author/webbelba/page/4/","ru-RU","https://clinicabelba.com/ru/автор/веббелба/страница/4/","uk","https://clinicabelba.com/uk/автор/webbelba/сторінка/4/","de-DE","https://clinicabelba.com/de/autor/webbelba/seite/4/","it-IT","https://clinicabelba.com/it/autore/bellissima/pagina/4/","nl-NL","https://clinicabelba.com/nl/auteur/webbel/pagina/4/","ca","https://clinicabelba.com/ca/autor/webbelba/pagina/4/","fr-FR","https://clinicabelba.com/fr/auteur/webbelba/page/4/","en-US","https://clinicabelba.com/en/author/webbelba/page/4/","es","https://clinicabelba.com/author/webbelba/page/4/","ru","https://clinicabelba.com/ru/автор/веббелба/страница/4/","de","https://clinicabelba.com/de/autor/webbelba/seite/4/","it","https://clinicabelba.com/it/autore/bellissima/pagina/4/","nl","https://clinicabelba.com/nl/auteur/webbel/pagina/4/","fr","https://clinicabelba.com/fr/auteur/webbelba/page/4/","en","https://clinicabelba.com/en/author/webbelba/page/4/","x-default","https://clinicabelba.com/author/webbelba/page/4/","","","","","Indexable",""
"https://clinicabelba.com/fr/auteur/webbelba/page/4/","Articles du Dr Mike Dewever | Clinique Belba","17","es-ES","https://clinicabelba.com/author/webbelba/page/4/","ru-RU","https://clinicabelba.com/ru/автор/веббелба/страница/4/","uk","https://clinicabelba.com/uk/автор/webbelba/сторінка/4/","de-DE","https://clinicabelba.com/de/autor/webbelba/seite/4/","it-IT","https://clinicabelba.com/it/autore/bellissima/pagina/4/","nl-NL","https://clinicabelba.com/nl/auteur/webbel/pagina/4/","ca","https://clinicabelba.com/ca/autor/webbelba/pagina/4/","fr-FR","https://clinicabelba.com/fr/auteur/webbelba/page/4/","en-US","https://clinicabelba.com/en/author/webbelba/page/4/","es","https://clinicabelba.com/author/webbelba/page/4/","ru","https://clinicabelba.com/ru/автор/веббелба/страница/4/","de","https://clinicabelba.com/de/autor/webbelba/seite/4/","it","https://clinicabelba.com/it/autore/bellissima/pagina/4/","nl","https://clinicabelba.com/nl/auteur/webbel/pagina/4/","fr","https://clinicabelba.com/fr/auteur/webbelba/page/4/","en","https://clinicabelba.com/en/author/webbelba/page/4/","x-default","https://clinicabelba.com/author/webbelba/page/4/","","","","","Indexable",""
"https://clinicabelba.com/de/autor/webbelba/seite/4/","Artikel von Dr. Mike Dewever | Belba Klinik","17","es-ES","https://clinicabelba.com/author/webbelba/page/4/","ru-RU","https://clinicabelba.com/ru/автор/веббелба/страница/4/","uk","https://clinicabelba.com/uk/автор/webbelba/сторінка/4/","de-DE","https://clinicabelba.com/de/autor/webbelba/seite/4/","it-IT","https://clinicabelba.com/it/autore/bellissima/pagina/4/","nl-NL","https://clinicabelba.com/nl/auteur/webbel/pagina/4/","ca","https://clinicabelba.com/ca/autor/webbelba/pagina/4/","fr-FR","https://clinicabelba.com/fr/auteur/webbelba/page/4/","en-US","https://clinicabelba.com/en/author/webbelba/page/4/","es","https://clinicabelba.com/author/webbelba/page/4/","ru","https://clinicabelba.com/ru/автор/веббелба/страница/4/","de","https://clinicabelba.com/de/autor/webbelba/seite/4/","it","https://clinicabelba.com/it/autore/bellissima/pagina/4/","nl","https://clinicabelba.com/nl/auteur/webbel/pagina/4/","fr","https://clinicabelba.com/fr/auteur/webbelba/page/4/","en","https://clinicabelba.com/en/author/webbelba/page/4/","x-default","https://clinicabelba.com/author/webbelba/page/4/","","","","","Indexable",""
"https://clinicabelba.com/de/autor/webbelba/seite/5/","Artikel von Dr. Mike Dewever | Belba Klinik","17","es-ES","https://clinicabelba.com/author/webbelba/page/5/","ru-RU","https://clinicabelba.com/ru/автор/веббелба/страница/5/","uk","https://clinicabelba.com/uk/автор/webbelba/сторінка/5/","de-DE","https://clinicabelba.com/de/autor/webbelba/seite/5/","it-IT","https://clinicabelba.com/it/autore/bellissima/pagina/5/","nl-NL","https://clinicabelba.com/nl/auteur/webbel/pagina/5/","ca","https://clinicabelba.com/ca/autor/webbelba/pagina/5/","fr-FR","https://clinicabelba.com/fr/auteur/webbelba/page/5/","en-US","https://clinicabelba.com/en/author/webbelba/page/5/","es","https://clinicabelba.com/author/webbelba/page/5/","ru","https://clinicabelba.com/ru/автор/веббелба/страница/5/","de","https://clinicabelba.com/de/autor/webbelba/seite/5/","it","https://clinicabelba.com/it/autore/bellissima/pagina/5/","nl","https://clinicabelba.com/nl/auteur/webbel/pagina/5/","fr","https://clinicabelba.com/fr/auteur/webbelba/page/5/","en","https://clinicabelba.com/en/author/webbelba/page/5/","x-default","https://clinicabelba.com/author/webbelba/page/5/","","","","","Indexable",""
"https://clinicabelba.com/it/autore/bellissima/pagina/5/","Articoli del Dott. Mike Dewever | Clinica Belba","17","es-ES","https://clinicabelba.com/author/webbelba/page/5/","ru-RU","https://clinicabelba.com/ru/автор/веббелба/страница/5/","uk","https://clinicabelba.com/uk/автор/webbelba/сторінка/5/","de-DE","https://clinicabelba.com/de/autor/webbelba/seite/5/","it-IT","https://clinicabelba.com/it/autore/bellissima/pagina/5/","nl-NL","https://clinicabelba.com/nl/auteur/webbel/pagina/5/","ca","https://clinicabelba.com/ca/autor/webbelba/pagina/5/","fr-FR","https://clinicabelba.com/fr/auteur/webbelba/page/5/","en-US","https://clinicabelba.com/en/author/webbelba/page/5/","es","https://clinicabelba.com/author/webbelba/page/5/","ru","https://clinicabelba.com/ru/автор/веббелба/страница/5/","de","https://clinicabelba.com/de/autor/webbelba/seite/5/","it","https://clinicabelba.com/it/autore/bellissima/pagina/5/","nl","https://clinicabelba.com/nl/auteur/webbel/pagina/5/","fr","https://clinicabelba.com/fr/auteur/webbelba/page/5/","en","https://clinicabelba.com/en/author/webbelba/page/5/","x-default","https://clinicabelba.com/author/webbelba/page/5/","","","","","Indexable",""
"https://clinicabelba.com/en/author/webbelba/page/5/","Articles by Dr. Mike Dewever | Belba Clinic","17","es-ES","https://clinicabelba.com/author/webbelba/page/5/","ru-RU","https://clinicabelba.com/ru/автор/веббелба/страница/5/","uk","https://clinicabelba.com/uk/автор/webbelba/сторінка/5/","de-DE","https://clinicabelba.com/de/autor/webbelba/seite/5/","it-IT","https://clinicabelba.com/it/autore/bellissima/pagina/5/","nl-NL","https://clinicabelba.com/nl/auteur/webbel/pagina/5/","ca","https://clinicabelba.com/ca/autor/webbelba/pagina/5/","fr-FR","https://clinicabelba.com/fr/auteur/webbelba/page/5/","en-US","https://clinicabelba.com/en/author/webbelba/page/5/","es","https://clinicabelba.com/author/webbelba/page/5/","ru","https://clinicabelba.com/ru/автор/веббелба/страница/5/","de","https://clinicabelba.com/de/autor/webbelba/seite/5/","it","https://clinicabelba.com/it/autore/bellissima/pagina/5/","nl","https://clinicabelba.com/nl/auteur/webbel/pagina/5/","fr","https://clinicabelba.com/fr/auteur/webbelba/page/5/","en","https://clinicabelba.com/en/author/webbelba/page/5/","x-default","https://clinicabelba.com/author/webbelba/page/5/","","","","","Indexable",""
"https://clinicabelba.com/fr/auteur/webbelba/page/5/","Articles du Dr Mike Dewever | Clinique Belba","17","es-ES","https://clinicabelba.com/author/webbelba/page/5/","ru-RU","https://clinicabelba.com/ru/автор/веббелба/страница/5/","uk","https://clinicabelba.com/uk/автор/webbelba/сторінка/5/","de-DE","https://clinicabelba.com/de/autor/webbelba/seite/5/","it-IT","https://clinicabelba.com/it/autore/bellissima/pagina/5/","nl-NL","https://clinicabelba.com/nl/auteur/webbel/pagina/5/","ca","https://clinicabelba.com/ca/autor/webbelba/pagina/5/","fr-FR","https://clinicabelba.com/fr/auteur/webbelba/page/5/","en-US","https://clinicabelba.com/en/author/webbelba/page/5/","es","https://clinicabelba.com/author/webbelba/page/5/","ru","https://clinicabelba.com/ru/автор/веббелба/страница/5/","de","https://clinicabelba.com/de/autor/webbelba/seite/5/","it","https://clinicabelba.com/it/autore/bellissima/pagina/5/","nl","https://clinicabelba.com/nl/auteur/webbel/pagina/5/","fr","https://clinicabelba.com/fr/auteur/webbelba/page/5/","en","https://clinicabelba.com/en/author/webbelba/page/5/","x-default","https://clinicabelba.com/author/webbelba/page/5/","","","","","Indexable",""
"https://clinicabelba.com/nl/auteur/webbel/pagina/5/","Artikelen van Dr. Mike Dewever | Clinique Belba","17","es-ES","https://clinicabelba.com/author/webbelba/page/5/","ru-RU","https://clinicabelba.com/ru/автор/веббелба/страница/5/","uk","https://clinicabelba.com/uk/автор/webbelba/сторінка/5/","de-DE","https://clinicabelba.com/de/autor/webbelba/seite/5/","it-IT","https://clinicabelba.com/it/autore/bellissima/pagina/5/","nl-NL","https://clinicabelba.com/nl/auteur/webbel/pagina/5/","ca","https://clinicabelba.com/ca/autor/webbelba/pagina/5/","fr-FR","https://clinicabelba.com/fr/auteur/webbelba/page/5/","en-US","https://clinicabelba.com/en/author/webbelba/page/5/","es","https://clinicabelba.com/author/webbelba/page/5/","ru","https://clinicabelba.com/ru/автор/веббелба/страница/5/","de","https://clinicabelba.com/de/autor/webbelba/seite/5/","it","https://clinicabelba.com/it/autore/bellissima/pagina/5/","nl","https://clinicabelba.com/nl/auteur/webbel/pagina/5/","fr","https://clinicabelba.com/fr/auteur/webbelba/page/5/","en","https://clinicabelba.com/en/author/webbelba/page/5/","x-default","https://clinicabelba.com/author/webbelba/page/5/","","","","","Indexable",""
"https://clinicabelba.com/ca/autor/webbelba/pagina/5/","Articles del Dr. Mike Dewever | Clínica Belba","17","es-ES","https://clinicabelba.com/author/webbelba/page/5/","ru-RU","https://clinicabelba.com/ru/автор/веббелба/страница/5/","uk","https://clinicabelba.com/uk/автор/webbelba/сторінка/5/","de-DE","https://clinicabelba.com/de/autor/webbelba/seite/5/","it-IT","https://clinicabelba.com/it/autore/bellissima/pagina/5/","nl-NL","https://clinicabelba.com/nl/auteur/webbel/pagina/5/","ca","https://clinicabelba.com/ca/autor/webbelba/pagina/5/","fr-FR","https://clinicabelba.com/fr/auteur/webbelba/page/5/","en-US","https://clinicabelba.com/en/author/webbelba/page/5/","es","https://clinicabelba.com/author/webbelba/page/5/","ru","https://clinicabelba.com/ru/автор/веббелба/страница/5/","de","https://clinicabelba.com/de/autor/webbelba/seite/5/","it","https://clinicabelba.com/it/autore/bellissima/pagina/5/","nl","https://clinicabelba.com/nl/auteur/webbel/pagina/5/","fr","https://clinicabelba.com/fr/auteur/webbelba/page/5/","en","https://clinicabelba.com/en/author/webbelba/page/5/","x-default","https://clinicabelba.com/author/webbelba/page/5/","","","","","Indexable",""
"https://clinicabelba.com/author/webbelba/page/6/","Artículos del Dr. Mike Dewever | Clínica Belba","17","es-ES","https://clinicabelba.com/author/webbelba/page/6/","ru-RU","https://clinicabelba.com/ru/автор/веббелба/страница/6/","uk","https://clinicabelba.com/uk/автор/webbelba/сторінка/6/","de-DE","https://clinicabelba.com/de/autor/webbelba/seite/6/","it-IT","https://clinicabelba.com/it/autore/bellissima/pagina/6/","nl-NL","https://clinicabelba.com/nl/auteur/webbel/pagina/6/","ca","https://clinicabelba.com/ca/autor/webbelba/pagina/6/","fr-FR","https://clinicabelba.com/fr/auteur/webbelba/page/6/","en-US","https://clinicabelba.com/en/author/webbelba/page/6/","es","https://clinicabelba.com/author/webbelba/page/6/","ru","https://clinicabelba.com/ru/автор/веббелба/страница/6/","de","https://clinicabelba.com/de/autor/webbelba/seite/6/","it","https://clinicabelba.com/it/autore/bellissima/pagina/6/","nl","https://clinicabelba.com/nl/auteur/webbel/pagina/6/","fr","https://clinicabelba.com/fr/auteur/webbelba/page/6/","en","https://clinicabelba.com/en/author/webbelba/page/6/","x-default","https://clinicabelba.com/author/webbelba/page/6/","","","","","Indexable",""
"https://clinicabelba.com/ru/автор/веббелба/страница/5/","Статьи д-ра Майка ДеВервиля | Клиника Бельба","17","es-ES","https://clinicabelba.com/author/webbelba/page/5/","ru-RU","https://clinicabelba.com/ru/автор/веббелба/страница/5/","uk","https://clinicabelba.com/uk/автор/webbelba/сторінка/5/","de-DE","https://clinicabelba.com/de/autor/webbelba/seite/5/","it-IT","https://clinicabelba.com/it/autore/bellissima/pagina/5/","nl-NL","https://clinicabelba.com/nl/auteur/webbel/pagina/5/","ca","https://clinicabelba.com/ca/autor/webbelba/pagina/5/","fr-FR","https://clinicabelba.com/fr/auteur/webbelba/page/5/","en-US","https://clinicabelba.com/en/author/webbelba/page/5/","es","https://clinicabelba.com/author/webbelba/page/5/","ru","https://clinicabelba.com/ru/автор/веббелба/страница/5/","de","https://clinicabelba.com/de/autor/webbelba/seite/5/","it","https://clinicabelba.com/it/autore/bellissima/pagina/5/","nl","https://clinicabelba.com/nl/auteur/webbel/pagina/5/","fr","https://clinicabelba.com/fr/auteur/webbelba/page/5/","en","https://clinicabelba.com/en/author/webbelba/page/5/","x-default","https://clinicabelba.com/author/webbelba/page/5/","","","","","Indexable",""
"https://clinicabelba.com/uk/автор/webbelba/сторінка/5/","Статті доктора Майка Девевера | Клініка «Белба»","17","es-ES","https://clinicabelba.com/author/webbelba/page/5/","ru-RU","https://clinicabelba.com/ru/автор/веббелба/страница/5/","uk","https://clinicabelba.com/uk/автор/webbelba/сторінка/5/","de-DE","https://clinicabelba.com/de/autor/webbelba/seite/5/","it-IT","https://clinicabelba.com/it/autore/bellissima/pagina/5/","nl-NL","https://clinicabelba.com/nl/auteur/webbel/pagina/5/","ca","https://clinicabelba.com/ca/autor/webbelba/pagina/5/","fr-FR","https://clinicabelba.com/fr/auteur/webbelba/page/5/","en-US","https://clinicabelba.com/en/author/webbelba/page/5/","es","https://clinicabelba.com/author/webbelba/page/5/","ru","https://clinicabelba.com/ru/автор/веббелба/страница/5/","de","https://clinicabelba.com/de/autor/webbelba/seite/5/","it","https://clinicabelba.com/it/autore/bellissima/pagina/5/","nl","https://clinicabelba.com/nl/auteur/webbel/pagina/5/","fr","https://clinicabelba.com/fr/auteur/webbelba/page/5/","en","https://clinicabelba.com/en/author/webbelba/page/5/","x-default","https://clinicabelba.com/author/webbelba/page/5/","","","","","Indexable",""
"https://clinicabelba.com/nl/auteur/webbel/pagina/6/","Artikelen van Dr. Mike Dewever | Clinique Belba","17","es-ES","https://clinicabelba.com/author/webbelba/page/6/","ru-RU","https://clinicabelba.com/ru/автор/веббелба/страница/6/","uk","https://clinicabelba.com/uk/автор/webbelba/сторінка/6/","de-DE","https://clinicabelba.com/de/autor/webbelba/seite/6/","it-IT","https://clinicabelba.com/it/autore/bellissima/pagina/6/","nl-NL","https://clinicabelba.com/nl/auteur/webbel/pagina/6/","ca","https://clinicabelba.com/ca/autor/webbelba/pagina/6/","fr-FR","https://clinicabelba.com/fr/auteur/webbelba/page/6/","en-US","https://clinicabelba.com/en/author/webbelba/page/6/","es","https://clinicabelba.com/author/webbelba/page/6/","ru","https://clinicabelba.com/ru/автор/веббелба/страница/6/","de","https://clinicabelba.com/de/autor/webbelba/seite/6/","it","https://clinicabelba.com/it/autore/bellissima/pagina/6/","nl","https://clinicabelba.com/nl/auteur/webbel/pagina/6/","fr","https://clinicabelba.com/fr/auteur/webbelba/page/6/","en","https://clinicabelba.com/en/author/webbelba/page/6/","x-default","https://clinicabelba.com/author/webbelba/page/6/","","","","","Indexable",""
"https://clinicabelba.com/ca/autor/webbelba/pagina/6/","Articles del Dr. Mike Dewever | Clínica Belba","17","es-ES","https://clinicabelba.com/author/webbelba/page/6/","ru-RU","https://clinicabelba.com/ru/автор/веббелба/страница/6/","uk","https://clinicabelba.com/uk/автор/webbelba/сторінка/6/","de-DE","https://clinicabelba.com/de/autor/webbelba/seite/6/","it-IT","https://clinicabelba.com/it/autore/bellissima/pagina/6/","nl-NL","https://clinicabelba.com/nl/auteur/webbel/pagina/6/","ca","https://clinicabelba.com/ca/autor/webbelba/pagina/6/","fr-FR","https://clinicabelba.com/fr/auteur/webbelba/page/6/","en-US","https://clinicabelba.com/en/author/webbelba/page/6/","es","https://clinicabelba.com/author/webbelba/page/6/","ru","https://clinicabelba.com/ru/автор/веббелба/страница/6/","de","https://clinicabelba.com/de/autor/webbelba/seite/6/","it","https://clinicabelba.com/it/autore/bellissima/pagina/6/","nl","https://clinicabelba.com/nl/auteur/webbel/pagina/6/","fr","https://clinicabelba.com/fr/auteur/webbelba/page/6/","en","https://clinicabelba.com/en/author/webbelba/page/6/","x-default","https://clinicabelba.com/author/webbelba/page/6/","","","","","Indexable",""
"https://clinicabelba.com/uk/автор/webbelba/сторінка/6/","Статті доктора Майка Девевера | Клініка «Белба»","17","es-ES","https://clinicabelba.com/author/webbelba/page/6/","ru-RU","https://clinicabelba.com/ru/автор/веббелба/страница/6/","uk","https://clinicabelba.com/uk/автор/webbelba/сторінка/6/","de-DE","https://clinicabelba.com/de/autor/webbelba/seite/6/","it-IT","https://clinicabelba.com/it/autore/bellissima/pagina/6/","nl-NL","https://clinicabelba.com/nl/auteur/webbel/pagina/6/","ca","https://clinicabelba.com/ca/autor/webbelba/pagina/6/","fr-FR","https://clinicabelba.com/fr/auteur/webbelba/page/6/","en-US","https://clinicabelba.com/en/author/webbelba/page/6/","es","https://clinicabelba.com/author/webbelba/page/6/","ru","https://clinicabelba.com/ru/автор/веббелба/страница/6/","de","https://clinicabelba.com/de/autor/webbelba/seite/6/","it","https://clinicabelba.com/it/autore/bellissima/pagina/6/","nl","https://clinicabelba.com/nl/auteur/webbel/pagina/6/","fr","https://clinicabelba.com/fr/auteur/webbelba/page/6/","en","https://clinicabelba.com/en/author/webbelba/page/6/","x-default","https://clinicabelba.com/author/webbelba/page/6/","","","","","Indexable",""
"https://clinicabelba.com/ru/автор/веббелба/страница/6/","Статьи д-ра Майка ДеВервиля | Клиника Бельба","17","es-ES","https://clinicabelba.com/author/webbelba/page/6/","ru-RU","https://clinicabelba.com/ru/автор/веббелба/страница/6/","uk","https://clinicabelba.com/uk/автор/webbelba/сторінка/6/","de-DE","https://clinicabelba.com/de/autor/webbelba/seite/6/","it-IT","https://clinicabelba.com/it/autore/bellissima/pagina/6/","nl-NL","https://clinicabelba.com/nl/auteur/webbel/pagina/6/","ca","https://clinicabelba.com/ca/autor/webbelba/pagina/6/","fr-FR","https://clinicabelba.com/fr/auteur/webbelba/page/6/","en-US","https://clinicabelba.com/en/author/webbelba/page/6/","es","https://clinicabelba.com/author/webbelba/page/6/","ru","https://clinicabelba.com/ru/автор/веббелба/страница/6/","de","https://clinicabelba.com/de/autor/webbelba/seite/6/","it","https://clinicabelba.com/it/autore/bellissima/pagina/6/","nl","https://clinicabelba.com/nl/auteur/webbel/pagina/6/","fr","https://clinicabelba.com/fr/auteur/webbelba/page/6/","en","https://clinicabelba.com/en/author/webbelba/page/6/","x-default","https://clinicabelba.com/author/webbelba/page/6/","","","","","Indexable",""
"https://clinicabelba.com/fr/auteur/webbelba/page/6/","Articles du Dr Mike Dewever | Clinique Belba","17","es-ES","https://clinicabelba.com/author/webbelba/page/6/","ru-RU","https://clinicabelba.com/ru/автор/веббелба/страница/6/","uk","https://clinicabelba.com/uk/автор/webbelba/сторінка/6/","de-DE","https://clinicabelba.com/de/autor/webbelba/seite/6/","it-IT","https://clinicabelba.com/it/autore/bellissima/pagina/6/","nl-NL","https://clinicabelba.com/nl/auteur/webbel/pagina/6/","ca","https://clinicabelba.com/ca/autor/webbelba/pagina/6/","fr-FR","https://clinicabelba.com/fr/auteur/webbelba/page/6/","en-US","https://clinicabelba.com/en/author/webbelba/page/6/","es","https://clinicabelba.com/author/webbelba/page/6/","ru","https://clinicabelba.com/ru/автор/веббелба/страница/6/","de","https://clinicabelba.com/de/autor/webbelba/seite/6/","it","https://clinicabelba.com/it/autore/bellissima/pagina/6/","nl","https://clinicabelba.com/nl/auteur/webbel/pagina/6/","fr","https://clinicabelba.com/fr/auteur/webbelba/page/6/","en","https://clinicabelba.com/en/author/webbelba/page/6/","x-default","https://clinicabelba.com/author/webbelba/page/6/","","","","","Indexable",""
"https://clinicabelba.com/en/author/webbelba/page/6/","Articles by Dr. Mike Dewever | Belba Clinic","17","es-ES","https://clinicabelba.com/author/webbelba/page/6/","ru-RU","https://clinicabelba.com/ru/автор/веббелба/страница/6/","uk","https://clinicabelba.com/uk/автор/webbelba/сторінка/6/","de-DE","https://clinicabelba.com/de/autor/webbelba/seite/6/","it-IT","https://clinicabelba.com/it/autore/bellissima/pagina/6/","nl-NL","https://clinicabelba.com/nl/auteur/webbel/pagina/6/","ca","https://clinicabelba.com/ca/autor/webbelba/pagina/6/","fr-FR","https://clinicabelba.com/fr/auteur/webbelba/page/6/","en-US","https://clinicabelba.com/en/author/webbelba/page/6/","es","https://clinicabelba.com/author/webbelba/page/6/","ru","https://clinicabelba.com/ru/автор/веббелба/страница/6/","de","https://clinicabelba.com/de/autor/webbelba/seite/6/","it","https://clinicabelba.com/it/autore/bellissima/pagina/6/","nl","https://clinicabelba.com/nl/auteur/webbel/pagina/6/","fr","https://clinicabelba.com/fr/auteur/webbelba/page/6/","en","https://clinicabelba.com/en/author/webbelba/page/6/","x-default","https://clinicabelba.com/author/webbelba/page/6/","","","","","Indexable",""
"https://clinicabelba.com/it/autore/bellissima/pagina/6/","Articoli del Dott. Mike Dewever | Clinica Belba","17","es-ES","https://clinicabelba.com/author/webbelba/page/6/","ru-RU","https://clinicabelba.com/ru/автор/веббелба/страница/6/","uk","https://clinicabelba.com/uk/автор/webbelba/сторінка/6/","de-DE","https://clinicabelba.com/de/autor/webbelba/seite/6/","it-IT","https://clinicabelba.com/it/autore/bellissima/pagina/6/","nl-NL","https://clinicabelba.com/nl/auteur/webbel/pagina/6/","ca","https://clinicabelba.com/ca/autor/webbelba/pagina/6/","fr-FR","https://clinicabelba.com/fr/auteur/webbelba/page/6/","en-US","https://clinicabelba.com/en/author/webbelba/page/6/","es","https://clinicabelba.com/author/webbelba/page/6/","ru","https://clinicabelba.com/ru/автор/веббелба/страница/6/","de","https://clinicabelba.com/de/autor/webbelba/seite/6/","it","https://clinicabelba.com/it/autore/bellissima/pagina/6/","nl","https://clinicabelba.com/nl/auteur/webbel/pagina/6/","fr","https://clinicabelba.com/fr/auteur/webbelba/page/6/","en","https://clinicabelba.com/en/author/webbelba/page/6/","x-default","https://clinicabelba.com/author/webbelba/page/6/","","","","","Indexable",""
"https://clinicabelba.com/de/autor/webbelba/seite/6/","Artikel von Dr. Mike Dewever | Belba Klinik","17","es-ES","https://clinicabelba.com/author/webbelba/page/6/","ru-RU","https://clinicabelba.com/ru/автор/веббелба/страница/6/","uk","https://clinicabelba.com/uk/автор/webbelba/сторінка/6/","de-DE","https://clinicabelba.com/de/autor/webbelba/seite/6/","it-IT","https://clinicabelba.com/it/autore/bellissima/pagina/6/","nl-NL","https://clinicabelba.com/nl/auteur/webbel/pagina/6/","ca","https://clinicabelba.com/ca/autor/webbelba/pagina/6/","fr-FR","https://clinicabelba.com/fr/auteur/webbelba/page/6/","en-US","https://clinicabelba.com/en/author/webbelba/page/6/","es","https://clinicabelba.com/author/webbelba/page/6/","ru","https://clinicabelba.com/ru/автор/веббелба/страница/6/","de","https://clinicabelba.com/de/autor/webbelba/seite/6/","it","https://clinicabelba.com/it/autore/bellissima/pagina/6/","nl","https://clinicabelba.com/nl/auteur/webbel/pagina/6/","fr","https://clinicabelba.com/fr/auteur/webbelba/page/6/","en","https://clinicabelba.com/en/author/webbelba/page/6/","x-default","https://clinicabelba.com/author/webbelba/page/6/","","","","","Indexable",""
