page,clicks,impressions
https://clinicabelba.com/otoplastia/,4899,41651
https://clinicabelba.com/monte-de-venus-abultado/,1548,120494
https://clinicabelba.com/aumento-pecho-barcelona/,1221,23817
https://clinicabelba.com/precio-liposuccion-espana/,961,89960
https://clinicabelba.com/blefaroplastia-antes-y-despues/,825,17674
https://clinicabelba.com/ru/%D0%BB%D0%B0%D0%B1%D0%B8%D0%B8-%D0%B2%D1%83%D0%BB%D1%8C%D0%B2%D1%8B/,746,26730
https://clinicabelba.com/it/labbra-vaginali/,657,27445
https://clinicabelba.com/seroma-tras-cirugia-que-es-como-prevenir/,630,105729
https://clinicabelba.com/hipertrofia-labios-menores/,536,54593
https://clinicabelba.com/ru/%D0%BF%D0%BE%D0%BB%D0%BE%D0%B2%D0%BE%D0%B9-%D0%B6%D0%B8%D0%B7%D0%BD%D0%B8-%D1%8F%D0%B2%D0%BB%D1%8F%D1%8E%D1%89%D0%B8%D0%B5%D1%81%D1%8F-%D1%82%D0%B8%D0%BF%D0%B0%D0%BC%D0%B8-%D1%83%D1%85%D0%BE%D0%B4/,449,18496
https://clinicabelba.com/it/labbra-vaginali-cosa-sono-tipologie-cura-e-quando-consultare-un-medico/,439,28535
https://clinicabelba.com/fr/levres-vaginales/,438,21356
https://clinicabelba.com/en/labia-what-they-are-types-care-and-when-to-consult-a-doctor/,429,140090
https://clinicabelba.com/,368,47638
https://clinicabelba.com/que-tamano-protesis-pecho-elegir-aumento-de-pecho/,346,23479
https://clinicabelba.com/abdominoplastia-recuperacion/,324,29172
https://clinicabelba.com/remodelacion-costal/,306,61465
https://clinicabelba.com/recuperacion-rinoplastia-semana-a-semana/,286,24392
https://clinicabelba.com/quitar-costillas-flotantes/,285,52396
https://clinicabelba.com/labios-vaginales/,283,28274
https://clinicabelba.com/cicatriz-cesarea-correccion/,272,30235
https://clinicabelba.com/rinomodelacion-cuanto-dura/,263,37399
https://clinicabelba.com/diastasis-abdominal-es-peligroso/,260,31028
https://clinicabelba.com/postoperatorio-lifting-facial-semana-a-semana/,252,11756
https://clinicabelba.com/cuanto-vale-aumento-pecho-espana/,237,55694
https://clinicabelba.com/fr/levres-vaginales-quest-ce-que-cest-types-soins-et-quand-consulter/,234,17907
https://clinicabelba.com/recuperacion-liposuccion-semana-a-semana/,232,17522
https://clinicabelba.com/quitarse-costillas-flotantes-mito-o-realidad/,227,38145
https://clinicabelba.com/aumento-pecho-preserve/,215,8562
https://clinicabelba.com/como-eliminar-grasa-abdominal/,214,29157
https://clinicabelba.com/protesis-motiva-ventajas-duracion-resultados/,214,16478
https://clinicabelba.com/precio-blefaroplastia/,214,25091
https://clinicabelba.com/drdewevercirugiaplastica/,189,3641
https://clinicabelba.com/vaginoplastia-cuando-se-recomienda/,179,40602
https://clinicabelba.com/como-conseguir-aumento-pecho-natural-opciones-resultados/,178,16596
https://clinicabelba.com/liposuccion-de-monte-de-venus/,152,16752
https://clinicabelba.com/pezones-invertidos-correccion/,143,26416
https://clinicabelba.com/de/schamlippen/,140,7898
https://clinicabelba.com/labios-vaginales-que-son-tipos-cuidados-y-cuando-consultar/,133,17769
https://clinicabelba.com/aumento-de-gluteos-barcelona/,118,10639
https://clinicabelba.com/aumento-pecho-150cc/,118,2303
https://clinicabelba.com/ribxcar-vs-tecnica-tradicional-cual-es-mejor/,116,25417
https://clinicabelba.com/recuperacion-blefaroplastia/,115,11159
https://clinicabelba.com/cuando-hacer-ejercicio-despues-aumento-pecho/,110,13504
https://clinicabelba.com/uk/%D1%81%D1%82%D0%B0%D1%82%D0%B5%D0%B2%D1%96-%D0%B3%D1%83%D0%B1%D0%B8/,109,5580
https://clinicabelba.com/cuanto-duran-protesis-pecho/,101,24874
https://clinicabelba.com/cirujanos-plasticos-barcelona/,84,26050
https://clinicabelba.com/abdominoplastia-precio/,81,14138
https://clinicabelba.com/que-es-bichectomia/,79,21614
https://clinicabelba.com/precio-cirugia-estetica-barcelona/,71,4705
https://clinicabelba.com/liposuccion-barcelona/,65,14841
https://clinicabelba.com/lifting-denise-richards/,64,2855
https://clinicabelba.com/mommy-makeover-barcelona/,64,2683
https://clinicabelba.com/labioplastia/,61,5448
https://clinicabelba.com/ginecomastia-barcelona/,60,4918
https://clinicabelba.com/lobuloplastia-barcelona/,58,3447
https://clinicabelba.com/merece-la-pena-operarse-el-pecho/,57,1726
https://clinicabelba.com/reduccion-de-areola/,54,3394
https://clinicabelba.com/lifting-de-brazos/,54,5789
https://clinicabelba.com/recambio-de-protesis/,53,5551
https://clinicabelba.com/lipo-vaser/,52,7491
https://clinicabelba.com/cintura-de-avispa-que-es-y-como-tenerla/,52,34893
https://clinicabelba.com/asimetria-mamaria-cuando-operar/,51,16296
https://clinicabelba.com/minilifting-facial-precio/,50,8082
https://clinicabelba.com/cuanto-dura-una-blefaroplastia/,50,5676
https://clinicabelba.com/uk/%D1%81%D1%82%D0%B0%D1%82%D0%B5%D0%B2%D1%96-%D0%B3%D1%83%D0%B1%D0%B8-%D1%8F%D0%BA-%D0%B4%D0%BE%D0%B3%D0%BB%D1%8F%D0%B4%D0%B0%D1%82%D0%B8-%D0%B7%D0%B0-%D0%BD%D0%B8%D0%BC%D0%B8-%D1%82%D0%B0-%D0%BA%D0%BE/,47,2700
https://clinicabelba.com/quienes-somos/,46,4871
https://clinicabelba.com/ginecomastia-precio/,46,6777
https://clinicabelba.com/mama-tuberosa-grados-cirugia/,42,5484
https://clinicabelba.com/drfelixchavarriacirugiaplastica/,42,1209
https://clinicabelba.com/rinoplastia-barcelona/,39,11026
https://clinicabelba.com/bbl-hialuronico-o-protesis-gluteo-cual-elegir/,37,13832
https://clinicabelba.com/en/mons-pubis-liposuction/,32,6322
https://clinicabelba.com/contacto/,32,4271
https://clinicabelba.com/liposuccion-de-alta-definicion/,32,8138
https://clinicabelba.com/cirugia-de-la-mama/,29,5565
https://clinicabelba.com/abdominoplastia-o-liposuccion/,28,3509
https://clinicabelba.com/lipovaser-vs-liposuccion/,27,2152
https://clinicabelba.com/reduccion-de-mama/,27,4636
https://clinicabelba.com/ca/,27,564
https://clinicabelba.com/abdominoplastia-barcelona/,26,6675
https://clinicabelba.com/mejor-edad-para-aumento-pecho/,25,2570
https://clinicabelba.com/vaginoplastia/,25,4666
https://clinicabelba.com/en/preserve-breast-augmentation/,25,1611
https://clinicabelba.com/en/rib-remodeling/,25,1411
https://clinicabelba.com/precio-aumento-pecho-barcelona/,24,4535
https://clinicabelba.com/aumento-hibrido-vs-implantes/,24,1427
https://clinicabelba.com/it/lipovaser-prima-e-dopo/,24,1280
https://clinicabelba.com/lipovaser-antes-y-despues/,22,1916
https://clinicabelba.com/ca/seroma-tras-cirugia-que-es-como-prevenir/,22,1868
https://clinicabelba.com/it/riduzione-dellareola/,22,1747
https://clinicabelba.com/en/costal-remodeling/,21,1147
https://clinicabelba.com/it/liposuzione-del-monte-di-venere/,21,8246
https://clinicabelba.com/liposuccion-monte-venus-precio/,20,1671
https://clinicabelba.com/liposuccion-precio/,20,8726
https://clinicabelba.com/en/liposuction-barcelona/,20,1338
https://clinicabelba.com/blefaroplastia/,20,6828
https://clinicabelba.com/en/,19,1596
https://clinicabelba.com/ca/llavis-vaginals-quins-son-tipus-cures-i-quan-consultar/,19,344
https://clinicabelba.com/lifting-de-muslos/,18,5713
https://clinicabelba.com/que-es-un-bbl-brazilian-butt-lift/,18,17302
https://clinicabelba.com/opiniones-dr-felix-chavarria/,17,263
https://clinicabelba.com/en/vaser-liposuction/,17,1397
https://clinicabelba.com/aumento-de-pecho-tecnica-brst/,17,1814
https://clinicabelba.com/dr-felix-chavarria-opiniones/,16,746
https://clinicabelba.com/rinoplastia-hombre-antes-y-despues/,16,10255
https://clinicabelba.com/braquioplastia-o-liposuccion-de-brazos/,16,2309
https://clinicabelba.com/ru/%D1%80%D0%B5%D0%B4%D1%83%D0%BA%D1%86%D0%B8%D1%8F-%D0%B0%D1%80%D0%B5%D0%BE%D0%BB%D1%8B/,16,1655
https://clinicabelba.com/fr/labioplastie/,15,464
https://clinicabelba.com/en/high-definition-liposuction/,14,934
https://clinicabelba.com/ru/%D1%83%D0%B2%D0%B5%D0%BB%D0%B8%D1%87%D0%B8%D1%82%D1%8C-%D0%B3%D1%80%D1%83%D0%B4%D1%8C-%D1%81%D0%BE%D1%85%D1%80%D0%B0%D0%BD%D0%B8%D1%82%D1%8C/,14,379
https://clinicabelba.com/en/breast-augmentation-preserve/,14,522
https://clinicabelba.com/en/mentoplasty-barcelona/,13,649
https://clinicabelba.com/en/rhinoplasty-barcelona/,12,622
https://clinicabelba.com/ca/reduccio-de-mama/,12,937
https://clinicabelba.com/cirugia-intima/,12,2391
https://clinicabelba.com/fr/,12,475
https://clinicabelba.com/ca/precio-liposuccion-espana/,12,2011
https://clinicabelba.com/nl/labia-minora/,12,854
https://clinicabelba.com/minimal-scar/,11,1119
https://clinicabelba.com/resenas-dr-chavarria/,11,384
https://clinicabelba.com/elevacion-de-mama/,11,3474
https://clinicabelba.com/aumento-pecho-precio/,11,5372
https://clinicabelba.com/it/addominoplastica-prima-e-dopo/,11,1351
https://clinicabelba.com/de/blepharoplastik-vorher-und-nachher/,11,2883
https://clinicabelba.com/it/labios-vaginales-que-son-tipos-cuidados-y-cuando-consultar/,11,1483
https://clinicabelba.com/nl/borstvergroting-bewaren/,11,354
https://clinicabelba.com/en/ultrasonic-rhinoplasty-advantages-limitations/,11,830
https://clinicabelba.com/mentoplastia-barcelona/,10,750
https://clinicabelba.com/opiniones-reales-dr-felix-chavarria/,10,385
https://clinicabelba.com/en/abdominoplastia-recuperacion/,10,1578
https://clinicabelba.com/en/abdominoplasty-barcelona/,10,569
https://clinicabelba.com/en/areola-reduction/,10,346
https://clinicabelba.com/en/plastic-surgeons-barcelona/,10,2518
https://clinicabelba.com/abdominoplastia-antes-y-despues/,10,2078
https://clinicabelba.com/ca/precio-cirugia-estetica-barcelona/,10,456
https://clinicabelba.com/blefaroplastia-sin-cirugia/,10,1239
https://clinicabelba.com/rinoplastia-hombre-antes-y-despues-mejorado/,10,2240
https://clinicabelba.com/en/mommy-makeover-barcelona/,9,322
https://clinicabelba.com/en/rib-removal-surgery/,9,348
https://clinicabelba.com/fr/augmentation-des-fessiers-barcelone/,9,152
https://clinicabelba.com/it/vaginoplastica/,9,703
https://clinicabelba.com/en/cosmetic-surgery-prices-barcelona/,9,1264
https://clinicabelba.com/ca/labios-vaginales-que-son-tipos-cuidados-y-cuando-consultar/,9,124
https://clinicabelba.com/it/rinoplastica-uomo-prima-e-dopo-migliorata/,9,567
https://clinicabelba.com/en/non-surgical-blepharoplasty/,9,1119
https://clinicabelba.com/primera-consulta-cirugia-estetica/,8,2046
https://clinicabelba.com/en/buttock-augmentation-barcelona/,8,558
https://clinicabelba.com/en/mini-facelift-barcelona/,8,81
https://clinicabelba.com/ca/elevacio-de-mama/,8,399
https://clinicabelba.com/fr/augmentation-mammaire-sans-alteration-de-laspect-naturel/,8,522
https://clinicabelba.com/ru/%D1%80%D0%B8%D0%BD%D0%BE%D0%BF%D0%BB%D0%B0%D1%81%D1%82%D0%B8%D0%BA%D0%B0-%D0%BC%D1%83%D0%B6%D1%87%D0%B8%D0%BD%D0%B0-%D0%B4%D0%BE-%D0%B8-%D0%BF%D0%BE%D1%81%D0%BB%D0%B5-%D1%83%D0%BB%D1%83%D1%87%D1%88/,8,649
https://clinicabelba.com/tipos-lifting-facial-corporal/,7,9585
https://clinicabelba.com/en/gynecomastia-barcelona/,7,380
https://clinicabelba.com/en/labiaplasty/,7,724
https://clinicabelba.com/en/que-es-un-bbl-brazilian-butt-lift/,7,7598
https://clinicabelba.com/en/drdewevercosmeticsurgery/,7,33
https://clinicabelba.com/ca/pezones-invertidos-correccion/,7,322
https://clinicabelba.com/monte-de-venus-abultado/#elementor-toc__heading-anchor-0,6,12545
https://clinicabelba.com/rinomodelacion-barcelona/,6,1509
https://clinicabelba.com/en/abdominoplasty-before-and-after/,6,211
https://clinicabelba.com/en/breast-augmentation-brst-technique/,6,1260
https://clinicabelba.com/ca/augment-de-glutis-barcelona/,6,619
https://clinicabelba.com/de/labios-vaginales/,6,468
https://clinicabelba.com/de/bauchdeckenstraffung-vorher-und-nachher/,6,2074
https://clinicabelba.com/cirugia-corporal/,6,1859
https://clinicabelba.com/uk/labios-vaginales-que-son-tipos-cuidados-y-cuando-consultar/,6,599
https://clinicabelba.com/it/rinoplastica-ultrasonica-vantaggi-e-limiti/,6,228
https://clinicabelba.com/ru/%D0%B1%D0%BB%D0%B5%D1%84%D0%B0%D1%80%D0%BE%D0%BF%D0%BB%D0%B0%D1%81%D1%82%D0%B8%D0%BA%D0%B0-%D0%B1%D0%B5%D0%B7-%D1%85%D0%B8%D1%80%D1%83%D1%80%D0%B3%D0%B8%D1%87%D0%B5%D1%81%D0%BA%D0%BE%D0%B3%D0%BE/,6,1171
https://clinicabelba.com/en/about-us/,5,219
https://clinicabelba.com/en/blepharoplasty/,5,1254
https://clinicabelba.com/en/breast-lift/,5,461
https://clinicabelba.com/en/precio-cirugia-estetica-barcelona/,5,670
https://clinicabelba.com/ca/ginecomastia-barcelona/,5,243
https://clinicabelba.com/ca/liposuccio-del-mont-de-venus/,5,365
https://clinicabelba.com/ca/lipovaser-vs-liposuccion/,5,186
https://clinicabelba.com/uk/,5,80
https://clinicabelba.com/fr/reduction-dareole/,5,233
https://clinicabelba.com/fr/lifting-des-bras/,5,89
https://clinicabelba.com/ru/%D0%BF%D0%BE%D0%B4%D1%82%D1%8F%D0%B6%D0%BA%D0%B0-%D0%B3%D1%80%D1%83%D0%B4%D0%B8/,5,162
https://clinicabelba.com/fr/chirurgien-plasticien/docteur-felix-chavarria/,5,68
https://clinicabelba.com/ru/%D0%B3%D0%B8%D0%BD%D0%B5%D0%BA%D0%BE%D0%BC%D0%B0%D1%81%D1%82%D0%B8%D1%8F-%D0%B4%D0%BE-%D0%B8-%D0%BF%D0%BE%D1%81%D0%BB%D0%B5/,5,206
https://clinicabelba.com/ru/%D1%83%D0%B2%D0%B5%D0%BB%D0%B8%D1%87%D0%B5%D0%BD%D0%B8%D0%B5-%D0%B3%D1%80%D1%83%D0%B4%D0%B8-%D1%86%D0%B5%D0%BD%D0%B0/,5,171
https://clinicabelba.com/ca/llavis-vaginals/,5,194
https://clinicabelba.com/en/rhinoplasty-male-before-and-after-improved/,5,999
https://clinicabelba.com/en/diastasis-abdominal-es-peligroso/,4,484
https://clinicabelba.com/en/rinoplastia-barcelona/,4,414
https://clinicabelba.com/author/webbelba/,4,333
https://clinicabelba.com/ca/drdewevercirugiaplastica/,4,87
https://clinicabelba.com/ca/labioplastia/,4,309
https://clinicabelba.com/ca/labios-vaginales/,4,352
https://clinicabelba.com/en/tummy-tuck-recovery/,4,960
https://clinicabelba.com/fr/blepharoplastie/,4,189
https://clinicabelba.com/fr/chirurgiens-plasticiens-barcelone/,4,151
https://clinicabelba.com/fr/liposuccion-barcelone/,4,137
https://clinicabelba.com/fr/mastopexie/,4,271
https://clinicabelba.com/fr/lipovaser-avant-et-apres/,4,581
https://clinicabelba.com/fr/qui-sommes-nous/,4,95
https://clinicabelba.com/fr/rhinoplastie-barcelone/,4,138
https://clinicabelba.com/nl/borstverkleining/,4,104
https://clinicabelba.com/de/fettabsaugung-am-venushugel/,4,754
https://clinicabelba.com/it/riduzione-mammaria/,4,216
https://clinicabelba.com/nl/lipovaser-voor-en-na/,4,274
https://clinicabelba.com/ru/%D1%80%D0%B8%D0%BD%D0%BE%D0%BF%D0%BB%D0%B0%D1%81%D1%82%D0%B8%D0%BA%D0%B0-%D0%B4%D0%BE-%D0%B8-%D0%BF%D0%BE%D1%81%D0%BB%D0%B5/,4,1200
https://clinicabelba.com/uk/lipovaser-que-es/,4,1584
https://clinicabelba.com/ru/%D1%86%D0%B5%D0%BD%D0%B0-%D0%BA%D0%BE%D1%81%D0%BC%D0%B5%D1%82%D0%B8%D1%87%D0%B5%D1%81%D0%BA%D0%BE%D0%B9-%D0%BE%D0%BF%D0%B5%D1%80%D0%B0%D1%86%D0%B8%D0%B8-%D0%B1%D0%B0%D1%80%D1%81%D0%B5%D0%BB%D0%BE/,4,61
https://clinicabelba.com/de/ginekomastie-vorher-und-nachher/,4,1017
https://clinicabelba.com/nl/prothese-wisseling/,4,72
https://clinicabelba.com/fr/vaginoplastie/,4,190
https://clinicabelba.com/ru/%D1%80%D0%B5%D0%B4%D1%83%D0%BA%D1%86%D0%B8%D1%8F-%D0%B3%D1%80%D1%83%D0%B4%D0%B8/,4,57
https://clinicabelba.com/fr/liposuccion-du-mont-de-venus/,4,397
https://clinicabelba.com/ru/%D0%B2%D0%B0%D0%B3%D0%B8%D0%BD%D0%BE%D0%BF%D0%BB%D0%B0%D1%81%D1%82%D0%B8%D0%BA%D0%B0/,4,102
https://clinicabelba.com/fr/chirurgie-corporelle/,4,261
https://clinicabelba.com/it/rimozione-costale/,4,258
https://clinicabelba.com/fr/rinomodelacion-barcelona/,4,28
https://clinicabelba.com/de/blepharoplastik-ohne-operation/,4,549
https://clinicabelba.com/ca/augment-de-pits-preu/,4,107
https://clinicabelba.com/ca/preu-de-la-lipoescultura/,4,559
https://clinicabelba.com/fr/prix-de-la-liposuccion/,4,338
https://clinicabelba.com/ru/%D0%BB%D0%B8%D0%BF%D0%BE%D1%81%D0%B0%D0%BA%D1%86%D0%B8%D1%8F-%D1%86%D0%B5%D0%BD%D0%B0/,4,724
https://clinicabelba.com/ru/rinoplastia-hombre-antes-y-despues-mejorado/,4,100
https://clinicabelba.com/lifting-facial-barcelona/,3,2437
https://clinicabelba.com/mini-lifting-facial-barcelona/,3,1648
https://clinicabelba.com/wp-content/uploads/2023/01/Guia-del-paciente-Consulta-de-Cirurgia-Plastica.pdf,3,62
https://clinicabelba.com/en/breast-reduction/,3,447
https://clinicabelba.com/en/otoplasty/,3,351
https://clinicabelba.com/en/vaginoplasty/,3,404
https://clinicabelba.com/ca/blefaroplastia/,3,516
https://clinicabelba.com/ca/cirurgians-plastics-barcelona/,3,267
https://clinicabelba.com/ca/liposuccio-barcelona/,3,565
https://clinicabelba.com/ca/otoplastia/,3,552
https://clinicabelba.com/como-elegir-cirujano-plastico/,3,738
https://clinicabelba.com/fr/otoplastie/,3,38
https://clinicabelba.com/ca/abdominoplastia-recuperacio/,3,37
https://clinicabelba.com/it/,3,215
https://clinicabelba.com/ca/preu-abdominoplastia/,3,397
https://clinicabelba.com/de/reduccion-de-areola/,3,123
https://clinicabelba.com/fr/resection-costale/,3,460
https://clinicabelba.com/ru/%D1%80%D0%B8%D0%BD%D0%BE%D0%BF%D0%BB%D0%B0%D1%81%D1%82%D0%B8%D0%BA%D0%B0-%D0%B1%D0%B0%D1%80%D1%81%D0%B5%D0%BB%D0%BE%D0%BD%D0%B0/,3,106
https://clinicabelba.com/de/armheben/,3,84
https://clinicabelba.com/ru/%D0%BF%D0%BB%D0%B0%D1%81%D1%82%D0%B8%D1%87%D0%B5%D1%81%D0%BA%D0%B0%D1%8F-%D1%85%D0%B8%D1%80%D1%83%D1%80%D0%B3%D0%B8%D1%8F/,3,106
https://clinicabelba.com/en/labia/,3,759
https://clinicabelba.com/it/aumento-del-seno-preservato/,3,351
https://clinicabelba.com/nl/blefaroplastiek/,3,114
https://clinicabelba.com/de/serom-nach-operation-was-ist-und-wie-man-vorbeugt/,3,274
https://clinicabelba.com/it/lipo-vaser/,3,167
https://clinicabelba.com/it/sollevamento-delle-braccia/,3,257
https://clinicabelba.com/it/aumento-seno-prezzo/,3,66
https://clinicabelba.com/de/brustwarzenhofverkleinerung/,3,407
https://clinicabelba.com/ru/liposuccion-precio/,3,167
https://clinicabelba.com/fr/lobuloplastia-barcelona/,3,129
https://clinicabelba.com/en/body-surgery/,3,307
https://clinicabelba.com/it/lifting-delle-cosce/,3,602
https://clinicabelba.com/en/liposuction-price/,3,848
https://clinicabelba.com/ru/%D0%B8%D0%BD%D1%82%D0%B8%D0%BC%D0%BD%D0%B0%D1%8F-%D1%85%D0%B8%D1%80%D1%83%D1%80%D0%B3%D0%B8%D1%8F/,3,47
https://clinicabelba.com/it/blefaroplastica-non-chirurgica/,3,323
https://clinicabelba.com/ca/cicatriz-cesarea-correccion/,3,286
https://clinicabelba.com/precio-blefaroplastia/#elementor-toc__heading-anchor-0,2,3860
https://clinicabelba.com/recuperacion-aumento-pecho-tiempos-cuidados-evolucion/,2,1419
https://clinicabelba.com/cuanto-vale-aumento-pecho-espana/#elementor-toc__heading-anchor-0,2,15401
https://clinicabelba.com/en/arm-lift/,2,197
https://clinicabelba.com/en/lipovaser-before-and-after/,2,363
https://clinicabelba.com/en/lobuloplasty-barcelona/,2,244
https://clinicabelba.com/en/recuperacion-rinoplastia-semana-a-semana/,2,317
https://clinicabelba.com/ginecomastia-antes-y-despues/,2,1206
https://clinicabelba.com/blog/,2,76
https://clinicabelba.com/ca/lifting-de-bracos/,2,70
https://clinicabelba.com/ca/lipo-vaser/,2,575
https://clinicabelba.com/ca/qui-som/,2,141
https://clinicabelba.com/ca/recanvi-protesi/,2,36
https://clinicabelba.com/cirujano-plastico/dr-felix-chavarria/,2,323
https://clinicabelba.com/ca/rinoplastia-barcelona/,2,569
https://clinicabelba.com/en/hipertrofia-labios-menores/,2,150
https://clinicabelba.com/ca/aumento-pecho-precio/,2,11
https://clinicabelba.com/ca/reduccio-de-pit/,2,55
https://clinicabelba.com/en/thigh-lift/,2,346
https://clinicabelba.com/ru/,2,123
https://clinicabelba.com/de/,2,111
https://clinicabelba.com/de/blepharoplastik/,2,119
https://clinicabelba.com/de/lipovaser-antes-y-despues/,2,372
https://clinicabelba.com/ca/augment-de-pit-barcelona/,2,90
https://clinicabelba.com/de/wie-viel-kostet-brustvergroserung-spanien/,2,84
https://clinicabelba.com/ca/quins-pits-de-protesis-triar-per-a-un-augment-de-pit/,2,78
https://clinicabelba.com/fr/author/webbelba/,2,12
https://clinicabelba.com/it/lipovaser-antes-y-despues/,2,80
https://clinicabelba.com/ca/preu-cirurgia-estetica-barcelona/,2,411
https://clinicabelba.com/ru/%D0%B1%D0%BB%D0%B5%D1%84%D0%B0%D1%80%D0%BE%D0%BF%D0%BB%D0%B0%D1%81%D1%82%D0%B8%D0%BA%D0%B0/,2,197
https://clinicabelba.com/ru/%D0%BE%D1%82%D0%BE%D0%BF%D0%BB%D0%B0%D1%81%D1%82%D0%B8%D0%BA%D0%B0/,2,73
https://clinicabelba.com/de/abdominoplastia-recuperacion/,2,50
https://clinicabelba.com/it/ginecomastia-barcellona/,2,41
https://clinicabelba.com/ru/rinoplastia-antes-y-despues/,2,78
https://clinicabelba.com/de/wespentaille-was-sie-ist-und-wie-man-sie-bekommt/,2,172
https://clinicabelba.com/nl/abdominoplastia-recuperacion/,2,320
https://clinicabelba.com/de/lipo-vaser/,2,194
https://clinicabelba.com/nl/buikwandcorrectie-barcelona/,2,166
https://clinicabelba.com/ru/%D0%BF%D0%BB%D0%B0%D1%81%D1%82%D0%B8%D1%87%D0%B5%D1%81%D0%BA%D0%B8%D0%B5-%D1%85%D0%B8%D1%80%D1%83%D1%80%D0%B3%D0%B8-%D0%B1%D0%B0%D1%80%D1%81%D0%B5%D0%BB%D0%BE%D0%BD%D0%B0/,2,74
https://clinicabelba.com/uk/braquioplastia-o-liposuccion-de-brazos/,2,444
https://clinicabelba.com/en/lipolaser-before-and-after/,2,641
https://clinicabelba.com/ca/mini-lifting-facial-preu/,2,309
https://clinicabelba.com/de/intimchirurgie/,2,257
https://clinicabelba.com/ru/%D0%BB%D0%B8%D0%BF%D0%BE-%D0%B2%D0%B0%D0%B7%D0%B5%D1%80/,2,31
https://clinicabelba.com/nl/borstvergroting/,2,92
https://clinicabelba.com/nl/reductie-van-de-areola/,2,345
https://clinicabelba.com/ru/%D0%B6%D0%B8%D0%BC-%D1%80%D1%83%D0%BA%D0%B0%D0%BC%D0%B8/,2,64
https://clinicabelba.com/en/who-are-we/,2,155
https://clinicabelba.com/fr/cicatrice-minimale/,2,61
https://clinicabelba.com/en/lipovaser-what-is-it/,2,181
https://clinicabelba.com/ru/%D0%BB%D0%B8%D0%BF%D0%BE%D1%81%D0%B0%D0%BA%D1%86%D0%B8%D1%8F-%D0%B4%D0%BE-%D0%B8-%D0%BF%D0%BE%D1%81%D0%BB%D0%B5/,2,132
https://clinicabelba.com/ca/opinions-reals-dr-felix-chavarria/,2,14
https://clinicabelba.com/nl/gezichtsbehandeling-barcelona/,2,32
https://clinicabelba.com/nl/intieme-chirurgie/,2,56
https://clinicabelba.com/ru/%D0%BC%D0%B8%D0%BD%D0%B8%D0%BB%D0%B8%D1%84%D1%82%D0%B8%D0%BD%D0%B3-%D0%BB%D0%B8%D1%86%D0%B0-%D1%86%D0%B5%D0%BD%D0%B0/,2,20
https://clinicabelba.com/ru/%D1%80%D0%B8%D0%BD%D0%BE%D0%BC%D0%BE%D0%B4%D0%B5%D0%BB%D0%B8%D1%80%D0%BE%D0%B2%D0%B0%D0%BD%D0%B8%D0%B5-%D0%B1%D0%B0%D1%80%D1%81%D0%B5%D0%BB%D0%BE%D0%BD%D0%B0/,2,27
https://clinicabelba.com/de/plastische-chirurgen-barcelona/,2,28
https://clinicabelba.com/de/abdominoplastik-preis/,2,76
https://clinicabelba.com/en/intimate-surgery/,2,29
https://clinicabelba.com/it/prezzo-della-liposuzione/,2,1327
https://clinicabelba.com/de/rhinoplastik-davor-und-danach/,2,950
https://clinicabelba.com/uk/%D1%86%D1%96%D0%BD%D0%B0-%D0%BB%D1%96%D0%BF%D0%BE%D1%81%D0%B0%D0%BA%D1%86%D1%96%D1%97/,2,2276
https://clinicabelba.com/uk/liposuccion/,2,1263
https://clinicabelba.com/en/labios-vaginales-que-son-tipos-cuidados-y-cuando-consultar/,2,174
https://clinicabelba.com/ca/asimetria-mamaria-cuando-operar/,2,122
https://clinicabelba.com/ru/%D1%83%D0%BB%D1%8C%D1%82%D1%80%D0%B0%D0%B7%D0%B2%D1%83%D0%BA%D0%BE%D0%B2%D0%B0%D1%8F-%D1%80%D0%B8%D0%BD%D0%BE%D0%BF%D0%BB%D0%B0%D1%81%D1%82%D0%B8%D0%BA%D0%B0-%D0%BF%D1%80%D0%B5%D0%B8%D0%BC%D1%83/,2,125
https://clinicabelba.com/it/addominoplastica/,2,432
https://clinicabelba.com/monte-de-venus-abultado/#elementor-toc__heading-anchor-1,1,12507
https://clinicabelba.com/precio-liposuccion-espana/#elementor-toc__heading-anchor-0,1,18553
https://clinicabelba.com/quitar-costillas-flotantes/#elementor-toc__heading-anchor-0,1,12101
https://clinicabelba.com/recuperacion-blefaroplastia/#elementor-toc__heading-anchor-0,1,325
https://clinicabelba.com/rinoplastia-antes-y-despues/,1,6000
https://clinicabelba.com/rinoplastia-ultrasonica-precio/,1,5115
https://clinicabelba.com/tipos-aumento-de-pecho/,1,163
https://clinicabelba.com/cuanto-vale-aumento-pecho-espana/#elementor-toc__heading-anchor-3,1,7134
https://clinicabelba.com/en/aumento-pecho-precio/,1,128
https://clinicabelba.com/en/breast-augmentation-barcelona/,1,373
https://clinicabelba.com/en/contact/,1,259
https://clinicabelba.com/en/facelift-barcelona/,1,146
https://clinicabelba.com/en/lift-of-thighs/,1,106
https://clinicabelba.com/en/merece-la-pena-operarse-el-pecho/,1,75
https://clinicabelba.com/en/minimal-scar/,1,104
https://clinicabelba.com/fr/augmentation-mammaire-preserve/,1,12
https://clinicabelba.com/guia-del-paciente/,1,251
https://clinicabelba.com/aumento-pecho-barcelona-elegir-cirujano/,1,313
https://clinicabelba.com/aviso-legal/,1,81
https://clinicabelba.com/ca/abdominoplastia-recuperacion/,1,51
https://clinicabelba.com/ca/lip-vaser/,1,24
https://clinicabelba.com/ca/mama-tuberosa-grados-cirugia/,1,155
https://clinicabelba.com/ca/merece-la-pena-operarse-el-pecho/,1,45
https://clinicabelba.com/ca/reduccio-d-areola/,1,101
https://clinicabelba.com/ca/remodelacio-costal/,1,286
https://clinicabelba.com/en/rinoplastia-ultrasonica-precio/,1,334
https://clinicabelba.com/ca/postoperatorio-lifting-facial-semana-a-semana/,1,45
https://clinicabelba.com/wp-content/uploads/2026/01/CV-Dra-Marel-Gomez.pdf,1,75
https://clinicabelba.com/ca/lobuloplastia-barcelona/,1,89
https://clinicabelba.com/ca/protesis-motiva-ventajas-duracion-resultados/,1,115
https://clinicabelba.com/en/drfelixchavarriacirugiaplastica/,1,36
https://clinicabelba.com/en/ginecomastia-antes-y-despues/,1,28
https://clinicabelba.com/fr/reduction-mammaire/,1,66
https://clinicabelba.com/ca/contacte/,1,150
https://clinicabelba.com/precio-liposuccion-espana/#elementor-toc__heading-anchor-16,1,14848
https://clinicabelba.com/fr/reamenagement-cotier/,1,1
https://clinicabelba.com/ca/augment-pit-barcelona/,1,89
https://clinicabelba.com/precio-liposuccion-espana/#elementor-toc__heading-anchor-21,1,21381
https://clinicabelba.com/precio-liposuccion-espana/#elementor-toc__heading-anchor-3,1,20758
https://clinicabelba.com/en/blepharoplasty-before-and-after/,1,18
https://clinicabelba.com/ca/liposuccion/,1,377
https://clinicabelba.com/ca/augment-pit-preserve/,1,39
https://clinicabelba.com/en/abdominoplastia-barcelona/,1,118
https://clinicabelba.com/ca/braquioplastia-o-liposuccion-de-brazos/,1,187
https://clinicabelba.com/reviews-del-dr-chavarria/,1,9
https://clinicabelba.com/dr-chavarria-opiniones/,1,5
https://clinicabelba.com/en/what-is-bbl-brazilian-butt-lift/,1,1870
https://clinicabelba.com/en/gynecomastia-before-and-after/,1,649
https://clinicabelba.com/en/tummy-tuck-before-and-after/,1,31
https://clinicabelba.com/ca/augment-pit-tecnica-brst/,1,3
https://clinicabelba.com/en/resection-of-the-rib/,1,59
https://clinicabelba.com/fr/recuperacion-blefaroplastia/,1,278
https://clinicabelba.com/en/recuperacion-blefaroplastia/,1,26
https://clinicabelba.com/en/tummy-tuck-price/,1,144
https://clinicabelba.com/ca/elevacio-de-bracos/,1,175
https://clinicabelba.com/ca/recanvi-de-protesi/,1,198
https://clinicabelba.com/lipovaser-que-es/,1,881
https://clinicabelba.com/nl/borstvergroting-barcelona/,1,21
https://clinicabelba.com/nl/hoeveel-kost-borstvergroting-spanje/,1,30
https://clinicabelba.com/rinoplastia-ultrasonica-ventajas-limites/,1,197
https://clinicabelba.com/ru/%D0%BB%D0%B8%D0%BF%D0%BE%D1%81%D0%B0%D0%BA%D1%86%D0%B8%D1%8F-%D0%B1%D0%B0%D1%80%D1%81%D0%B5%D0%BB%D0%BE%D0%BD%D0%B0/,1,104
https://clinicabelba.com/de/abdominoplastia-antes-y-despues/,1,73
https://clinicabelba.com/de/lippenkorrektur/,1,57
https://clinicabelba.com/de/quitarse-costillas-flotantes-mito-o-realidad/,1,186
https://clinicabelba.com/fr/abdominoplastie-barcelone/,1,96
https://clinicabelba.com/fr/augmentation-mammaire-barcelone/,1,109
https://clinicabelba.com/fr/blepharoplastie-avant-et-apres/,1,374
https://clinicabelba.com/fr/chirurgie-mammaire/,1,58
https://clinicabelba.com/fr/le-diastasis-abdominal-est-il-dangereux/,1,35
https://clinicabelba.com/it/mommy-makeover-barcelona/,1,7
https://clinicabelba.com/it/reduccion-de-mama/,1,311
https://clinicabelba.com/ca/reduccion-de-areola/,1,32
https://clinicabelba.com/it/rinoplastica-barcellona/,1,99
https://clinicabelba.com/ca/que-es-un-brazilian-butt-lift-bbl/,1,350
https://clinicabelba.com/nl/liposuccion-de-monte-de-venus/,1,46
https://clinicabelba.com/de/lifting-de-brazos/,1,164
https://clinicabelba.com/de/que-es-un-bbl-brazilian-butt-lift/,1,49
https://clinicabelba.com/en/lipovaser-antes-y-despues/,1,92
https://clinicabelba.com/en/remodelacion-costal/,1,165
https://clinicabelba.com/en/rhinoplasty-recovery-week-by-week/,1,40
https://clinicabelba.com/ca/mama-tuberosa-graus-cirurgia/,1,725
https://clinicabelba.com/ca/reduccio-dareola/,1,131
https://clinicabelba.com/uk/cuanto-vale-aumento-pecho-espana/,1,208
https://clinicabelba.com/de/ohrenkorrektur/,1,64
https://clinicabelba.com/de/rippenrekonstruktion/,1,23
https://clinicabelba.com/it/elevacion-de-mama/,1,182
https://clinicabelba.com/it/monte-de-venus-abultado/,1,251
https://clinicabelba.com/it/otoplastica/,1,109
https://clinicabelba.com/ca/la-diastasi-abdominal-es-perillosa/,1,198
https://clinicabelba.com/nl/biljartkeu-grens/,1,47
https://clinicabelba.com/nl/wie-zijn-wij/,1,24
https://clinicabelba.com/ru/%D0%B0%D0%B1%D0%B4%D0%BE%D0%BC%D0%B8%D0%BD%D0%BE%D0%BF%D0%BB%D0%B0%D1%81%D1%82%D0%B8%D0%BA%D0%B0-%D0%B2%D0%BE%D1%81%D1%81%D1%82%D0%B0%D0%BD%D0%BE%D0%B2%D0%BB%D0%B5%D0%BD%D0%B8%D0%B5/,1,23
https://clinicabelba.com/ru/%D1%80%D0%B5%D0%BC%D0%BE%D0%B4%D0%B5%D0%BB%D0%B8%D1%80%D0%BE%D0%B2%D0%B0%D0%BD%D0%B8%D0%B5-%D1%80%D0%B5%D0%B1%D0%B5%D1%80/,1,234
https://clinicabelba.com/ru/%D1%82%D0%B8%D0%BF%D1%8B-%D1%83%D0%B2%D0%B5%D0%BB%D0%B8%D1%87%D0%B5%D0%BD%D0%B8%D1%8F-%D0%B3%D1%80%D1%83%D0%B4%D0%B8/,1,174
https://clinicabelba.com/de/blefaroplastia-antes-y-despues/,1,90
https://clinicabelba.com/de/lifting-denise-richards/,1,68
https://clinicabelba.com/de/wie-bekomme-ich-brustvergroserung-naturlich-optionen-ergebnisse/,1,64
https://clinicabelba.com/en/tummy-tuck-barcelona/,1,418
https://clinicabelba.com/fr/ginecomastia-barcelona/,1,132
https://clinicabelba.com/it/decorso-postoperatorio-di-lifting-facciale-settimana-per-settimana/,1,43
https://clinicabelba.com/it/ginecomastia-prima-e-dopo/,1,55
https://clinicabelba.com/it/liposuzione-barcellona/,1,82
https://clinicabelba.com/nl/liposuctie-venusheuvel/,1,167
https://clinicabelba.com/ru/%D1%83%D0%B2%D0%B5%D0%BB%D0%B8%D1%87%D0%B5%D0%BD%D0%B8%D0%B5-%D0%B3%D1%80%D1%83%D0%B4%D0%B8-%D0%B1%D0%B0%D1%80%D1%81%D0%B5%D0%BB%D0%BE%D0%BD%D0%B0/,1,45
https://clinicabelba.com/uk/monte-de-venus-abultado/,1,23
https://clinicabelba.com/de/lipovaser-was-ist/,1,131
https://clinicabelba.com/it/chi-siamo/,1,83
https://clinicabelba.com/it/precio-liposuccion-espana/,1,83
https://clinicabelba.com/it/rinoplastica-prima-e-dopo/,1,276
https://clinicabelba.com/de/preis-fettabsaugung-spanien/,1,46
https://clinicabelba.com/nl/lifting-van-de-dijen/,1,34
https://clinicabelba.com/nl/mommy-makeover-barcelona/,1,73
https://clinicabelba.com/ru/%D1%83%D0%B2%D0%B5%D0%BB%D0%B8%D1%87%D0%B5%D0%BD%D0%B8%D0%B5-%D1%8F%D0%B3%D0%BE/,1,72
https://clinicabelba.com/ru/diastasis-abdominal-es-peligroso/,1,17
https://clinicabelba.com/uk/ginecomastia-antes-y-despues/,1,28
https://clinicabelba.com/de/aumento-pecho-precio/,1,10
https://clinicabelba.com/de/vaginoplastik/,1,33
https://clinicabelba.com/it/hipertrofia-labios-menores/,1,348
https://clinicabelba.com/ca/liposuccion-precio/,1,148
https://clinicabelba.com/nl/diastasis-abdominal-es-peligroso/,1,202
https://clinicabelba.com/ru/%D0%B0%D0%B1%D0%B4%D0%BE%D0%BC%D0%B8%D0%BD%D0%BE%D0%BF%D0%BB%D0%B0%D1%81%D1%82%D0%B8%D0%BA%D0%B0-%D0%B1%D0%B0%D1%80%D1%81%D0%B5%D0%BB%D0%BE%D0%BD%D0%B0/,1,104
https://clinicabelba.com/ru/%D0%BB%D0%B0%D0%B1%D0%B8%D0%BE%D0%BF%D0%BB%D0%B0%D1%81%D1%82%D0%B8%D0%BA%D0%B0/,1,87
https://clinicabelba.com/ru/protesis-motiva-ventajas-duracion-resultados/,1,46
https://clinicabelba.com/uk/recuperacion-rinoplastia-semana-a-semana/,1,19
https://clinicabelba.com/en/rinomodelacion-barcelona/,1,191
https://clinicabelba.com/it/chirurgia-mammaria/,1,64
https://clinicabelba.com/it/labios-vaginales/,1,165
https://clinicabelba.com/it/rinoplastia-hombre-antes-y-despues-mejorado/,1,562
https://clinicabelba.com/nl/labios-vaginales-que-son-tipos-cuidados-y-cuando-consultar/,1,156
https://clinicabelba.com/nl/prijs-cosmetische-chirurgie-barcelona/,1,141
https://clinicabelba.com/nl/plastisch-chirurgen-barcelona/,1,44
https://clinicabelba.com/uk/%D1%83%D0%BB%D1%8C%D1%82%D1%80%D0%B0%D0%B7%D0%B2%D1%83%D0%BA%D0%BE%D0%B2%D0%B0-%D1%80%D0%B8%D0%BD%D0%BE%D0%BF%D0%BB%D0%B0%D1%81%D1%82%D0%B8%D0%BA%D0%B0-%D0%BF%D0%B5%D1%80%D0%B5%D0%B2%D0%B0%D0%B3/,1,28
https://clinicabelba.com/de/lipovaser-davor-und-danach/,1,309
https://clinicabelba.com/fr/labios-vaginales/,1,9
https://clinicabelba.com/it/lipoaspirazione-ad-alta-definizione/,1,101
https://clinicabelba.com/nl/?page_id=874,1,2
https://clinicabelba.com/ru/?page_id=874,1,123
https://clinicabelba.com/ca/tipus-daugment-de-pit/,1,15
https://clinicabelba.com/ru/%D0%BB%D0%B8%D0%BF%D0%BE%D1%81%D0%B0%D0%BA%D1%86%D0%B8%D1%8F-%D0%B2%D1%8B%D1%81%D0%BE%D0%BA%D0%BE%D0%B9-%D1%87%D0%B5%D1%82%D0%BA%D0%BE%D1%81%D1%82%D0%B8/,1,53
https://clinicabelba.com/de/brustvergroserung-preis/,1,53
https://clinicabelba.com/en/quitar-costillas-flotantes/,1,300
https://clinicabelba.com/fr/mentoplastia-barcelona/,1,28
https://clinicabelba.com/it/rinoplastica-a-barcellona/,1,57
https://clinicabelba.com/ru/%D0%BC%D0%B5%D0%BD%D1%82%D0%BE%D0%BF%D0%BB%D0%B0%D1%81%D1%82%D0%B8%D0%BA%D0%B0-%D0%B1%D0%B0%D1%80%D1%81%D0%B5%D0%BB%D0%BE%D0%BD%D0%B0/,1,29
https://clinicabelba.com/it/contatto/,1,22
https://clinicabelba.com/ca/resenas-dr-felix-chavarria/,1,2
https://clinicabelba.com/nl/lichaamschirurgie/,1,131
https://clinicabelba.com/de/oberschenkelstraffung/,1,41
https://clinicabelba.com/de/bewertungen-dr-felix-chavarria-2/,1,5
https://clinicabelba.com/de/korperchirurgie/,1,217
https://clinicabelba.com/en/gynecomastia-cost/,1,62
https://clinicabelba.com/fr/avis-et-temoignages-du-dr-felix-chavarria/,1,3
https://clinicabelba.com/ru/%D0%BF%D0%BE%D0%B4%D1%82%D1%8F%D0%B6%D0%BA%D0%B0-%D0%B1%D0%B5%D0%B4%D0%B5%D1%80/,1,43
https://clinicabelba.com/de/prothesenersatz/,1,34
https://clinicabelba.com/it/ricambio-di-protesi/,1,97
https://clinicabelba.com/ru/%D0%BF%D0%BE%D0%BB%D0%BE%D0%B6%D0%B8%D1%82%D0%B5%D0%BB%D1%8C%D0%BD%D1%8B%D0%B5-%D0%BE%D1%82%D0%B7%D1%8B%D0%B2%D1%8B-%D0%B4%D0%BE%D0%BA%D1%82%D0%BE%D1%80-%D1%84%D0%B5%D0%BB%D0%B8%D0%BA%D1%81-%D1%87/,1,8
https://clinicabelba.com/en/liposuction-monte-venus-price/,1,98
https://clinicabelba.com/ru/%D0%BC%D0%BD%D0%B5%D0%BD%D0%B8%D1%8F-%D0%B4%D0%BE%D0%BA%D1%82%D0%BE%D1%80-%D1%84%D0%B5%D0%BB%D0%B8%D0%BA%D1%81-%D1%87%D0%B0%D0%B2%D0%B0%D1%80%D1%80%D0%B8%D0%B0-2/,1,2
https://clinicabelba.com/ru/feedback-positivo-dr-chavarria/,1,2
https://clinicabelba.com/nl/blefaroplastiek-zonder-chirurgie/,1,262
https://clinicabelba.com/nl/ribreconstructie/,1,124
https://clinicabelba.com/ru/%D0%BF%D1%80%D0%B0%D0%B2%D0%BE%D0%B2%D0%B0%D1%8F-%D0%BE%D0%B3%D0%BE%D0%B2%D0%BE%D1%80%D0%BA%D0%B0/,1,14
https://clinicabelba.com/ru/%D1%81%D1%82%D0%BE%D0%B8%D0%BC%D0%BE%D1%81%D1%82%D1%8C-%D0%B0%D0%B1%D0%B4%D0%BE%D0%BC%D0%B8%D0%BD%D0%BE%D0%BF%D0%BB%D0%B0%D1%81%D1%82%D0%B8%D0%BA%D0%B8/,1,55
https://clinicabelba.com/de/cicatriz-cesarea-correccion/,1,240
https://clinicabelba.com/de/fettabsaugung-preis/,1,2445
https://clinicabelba.com/fr/lifting-de-cuisse/,1,109
https://clinicabelba.com/nl/drdeweverplastischechirurgie/,1,13
https://clinicabelba.com/ca/preu-rinoplastia-ultrasonica/,1,51
https://clinicabelba.com/nl/ginecomastie-voor-en-na/,1,25
https://clinicabelba.com/nl/liposuctie-prijs/,1,786
https://clinicabelba.com/de/dr-dewever-plastische-chirurgie/,1,13
https://clinicabelba.com/de/minilifting-gesicht-preis/,1,133
https://clinicabelba.com/it/ginecomastia-prezzo/,1,45
https://clinicabelba.com/nl/mini-facelift-barcelona/,1,62
https://clinicabelba.com/ru/%D0%BC%D0%B8%D0%BD%D0%B8-%D0%BB%D0%B8%D1%84%D1%82%D0%B8%D0%BD%D0%B3-%D0%BB%D0%B8%D1%86%D0%B0-%D0%B1%D0%B0%D1%80%D1%81%D0%B5%D0%BB%D0%BE%D0%BD%D0%B0/,1,23
https://clinicabelba.com/de/asimetria-mamaria-cuando-operar/,1,68
https://clinicabelba.com/de/pezones-invertidos-correccion/,1,72
https://clinicabelba.com/fr/avis-du-dr-chavarria/,1,30
https://clinicabelba.com/fr/prix-de-la-rhinoplastie-a-ultrasons/,1,233
https://clinicabelba.com/fr/rhinoplastie-homme-avant-et-apres-ameliore/,1,280
https://clinicabelba.com/it/minilifting-facciale-prezzo/,1,9
https://clinicabelba.com/ru/%D0%BB%D0%B8%D1%84%D1%82%D0%B8%D0%BD%D0%B3-%D0%BB%D0%B8%D1%86%D0%B0-%D0%B1%D0%B0%D1%80%D1%81%D0%B5%D0%BB%D0%BE%D0%BD%D0%B0/,1,24
https://clinicabelba.com/fr/avis-dr-felix-chavarria-2/,1,13
https://clinicabelba.com/nl/rinoplastiek-voor-en-na/,1,23
https://clinicabelba.com/en/pezones-invertidos-correccion/,1,935
https://clinicabelba.com/fr/opiniones-reales-dr-felix-chavarria/,1,1
https://clinicabelba.com/fr/gynecomastie-avant-et-apres/,1,23
https://clinicabelba.com/it/la-lipovaser-e-una-tecnica-di-liposuzione-assistita-da-ultrasuoni-che-utilizza-onde-ultrasoniche-per-sciogliere-il-grasso-prima-della-sua-rimozione/,1,106
https://clinicabelba.com/resenas-y-testimonios-del-dr-felix-chavarria/,1,1
https://clinicabelba.com/uk/%D1%80%D0%B8%D0%BD%D0%BE%D0%BF%D0%BB%D0%B0%D1%81%D1%82%D0%B8%D0%BA%D0%B0-%D1%83-%D1%87%D0%BE%D0%BB%D0%BE%D0%B2%D1%96%D0%BA%D1%96%D0%B2-%D0%B4%D0%BE-%D1%96-%D0%BF%D1%96%D1%81%D0%BB/,1,26
https://clinicabelba.com/uk/%D1%86%D1%96%D0%BD%D0%B0-%D1%83%D0%BB%D1%8C%D1%82%D1%80%D0%B0%D0%B7%D0%B2%D1%83%D0%BA%D0%BE%D0%B2%D0%BE%D1%97-%D1%80%D0%B8%D0%BD%D0%BE%D0%BF%D0%BB%D0%B0%D1%81%D1%82%D0%B8%D0%BA%D0%B8/,1,2
https://clinicabelba.com/en/reviews-and-testimonials-of-dr-felix-chavarria/,1,7
https://clinicabelba.com/uk/cicatriz-cesarea-correccion/,1,252
https://clinicabelba.com/en/dr-chavarria-reviews-2/,1,5
https://clinicabelba.com/en/author/webbelba/page/3/,1,3
https://clinicabelba.com/nl/positieve-ervaringen-dr-chavarria/,1,1
https://clinicabelba.com/monte-de-venus-abultado/#elementor-toc__heading-anchor-10,0,14424
https://clinicabelba.com/monte-de-venus-abultado/#elementor-toc__heading-anchor-17,0,12676
https://clinicabelba.com/monte-de-venus-abultado/#elementor-toc__heading-anchor-2,0,14235
https://clinicabelba.com/monte-de-venus-abultado/#elementor-toc__heading-anchor-23,0,14311
https://clinicabelba.com/opiniones-dr-felix-chavarria-2/,0,29
https://clinicabelba.com/page/2/?jkit-ajax-request=jkit_elements,0,28
https://clinicabelba.com/precio-abdominoplastia/,0,122
https://clinicabelba.com/precio-blefaroplastia/#elementor-toc__heading-anchor-1,0,3475
https://clinicabelba.com/precio-blefaroplastia/#elementor-toc__heading-anchor-11,0,3130
https://clinicabelba.com/precio-blefaroplastia/#elementor-toc__heading-anchor-12,0,2679
https://clinicabelba.com/precio-blefaroplastia/#elementor-toc__heading-anchor-14,0,778
https://clinicabelba.com/precio-blefaroplastia/#elementor-toc__heading-anchor-6,0,848
https://clinicabelba.com/precio-liposuccion-espana/#elementor-toc__heading-anchor-1,0,21273
https://clinicabelba.com/precio-liposuccion-espana/#elementor-toc__heading-anchor-12,0,612
https://clinicabelba.com/precio-liposuccion-espana/#elementor-toc__heading-anchor-13,0,813
https://clinicabelba.com/precio-liposuccion-espana/#elementor-toc__heading-anchor-14,0,17440
https://clinicabelba.com/precio-liposuccion-espana/#elementor-toc__heading-anchor-15,0,528
https://clinicabelba.com/precio-liposuccion-espana/#elementor-toc__heading-anchor-8,0,736
https://clinicabelba.com/presupuesto/,0,124
https://clinicabelba.com/quitar-costillas-flotantes/#elementor-toc__heading-anchor-1,0,12126
https://clinicabelba.com/quitar-costillas-flotantes/#elementor-toc__heading-anchor-2,0,12663
https://clinicabelba.com/quitar-costillas-flotantes/#elementor-toc__heading-anchor-4,0,12972
https://clinicabelba.com/quitar-costillas-flotantes/#elementor-toc__heading-anchor-7,0,12101
https://clinicabelba.com/quitar-costillas-flotantes/#elementor-toc__heading-anchor-8,0,13289
https://clinicabelba.com/recuperacion-blefaroplastia/#elementor-toc__heading-anchor-1,0,81
https://clinicabelba.com/recuperacion-blefaroplastia/#elementor-toc__heading-anchor-12,0,232
https://clinicabelba.com/recuperacion-blefaroplastia/#elementor-toc__heading-anchor-15,0,298
https://clinicabelba.com/recuperacion-blefaroplastia/#elementor-toc__heading-anchor-18,0,268
https://clinicabelba.com/recuperacion-blefaroplastia/#elementor-toc__heading-anchor-5,0,286
https://clinicabelba.com/recuperacion-blefaroplastia/#elementor-toc__heading-anchor-9,0,318
https://clinicabelba.com/rinomodelacion-cuanto-dura/#elementor-toc__heading-anchor-0,0,12022
https://clinicabelba.com/rinomodelacion-cuanto-dura/#elementor-toc__heading-anchor-12,0,1716
https://clinicabelba.com/rinomodelacion-cuanto-dura/#elementor-toc__heading-anchor-15,0,1754
https://clinicabelba.com/rinomodelacion-cuanto-dura/#elementor-toc__heading-anchor-2,0,1910
https://clinicabelba.com/rinomodelacion-cuanto-dura/#elementor-toc__heading-anchor-7,0,1710
https://clinicabelba.com/rinomodelacion-cuanto-dura/#elementor-toc__heading-anchor-9,0,1706
https://clinicabelba.com/siti-scommesse-non-aams-sicuri-guida-app-e-mobile/,0,1
https://clinicabelba.com/testimonios-chavarria/,0,60
https://clinicabelba.com/tipos-protesis-pecho-redondas-anatomicas/,0,241
https://clinicabelba.com/wp-content/uploads/2025/12/Cv-Dr.-Felix-Chavarria.pdf,0,36
https://clinicabelba.com/cuanto-vale-aumento-pecho-espana/#elementor-toc__heading-anchor-13,0,13960
https://clinicabelba.com/cuanto-vale-aumento-pecho-espana/#elementor-toc__heading-anchor-14,0,1553
https://clinicabelba.com/cuanto-vale-aumento-pecho-espana/#elementor-toc__heading-anchor-15,0,9700
https://clinicabelba.com/cuanto-vale-aumento-pecho-espana/#elementor-toc__heading-anchor-5,0,14328
https://clinicabelba.com/dr-dewever-plastic-surgery/thank-you/,0,3
https://clinicabelba.com/en/?jkit-ajax-request=jkit_elements,0,5
https://clinicabelba.com/en/abdominoplastia-precio/,0,71
https://clinicabelba.com/en/aumento-de-pecho-nuevo/,0,7
https://clinicabelba.com/en/aumento-pecho-barcelona-elegir-cirujano/,0,2
https://clinicabelba.com/en/cirugia-de-la-mama/,0,48
https://clinicabelba.com/en/cirujano-plastico/nosotros/,0,1
https://clinicabelba.com/en/cuanto-duran-protesis-pecho/,0,13
https://clinicabelba.com/en/drdeweverplasticsurgery/,0,27
https://clinicabelba.com/en/guia-del-paciente/,0,65
https://clinicabelba.com/en/liposuccion-barcelona/,0,295
https://clinicabelba.com/en/lipovaser-vs-liposuccion/,0,18
https://clinicabelba.com/en/mentoplastia-barcelona/,0,44
https://clinicabelba.com/en/monte-de-venus-abultado/,0,46
https://clinicabelba.com/en/otoplastia-new-2/,0,2
https://clinicabelba.com/en/prosthesis-replacement/,0,151
https://clinicabelba.com/en/rhinoplasty-before-and-after/,0,115
https://clinicabelba.com/fr/como-eliminar-grasa-abdominal/,0,3
https://clinicabelba.com/fr/cuanto-duran-protesis-pecho/,0,3
https://clinicabelba.com/fr/cuanto-vale-aumento-pecho-espana/,0,45
https://clinicabelba.com/fr/lifting-facial-barcelona/,0,4
https://clinicabelba.com/fr/liposuccion-vaser/,0,13
https://clinicabelba.com/fr/quitarse-costillas-flotantes-mito-o-realidad/,0,87
https://clinicabelba.com/fr/recuperacion-aumento-pecho-tiempos-cuidados-evolucion/,0,7
https://clinicabelba.com/lifting-denise-richards/#elementor-toc__heading-anchor-0,0,103
https://clinicabelba.com/lifting-denise-richards/#elementor-toc__heading-anchor-2,0,101
https://clinicabelba.com/lifting-denise-richards/#elementor-toc__heading-anchor-4,0,107
https://clinicabelba.com/lifting-denise-richards/#elementor-toc__heading-anchor-5,0,102
https://clinicabelba.com/lifting-denise-richards/#elementor-toc__heading-anchor-6,0,102
https://clinicabelba.com/aumento-de-pecho-nuevo/,0,2
https://clinicabelba.com/aumento-pecho-150cc/#elementor-toc__heading-anchor-0,0,334
https://clinicabelba.com/aumento-pecho-150cc/#elementor-toc__heading-anchor-1,0,345
https://clinicabelba.com/aumento-pecho-150cc/#elementor-toc__heading-anchor-10,0,362
https://clinicabelba.com/aumento-pecho-150cc/#elementor-toc__heading-anchor-11,0,60
https://clinicabelba.com/aumento-pecho-150cc/#elementor-toc__heading-anchor-2,0,361
https://clinicabelba.com/aumento-pecho-150cc/#elementor-toc__heading-anchor-3,0,362
https://clinicabelba.com/aumento-pecho-150cc/#elementor-toc__heading-anchor-9,0,363
https://clinicabelba.com/ca/abdominoplastia-barcelona/,0,284
https://clinicabelba.com/ca/abdominoplastia-precio/,0,170
https://clinicabelba.com/ca/augment-de-pit-tecnica-brst/,0,44
https://clinicabelba.com/ca/blefaroplastia-abans-i-despres/,0,22
https://clinicabelba.com/ca/cirujano-plastico/dr-felix-chavarria/,0,14
https://clinicabelba.com/ca/cuando-hacer-ejercicio-despues-aumento-pecho/,0,3
https://clinicabelba.com/ca/liposuccio-d-alta-definicio/,0,39
https://clinicabelba.com/ca/liposuccion-de-monte-de-venus/,0,171
https://clinicabelba.com/ca/mentoplastia-barcelona/,0,31
https://clinicabelba.com/ca/mini-lifting-facial-barcelona/,0,49
https://clinicabelba.com/ca/que-es-un-bbl-brazilian-butt-lift/,0,414
https://clinicabelba.com/ca/quitarse-costillas-flotantes-mito-o-realidad/,0,14
https://clinicabelba.com/ca/recambio-de-protesis/,0,7
https://clinicabelba.com/ca/ribxcar-vs-tecnica-tradicional-cual-es-mejor/,0,6
https://clinicabelba.com/ca/rinoplastia-ultrasonica-precio/,0,66
https://clinicabelba.com/comentarios-dr-felix-chavarria-de-pacientes/,0,4
https://clinicabelba.com/como-conseguir-aumento-pecho-natural-opciones-resultados/#elementor-toc__heading-anchor-0,0,2069
https://clinicabelba.com/como-conseguir-aumento-pecho-natural-opciones-resultados/#elementor-toc__heading-anchor-1,0,342
https://clinicabelba.com/como-conseguir-aumento-pecho-natural-opciones-resultados/#elementor-toc__heading-anchor-10,0,280
https://clinicabelba.com/como-conseguir-aumento-pecho-natural-opciones-resultados/#elementor-toc__heading-anchor-14,0,274
https://clinicabelba.com/como-conseguir-aumento-pecho-natural-opciones-resultados/#elementor-toc__heading-anchor-3,0,1820
https://clinicabelba.com/como-conseguir-aumento-pecho-natural-opciones-resultados/#elementor-toc__heading-anchor-6,0,272
https://clinicabelba.com/politica-de-privacidad/,0,16
https://clinicabelba.com/recuperacion-blefaroplastia/#elementor-toc__heading-anchor-6,0,265
https://clinicabelba.com/en/cintura-de-avispa-que-es-y-como-tenerla/,0,32
https://clinicabelba.com/en/dermolipectomia-de-brazos-o-muslos-lifting-braquial-crural/,0,1
https://clinicabelba.com/en/postoperatorio-lifting-facial-semana-a-semana/,0,35
https://clinicabelba.com/en/recuperacion-liposuccion-semana-a-semana/,0,166
https://clinicabelba.com/fr/ribxcar-vs-tecnica-tradicional-cual-es-mejor/,0,2
https://clinicabelba.com/fr/tipos-lifting-facial-corporal/,0,4
https://clinicabelba.com/ca/abdominoplastia-abans-i-despres/,0,4
https://clinicabelba.com/ca/contacto/,0,4
https://clinicabelba.com/ca/lipovaser-abans-i-despres/,0,138
https://clinicabelba.com/ca/rinoplastia-abans-i-despres/,0,7
https://clinicabelba.com/que-tamano-protesis-pecho-elegir-aumento-de-pecho/#elementor-toc__heading-anchor-0,0,827
https://clinicabelba.com/que-tamano-protesis-pecho-elegir-aumento-de-pecho/#elementor-toc__heading-anchor-10,0,813
https://clinicabelba.com/que-tamano-protesis-pecho-elegir-aumento-de-pecho/#elementor-toc__heading-anchor-9,0,33
https://clinicabelba.com/reviews-dr-felix-chavarria/,0,2
https://clinicabelba.com/ribxcar-vs-tecnica-tradicional-cual-es-mejor/#elementor-toc__heading-anchor-1,0,442
https://clinicabelba.com/ribxcar-vs-tecnica-tradicional-cual-es-mejor/#elementor-toc__heading-anchor-4,0,473
https://clinicabelba.com/ribxcar-vs-tecnica-tradicional-cual-es-mejor/#elementor-toc__heading-anchor-7,0,468
https://clinicabelba.com/rinomodelacion-cuanto-dura/#elementor-toc__heading-anchor-16,0,11433
https://clinicabelba.com/cuanto-duran-protesis-pecho/#elementor-toc__heading-anchor-6,0,363
https://clinicabelba.com/cuanto-duran-protesis-pecho/#elementor-toc__heading-anchor-7,0,4652
https://clinicabelba.com/en/opiniones-dr-felix-chavarria-2/,0,2
https://clinicabelba.com/fr/primera-consulta-cirugia-estetica/,0,5
https://clinicabelba.com/ca/primera-consulta-cirugia-estetica/,0,19
https://clinicabelba.com/ca/rinomodelacion-cuanto-dura/,0,12
https://clinicabelba.com/ca/valoraciones-positivas-dr-felix-chavarria/,0,1
https://clinicabelba.com/como-eliminar-grasa-abdominal/#elementor-toc__heading-anchor-0,0,1483
https://clinicabelba.com/como-eliminar-grasa-abdominal/#elementor-toc__heading-anchor-10,0,1490
https://clinicabelba.com/como-eliminar-grasa-abdominal/#elementor-toc__heading-anchor-2,0,1448
https://clinicabelba.com/como-eliminar-grasa-abdominal/#elementor-toc__heading-anchor-3,0,1322
https://clinicabelba.com/como-eliminar-grasa-abdominal/#elementor-toc__heading-anchor-6,0,1288
https://clinicabelba.com/como-eliminar-grasa-abdominal/#elementor-toc__heading-anchor-7,0,367
https://clinicabelba.com/como-eliminar-grasa-abdominal/#elementor-toc__heading-anchor-8,0,1340
https://clinicabelba.com/cuanto-duran-protesis-pecho/#elementor-toc__heading-anchor-0,0,4813
https://clinicabelba.com/cuanto-duran-protesis-pecho/#elementor-toc__heading-anchor-1,0,349
https://clinicabelba.com/cuanto-duran-protesis-pecho/#elementor-toc__heading-anchor-2,0,4694
https://clinicabelba.com/postoperatorio-lifting-facial-semana-a-semana/#elementor-toc__heading-anchor-0,0,248
https://clinicabelba.com/postoperatorio-lifting-facial-semana-a-semana/#elementor-toc__heading-anchor-1,0,230
https://clinicabelba.com/postoperatorio-lifting-facial-semana-a-semana/#elementor-toc__heading-anchor-10,0,256
https://clinicabelba.com/postoperatorio-lifting-facial-semana-a-semana/#elementor-toc__heading-anchor-7,0,241
https://clinicabelba.com/postoperatorio-lifting-facial-semana-a-semana/#elementor-toc__heading-anchor-8,0,229
https://clinicabelba.com/postoperatorio-lifting-facial-semana-a-semana/#elementor-toc__heading-anchor-9,0,232
https://clinicabelba.com/ribxcar-vs-tecnica-tradicional-cual-es-mejor/#elementor-toc__heading-anchor-9,0,471
https://clinicabelba.com/fr/aumento-hibrido-vs-implantes/,0,5
https://clinicabelba.com/abdominoplastia-recuperacion/#elementor-toc__heading-anchor-0,0,277
https://clinicabelba.com/abdominoplastia-recuperacion/#elementor-toc__heading-anchor-12,0,222
https://clinicabelba.com/abdominoplastia-recuperacion/#elementor-toc__heading-anchor-16,0,222
https://clinicabelba.com/abdominoplastia-recuperacion/#elementor-toc__heading-anchor-20,0,223
https://clinicabelba.com/abdominoplastia-recuperacion/#elementor-toc__heading-anchor-3,0,277
https://clinicabelba.com/abdominoplastia-recuperacion/#elementor-toc__heading-anchor-8,0,275
https://clinicabelba.com/ca/aumento-pecho-barcelona/,0,36
https://clinicabelba.com/ca/guia-del-paciente/,0,1
https://clinicabelba.com/ca/mommy-makeover-barcelona/,0,45
https://clinicabelba.com/como-conseguir-aumento-pecho-natural-opciones-resultados/#elementor-toc__heading-anchor-18,0,43
https://clinicabelba.com/como-conseguir-aumento-pecho-natural-opciones-resultados/#elementor-toc__heading-anchor-20,0,548
https://clinicabelba.com/como-eliminar-grasa-abdominal/#elementor-toc__heading-anchor-1,0,117
https://clinicabelba.com/como-eliminar-grasa-abdominal/#elementor-toc__heading-anchor-4,0,879
https://clinicabelba.com/como-eliminar-grasa-abdominal/#elementor-toc__heading-anchor-5,0,109
https://clinicabelba.com/como-eliminar-grasa-abdominal/#elementor-toc__heading-anchor-9,0,171
https://clinicabelba.com/precio-blefaroplastia/#elementor-toc__heading-anchor-16,0,648
https://clinicabelba.com/precio-blefaroplastia/#elementor-toc__heading-anchor-17,0,2242
https://clinicabelba.com/precio-liposuccion-espana/#elementor-toc__heading-anchor-17,0,749
https://clinicabelba.com/precio-liposuccion-espana/#elementor-toc__heading-anchor-18,0,4210
https://clinicabelba.com/cuanto-vale-aumento-pecho-espana/#elementor-toc__heading-anchor-17,0,11093
https://clinicabelba.com/cuanto-vale-aumento-pecho-espana/#elementor-toc__heading-anchor-18,0,14651
https://clinicabelba.com/cuanto-vale-aumento-pecho-espana/#elementor-toc__heading-anchor-19,0,14871
https://clinicabelba.com/en/rinomodelacion-cuanto-dura/,0,23
https://clinicabelba.com/fr/qui-nous-sommes/,0,1
https://clinicabelba.com/ca/cirugia-de-la-mama/,0,4
https://clinicabelba.com/ca/vaginoplastia/,0,175
https://clinicabelba.com/en/lipo-vaser/,0,8
https://clinicabelba.com/fr/lifting-du-cuisses/,0,1
https://clinicabelba.com/aumento-pecho-150cc/#elementor-toc__heading-anchor-12,0,363
https://clinicabelba.com/ca/vaginoplastia-cuando-se-recomienda/,0,8
https://clinicabelba.com/comentarios-chavarria/,0,47
https://clinicabelba.com/cuanto-duran-protesis-pecho/#elementor-toc__heading-anchor-11,0,330
https://clinicabelba.com/cuanto-duran-protesis-pecho/#elementor-toc__heading-anchor-13,0,4814
https://clinicabelba.com/que-tamano-protesis-pecho-elegir-aumento-de-pecho/#elementor-toc__heading-anchor-16,0,659
https://clinicabelba.com/recuperacion-blefaroplastia/#elementor-toc__heading-anchor-21,0,34
https://clinicabelba.com/en/author/webbelba/,0,67
https://clinicabelba.com/experiencias-dr-felix-chavarria-2/,0,3
https://clinicabelba.com/feedback-positivo-dr-chavarria/,0,2
https://clinicabelba.com/ca/lifting-de-cuixes/,0,21
https://clinicabelba.com/fr/cirujano-plastico/cirugia-mamaria/,0,1
https://clinicabelba.com/fr/cirujano-plastico/dr-felix-chavarria/,0,5
https://clinicabelba.com/ca/cirugia-corporal/,0,9
https://clinicabelba.com/ca/minimal-scar/,0,14
https://clinicabelba.com/wp-content/uploads/2025/12/Cv-Dr.-Mike-Dewever.pdf,0,91
https://clinicabelba.com/en/rinoplastia-hombre-antes-y-despues/,0,3
https://clinicabelba.com/feedback-dr-felix-chavarria/,0,4
https://clinicabelba.com/ca/bbl-hialuronico-o-protesis-gluteo-cual-elegir/,0,173
https://clinicabelba.com/ca/rinoplastia-hombre-antes-y-despues/,0,44
https://clinicabelba.com/comentarios-y-feedback-dr-felix-chavarria/,0,2
https://clinicabelba.com/como-conseguir-aumento-pecho-natural-opciones-resultados/#elementor-toc__heading-anchor-19,0,4
https://clinicabelba.com/en/bbl-hialuronico-o-protesis-gluteo-cual-elegir/,0,7
https://clinicabelba.com/fr/precio-abdominoplastia/,0,65
https://clinicabelba.com/valoraciones-dr-chavarria/,0,6
https://clinicabelba.com/en/vaginoplastia-cuando-se-recomienda/,0,3
https://clinicabelba.com/ca/?jkit-ajax-request=jkit_elements,0,4
https://clinicabelba.com/page/3/?jkit-ajax-request=jkit_elements,0,16
https://clinicabelba.com/diastasis-abdominal-es-peligroso/#elementor-toc__heading-anchor-0,0,297
https://clinicabelba.com/diastasis-abdominal-es-peligroso/#elementor-toc__heading-anchor-14,0,15
https://clinicabelba.com/diastasis-abdominal-es-peligroso/#elementor-toc__heading-anchor-19,0,15
https://clinicabelba.com/diastasis-abdominal-es-peligroso/#elementor-toc__heading-anchor-23,0,15
https://clinicabelba.com/diastasis-abdominal-es-peligroso/#elementor-toc__heading-anchor-28,0,15
https://clinicabelba.com/diastasis-abdominal-es-peligroso/#elementor-toc__heading-anchor-4,0,288
https://clinicabelba.com/diastasis-abdominal-es-peligroso/#elementor-toc__heading-anchor-8,0,15
https://clinicabelba.com/ca/diastasis-abdominal-es-peligroso/#elementor-toc__heading-anchor-0,0,1
https://clinicabelba.com/ca/diastasis-abdominal-es-peligroso/#elementor-toc__heading-anchor-14,0,1
https://clinicabelba.com/ca/diastasis-abdominal-es-peligroso/#elementor-toc__heading-anchor-19,0,1
https://clinicabelba.com/ca/diastasis-abdominal-es-peligroso/#elementor-toc__heading-anchor-23,0,1
https://clinicabelba.com/ca/diastasis-abdominal-es-peligroso/#elementor-toc__heading-anchor-28,0,1
https://clinicabelba.com/ca/diastasis-abdominal-es-peligroso/#elementor-toc__heading-anchor-4,0,1
https://clinicabelba.com/ca/diastasis-abdominal-es-peligroso/#elementor-toc__heading-anchor-8,0,1
https://clinicabelba.com/en/aumento-pecho-barcelona/,0,20
https://clinicabelba.com/abdominoplastia/,0,103
https://clinicabelba.com/ca/author/webbelba/,0,18
https://clinicabelba.com/ca/recuperacion-rinoplastia-semana-a-semana/,0,11
https://clinicabelba.com/liposuccion/,0,302
https://clinicabelba.com/rinoplastia/,0,468
https://clinicabelba.com/en/reduccion-de-areola/,0,135
https://clinicabelba.com/fr/lifting-de-brazos/,0,7
https://clinicabelba.com/ca/experiencias-positivas-dr-chavarria/,0,3
https://clinicabelba.com/ca/recuperacion-liposuccion-semana-a-semana/,0,9
https://clinicabelba.com/precio-liposuccion-espana/#elementor-toc__heading-anchor-19,0,1851
https://clinicabelba.com/precio-liposuccion-espana/#elementor-toc__heading-anchor-2,0,207
https://clinicabelba.com/precio-liposuccion-espana/#elementor-toc__heading-anchor-9,0,194
https://clinicabelba.com/diastasis-abdominal-es-peligroso/#elementor-toc__heading-anchor-20,0,253
https://clinicabelba.com/diastasis-abdominal-es-peligroso/#elementor-toc__heading-anchor-24,0,144
https://clinicabelba.com/diastasis-abdominal-es-peligroso/#elementor-toc__heading-anchor-29,0,260
https://clinicabelba.com/diastasis-abdominal-es-peligroso/#elementor-toc__heading-anchor-35,0,17
https://clinicabelba.com/diastasis-abdominal-es-peligroso/#elementor-toc__heading-anchor-36,0,250
https://clinicabelba.com/diastasis-abdominal-es-peligroso/#elementor-toc__heading-anchor-9,0,267
https://clinicabelba.com/en/que-es-un-bbl-brazilian-butt-lift/#elementor-toc__heading-anchor-10,0,6
https://clinicabelba.com/en/que-es-un-bbl-brazilian-butt-lift/#elementor-toc__heading-anchor-11,0,7
https://clinicabelba.com/en/que-es-un-bbl-brazilian-butt-lift/#elementor-toc__heading-anchor-2,0,2
https://clinicabelba.com/en/que-es-un-bbl-brazilian-butt-lift/#elementor-toc__heading-anchor-5,0,5
https://clinicabelba.com/en/que-es-un-bbl-brazilian-butt-lift/#elementor-toc__heading-anchor-7,0,5
https://clinicabelba.com/en/que-es-un-bbl-brazilian-butt-lift/#elementor-toc__heading-anchor-8,0,5
https://clinicabelba.com/en/que-es-un-bbl-brazilian-butt-lift/#elementor-toc__heading-anchor-9,0,5
https://clinicabelba.com/ca/cuanto-dura-una-blefaroplastia/,0,102
https://clinicabelba.com/ca/que-es-bichectomia/,0,36
https://clinicabelba.com/en/cuanto-dura-una-blefaroplastia/,0,102
https://clinicabelba.com/en/que-es-bichectomia/,0,1017
https://clinicabelba.com/ca/lifting-facial-barcelona/,0,62
https://clinicabelba.com/precio-liposuccion-espana/#elementor-toc__heading-anchor-10,0,19357
https://clinicabelba.com/precio-liposuccion-espana/#elementor-toc__heading-anchor-20,0,6861
https://clinicabelba.com/testimonios-dr-felix-chavarria/,0,21
https://clinicabelba.com/ca/abdominoplastia/,0,245
https://clinicabelba.com/diastasis-abdominal-es-peligroso/#elementor-toc__heading-anchor-15,0,124
https://clinicabelba.com/fr/quienes-somos/,0,4
https://clinicabelba.com/en/abdominoplastia/,0,2
https://clinicabelba.com/en/diastasis-abdominal-es-peligroso/#elementor-toc__heading-anchor-0,0,2
https://clinicabelba.com/en/diastasis-abdominal-es-peligroso/#elementor-toc__heading-anchor-20,0,2
https://clinicabelba.com/en/diastasis-abdominal-es-peligroso/#elementor-toc__heading-anchor-29,0,2
https://clinicabelba.com/en/diastasis-abdominal-es-peligroso/#elementor-toc__heading-anchor-35,0,2
https://clinicabelba.com/en/diastasis-abdominal-es-peligroso/#elementor-toc__heading-anchor-36,0,2
https://clinicabelba.com/en/diastasis-abdominal-es-peligroso/#elementor-toc__heading-anchor-4,0,2
https://clinicabelba.com/en/diastasis-abdominal-es-peligroso/#elementor-toc__heading-anchor-9,0,2
https://clinicabelba.com/como-conseguir-aumento-pecho-natural-opciones-resultados/#elementor-toc__heading-anchor-12,0,1368
https://clinicabelba.com/como-conseguir-aumento-pecho-natural-opciones-resultados/#elementor-toc__heading-anchor-16,0,1351
https://clinicabelba.com/como-conseguir-aumento-pecho-natural-opciones-resultados/#elementor-toc__heading-anchor-22,0,1463
https://clinicabelba.com/como-conseguir-aumento-pecho-natural-opciones-resultados/#elementor-toc__heading-anchor-5,0,1261
https://clinicabelba.com/como-conseguir-aumento-pecho-natural-opciones-resultados/#elementor-toc__heading-anchor-8,0,1401
https://clinicabelba.com/protesis-motiva-ventajas-duracion-resultados/#elementor-toc__heading-anchor-0,0,486
https://clinicabelba.com/protesis-motiva-ventajas-duracion-resultados/#elementor-toc__heading-anchor-12,0,439
https://clinicabelba.com/protesis-motiva-ventajas-duracion-resultados/#elementor-toc__heading-anchor-14,0,468
https://clinicabelba.com/protesis-motiva-ventajas-duracion-resultados/#elementor-toc__heading-anchor-18,0,448
https://clinicabelba.com/protesis-motiva-ventajas-duracion-resultados/#elementor-toc__heading-anchor-20,0,429
https://clinicabelba.com/protesis-motiva-ventajas-duracion-resultados/#elementor-toc__heading-anchor-3,0,445
https://clinicabelba.com/protesis-motiva-ventajas-duracion-resultados/#elementor-toc__heading-anchor-7,0,430
https://clinicabelba.com/como-conseguir-aumento-pecho-natural-opciones-resultados/#elementor-toc__heading-anchor-21,0,24
https://clinicabelba.com/rinoplastia-hombre-antes-y-despues/#elementor-toc__heading-anchor-0,0,619
https://clinicabelba.com/rinoplastia-hombre-antes-y-despues/#elementor-toc__heading-anchor-11,0,1927
https://clinicabelba.com/rinoplastia-hombre-antes-y-despues/#elementor-toc__heading-anchor-3,0,849
https://clinicabelba.com/rinoplastia-hombre-antes-y-despues/#elementor-toc__heading-anchor-7,0,1543
https://clinicabelba.com/rinoplastia-hombre-antes-y-despues/#elementor-toc__heading-anchor-9,0,542
https://clinicabelba.com/recuperacion-rinoplastia-semana-a-semana/#elementor-toc__heading-anchor-0,0,16
https://clinicabelba.com/recuperacion-rinoplastia-semana-a-semana/#elementor-toc__heading-anchor-10,0,16
https://clinicabelba.com/recuperacion-rinoplastia-semana-a-semana/#elementor-toc__heading-anchor-13,0,16
https://clinicabelba.com/recuperacion-rinoplastia-semana-a-semana/#elementor-toc__heading-anchor-17,0,16
https://clinicabelba.com/recuperacion-rinoplastia-semana-a-semana/#elementor-toc__heading-anchor-3,0,16
https://clinicabelba.com/recuperacion-rinoplastia-semana-a-semana/#elementor-toc__heading-anchor-7,0,16
https://clinicabelba.com/ca/ginecomastia-antes-y-despues/,0,2
https://clinicabelba.com/valoraciones-positivas-dr-felix-chavarria/,0,2
https://clinicabelba.com/comentarios-dr-chavarria/,0,2
https://clinicabelba.com/rinomodelacion-cuanto-dura/#elementor-toc__heading-anchor-10,0,9159
https://clinicabelba.com/rinomodelacion-cuanto-dura/#elementor-toc__heading-anchor-13,0,9193
https://clinicabelba.com/rinomodelacion-cuanto-dura/#elementor-toc__heading-anchor-17,0,10043
https://clinicabelba.com/rinomodelacion-cuanto-dura/#elementor-toc__heading-anchor-3,0,9569
https://clinicabelba.com/rinomodelacion-cuanto-dura/#elementor-toc__heading-anchor-8,0,9156
https://clinicabelba.com/ca/minilifting-facial-preu/,0,39
https://clinicabelba.com/ca/que-es-bbl-brazilian-butt-lift/,0,124
https://clinicabelba.com/cirugia-de-la-mama,0,2
https://clinicabelba.com/precio-blefaroplastia/#elementor-toc__heading-anchor-10,0,1396
https://clinicabelba.com/precio-blefaroplastia/#elementor-toc__heading-anchor-13,0,1823
https://clinicabelba.com/precio-blefaroplastia/#elementor-toc__heading-anchor-15,0,1735
https://clinicabelba.com/precio-blefaroplastia/#elementor-toc__heading-anchor-18,0,1955
https://clinicabelba.com/precio-blefaroplastia/#elementor-toc__heading-anchor-2,0,3132
https://clinicabelba.com/en/braquioplastia-o-liposuccion-de-brazos/,0,93
https://clinicabelba.com/hipertrofia-labios-menores/#elementor-toc__heading-anchor-0,0,1226
https://clinicabelba.com/hipertrofia-labios-menores/#elementor-toc__heading-anchor-11,0,1221
https://clinicabelba.com/hipertrofia-labios-menores/#elementor-toc__heading-anchor-16,0,1225
https://clinicabelba.com/hipertrofia-labios-menores/#elementor-toc__heading-anchor-23,0,1355
https://clinicabelba.com/hipertrofia-labios-menores/#elementor-toc__heading-anchor-28,0,1234
https://clinicabelba.com/hipertrofia-labios-menores/#elementor-toc__heading-anchor-37,0,1208
https://clinicabelba.com/hipertrofia-labios-menores/#elementor-toc__heading-anchor-4,0,1366
https://clinicabelba.com/ca/cirujano-plastico/cirugia-facial/,0,4
https://clinicabelba.com/en/rhinoplasty-in-barcelona/,0,53
https://clinicabelba.com/hipertrofia-labios-menores/#elementor-toc__heading-anchor-33,0,21
https://clinicabelba.com/ca/augment-gluteus-barcelona/,0,70
https://clinicabelba.com/en/recuperacion-rinoplastia-semana-a-semana/#elementor-toc__heading-anchor-0,0,1
https://clinicabelba.com/en/recuperacion-rinoplastia-semana-a-semana/#elementor-toc__heading-anchor-10,0,1
https://clinicabelba.com/en/recuperacion-rinoplastia-semana-a-semana/#elementor-toc__heading-anchor-13,0,1
https://clinicabelba.com/en/recuperacion-rinoplastia-semana-a-semana/#elementor-toc__heading-anchor-17,0,1
https://clinicabelba.com/en/recuperacion-rinoplastia-semana-a-semana/#elementor-toc__heading-anchor-3,0,1
https://clinicabelba.com/en/recuperacion-rinoplastia-semana-a-semana/#elementor-toc__heading-anchor-7,0,1
https://clinicabelba.com/en/vaser-liposuction-before-and-after/,0,205
https://clinicabelba.com/politica-de-cookies/,0,1
https://clinicabelba.com/en/breast-implant-replacement/,0,11
https://clinicabelba.com/ca/liposuccion-de-alta-definicion/,0,29
https://clinicabelba.com/en/recambio-de-protesis/,0,5
https://clinicabelba.com/ca/dr-dewever-cirurgia-plastica/,0,3
https://clinicabelba.com/en/what-is-bbl-brazilian-butt-lift/#elementor-toc__heading-anchor-0,0,4
https://clinicabelba.com/en/what-is-bbl-brazilian-butt-lift/#elementor-toc__heading-anchor-11,0,4
https://clinicabelba.com/en/what-is-bbl-brazilian-butt-lift/#elementor-toc__heading-anchor-2,0,4
https://clinicabelba.com/en/what-is-bbl-brazilian-butt-lift/#elementor-toc__heading-anchor-3,0,4
https://clinicabelba.com/en/what-is-bbl-brazilian-butt-lift/#elementor-toc__heading-anchor-7,0,4
https://clinicabelba.com/en/what-is-bbl-brazilian-butt-lift/#elementor-toc__heading-anchor-8,0,4
https://clinicabelba.com/en/what-is-bbl-brazilian-butt-lift/#elementor-toc__heading-anchor-9,0,4
https://clinicabelba.com/ca/liposuccio-mont-de-venus/,0,6
https://clinicabelba.com/ca/recanvi-de-protesis/,0,5
https://clinicabelba.com/que-tamano-protesis-pecho-elegir-aumento-de-pecho/#elementor-toc__heading-anchor-17,0,469
https://clinicabelba.com/en/labios-vaginales/,0,79
https://clinicabelba.com/en/patient-guide/,0,85
https://clinicabelba.com/hipertrofia-labios-menores/#elementor-toc__heading-anchor-20,0,2
https://clinicabelba.com/ca/cuanto-vale-aumento-pecho-espana/,0,29
https://clinicabelba.com/recuperacion-liposuccion-semana-a-semana/#elementor-toc__heading-anchor-0,0,1
https://clinicabelba.com/recuperacion-liposuccion-semana-a-semana/#elementor-toc__heading-anchor-1,0,1
https://clinicabelba.com/recuperacion-liposuccion-semana-a-semana/#elementor-toc__heading-anchor-11,0,1
https://clinicabelba.com/recuperacion-liposuccion-semana-a-semana/#elementor-toc__heading-anchor-14,0,1
https://clinicabelba.com/recuperacion-liposuccion-semana-a-semana/#elementor-toc__heading-anchor-4,0,1
https://clinicabelba.com/recuperacion-liposuccion-semana-a-semana/#elementor-toc__heading-anchor-7,0,1
https://clinicabelba.com/cuanto-duran-protesis-pecho/#elementor-toc__heading-anchor-3,0,4342
https://clinicabelba.com/cuanto-duran-protesis-pecho/#elementor-toc__heading-anchor-8,0,4302
https://clinicabelba.com/dr-felix-chavarria-experiencias/,0,1
https://clinicabelba.com/en/como-conseguir-aumento-pecho-natural-opciones-resultados/,0,168
https://clinicabelba.com/en/cuanto-vale-aumento-pecho-espana/#elementor-toc__heading-anchor-0,0,17
https://clinicabelba.com/en/cuanto-vale-aumento-pecho-espana/#elementor-toc__heading-anchor-13,0,13
https://clinicabelba.com/en/cuanto-vale-aumento-pecho-espana/#elementor-toc__heading-anchor-15,0,9
https://clinicabelba.com/en/cuanto-vale-aumento-pecho-espana/#elementor-toc__heading-anchor-17,0,6
https://clinicabelba.com/en/cuanto-vale-aumento-pecho-espana/#elementor-toc__heading-anchor-18,0,15
https://clinicabelba.com/en/cuanto-vale-aumento-pecho-espana/#elementor-toc__heading-anchor-19,0,17
https://clinicabelba.com/en/cuanto-vale-aumento-pecho-espana/#elementor-toc__heading-anchor-3,0,11
https://clinicabelba.com/en/cuanto-vale-aumento-pecho-espana/#elementor-toc__heading-anchor-5,0,13
https://clinicabelba.com/en/puffy-mons-pubis/,0,32
https://clinicabelba.com/en/quienes-somos/,0,105
https://clinicabelba.com/en/venus-mound-liposuction/,0,23
https://clinicabelba.com/en/when-to-exercise-after-breast-augmentation/,0,49
https://clinicabelba.com/fr/prix-chirurgie-esthetique-barcelone/,0,98
https://clinicabelba.com/blog/3/,0,5
https://clinicabelba.com/ca/precio-blefaroplastia/#elementor-toc__heading-anchor-0,0,7
https://clinicabelba.com/ca/precio-blefaroplastia/#elementor-toc__heading-anchor-1,0,7
https://clinicabelba.com/ca/precio-blefaroplastia/#elementor-toc__heading-anchor-10,0,6
https://clinicabelba.com/ca/precio-blefaroplastia/#elementor-toc__heading-anchor-11,0,5
https://clinicabelba.com/ca/precio-blefaroplastia/#elementor-toc__heading-anchor-12,0,6
https://clinicabelba.com/ca/precio-blefaroplastia/#elementor-toc__heading-anchor-13,0,4
https://clinicabelba.com/ca/precio-blefaroplastia/#elementor-toc__heading-anchor-18,0,7
https://clinicabelba.com/ca/precio-blefaroplastia/#elementor-toc__heading-anchor-2,0,7
https://clinicabelba.com/cintura-de-avispa-que-es-y-como-tenerla/#elementor-toc__heading-anchor-1,0,26
https://clinicabelba.com/cintura-de-avispa-que-es-y-como-tenerla/#elementor-toc__heading-anchor-3,0,25
https://clinicabelba.com/cintura-de-avispa-que-es-y-como-tenerla/#elementor-toc__heading-anchor-7,0,19
https://clinicabelba.com/cuanto-duran-protesis-pecho/#elementor-toc__heading-anchor-12,0,4313
https://clinicabelba.com/nl/cirugia-intima/,0,5
https://clinicabelba.com/uk/ginecomastia-barcelona/,0,12
https://clinicabelba.com/de/aumento-pecho-preserve/,0,21
https://clinicabelba.com/en/cuanto-vale-aumento-pecho-espana/#elementor-toc__heading-anchor-14,0,2
https://clinicabelba.com/en/liposuccion/,0,29
https://clinicabelba.com/en/mini-lifting-facial-barcelona/,0,82
https://clinicabelba.com/en/ribxcar-vs-tecnica-tradicional-cual-es-mejor/,0,13
https://clinicabelba.com/en/what-size-breast-implants-to-choose-for-breast-augmentation/,0,4
https://clinicabelba.com/fr/abdominoplastia-recuperation/,0,11
https://clinicabelba.com/fr/aumento-de-gluteos-barcelona/,0,53
https://clinicabelba.com/ca/aumento-pecho-barcelona-elegir-cirujano/,0,40
https://clinicabelba.com/ca/liposuccio-dalta-definicio/,0,365
https://clinicabelba.com/ca/mont-de-venus-inflat/,0,46
https://clinicabelba.com/ca/quitar-costillas-flotantes/,0,183
https://clinicabelba.com/ca/rinoplastia-abans-despres/,0,1
https://clinicabelba.com/nl/liposuctie-barcelona/,0,43
https://clinicabelba.com/nl/otoplastia/,0,51
https://clinicabelba.com/ru/liposuccion-de-monte-de-venus/,0,14
https://clinicabelba.com/uk/aumento-de-gluteos-barcelona/,0,25
https://clinicabelba.com/de/contacto/,0,4
https://clinicabelba.com/de/liposuccion-de-monte-de-venus/,0,19
https://clinicabelba.com/de/rhinoplastik-barcelona/,0,55
https://clinicabelba.com/de/ribxcar-vs-tecnica-tradicional-cual-es-mejor/,0,2
https://clinicabelba.com/de/rinoplastia-hombre-antes-y-despues/,0,81
https://clinicabelba.com/en/aumento-pecho-preserve/,0,21
https://clinicabelba.com/en/aviso-legal/,0,5
https://clinicabelba.com/en/blefaroplastia-antes-y-despues/,0,24
https://clinicabelba.com/en/contacto/,0,18
https://clinicabelba.com/en/ginecomastia-barcelona/,0,32
https://clinicabelba.com/en/lifting-de-brazos/,0,64
https://clinicabelba.com/en/liposuccion-de-alta-definicion/,0,258
https://clinicabelba.com/en/minilifting-facial-precio/,0,16
https://clinicabelba.com/en/otoplastia/,0,191
https://clinicabelba.com/fr/aumento-pecho-barcelona-elegir-cirujano/,0,25
https://clinicabelba.com/fr/comentarios-dr-chavarria/,0,2
https://clinicabelba.com/fr/liposuccion-de-alta-definicion/,0,197
https://clinicabelba.com/fr/lipovaser-antes-y-despues/,0,3
https://clinicabelba.com/fr/remplacement-de-prothese/,0,60
https://clinicabelba.com/fr/vaut-il-la-peine-de-se-faire-operer-des-seins/,0,3
https://clinicabelba.com/it/abdominoplastia-antes-y-despues/,0,30
https://clinicabelba.com/it/aumento-de-pecho-tecnica-brst/,0,32
https://clinicabelba.com/it/blefaroplastia-antes-y-despues/,0,52
https://clinicabelba.com/it/blefaroplastica/,0,194
https://clinicabelba.com/it/chirurghi-plastici-barcellona/,0,22
https://clinicabelba.com/it/liposuccion-de-monte-de-venus/,0,39
https://clinicabelba.com/it/vaginoplastia/,0,25
https://clinicabelba.com/ca/augment-de-pit-preserve/,0,62
https://clinicabelba.com/ca/aumento-pecho-preserve/,0,3
https://clinicabelba.com/ca/comentarios-chavarria/,0,2
https://clinicabelba.com/ca/lipovaser-abans-despres/,0,19
https://clinicabelba.com/ca/minilifting-facial-precio/,0,59
https://clinicabelba.com/ca/preu-blefaroplastia/,0,58
https://clinicabelba.com/ca/valoraciones-dr-felix-chavarria/,0,2
https://clinicabelba.com/nl/blefaroplastia-antes-y-despues/,0,5
https://clinicabelba.com/nl/blefaroplastia/,0,1
https://clinicabelba.com/ru/%D0%B1%D0%BB%D0%BE%D0%B3/,0,14
https://clinicabelba.com/ru/%D1%83%D0%B2%D0%B5%D0%BB%D0%B8%D1%87%D0%B8%D1%82%D1%8C-%D0%B3%D1%80%D1%83%D0%B4%D1%8C-%D1%82%D0%B5%D1%85%D0%BD%D0%B8%D0%BA%D0%B0-brst/,0,159
https://clinicabelba.com/ru/aumento-de-gluteos-barcelona/,0,248
https://clinicabelba.com/uk/%D0%B7%D0%B1%D1%96%D0%BB%D1%8C%D1%88%D0%B5%D0%BD%D0%BD%D1%8F-%D0%B3%D1%80%D1%83%D0%B4%D0%B5%D0%B9-%D1%83-%D0%B1%D0%B0%D1%80%D1%81%D0%B5%D0%BB%D0%BE%D0%BD%D1%96/,0,13
https://clinicabelba.com/de/aumento-de-gluteos-barcelona/,0,94
https://clinicabelba.com/de/brustvergroserung-barcelona/,0,21
https://clinicabelba.com/de/cirujanos-plasticos-barcelona/,0,161
https://clinicabelba.com/de/fettabsaugung-barcelona/,0,40
https://clinicabelba.com/de/lifting-de-muslos/,0,136
https://clinicabelba.com/de/precio-liposuccion-espana/,0,13
https://clinicabelba.com/de/recambio-de-protesis/,0,14
https://clinicabelba.com/de/remodelacion-costal/,0,42
https://clinicabelba.com/de/rinoplastia-antes-y-despues/,0,290
https://clinicabelba.com/en/blefaroplastia/,0,48
https://clinicabelba.com/en/cirujanos-plasticos-barcelona/,0,203
https://clinicabelba.com/en/how-much-does-breast-augmentation-cost-in-spain/,0,63
https://clinicabelba.com/en/lifting-facial-barcelona/,0,43
https://clinicabelba.com/en/liposuccion-precio/,0,43
https://clinicabelba.com/en/rinomodelacion-cuanto-dura/#elementor-toc__heading-anchor-0,0,65
https://clinicabelba.com/en/rinomodelacion-cuanto-dura/#elementor-toc__heading-anchor-10,0,46
https://clinicabelba.com/en/rinomodelacion-cuanto-dura/#elementor-toc__heading-anchor-13,0,47
https://clinicabelba.com/en/rinomodelacion-cuanto-dura/#elementor-toc__heading-anchor-16,0,46
https://clinicabelba.com/en/rinomodelacion-cuanto-dura/#elementor-toc__heading-anchor-17,0,65
https://clinicabelba.com/en/rinomodelacion-cuanto-dura/#elementor-toc__heading-anchor-3,0,64
https://clinicabelba.com/en/rinomodelacion-cuanto-dura/#elementor-toc__heading-anchor-8,0,46
https://clinicabelba.com/en/rinoplastia-antes-y-despues/,0,22
https://clinicabelba.com/en/vaginoplastia/,0,49
https://clinicabelba.com/fr/contact/,0,31
https://clinicabelba.com/fr/prix-abdominoplastie/,0,33
https://clinicabelba.com/fr/quest-ce-que-le-brazilian-butt-lift-bbl/,0,17
https://clinicabelba.com/it/abdominoplastia-barcelona/,0,31
https://clinicabelba.com/it/aumento-seno-barcellona/,0,57
https://clinicabelba.com/it/mastoplastica-additiva-tecnica-b-r-s-t/,0,77
https://clinicabelba.com/ca/recuperacio-rinoplastia-setmana-a-setmana/,0,8
https://clinicabelba.com/ca/rinoplastia-antes-y-despues/,0,4
https://clinicabelba.com/nl/abdominoplastia-barcelona/,0,6
https://clinicabelba.com/nl/aumento-de-pecho-tecnica-brst/,0,16
https://clinicabelba.com/nl/aumento-pecho-preserve/,0,15
https://clinicabelba.com/nl/cirujanos-plasticos-barcelona/,0,17
https://clinicabelba.com/nl/vaginoplastia/,0,1
https://clinicabelba.com/protesis-motiva-ventajas-duracion-resultados/#elementor-toc__heading-anchor-19,0,28
https://clinicabelba.com/ru/%D0%BC%D0%B8%D1%84-%D0%B8%D0%BB%D0%B8-%D1%80%D0%B5%D0%B0%D0%BB%D1%8C%D0%BD%D0%BE%D1%81%D1%82%D1%8C-%D1%83%D0%B4%D0%B0%D0%BB%D0%B8%D1%82%D1%8C-%D0%BF%D0%BB%D0%B0%D0%B2%D0%B0%D1%8E%D1%89%D0%B8%D0%B5/,0,82
https://clinicabelba.com/uk/%D0%BB%D1%96%D0%BF%D0%BE%D1%81%D0%B0%D0%BA%D1%86%D1%96%D1%8F-%D0%B2-%D0%B1%D0%B0%D1%80%D1%81%D0%B5%D0%BB%D0%BE%D0%BD%D1%96/,0,5
https://clinicabelba.com/uk/%D1%80%D0%B8%D0%BD%D0%BE%D0%BF%D0%BB%D0%B0%D1%81%D1%82%D0%B8%D0%BA%D0%B0-%D0%B2-%D0%B1%D0%B0%D1%80%D1%81%D0%B5%D0%BB%D0%BE%D0%BD%D1%96/,0,8
https://clinicabelba.com/uk/contacto/,0,3
https://clinicabelba.com/de/abdominoplastia-barcelona/,0,48
https://clinicabelba.com/de/aumento-de-pecho-tecnica-brst/,0,48
https://clinicabelba.com/de/cirugia-de-la-mama/,0,25
https://clinicabelba.com/de/como-conseguir-aumento-pecho-natural-opciones-resultados/,0,44
https://clinicabelba.com/de/cuanto-duran-protesis-pecho/,0,34
https://clinicabelba.com/de/ginecomastia-precio/,0,39
https://clinicabelba.com/de/liposuccion-de-alta-definicion/,0,154
https://clinicabelba.com/de/mommy-makeover-barcelona/,0,52
https://clinicabelba.com/de/monte-de-venus-abultado/,0,19
https://clinicabelba.com/de/postoperatorio-lifting-facial-semana-a-semana/,0,5
https://clinicabelba.com/de/que-tamano-protesis-pecho-elegir-aumento-de-pecho/,0,2
https://clinicabelba.com/de/quienes-somos/,0,13
https://clinicabelba.com/en/rinoplastia-hombre-antes-y-despues/#elementor-toc__heading-anchor-0,0,1
https://clinicabelba.com/en/rinoplastia-hombre-antes-y-despues/#elementor-toc__heading-anchor-11,0,1
https://clinicabelba.com/en/rinoplastia-hombre-antes-y-despues/#elementor-toc__heading-anchor-3,0,1
https://clinicabelba.com/en/rinoplastia-hombre-antes-y-despues/#elementor-toc__heading-anchor-7,0,1
https://clinicabelba.com/en/rinoplastia-hombre-antes-y-despues/#elementor-toc__heading-anchor-9,0,1
https://clinicabelba.com/en/tipos-lifting-facial-corporal/,0,6
https://clinicabelba.com/en/vaginoplasty-is-recommended-in-several-situations-gender-affirmation-surgery-for-transgender-women-who-wish-to-align-their-physical-characteristics-with-their-gender-identity-congeni/,0,164
https://clinicabelba.com/fr/maman-tubereuse-degres-chirurgie/,0,7
https://clinicabelba.com/fr/rinoplastia-antes-y-despues/,0,3
https://clinicabelba.com/it/mejor-edad-para-aumento-pecho/,0,4
https://clinicabelba.com/ca/elevacio-de-cuixes/,0,106
https://clinicabelba.com/ca/lifting-de-muslos/,0,10
https://clinicabelba.com/ca/quant-val-un-augment-de-pit-a-espanya/,0,50
https://clinicabelba.com/ca/recuperacion-aumento-pecho-tiempos-cuidados-evolucion/,0,149
https://clinicabelba.com/ca/recuperacion-blefaroplastia/#elementor-toc__heading-anchor-0,0,1
https://clinicabelba.com/ca/recuperacion-blefaroplastia/#elementor-toc__heading-anchor-12,0,1
https://clinicabelba.com/ca/recuperacion-blefaroplastia/#elementor-toc__heading-anchor-15,0,1
https://clinicabelba.com/ca/recuperacion-blefaroplastia/#elementor-toc__heading-anchor-18,0,1
https://clinicabelba.com/ca/recuperacion-blefaroplastia/#elementor-toc__heading-anchor-5,0,1
https://clinicabelba.com/ca/recuperacion-blefaroplastia/#elementor-toc__heading-anchor-6,0,1
https://clinicabelba.com/ca/recuperacion-blefaroplastia/#elementor-toc__heading-anchor-9,0,1
https://clinicabelba.com/nl/abdominoplastia-antes-y-despues/,0,14
https://clinicabelba.com/nl/elevacion-de-mama/,0,6
https://clinicabelba.com/nl/que-es-un-bbl-brazilian-butt-lift/,0,13
https://clinicabelba.com/ru/aumento-pecho-150cc/,0,2
https://clinicabelba.com/ru/blefaroplastia-antes-y-despues/,0,7
https://clinicabelba.com/ru/como-conseguir-aumento-pecho-natural-opciones-resultados/,0,35
https://clinicabelba.com/ru/cuanto-vale-aumento-pecho-espana/#elementor-toc__heading-anchor-0,0,1
https://clinicabelba.com/ru/cuanto-vale-aumento-pecho-espana/#elementor-toc__heading-anchor-13,0,1
https://clinicabelba.com/ru/cuanto-vale-aumento-pecho-espana/#elementor-toc__heading-anchor-17,0,1
https://clinicabelba.com/ru/cuanto-vale-aumento-pecho-espana/#elementor-toc__heading-anchor-18,0,1
https://clinicabelba.com/ru/cuanto-vale-aumento-pecho-espana/#elementor-toc__heading-anchor-19,0,1
https://clinicabelba.com/ru/cuanto-vale-aumento-pecho-espana/#elementor-toc__heading-anchor-3,0,1
https://clinicabelba.com/ru/cuanto-vale-aumento-pecho-espana/#elementor-toc__heading-anchor-5,0,1
https://clinicabelba.com/ru/precio-liposuccion-espana/,0,110
https://clinicabelba.com/ru/que-tamano-protesis-pecho-elegir-aumento-de-pecho/,0,6
https://clinicabelba.com/ru/reduccion-de-mama/,0,53
https://clinicabelba.com/ru/remodelacion-costal/,0,5
https://clinicabelba.com/uk/%D0%BF%D1%96%D0%B4%D1%82%D1%8F%D0%B6%D0%BA%D0%B0-%D0%B3%D1%80%D1%83%D0%B4%D0%B5%D0%B9/,0,32
https://clinicabelba.com/uk/abdominoplastia-recuperacion/,0,16
https://clinicabelba.com/uk/aumento-de-pecho-tecnica-brst/,0,6
https://clinicabelba.com/uk/blefaroplastia-antes-y-despues/,0,8
https://clinicabelba.com/uk/cintura-de-avispa-que-es-y-como-tenerla/,0,1
https://clinicabelba.com/uk/rinoplastia-ultrasonica-ventajas-limites/,0,3
https://clinicabelba.com/de/abdominoplastia-precio/,0,1
https://clinicabelba.com/de/bauchdeckenstraffung-genesung/,0,16
https://clinicabelba.com/de/bauchdeckenstraffung/,0,3
https://clinicabelba.com/de/cintura-de-avispa-que-es-y-como-tenerla/,0,9
https://clinicabelba.com/de/gesasvergroserung-barcelona/,0,44
https://clinicabelba.com/de/ginecomastia-barcelona/,0,4
https://clinicabelba.com/de/liposuccion/,0,102
https://clinicabelba.com/de/lipovaser-vs-liposuccion/,0,9
https://clinicabelba.com/de/mentoplastia-barcelona/,0,66
https://clinicabelba.com/de/mini-lifting-facial-barcelona/,0,10
https://clinicabelba.com/de/minilifting-facial-precio/,0,34
https://clinicabelba.com/de/protesis-motiva-ventajas-duracion-resultados/,0,4
https://clinicabelba.com/de/quitar-costillas-flotantes/,0,120
https://clinicabelba.com/en/aumento-de-gluteos-barcelona/,0,15
https://clinicabelba.com/en/aumento-pecho-150cc/#elementor-toc__heading-anchor-0,0,5
https://clinicabelba.com/en/aumento-pecho-150cc/#elementor-toc__heading-anchor-1,0,4
https://clinicabelba.com/en/aumento-pecho-150cc/#elementor-toc__heading-anchor-10,0,4
https://clinicabelba.com/en/aumento-pecho-150cc/#elementor-toc__heading-anchor-12,0,5
https://clinicabelba.com/en/aumento-pecho-150cc/#elementor-toc__heading-anchor-2,0,4
https://clinicabelba.com/en/aumento-pecho-150cc/#elementor-toc__heading-anchor-3,0,4
https://clinicabelba.com/en/aumento-pecho-150cc/#elementor-toc__heading-anchor-9,0,4
https://clinicabelba.com/en/cuanto-duran-protesis-pecho/#elementor-toc__heading-anchor-0,0,4
https://clinicabelba.com/en/cuanto-duran-protesis-pecho/#elementor-toc__heading-anchor-12,0,4
https://clinicabelba.com/en/cuanto-duran-protesis-pecho/#elementor-toc__heading-anchor-13,0,4
https://clinicabelba.com/en/cuanto-duran-protesis-pecho/#elementor-toc__heading-anchor-2,0,5
https://clinicabelba.com/en/cuanto-duran-protesis-pecho/#elementor-toc__heading-anchor-3,0,5
https://clinicabelba.com/en/cuanto-duran-protesis-pecho/#elementor-toc__heading-anchor-7,0,4
https://clinicabelba.com/en/cuanto-duran-protesis-pecho/#elementor-toc__heading-anchor-8,0,4
https://clinicabelba.com/en/precio-liposuccion-espana/#elementor-toc__heading-anchor-1,0,21
https://clinicabelba.com/en/precio-liposuccion-espana/#elementor-toc__heading-anchor-20,0,14
https://clinicabelba.com/en/precio-liposuccion-espana/#elementor-toc__heading-anchor-21,0,27
https://clinicabelba.com/en/quitar-costillas-flotantes/#elementor-toc__heading-anchor-0,0,30
https://clinicabelba.com/en/quitar-costillas-flotantes/#elementor-toc__heading-anchor-1,0,30
https://clinicabelba.com/en/quitar-costillas-flotantes/#elementor-toc__heading-anchor-2,0,33
https://clinicabelba.com/en/quitar-costillas-flotantes/#elementor-toc__heading-anchor-4,0,32
https://clinicabelba.com/en/quitar-costillas-flotantes/#elementor-toc__heading-anchor-7,0,30
https://clinicabelba.com/en/quitar-costillas-flotantes/#elementor-toc__heading-anchor-8,0,35
https://clinicabelba.com/en/quitarse-costillas-flotantes-mito-o-realidad/,0,40
https://clinicabelba.com/en/wasp-waist-what-it-is-and-how-to-get-it/,0,6
https://clinicabelba.com/fr/bbl-a-lacide-hyaluronique-ou-protheses-fessieres-lequel-choisir/,0,20
https://clinicabelba.com/fr/maman-relooking-barcelone/,0,34
https://clinicabelba.com/fr/precio-liposuccion-espana/,0,18
https://clinicabelba.com/fr/rhinoplastie-homme-avant-et-apres/,0,3
https://clinicabelba.com/it/abdominoplastia-recuperacion/,0,9
https://clinicabelba.com/it/aumento-di-glutei-barcellona/,0,80
https://clinicabelba.com/it/cintura-da-vespa-cose-e-come-ottenerla/,0,11
https://clinicabelba.com/it/come-eliminare-il-grasso-addominale/,0,292
https://clinicabelba.com/it/cuando-hacer-ejercicio-despues-aumento-pecho/,0,4
https://clinicabelba.com/it/lifting-denise-richards/,0,11
https://clinicabelba.com/it/liposuccion-de-alta-definicion/,0,32
https://clinicabelba.com/it/mastopessi/,0,89
https://clinicabelba.com/it/recuperacion-blefaroplastia/,0,14
https://clinicabelba.com/it/remodelacion-costal/,0,55
https://clinicabelba.com/ca/liposuccion-monte-venus-precio/,0,3
https://clinicabelba.com/ca/lipovaser-vs-liposuccio/,0,10
https://clinicabelba.com/ca/opiniones-dr-felix-chavarria/,0,7
https://clinicabelba.com/ca/postoperatori-del-lifting-facial-setmana-a-setmana/,0,8
https://clinicabelba.com/ca/recuperacio-abdominoplastia/,0,206
https://clinicabelba.com/nl/cuanto-duran-protesis-pecho/,0,220
https://clinicabelba.com/nl/drdewevercirugiaplastica/,0,1
https://clinicabelba.com/nl/gynecomastie-barcelona/,0,72
https://clinicabelba.com/nl/labioplastia/,0,14
https://clinicabelba.com/nl/postoperatorio-lifting-facial-semana-a-semana/,0,7
https://clinicabelba.com/nl/precio-liposuccion-espana/,0,395
https://clinicabelba.com/nl/reduccion-de-mama/,0,16
https://clinicabelba.com/precio-aumento-pecho-barcelona/#elementor-toc__heading-anchor-1,0,376
https://clinicabelba.com/precio-aumento-pecho-barcelona/#elementor-toc__heading-anchor-10,0,378
https://clinicabelba.com/precio-aumento-pecho-barcelona/#elementor-toc__heading-anchor-3,0,417
https://clinicabelba.com/precio-aumento-pecho-barcelona/#elementor-toc__heading-anchor-8,0,377
https://clinicabelba.com/precio-aumento-pecho-barcelona/#elementor-toc__heading-anchor-9,0,411
https://clinicabelba.com/ru/%D0%BB%D0%BE%D0%B1%D1%83%D0%BB%D0%BE%D0%BF%D0%BB%D0%B0%D1%81%D1%82%D0%B8%D0%BA%D0%B0-%D0%B1%D0%B0%D1%80%D1%81%D0%B5%D0%BB%D0%BE%D0%BD%D0%B0/,0,84
https://clinicabelba.com/ru/%D1%83%D0%B4%D0%B0%D0%BB%D0%B5%D0%BD%D0%B8%D0%B5-%D0%BF%D0%BB%D0%B0%D0%B2%D0%B0%D1%8E%D1%89%D0%B8%D1%85-%D1%80%D0%B5%D0%B1%D0%B5%D1%80/,0,5
https://clinicabelba.com/ru/abdominoplastia-recuperacion/,0,4
https://clinicabelba.com/ru/cirugia-de-la-mama/,0,2
https://clinicabelba.com/ru/contacto/,0,4
https://clinicabelba.com/ru/quitar-costillas-flotantes/,0,2
https://clinicabelba.com/ru/rinomodelacion-cuanto-dura/,0,23
https://clinicabelba.com/uk/%D0%B0%D0%B1%D0%B4%D0%BE%D0%BC%D1%96%D0%BD%D0%BE%D0%BF%D0%BB%D0%B0%D1%81%D1%82%D0%B8%D0%BA%D0%B0-%D0%B4%D0%BE-%D1%96-%D0%BF%D1%96%D1%81%D0%BB%D1%8F/,0,63
https://clinicabelba.com/uk/%D0%BB%D1%96%D0%BF%D0%BE%D1%81%D0%B0%D0%BA%D1%86%D1%96%D1%8F-%D0%BB%D0%BE%D0%B1%D0%BA%D0%B0/,0,14
https://clinicabelba.com/uk/%D0%BE%D1%82%D0%BE%D0%BF%D0%BB%D0%B0%D1%81%D1%82%D0%B8%D0%BA%D0%B0/,0,5
https://clinicabelba.com/uk/%D0%BF%D0%BB%D0%B0%D1%81%D1%82%D0%B8%D1%87%D0%BD%D0%B8%D0%B9-%D1%85%D1%96%D1%80%D1%83%D1%80%D0%B3/dr-felix-chavarria/,0,1
https://clinicabelba.com/uk/%D0%BF%D1%80%D0%BE-%D0%BD%D0%B0%D1%81/,0,3
https://clinicabelba.com/uk/%D1%80%D0%B5%D0%BA%D0%BE%D0%BD%D1%81%D1%82%D1%80%D1%83%D0%BA%D1%86%D1%96%D1%8F-%D1%80%D0%B5%D0%B1%D0%B5%D1%80/,0,7
https://clinicabelba.com/uk/%D1%86%D1%96%D0%BD%D0%B0-%D0%BB%D1%96%D0%BF%D0%BE%D1%81%D0%B0%D0%BA%D1%86%D1%96%D1%97-%D0%B2-%D1%96%D1%81%D0%BF%D0%B0%D0%BD%D1%96%D1%97/,0,62
https://clinicabelba.com/uk/como-conseguir-aumento-pecho-natural-opciones-resultados/,0,10
https://clinicabelba.com/uk/drdewevercirugiaplastica/,0,1
https://clinicabelba.com/uk/quitar-costillas-flotantes/,0,4
https://clinicabelba.com/uk/remodelacion-costal/,0,6
https://clinicabelba.com/uk/rinomodelacion-cuanto-dura/,0,6
https://clinicabelba.com/de/bruststraffung/,0,53
https://clinicabelba.com/de/brustverkleinerung/,0,24
https://clinicabelba.com/de/hipertrofia-labios-menores/,0,170
https://clinicabelba.com/de/mutti-umstyling-barcelona/,0,22
https://clinicabelba.com/de/recuperacion-blefaroplastia/,0,32
https://clinicabelba.com/en/cirugia-corporal/,0,9
https://clinicabelba.com/en/mama-tuberosa-grados-cirugia/,0,10
https://clinicabelba.com/en/precio-liposuccion-espana/#elementor-toc__heading-anchor-0,0,10
https://clinicabelba.com/en/precio-liposuccion-espana/#elementor-toc__heading-anchor-10,0,14
https://clinicabelba.com/en/precio-liposuccion-espana/#elementor-toc__heading-anchor-16,0,13
https://clinicabelba.com/en/precio-liposuccion-espana/#elementor-toc__heading-anchor-18,0,6
https://clinicabelba.com/en/precio-liposuccion-espana/#elementor-toc__heading-anchor-19,0,1
https://clinicabelba.com/en/precio-liposuccion-espana/#elementor-toc__heading-anchor-3,0,20
https://clinicabelba.com/fr/drdeweverplasticsurgery/,0,16
https://clinicabelba.com/fr/drfelixchavarriacirugiaplastica/,0,12
https://clinicabelba.com/fr/prix-liposuccion-espagne/,0,24
https://clinicabelba.com/it/aumento-pecho-150cc/,0,1
https://clinicabelba.com/it/contacto/,0,13
https://clinicabelba.com/it/labioplastica/,0,223
https://clinicabelba.com/it/lifting-de-brazos/,0,44
https://clinicabelba.com/it/lifting-facial-barcelona/,0,162
https://clinicabelba.com/it/lobuloplastica-barcellona/,0,46
https://clinicabelba.com/it/prezzo-chirurgia-estetica-barcelona/,0,69
https://clinicabelba.com/it/recambio-de-protesis/,0,32
https://clinicabelba.com/it/recuperacion-aumento-pecho-tiempos-cuidados-evolucion/,0,1
https://clinicabelba.com/blog/7/,0,4
https://clinicabelba.com/ca/cirurgia-de-mama/,0,7
https://clinicabelba.com/ca/cuanto-duran-protesis-pecho/,0,17
https://clinicabelba.com/ca/quant-duren-les-protesis-de-pit/,0,27
https://clinicabelba.com/ca/rinoplastia-home-abans-i-despres/,0,6
https://clinicabelba.com/ca/treure-costelles-flotants/,0,43
https://clinicabelba.com/nl/armen-heffen/,0,34
https://clinicabelba.com/nl/blog/6/,0,8
https://clinicabelba.com/nl/borstvergroting-techniek-brst/,0,113
https://clinicabelba.com/nl/liposuccion-precio/,0,44
https://clinicabelba.com/nl/neuscorrectie/,0,28
https://clinicabelba.com/nl/quitar-costillas-flotantes/,0,8
https://clinicabelba.com/nl/recuperacion-blefaroplastia/,0,11
https://clinicabelba.com/nl/vaginoplastiek/,0,60
https://clinicabelba.com/ru/abdominoplastia-barcelona/,0,1
https://clinicabelba.com/ru/abdominoplastia/,0,29
https://clinicabelba.com/ru/braquioplastia-o-liposuccion-de-brazos/,0,35
https://clinicabelba.com/ru/cuanto-duran-protesis-pecho/,0,77
https://clinicabelba.com/ru/ginecomastia-barcelona/,0,8
https://clinicabelba.com/ru/ginecomastia-precio/,0,31
https://clinicabelba.com/ru/labios-vaginales-que-son-tipos-cuidados-y-cuando-consultar/,0,23
https://clinicabelba.com/ru/liposuccion-de-alta-definicion/,0,46
https://clinicabelba.com/ru/rinoplastia-ultrasonica-ventajas-limites/,0,48
https://clinicabelba.com/uk/%D0%B1%D0%BB%D0%BE%D0%B3/6/,0,4
https://clinicabelba.com/uk/%D0%B7%D0%B1%D1%96%D0%BB%D1%8C%D1%88%D0%B5%D0%BD%D0%BD%D1%8F-%D1%81%D1%96%D0%B4%D0%BD%D0%B8%D1%86%D1%8C-%D1%83-%D0%B1%D0%B0%D1%80%D1%81%D0%B5%D0%BB%D0%BE%D0%BD%D1%96/,0,11
https://clinicabelba.com/uk/drfelixchavarriacirugiaplastica/,0,6
https://clinicabelba.com/uk/ginecomastia-precio/,0,6
https://clinicabelba.com/uk/que-es-bichectomia/,0,359
https://clinicabelba.com/uk/ribxcar-vs-tecnica-tradicional-cual-es-mejor/,0,1
https://clinicabelba.com/uk/tipos-aumento-de-pecho/,0,29
https://clinicabelba.com/de/cirugia-intima/,0,13
https://clinicabelba.com/de/ginekomastie-barcelona/,0,140
https://clinicabelba.com/de/lobuloplastik-barcelona/,0,8
https://clinicabelba.com/de/mini-lifting-gesicht-barcelona/,0,24
https://clinicabelba.com/de/politica-de-cookies/,0,3
https://clinicabelba.com/de/recuperacion-rinoplastia-semana-a-semana/,0,8
https://clinicabelba.com/de/rinoplastia-ultrasonica-precio/,0,23
https://clinicabelba.com/de/vaginale-lippen-was-sie-sind-arten-pflege-und-wann-ein-arzt-aufgesucht-werden-sollte/,0,60
https://clinicabelba.com/en/bichectomy/,0,83
https://clinicabelba.com/en/cirugia-intima/,0,9
https://clinicabelba.com/en/comentarios-dr-chavarria/,0,1
https://clinicabelba.com/en/feedback-positivo-dr-chavarria/,0,7
https://clinicabelba.com/en/precio-liposuccion-espana/#elementor-toc__heading-anchor-14,0,11
https://clinicabelba.com/en/testimonials-dr-felix-chavarria/,0,3
https://clinicabelba.com/fr/cirugia-intima/,0,35
https://clinicabelba.com/fr/la-duree-dune-blepharoplastie-varie-en-fonction-de-la-technicite-de-lintervention-du-nombre-de-paupieres-traitees-superieure-inferieure-ou-les-deux-et-de-lexpertise-du-chirurgien-mais-general/,0,7
https://clinicabelba.com/fr/lipovaser-que-es/,0,80
https://clinicabelba.com/fr/prix-minilifting-facial/,0,32
https://clinicabelba.com/fr/rhinoplastie/,0,19
https://clinicabelba.com/it/?jkit-ajax-request=jkit_elements,0,2
https://clinicabelba.com/it/abdominoplastia-precio/,0,5
https://clinicabelba.com/it/addominoplastica-barcellona/,0,30
https://clinicabelba.com/it/bbl-hialuronico-o-protesis-gluteo-cual-elegir/,0,7
https://clinicabelba.com/it/diastasis-abdominal-es-peligroso/,0,65
https://clinicabelba.com/it/experiencias-dr-felix-chavarria-2/,0,2
https://clinicabelba.com/it/lifting-de-muslos/,0,65
https://clinicabelba.com/it/mommy-makeover-barcellona/,0,27
https://clinicabelba.com/it/precio-aumento-pecho-barcelona/,0,122
https://clinicabelba.com/it/que-es-bichectomia/,0,20
https://clinicabelba.com/it/rinoplastia-ultrasonica-precio/,0,29
https://clinicabelba.com/it/tipi-di-aumento-del-seno/,0,10
https://clinicabelba.com/ca/cirujanos-plasticos-barcelona/,0,9
https://clinicabelba.com/ca/com-aconseguir-un-augment-de-pits-natural-opcions-resultats/,0,4
https://clinicabelba.com/ca/millor-edat-per-a-augment-de-pit/,0,9
https://clinicabelba.com/ca/remodelacio-nasal-quant-dura/,0,9
https://clinicabelba.com/nl/blefaroplastiek-voor-en-na/,0,25
https://clinicabelba.com/nl/cirugia-de-la-mama/,0,21
https://clinicabelba.com/nl/como-elegir-cirujano-plastico/,0,1
https://clinicabelba.com/nl/ginecomastia-precio/,0,6
https://clinicabelba.com/nl/hipertrofia-labios-menores/,0,22
https://clinicabelba.com/nl/patienten-gids/,0,10
https://clinicabelba.com/nl/rinomodelacion-cuanto-dura/,0,3
https://clinicabelba.com/nl/tipos-lifting-facial-corporal/,0,6
https://clinicabelba.com/ru/%D0%B6%D0%B4%D1%80%D0%B4%D0%B5%D0%B2%D0%B5%D1%80%D1%85%D0%B8%D1%80%D1%83%D1%80%D0%B3%D0%B8%D1%8F%D0%BF%D0%BB%D0%B0%D1%81%D1%82%D0%B8%D1%87%D0%B5%D1%81%D0%BA%D0%B0%D1%8F/,0,11
https://clinicabelba.com/ru/%D0%BA%D1%82%D0%BE-%D0%BC%D1%8B/,0,52
https://clinicabelba.com/ru/%D0%BC%D0%B0%D0%BC%D0%BC%D0%BE%D0%BF%D0%BB%D0%B0%D1%81%D1%82%D0%B8%D0%BA%D0%B0/,0,33
https://clinicabelba.com/ru/%D1%83%D0%B2%D0%B5%D0%BB%D0%B8%D1%87%D0%B5%D0%BD%D0%B8%D0%B5-%D0%B3%D1%80%D1%83%D0%B4%D0%B8-150-%D0%BA%D1%83%D0%B1-%D1%81%D0%BC/,0,6
https://clinicabelba.com/ru/lipovaser-que-es/,0,23
https://clinicabelba.com/ru/mama-tuberosa-grados-cirugia/,0,3
https://clinicabelba.com/ru/mommy-makeover-barcelona/,0,1
https://clinicabelba.com/ru/primera-consulta-cirugia-estetica/,0,1
https://clinicabelba.com/uk/%D0%B1%D0%BB%D0%B5%D1%84%D0%B0%D1%80%D0%BE%D0%BF%D0%BB%D0%B0%D1%81%D1%82%D0%B8%D0%BA%D0%B0/,0,30
https://clinicabelba.com/uk/%D0%B3%D1%96%D0%BD%D0%B5%D0%BA%D0%BE%D0%BC%D0%B0%D1%81%D1%82%D1%96%D1%8F-%D0%B2-%D0%B1%D0%B0%D1%80%D1%81%D0%B5%D0%BB%D0%BE%D0%BD%D1%96/,0,9
https://clinicabelba.com/uk/%D0%B7%D0%B1%D1%96%D0%BB%D1%8C%D1%88%D0%B5%D0%BD%D0%BD%D1%8F-%D0%B3%D1%80%D1%83%D0%B4%D0%B5%D0%B9-%D0%B7%D0%B0-%D0%B4%D0%BE%D0%BF%D0%BE%D0%BC%D0%BE%D0%B3%D0%BE%D1%8E-%D1%82%D0%B5%D1%85%D0%BD%D1%96/,0,6
https://clinicabelba.com/uk/%D0%BF%D0%BE%D1%81%D1%96%D0%B1%D0%BD%D0%B8%D0%BA-%D0%B4%D0%BB%D1%8F-%D0%BF%D0%B0%D1%86%D1%96%D1%94%D0%BD%D1%82%D0%B0/,0,3
https://clinicabelba.com/uk/aumento-pecho-precio/,0,72
https://clinicabelba.com/uk/cuanto-duran-protesis-pecho/,0,23
https://clinicabelba.com/uk/lifting-denise-richards/,0,9
https://clinicabelba.com/uk/liposuccion-precio/,0,14
https://clinicabelba.com/uk/mommy-makeover-barcelona/,0,7
https://clinicabelba.com/uk/precio-cirugia-estetica-barcelona/,0,3
https://clinicabelba.com/uk/que-es-un-bbl-brazilian-butt-lift/,0,897
https://clinicabelba.com/uk/recuperacion-aumento-pecho-tiempos-cuidados-evolucion/,0,32
https://clinicabelba.com/uk/recuperacion-blefaroplastia/,0,15
https://clinicabelba.com/uk/reduccion-de-mama/,0,1
https://clinicabelba.com/uk/rinoplastia-ultrasonica-precio/,0,7
https://clinicabelba.com/uk/tipos-lifting-facial-corporal/,0,3
https://clinicabelba.com/de/braquioplastia-o-liposuccion-de-brazos/,0,16
https://clinicabelba.com/de/como-eliminar-grasa-abdominal/,0,13
https://clinicabelba.com/de/ginecomastia-antes-y-despues/,0,36
https://clinicabelba.com/de/ginecomastia/,0,4
https://clinicabelba.com/de/reduccion-de-mama/,0,135
https://clinicabelba.com/en/breast-augmentation-price/,0,276
https://clinicabelba.com/en/que-es-un-bbl-brazilian-butt-lift/#elementor-toc__heading-anchor-0,0,4
https://clinicabelba.com/fr/precio-blefaroplastia/,0,3
https://clinicabelba.com/fr/recuperation-liposuccion-semaine-apres-semaine/,0,4
https://clinicabelba.com/it/cirugia-de-la-mama/,0,3
https://clinicabelba.com/it/lipovaser-vs-liposuccion/,0,4
https://clinicabelba.com/it/quitar-costillas-flotantes/,0,24
https://clinicabelba.com/it/recuperacion-liposuccion-semana-a-semana/,0,1
https://clinicabelba.com/it/recuperacion-rinoplastia-semana-a-semana/,0,17
https://clinicabelba.com/blog/2/,0,1
https://clinicabelba.com/ca/bbl-amb-acid-hialuronic-o-protesis-de-glutis-quina-triar/,0,12
https://clinicabelba.com/ca/liposuccio-mont-imperi-preu/,0,67
https://clinicabelba.com/ca/precio-aumento-pecho-barcelona/#elementor-toc__heading-anchor-1,0,1
https://clinicabelba.com/ca/precio-aumento-pecho-barcelona/#elementor-toc__heading-anchor-10,0,1
https://clinicabelba.com/ca/precio-aumento-pecho-barcelona/#elementor-toc__heading-anchor-3,0,1
https://clinicabelba.com/ca/precio-aumento-pecho-barcelona/#elementor-toc__heading-anchor-8,0,1
https://clinicabelba.com/ca/precio-aumento-pecho-barcelona/#elementor-toc__heading-anchor-9,0,1
https://clinicabelba.com/ca/resenas-dr-chavarria/,0,7
https://clinicabelba.com/cuando-hacer-ejercicio-despues-aumento-pecho/#elementor-toc__heading-anchor-0,0,11
https://clinicabelba.com/cuando-hacer-ejercicio-despues-aumento-pecho/#elementor-toc__heading-anchor-1,0,12
https://clinicabelba.com/cuando-hacer-ejercicio-despues-aumento-pecho/#elementor-toc__heading-anchor-12,0,4
https://clinicabelba.com/cuando-hacer-ejercicio-despues-aumento-pecho/#elementor-toc__heading-anchor-17,0,12
https://clinicabelba.com/cuando-hacer-ejercicio-despues-aumento-pecho/#elementor-toc__heading-anchor-19,0,12
https://clinicabelba.com/cuando-hacer-ejercicio-despues-aumento-pecho/#elementor-toc__heading-anchor-2,0,12
https://clinicabelba.com/cuando-hacer-ejercicio-despues-aumento-pecho/#elementor-toc__heading-anchor-6,0,12
https://clinicabelba.com/nl/,0,69
https://clinicabelba.com/nl/?page_id=864,0,5
https://clinicabelba.com/nl/high-definition-liposuctie/,0,46
https://clinicabelba.com/nl/juridische-mededeling/,0,4
https://clinicabelba.com/nl/recuperacion-liposuccion-semana-a-semana/,0,3
https://clinicabelba.com/nl/rinoplastia-ultrasonica-precio/,0,7
https://clinicabelba.com/ru/%D0%B1%D0%BB%D0%B5%D1%84%D0%B0%D1%80%D0%BE%D0%BF%D0%BB%D0%B0%D1%81%D1%82%D0%B8%D0%BA%D0%B0-%D0%B4%D0%BE-%D0%B8-%D0%BF%D0%BE%D1%81%D0%BB%D0%B5/,0,269
https://clinicabelba.com/ru/%D0%BC%D0%B0%D0%BC%D0%BE%D1%87%D0%BA%D0%B8%D0%BD-%D0%BC%D0%B0%D0%BA%D0%B8%D1%8F%D0%B6-%D0%B1%D0%B0%D1%80%D1%81%D0%B5%D0%BB%D0%BE%D0%BD%D0%B0/,0,22
https://clinicabelba.com/ru/%D0%BF%D0%BE%D0%BB%D0%B8%D1%82%D0%B8%D0%BA%D0%B0-%D0%BA%D0%BE%D0%BD%D1%84%D0%B8%D0%B4%D0%B5%D0%BD%D1%86%D0%B8%D0%B0%D0%BB%D1%8C%D0%BD%D0%BE%D1%81%D1%82%D0%B8/,0,9
https://clinicabelba.com/ru/aumento-pecho-barcelona-elegir-cirujano/,0,23
https://clinicabelba.com/ru/bbl-hialuronico-o-protesis-gluteo-cual-elegir/,0,5
https://clinicabelba.com/ru/mentoplastia-barcelona/,0,8
https://clinicabelba.com/ru/precio-abdominoplastia/,0,29
https://clinicabelba.com/ru/recuperacion-blefaroplastia/,0,10
https://clinicabelba.com/ru/rinoplastia-ultrasonica-precio/,0,20
https://clinicabelba.com/uk/%D0%B2%D0%B8%D0%B4%D0%B8-%D0%B7%D0%B1%D1%96%D0%BB%D1%8C%D1%88%D0%B5%D0%BD%D0%BD%D1%8F-%D0%B3%D1%80%D1%83%D0%B4%D0%B5%D0%B9/,0,4
https://clinicabelba.com/uk/%D0%B7%D0%B1%D1%96%D0%BB%D1%8C%D1%88%D0%B5%D0%BD%D0%BD%D1%8F-%D0%B3%D1%80%D1%83%D0%B4%D0%B5%D0%B9-%D0%B7-%D0%B7%D0%B1%D0%B5%D1%80%D0%B5%D0%B6%D0%B5%D0%BD%D0%BD%D1%8F%D0%BC-%D1%84%D0%BE%D1%80%D0%BC/,0,10
https://clinicabelba.com/uk/%D0%B7%D0%BC%D0%B5%D0%BD%D1%88%D0%B5%D0%BD%D0%BD%D1%8F-%D0%B0%D1%80%D0%B5%D0%BE%D0%BB%D0%B8/,0,35
https://clinicabelba.com/uk/%D0%BB%D0%B0%D0%B1%D1%96%D0%BE%D0%BF%D0%BB%D0%B0%D1%81%D1%82%D0%B8%D0%BA%D0%B0/,0,5
https://clinicabelba.com/uk/bbl-hialuronico-o-protesis-gluteo-cual-elegir/,0,4
https://clinicabelba.com/uk/lobuloplastia-barcelona/,0,3
https://clinicabelba.com/uk/mejor-edad-para-aumento-pecho/,0,6
https://clinicabelba.com/uk/merece-la-pena-operarse-el-pecho/,0,11
https://clinicabelba.com/uk/postoperatorio-lifting-facial-semana-a-semana/,0,12
https://clinicabelba.com/uk/que-tamano-protesis-pecho-elegir-aumento-de-pecho/,0,5
https://clinicabelba.com/uk/rinoplastia-hombre-antes-y-despues-mejorado/,0,53
https://clinicabelba.com/uk/rinoplastia-hombre-antes-y-despues/,0,67
https://clinicabelba.com/de/aviso-legal/,0,3
https://clinicabelba.com/de/es-lohnt-sich-die-brust-zu-operieren/,0,35
https://clinicabelba.com/de/rinomodelacion-barcelona/,0,2
https://clinicabelba.com/en/labioplastia/,0,53
https://clinicabelba.com/en/liposuccion-monte-venus-precio/,0,4
https://clinicabelba.com/en/plastic-surgeon/dr-felix-chavarria/,0,3
https://clinicabelba.com/en/rhinoplasty-men-before-and-after/,0,213
https://clinicabelba.com/fr/como-conseguir-aumento-pecho-natural-opciones-resultados/,0,92
https://clinicabelba.com/fr/rinoplastia-ultrasonica-ventajas-limites/,0,98
https://clinicabelba.com/it/?page_id=874,0,8
https://clinicabelba.com/it/abdominoplastia-o-liposuccion/,0,4
https://clinicabelba.com/it/aumento-hibrido-vs-implantes/,0,4
https://clinicabelba.com/it/aumento-pecho-barcelona-elegir-cirujano/,0,2
https://clinicabelba.com/it/author/webbelba/,0,4
https://clinicabelba.com/it/chirurgia-intima/,0,82
https://clinicabelba.com/it/cirugia-corporal/,0,12
https://clinicabelba.com/it/mentoplastica-barcellona/,0,34
https://clinicabelba.com/ca/cirurgia-plastic/dr-felix-chavarria/,0,18
https://clinicabelba.com/nl/auteur/webbel/,0,5
https://clinicabelba.com/nl/bbl-hialuronico-o-protesis-gluteo-cual-elegir/,0,1
https://clinicabelba.com/nl/cirugia-corporal/,0,12
https://clinicabelba.com/nl/contact/,0,9
https://clinicabelba.com/nl/drfelixchavarriacirugiaplastica/,0,5
https://clinicabelba.com/nl/lipo-vaser/,0,3
https://clinicabelba.com/nl/mentoplastiek-barcelona/,0,18
https://clinicabelba.com/nl/plastisch-chirurg/dr-felix-chavarria/,0,7
https://clinicabelba.com/nl/rinoplastia-antes-y-despues/,0,3
https://clinicabelba.com/nl/rinoplastiek-barcelona/,0,20
https://clinicabelba.com/ru/%D0%B0%D0%B1%D0%B4%D0%BE%D0%BC%D0%B8%D0%BD%D0%BE%D0%BF%D0%BB%D0%B0%D1%81%D1%82%D0%B8%D0%BA%D0%B0/,0,82
https://clinicabelba.com/ru/%D1%86%D0%B5%D0%BD%D0%B0-%D0%B1%D0%BB%D0%B5%D1%84%D0%B0%D1%80%D0%BE%D0%BF%D0%BB%D0%B0%D1%81%D1%82%D0%B8%D0%BA%D0%B8/,0,49
https://clinicabelba.com/ru/postoperatorio-lifting-facial-semana-a-semana/,0,7
https://clinicabelba.com/ru/recambio-de-protesis/,0,2
https://clinicabelba.com/ru/recuperacion-rinoplastia-semana-a-semana/,0,1
https://clinicabelba.com/uk/%D0%B0%D0%B1%D0%B4%D0%BE%D0%BC%D1%96%D0%BD%D0%BE%D0%BF%D0%BB%D0%B0%D1%81%D1%82%D0%B8%D0%BA%D0%B0-%D0%B2-%D0%B1%D0%B0%D1%80%D1%81%D0%B5%D0%BB%D0%BE%D0%BD%D1%96/,0,12
https://clinicabelba.com/uk/%D0%B7%D0%BC%D0%B5%D0%BD%D1%88%D0%B5%D0%BD%D0%BD%D1%8F-%D0%B3%D1%80%D1%83%D0%B4%D0%B5%D0%B9/,0,10
https://clinicabelba.com/uk/%D0%BF%D0%BB%D0%B0%D1%81%D1%82%D0%B8%D1%87%D0%BD%D1%96-%D1%85%D1%96%D1%80%D1%83%D1%80%D0%B3%D0%B8-%D0%B2-%D0%B1%D0%B0%D1%80%D1%81%D0%B5%D0%BB%D0%BE%D0%BD%D1%96/,0,1
https://clinicabelba.com/uk/%D1%8F%D0%BA-%D0%BF%D0%BE%D0%B7%D0%B1%D1%83%D1%82%D0%B8%D1%81%D1%8F-%D0%B6%D0%B8%D1%80%D1%83-%D0%BD%D0%B0-%D0%B6%D0%B8%D0%B2%D0%BE%D1%82%D1%96/,0,4
https://clinicabelba.com/uk/aviso-legal/,0,2
https://clinicabelba.com/uk/cirugia-corporal/,0,7
https://clinicabelba.com/uk/lifting-facial/,0,1
https://clinicabelba.com/uk/liposuccion-de-alta-definicion/,0,1
https://clinicabelba.com/uk/rinomodelacion-barcelona/,0,2
https://clinicabelba.com/uk/rinoplastia-antes-y-despues/,0,2
https://clinicabelba.com/de/bauchdeckenstraffung-barcelona/,0,68
https://clinicabelba.com/de/brustoperation/,0,92
https://clinicabelba.com/de/brustvergroserungstechnik/,0,421
https://clinicabelba.com/de/como-elegir-cirujano-plastico/,0,2
https://clinicabelba.com/de/drdewevercirugiaplastica/,0,19
https://clinicabelba.com/de/hochdefinitions-fettabsaugung/,0,288
https://clinicabelba.com/de/precio-cirugia-estetica-barcelona/,0,14
https://clinicabelba.com/en/como-elegir-cirujano-plastico/,0,8
https://clinicabelba.com/en/reduccion-de-mama/,0,10
https://clinicabelba.com/fr/blog/5/,0,4
https://clinicabelba.com/fr/prix-abdominoplastie-2/,0,24
https://clinicabelba.com/it/avviso-legale/,0,6
https://clinicabelba.com/it/minilifting-facial-precio/,0,1
https://clinicabelba.com/it/rinoplastica/,0,131
https://clinicabelba.com/it/tipos-lifting-facial-corporal/,0,2
https://clinicabelba.com/ca/experiencias-dr-felix-chavarria-2/,0,2
https://clinicabelba.com/ca/opiniones-dr-felix-chavarria-2/,0,5
https://clinicabelba.com/ca/rinomodelacio-barcelona/,0,30
https://clinicabelba.com/nl/abdominoplastia-precio/,0,51
https://clinicabelba.com/nl/borstvergroting-prijs/,0,94
https://clinicabelba.com/nl/comentarios-y-feedback-dr-felix-chavarria/,0,4
https://clinicabelba.com/nl/merece-la-pena-operarse-el-pecho/,0,6
https://clinicabelba.com/que-es-un-bbl-brazilian-butt-lift/#elementor-toc__heading-anchor-0,0,60
https://clinicabelba.com/que-es-un-bbl-brazilian-butt-lift/#elementor-toc__heading-anchor-10,0,46
https://clinicabelba.com/que-es-un-bbl-brazilian-butt-lift/#elementor-toc__heading-anchor-11,0,218
https://clinicabelba.com/que-es-un-bbl-brazilian-butt-lift/#elementor-toc__heading-anchor-2,0,154
https://clinicabelba.com/que-es-un-bbl-brazilian-butt-lift/#elementor-toc__heading-anchor-5,0,206
https://clinicabelba.com/que-es-un-bbl-brazilian-butt-lift/#elementor-toc__heading-anchor-7,0,220
https://clinicabelba.com/que-es-un-bbl-brazilian-butt-lift/#elementor-toc__heading-anchor-8,0,218
https://clinicabelba.com/que-es-un-bbl-brazilian-butt-lift/#elementor-toc__heading-anchor-9,0,214
https://clinicabelba.com/ru/%D0%B3%D0%B8%D0%BD%D0%B5%D0%BA%D0%BE%D0%BC%D0%B0%D1%81%D1%82%D0%B8%D1%8F-%D0%B1%D0%B0%D1%80%D1%81%D0%B5%D0%BB%D0%BE%D0%BD%D0%B0/,0,60
https://clinicabelba.com/ru/%D0%B7%D0%B0%D0%BC%D0%B5%D0%BD%D0%B0-%D0%BF%D1%80%D0%BE%D1%82%D0%B5%D0%B7%D0%B0/,0,33
https://clinicabelba.com/ru/%D0%BB%D0%B8%D0%BF%D0%BE%D1%81%D0%B0%D0%BA%D1%86%D0%B8%D1%8F-%D0%BB%D0%BE%D0%B1%D0%BA%D0%B0/,0,37
https://clinicabelba.com/ru/author/webbelba/,0,4
https://clinicabelba.com/ru/ginecomastia-antes-y-despues/,0,3
https://clinicabelba.com/ru/guia-del-paciente/,0,1
https://clinicabelba.com/ru/liposuccion-monte-venus-precio/,0,2
https://clinicabelba.com/ru/lipovaser-vs-liposuccion/,0,1
https://clinicabelba.com/ru/rinoplastia-hombre-antes-y-despues/,0,15
https://clinicabelba.com/uk/%D0%BC%D1%96%D0%BD%D1%96%D0%BC%D0%B0%D0%BB%D1%8C%D0%BD%D0%B8%D0%B9-%D1%80%D1%83%D0%B1%D0%B5%D1%86%D1%8C/,0,6
https://clinicabelba.com/uk/%D1%86%D1%96%D0%BD%D0%B0-%D0%BD%D0%B0-%D0%BB%D1%96%D0%BA%D1%83%D0%B2%D0%B0%D0%BD%D0%BD%D1%8F-%D0%B3%D1%96%D0%BD%D0%B5%D0%BA%D0%BE%D0%BC%D0%B0%D1%81%D1%82%D1%96%D1%97/,0,14
https://clinicabelba.com/uk/author/webbelba/,0,8
https://clinicabelba.com/uk/cirugia-intima/,0,103
https://clinicabelba.com/uk/minimal-scar/,0,3
https://clinicabelba.com/de/author/nikolaus/,0,2
https://clinicabelba.com/de/brustvergroserung-erhalten/,0,41
https://clinicabelba.com/de/dr-felix-chavarria-plastische-chirurgie/,0,2
https://clinicabelba.com/de/minimale-narbe/,0,213
https://clinicabelba.com/de/tipos-lifting-facial-corporal/,0,1
https://clinicabelba.com/en/blefaroplastia-sin-cirugia/,0,24
https://clinicabelba.com/en/breast-surgery/,0,26
https://clinicabelba.com/en/precio-blefaroplastia/,0,11
https://clinicabelba.com/en/recuperacion-aumento-pecho-tiempos-cuidados-evolucion/,0,1
https://clinicabelba.com/en/resenas-dr-chavarria/,0,2
https://clinicabelba.com/experiencias-dr-felix-chavarria/,0,16
https://clinicabelba.com/fr/ceinture-de-guepe-quest-ce-que-cest-et-comment-lavoir/,0,2
https://clinicabelba.com/it/aumento-pecho-precio/,0,12
https://clinicabelba.com/it/blog/,0,16
https://clinicabelba.com/it/guida-del-paziente/,0,17
https://clinicabelba.com/it/liposuccion-precio/,0,126
https://clinicabelba.com/ca/blefaroplastia-sin-cirugia/,0,39
https://clinicabelba.com/nl/labiaplastiek/,0,42
https://clinicabelba.com/nl/recuperacion-rinoplastia-semana-a-semana/,0,1
https://clinicabelba.com/ru/%D0%B0%D0%B1%D0%B4%D0%BE%D0%BC%D0%B8%D0%BD%D0%BE%D0%BF%D0%BB%D0%B0%D1%81%D1%82%D0%B8%D0%BA%D0%B0-%D0%B4%D0%BE-%D0%B8-%D0%BF%D0%BE%D1%81%D0%BB%D0%B5/,0,29
https://clinicabelba.com/ru/%D0%BF%D0%BB%D0%B0%D1%81%D1%82%D0%B8%D1%87%D0%B5%D1%81%D0%BA%D0%B8%D0%B9-%D1%85%D0%B8%D1%80%D1%83%D1%80%D0%B3/dr-felix-chavarria/,0,2
https://clinicabelba.com/ru/rinomodelacion-barcelona/,0,1
https://clinicabelba.com/uk/%D0%BC%D0%B0%D0%BC%D0%B8%D0%BD%D0%B5-%D0%BE%D0%BD%D0%BE%D0%B2%D0%BB%D0%B5%D0%BD%D0%BD%D1%8F-%D1%83-%D0%B1%D0%B0%D1%80%D1%81%D0%B5%D0%BB%D0%BE%D0%BD%D1%96/,0,6
https://clinicabelba.com/uk/cirugia-de-la-mama/,0,7
https://clinicabelba.com/uk/quitarse-costillas-flotantes-mito-o-realidad/,0,5
https://clinicabelba.com/wp-content/uploads/2026/03/cv-laura-torrano-romero-esp.pdf,0,20
https://clinicabelba.com/de/cuando-hacer-ejercicio-despues-aumento-pecho/,0,2
https://clinicabelba.com/en/opinions-dr-felix-chavarria/,0,34
https://clinicabelba.com/en/protesis-motiva-ventajas-duracion-resultados/#elementor-toc__heading-anchor-0,0,1
https://clinicabelba.com/en/protesis-motiva-ventajas-duracion-resultados/#elementor-toc__heading-anchor-12,0,1
https://clinicabelba.com/en/protesis-motiva-ventajas-duracion-resultados/#elementor-toc__heading-anchor-14,0,1
https://clinicabelba.com/en/protesis-motiva-ventajas-duracion-resultados/#elementor-toc__heading-anchor-18,0,1
https://clinicabelba.com/en/protesis-motiva-ventajas-duracion-resultados/#elementor-toc__heading-anchor-20,0,1
https://clinicabelba.com/en/protesis-motiva-ventajas-duracion-resultados/#elementor-toc__heading-anchor-3,0,1
https://clinicabelba.com/en/protesis-motiva-ventajas-duracion-resultados/#elementor-toc__heading-anchor-7,0,1
https://clinicabelba.com/en/tummy-tuck/,0,10
https://clinicabelba.com/fr/liposuccion-monte-venus-precio/,0,11
https://clinicabelba.com/fr/quitar-costillas-flotantes/,0,8
https://clinicabelba.com/it/comentarios-dr-felix-chavarria-de-pacientes/,0,1
https://clinicabelba.com/it/minimal-scar/,0,4
https://clinicabelba.com/it/resenas-y-testimonios-del-dr-felix-chavarria/,0,2
https://clinicabelba.com/it/testimonios-dr-felix-chavarria-2/,0,3
https://clinicabelba.com/ca/rinoplastia/,0,23
https://clinicabelba.com/nl/auteur/webbel/pagina/2/,0,6
https://clinicabelba.com/nl/author/nicols/,0,1
https://clinicabelba.com/ru/comentarios-dr-felix-chavarria-de-pacientes/,0,3
https://clinicabelba.com/ru/lifting-facial/,0,2
https://clinicabelba.com/uk/%D0%B0%D0%B1%D0%B4%D0%BE%D0%BC%D1%96%D0%BD%D0%BE%D0%BF%D0%BB%D0%B0%D1%81%D1%82%D0%B8%D0%BA%D0%B0/,0,209
https://clinicabelba.com/de/blog/3/,0,1
https://clinicabelba.com/de/preis-schonheitsoperation-barcelona/,0,24
https://clinicabelba.com/de/rhinoplastik/,0,38
https://clinicabelba.com/en/blog/6/,0,3
https://clinicabelba.com/en/lifting-de-muslos/,0,10
https://clinicabelba.com/it/lifting-facial/,0,8
https://clinicabelba.com/it/mini-lifting-facciale-barcellona/,0,19
https://clinicabelba.com/it/precio-blefaroplastia/,0,45
https://clinicabelba.com/ca/aumento-hibrido-vs-implantes/,0,1
https://clinicabelba.com/ca/guia-del-pacient/,0,2
https://clinicabelba.com/ca/precio-abdominoplastia/,0,18
https://clinicabelba.com/nl/dr-felix-chavarria-opiniones/,0,2
https://clinicabelba.com/nl/experiencias-dr-felix-chavarria-2/,0,1
https://clinicabelba.com/nl/feedback-positivo-dr-chavarria/,0,2
https://clinicabelba.com/nl/minilifting-facial-precio/,0,14
https://clinicabelba.com/nl/quitarse-costillas-flotantes-mito-o-realidad/,0,11
https://clinicabelba.com/nl/rinomodelacion-barcelona/,0,7
https://clinicabelba.com/ru/%D0%B4%D1%80%D1%84%D0%B5%D0%BB%D0%B8%D0%BA%D1%81%D1%87%D0%B0%D0%B2%D0%B0%D1%80%D1%80%D0%B8%D0%B0%D1%86%D0%B8%D1%80%D1%83%D0%B4%D0%B6%D0%B8%D0%B0%D0%BF%D0%BB%D0%B0%D1%81%D1%82%D0%B8%D0%BA%D0%B0/,0,43
https://clinicabelba.com/ru/abdominoplastia-precio/,0,11
https://clinicabelba.com/ru/testimonios-dr-felix-chavarria/,0,4
https://clinicabelba.com/uk/%D0%B0%D0%B2%D1%82%D0%BE%D1%80/webbelba/%D1%81%D1%82%D0%BE%D1%80%D1%96%D0%BD%D0%BA%D0%B0/2/,0,11
https://clinicabelba.com/uk/%D0%B2%D0%B0%D0%B3%D1%96%D0%BD%D0%BE%D0%BF%D0%BB%D0%B0%D1%81%D1%82%D0%B8%D0%BA%D0%B0/,0,2
https://clinicabelba.com/uk/%D1%86%D1%96%D0%BD%D0%B0-%D0%BD%D0%B0-%D0%BF%D0%BB%D0%B0%D1%81%D1%82%D0%B8%D1%87%D0%BD%D1%83-%D0%BE%D0%BF%D0%B5%D1%80%D0%B0%D1%86%D1%96%D1%8E-%D0%B2-%D0%B1%D0%B0%D1%80%D1%81%D0%B5%D0%BB%D0%BE%D0%BD/,0,15
https://clinicabelba.com/uk/lifting-de-muslos/,0,2
https://clinicabelba.com/uk/testimonios-dr-felix-chavarria-2/,0,1
https://clinicabelba.com/de/blog/,0,7
https://clinicabelba.com/de/plastischer-chirurg/dr-felix-chavarria/,0,25
https://clinicabelba.com/de/rinoplastia-hombre-antes-y-despues-mejorado/,0,1
https://clinicabelba.com/en/dr-felix-chavarria-patient-reviews/,0,3
https://clinicabelba.com/fr/abdominoplastie/,0,179
https://clinicabelba.com/fr/rinoplastia-ultrasonica-precio/,0,132
https://clinicabelba.com/it/cicatrice-minima/,0,59
https://clinicabelba.com/ca/bloc/8/,0,1
https://clinicabelba.com/nl/experiencias-positivas-dr-chavarria/,0,3
https://clinicabelba.com/ru/%D0%BC%D0%B8%D0%BD%D0%B8%D0%BC%D0%B0%D0%BB%D1%8C%D0%BD%D1%8B%D0%B9-%D1%88%D1%80%D0%B0%D0%BC/,0,12
https://clinicabelba.com/ru/%D0%BF%D0%B0%D0%BC%D1%8F%D1%82%D0%BA%D0%B0-%D0%B4%D0%BB%D1%8F-%D0%BF%D0%B0%D1%86%D0%B8%D0%B5%D0%BD%D1%82%D0%B0/,0,23
https://clinicabelba.com/ru/lifting-de-muslos/,0,5
https://clinicabelba.com/uk/%D0%B1%D0%BB%D0%BE%D0%B3/,0,8
https://clinicabelba.com/uk/%D0%B7%D0%B0%D0%BC%D1%96%D0%BD%D0%B0-%D0%BF%D1%80%D0%BE%D1%82%D0%B5%D0%B7%D0%B0/,0,5
https://clinicabelba.com/uk/%D0%BF%D1%96%D0%B4%D1%82%D1%8F%D0%B6%D0%BA%D0%B0-%D1%80%D1%83%D0%BA/,0,5
https://clinicabelba.com/uk/%D1%80%D0%B8%D0%BD%D0%BE%D0%BF%D0%BB%D0%B0%D1%81%D1%82%D0%B8%D0%BA%D0%B0-%D0%B2-%D0%B1%D0%B0%D1%80%D1%81%D0%B5%D0%BB%D0%BE%D0%BD%D1%96-2/,0,5
https://clinicabelba.com/uk/lifting-de-brazos/,0,5
https://clinicabelba.com/uk/opiniones-dr-felix-chavarria-2/,0,1
https://clinicabelba.com/uk/reviews-del-dr-chavarria/,0,2
https://clinicabelba.com/uk/valoraciones-dr-felix-chavarria/,0,5
https://clinicabelba.com/de/precio-blefaroplastia/,0,75
https://clinicabelba.com/en/privacy-policy/,0,36
https://clinicabelba.com/en/rhinomodeling-barcelona/,0,140
https://clinicabelba.com/fr/ginecomastia-precio/,0,14
https://clinicabelba.com/fr/postoperatorio-lifting-facial-semana-a-semana/,0,1
https://clinicabelba.com/it/ginecomastia-precio/,0,30
https://clinicabelba.com/it/testimonianze-chavarria/,0,4
https://clinicabelba.com/ca/cirurgia-intima/,0,9
https://clinicabelba.com/nl/blog/,0,9
https://clinicabelba.com/nl/valoraciones-dr-felix-chavarria/,0,2
https://clinicabelba.com/ru/%D0%BE%D1%82%D0%B7%D1%8B%D0%B2%D1%8B-%D0%B4-%D1%80%D0%B0-%D1%87%D0%B0%D0%B2%D0%B0%D1%80%D0%B8%D0%B8/,0,67
https://clinicabelba.com/ru/dr-dewever-plastic-surgery/thank-you/,0,1
https://clinicabelba.com/ru/politica-de-cookies/,0,1
https://clinicabelba.com/testimonios-dr-felix-chavarria-2/,0,4
https://clinicabelba.com/uk/%D0%B1%D0%BB%D0%B5%D1%84%D0%B0%D1%80%D0%BE%D0%BF%D0%BB%D0%B0%D1%81%D1%82%D0%B8%D0%BA%D0%B0-%D0%B4%D0%BE-%D1%96-%D0%BF%D1%96%D1%81%D0%BB%D1%8F/,0,83
https://clinicabelba.com/uk/%D0%BB%D1%96%D0%BF%D0%BE%D1%81%D0%B0%D0%BA%D1%86%D1%96%D1%8F-%D0%B2%D0%B8%D1%81%D0%BE%D0%BA%D0%BE%D1%97-%D1%87%D1%96%D1%82%D0%BA%D0%BE%D1%81%D1%82%D1%96/,0,7
https://clinicabelba.com/uk/%D0%BC%D0%B5%D0%BD%D1%82%D0%BE%D0%BF%D0%BB%D0%B0%D1%81%D1%82%D0%B8%D0%BA%D0%B0-%D0%B2-%D0%B1%D0%B0%D1%80%D1%81%D0%B5%D0%BB%D0%BE%D0%BD%D1%96/,0,7
https://clinicabelba.com/de/rinomodelacion-cuanto-dura/,0,6
https://clinicabelba.com/de/ultraschall-rhinoplastik-vorteile-grenzen/,0,67
https://clinicabelba.com/fr/augmentation-mammaire-technique-brst/,0,65
https://clinicabelba.com/it/chirurgia-del-corpo/,0,50
https://clinicabelba.com/it/dr-chavarria-opiniones/,0,1
https://clinicabelba.com/ca/cicatritz-minima/,0,8
https://clinicabelba.com/ca/comentaris-del-dr-felix-chavarria-de-pacients/,0,2
https://clinicabelba.com/nl/borstoperatie/,0,17
https://clinicabelba.com/nl/positieve-beoordelingen-dr-felix-chavarria/,0,2
https://clinicabelba.com/page/4/?jkit-ajax-request=jkit_elements,0,11
https://clinicabelba.com/ru/%D0%BF%D0%BB%D0%B0%D1%81%D1%82%D0%B8%D1%87%D0%B5%D1%81%D0%BA%D0%B8%D0%B9-%D1%85%D0%B8%D1%80%D1%83%D1%80%D0%B3/%D0%B4%D0%BE%D0%BA%D1%82%D0%BE%D1%80-%D1%84%D0%B5%D0%BB%D0%B8%D0%BA%D1%81-%D1%87%D0%B0%D0%B2%D0%B0%D1%80%D1%80%D0%B8%D1%8F/,0,9
https://clinicabelba.com/ru/lipovaser-antes-y-despues/,0,1
https://clinicabelba.com/uk/%D0%B2%D0%B0%D1%80%D1%82%D1%96%D1%81%D1%82%D1%8C-%D0%B7%D0%B1%D1%96%D0%BB%D1%8C%D1%88%D0%B5%D0%BD%D0%BD%D1%8F-%D0%B3%D1%80%D1%83%D0%B4%D0%B5%D0%B9/,0,17
https://clinicabelba.com/uk/%D0%BA%D0%BE%D0%BC%D0%B5%D0%BD%D1%82%D0%B0%D1%80%D1%96-%D0%B4%D0%BE%D0%BA%D1%82%D0%BE%D1%80%D0%B0-%D1%87%D0%B0%D0%B2%D0%B0%D1%80%D1%80%D1%96%D1%97/,0,6
https://clinicabelba.com/uk/%D1%85%D1%96%D1%80%D1%83%D1%80%D0%B3%D1%96%D1%8F-%D0%BC%D0%BE%D0%BB%D0%BE%D1%87%D0%BD%D0%BE%D1%97-%D0%B7%D0%B0%D0%BB%D0%BE%D0%B7%D0%B8/,0,6
https://clinicabelba.com/uk/%D1%85%D1%96%D1%80%D1%83%D1%80%D0%B3%D1%96%D1%8F-%D1%96%D0%BD%D1%82%D0%B8%D0%BC%D0%BD%D0%B8%D1%85-%D0%BE%D1%80%D0%B3%D0%B0%D0%BD%D1%96%D0%B2/,0,27
https://clinicabelba.com/uk/lipovaser-%D0%B4%D0%BE-%D1%96-%D0%BF%D1%96%D1%81%D0%BB%D1%8F/,0,6
https://clinicabelba.com/uk/minilifting-facial-precio/,0,8
https://clinicabelba.com/uk/politica-de-cookies/,0,3
https://clinicabelba.com/de/resenas-y-testimonios-del-dr-felix-chavarria/,0,1
https://clinicabelba.com/de/tipos-aumento-de-pecho/,0,3
https://clinicabelba.com/en/breast-augmentation-types/,0,102
https://clinicabelba.com/en/dr-chavarria-reviews-3/,0,5
https://clinicabelba.com/fr/augmentation-mammaire-prix/,0,105
https://clinicabelba.com/it/cuanto-duran-protesis-pecho/,0,7
https://clinicabelba.com/it/dr-felix-chavarria-opiniones/,0,2
https://clinicabelba.com/it/opinioni-sul-dr-felix-chavarria/,0,1
https://clinicabelba.com/it/rinomodelacion-cuanto-dura/,0,1
https://clinicabelba.com/nl/abdominoplastiek-prijs/,0,101
https://clinicabelba.com/nl/otoplastie/,0,2
https://clinicabelba.com/que-es-un-bbl-brazilian-butt-lift/#elementor-toc__heading-anchor-3,0,163
https://clinicabelba.com/que-es-un-bbl-brazilian-butt-lift/#elementor-toc__heading-anchor-4,0,10
https://clinicabelba.com/ru/%D0%BB%D0%B8%D0%BF%D0%BE%D1%81%D0%B0%D0%BA%D1%86%D0%B8%D1%8F-%D0%BC%D0%BE%D0%BD%D1%82%D0%B5-%D0%B2%D0%B5%D0%BD%D1%83%D1%81-%D1%86%D0%B5%D0%BD%D0%B0/,0,12
https://clinicabelba.com/ru/%D0%BE%D1%82%D0%B7%D1%8B%D0%B2%D1%8B-%D0%B4%D0%BE%D0%BA%D1%82%D0%BE%D1%80-%D1%84%D0%B5%D0%BB%D0%B8%D0%BA%D1%81-%D1%87%D0%B0%D0%B2%D0%B0%D1%80%D1%80%D0%B8%D0%B0/,0,4
https://clinicabelba.com/ru/%D1%80%D0%B5%D0%B0%D0%BB%D1%8C%D0%BD%D1%8B%D0%B5-%D0%BE%D1%82%D0%B7%D1%8B%D0%B2%D1%8B-%D0%B4%D0%BE%D0%BA%D1%82%D0%BE%D1%80-%D1%84%D0%B5%D0%BB%D0%B8%D0%BA%D1%81-%D1%87%D0%B0%D0%B2%D0%B0%D1%80%D1%80/,0,2
https://clinicabelba.com/ru/dr-felix-chavarria-opiniones/,0,3
https://clinicabelba.com/uk/%D1%80%D0%B8%D0%BD%D0%BE%D0%BF%D0%BB%D0%B0%D1%81%D1%82%D0%B8%D0%BA%D0%B0/,0,133
https://clinicabelba.com/de/fettabsaugung-monte-venus-preis/,0,3
https://clinicabelba.com/de/kontakt/,0,8
https://clinicabelba.com/de/patientenleitfaden/,0,10
https://clinicabelba.com/en/facelift-mini-price/,0,14
https://clinicabelba.com/en/positive-reviews-dr-felix-chavarria/,0,4
https://clinicabelba.com/fr/lifting-facial-barcelone/,0,24
https://clinicabelba.com/fr/liposuccion-precio/,0,6
https://clinicabelba.com/it/lifting-facciale-barcellona/,0,23
https://clinicabelba.com/it/prezzo-abdominoplastica/,0,30
https://clinicabelba.com/ca/blefaroplastia-sense-cirurgia/,0,23
https://clinicabelba.com/nl/buikwandcorrectie-voor-en-na/,0,171
https://clinicabelba.com/nl/cicatriz-cesarea-correccion/,0,130
https://clinicabelba.com/nl/cookiebeleid/,0,2
https://clinicabelba.com/nl/pezones-invertidos-correccion/,0,87
https://clinicabelba.com/que-es-un-bbl-brazilian-butt-lift/#elementor-toc__heading-anchor-6,0,17
https://clinicabelba.com/ru/cicatriz-cesarea-correccion/,0,38
https://clinicabelba.com/uk/%D0%B2%D0%B0%D1%80%D1%82%D1%96%D1%81%D1%82%D1%8C-%D0%B0%D0%B1%D0%B4%D0%BE%D0%BC%D1%96%D0%BD%D0%BE%D0%BF%D0%BB%D0%B0%D1%81%D1%82%D0%B8%D0%BA%D0%B8-2/,0,568
https://clinicabelba.com/uk/%D0%B3%D1%96%D0%BD%D0%B5%D0%BA%D0%BE%D0%BC%D0%B0%D1%81%D1%82%D1%96%D1%8F-%D0%B4%D0%BE-%D1%96-%D0%BF%D1%96%D1%81%D0%BB%D1%8F/,0,31
https://clinicabelba.com/de/aumento-pecho-150cc/,0,5
https://clinicabelba.com/en/dr-felix-chavarria-experiences/,0,8
https://clinicabelba.com/en/dr-felix-chavarria-reviews-2/,0,1
https://clinicabelba.com/en/ultrasonic-rhinoplasty-price/,0,177
https://clinicabelba.com/fr/blepharoplastie-sans-chirurgie/,0,103
https://clinicabelba.com/fr/rhinoplastie-avant-et-apres/,0,30
https://clinicabelba.com/it/abdominoplastia/,0,35
https://clinicabelba.com/it/blefaroplastica-prima-e-dopo/,0,327
https://clinicabelba.com/it/cicatriz-cesarea-correccion/,0,171
https://clinicabelba.com/it/prezzo-rinoplastica-a-ultrasuoni/,0,125
https://clinicabelba.com/nl/liposuctie-monte-venus-prijs/,0,8
https://clinicabelba.com/nl/opiniones-reales-dr-felix-chavarria/,0,2
https://clinicabelba.com/nl/prijs-faciale-minilifting/,0,82
https://clinicabelba.com/ru/%D0%BA%D0%BE%D0%BD%D1%82%D0%B0%D0%BA%D1%82%D0%BE/,0,10
https://clinicabelba.com/ru/comentarios-dr-chavarria/,0,1
https://clinicabelba.com/ru/ribxcar-vs-tecnica-tradicional-cual-es-mejor/,0,2
https://clinicabelba.com/ru/valoraciones-dr-chavarria/,0,1
https://clinicabelba.com/uk/%D1%80%D0%B8%D0%BD%D0%BE%D0%BF%D0%BB%D0%B0%D1%81%D1%82%D0%B8%D0%BA%D0%B0-%D0%B4%D0%BE-%D1%96-%D0%BF%D1%96%D1%81%D0%BB%D1%8F/,0,29
https://clinicabelba.com/uk/drdewever%D0%BF%D0%BB%D0%B0%D1%81%D1%82%D0%B8%D1%87%D0%BD%D0%B0%D1%85%D1%96%D1%80%D1%83%D1%80%D0%B3%D1%96%D1%8F/,0,5
https://clinicabelba.com/uk/reviews-dr-felix-chavarria/,0,1
https://clinicabelba.com/de/impressum/,0,5
https://clinicabelba.com/de/kommentare-von-dr-chavarria/,0,3
https://clinicabelba.com/de/mentoplastik-barcelona/,0,2
https://clinicabelba.com/de/rinomodellierung-barcelona/,0,6
https://clinicabelba.com/de/ultraschall-nasenkorrektur-preis/,0,11
https://clinicabelba.com/en/author/webbelba/page/2/,0,2
https://clinicabelba.com/en/dr-chavarrias-comments/,0,4
https://clinicabelba.com/en/dr-felix-chavarria-opiniones/,0,2
https://clinicabelba.com/en/reviews-dr-felix-chavarria-2/,0,5
https://clinicabelba.com/en/valoraciones-dr-felix-chavarria/,0,3
https://clinicabelba.com/fr/avis-du-dr-felix-chavarria/,0,8
https://clinicabelba.com/fr/mini-lifting-facial-barcelone/,0,6
https://clinicabelba.com/fr/prix-liposuccion-mont-venus/,0,22
https://clinicabelba.com/fr/rinomodelacion-combien-de-temps-dure/,0,4
https://clinicabelba.com/fr/temoignages-chavarria/,0,25
https://clinicabelba.com/it/drdeweverchirurgiaplastica/,0,13
https://clinicabelba.com/it/pezones-invertidos-correccion/,0,25
https://clinicabelba.com/it/recensioni-del-dr-chavarria/,0,11
https://clinicabelba.com/it/valoraciones-dr-felix-chavarria/,0,1
https://clinicabelba.com/nl/lobuloplastiek-barcelona/,0,23
https://clinicabelba.com/nl/opiniones-dr-felix-chavarria-2/,0,1
https://clinicabelba.com/nl/rhinoplastiek-man-voor-en-na-verbeterd/,0,51
https://clinicabelba.com/ru/%D0%B0%D0%B2%D1%82%D0%BE%D1%80/%D0%B2%D0%B5%D0%B1%D0%B1%D0%B5%D0%BB%D0%B1%D0%B0/,0,16
https://clinicabelba.com/ru/%D0%B3%D0%B8%D0%BD%D0%B5%D0%BA%D0%BE%D0%BC%D0%B0%D1%81%D1%82%D0%B8%D1%8F-%D1%86%D0%B5%D0%BD%D0%B0/,0,36
https://clinicabelba.com/ru/%D0%BB%D0%B0%D0%B1%D0%B8%D0%B8-%D0%B2%D1%83%D0%BB%D1%8C%D0%B2%D1%82%D1%8B/,0,1
https://clinicabelba.com/ru/%D1%80%D0%B5%D1%86%D0%B5%D0%BD%D0%B7%D0%B8%D0%B8-%D0%B4%D0%BE%D0%BA%D1%82%D0%BE%D1%80%D0%B0-%D1%84%D0%B5%D0%BB%D0%B8%D0%BA%D1%81%D0%B0-%D1%87%D0%B0%D0%B2%D0%B0%D1%80%D1%80%D0%B8%D0%B8/,0,7
https://clinicabelba.com/ru/rinoplastia/,0,164
https://clinicabelba.com/seroma-tras-ciruga-que-es-como-prevenir/,0,1
https://clinicabelba.com/uk/%D0%B2%D1%96%D0%B4%D0%B3%D1%83%D0%BA%D0%B8-%D0%BF%D1%80%D0%BE-%D0%B4%D0%BE%D0%BA%D1%82%D0%BE%D1%80%D0%B0-%D1%84%D0%B5%D0%BB%D1%96%D0%BA%D1%81%D0%B0-%D1%87%D0%B0%D0%B2%D0%B0%D1%80%D1%80%D1%96%D0%B0/,0,2
https://clinicabelba.com/uk/%D0%BF%D1%96%D0%B4%D1%82%D1%8F%D0%B6%D0%BA%D0%B0-%D1%81%D1%82%D0%B5%D0%B3%D0%BE%D0%BD/,0,7
https://clinicabelba.com/de/datenschutzrichtlinie/,0,2
https://clinicabelba.com/de/feedback-dr-felix-chavarria/,0,2
https://clinicabelba.com/de/liposuccion-precio/,0,5
https://clinicabelba.com/de/wer-wir-sind/,0,41
https://clinicabelba.com/en/asimetria-mamaria-cuando-operar/,0,100
https://clinicabelba.com/fr/pezones-invertidos-correccion/,0,8
https://clinicabelba.com/it/chirurgo-plastico/dott-felix-chavarria/,0,9
https://clinicabelba.com/it/critiche-positive-del-dr-felix-chavarria/,0,3
https://clinicabelba.com/it/politica-di-privacy/,0,5
https://clinicabelba.com/ca/autor/webbelba/,0,16
https://clinicabelba.com/ca/critiques-positives-dr-felix-chavarria/,0,2
https://clinicabelba.com/ca/primera-consulta-cirurgia-estetica/,0,3
https://clinicabelba.com/nl/abdominoplastiek/,0,208
https://clinicabelba.com/nl/auteur/nicols/,0,2
https://clinicabelba.com/nl/echte-meningen-over-dr-felix-chavarria/,0,2
https://clinicabelba.com/nl/gynecomastie-prijs/,0,99
https://clinicabelba.com/nl/meningen-dr-felix-chavarria-2/,0,3
https://clinicabelba.com/nl/privacybeleid/,0,4
https://clinicabelba.com/nl/rinoplastiek-ultratonisch-prijs/,0,7
https://clinicabelba.com/nl/soorten-borstvergroting/,0,9
https://clinicabelba.com/ru/%D0%B1%D0%BB%D0%BE%D0%B3/3/,0,1
https://clinicabelba.com/ru/%D0%BA%D0%BE%D0%BC%D0%BC%D0%B5%D0%BD%D1%82%D0%B0%D1%80%D0%B8%D0%B8-%D0%B4-%D1%80%D0%B0-%D1%87%D0%B0%D0%B2%D0%B0%D1%80%D1%80%D0%B8%D0%B8/,0,2
https://clinicabelba.com/ru/%D1%86%D0%B5%D0%BD%D0%B0-%D1%83%D0%BB%D1%8C%D1%82%D1%80%D0%B0%D0%B7%D0%B2%D1%83%D0%BA%D0%BE%D0%B2%D0%BE%D0%B9-%D1%80%D0%B8%D0%BD%D0%BE%D0%BF%D0%BB%D0%B0%D1%81%D1%82%D0%B8%D0%BA%D0%B8/,0,16
https://clinicabelba.com/ru/valoraciones-dr-felix-chavarria/,0,3
https://clinicabelba.com/uk/pezones-invertidos-correccion/,0,52
https://clinicabelba.com/uk/resenas-y-testimonios-del-dr-felix-chavarria/,0,2
https://clinicabelba.com/de/arten-von-brustvergroserungen/,0,26
https://clinicabelba.com/de/erfahrungen-dr-felix-chavarria-2/,0,1
https://clinicabelba.com/de/ginekomastie-preis/,0,181
https://clinicabelba.com/de/kommentare-chavarria/,0,2
https://clinicabelba.com/en/positive-reviews-dr-felix-chavarria-2/,0,2
https://clinicabelba.com/fr/avis-dr-felix-chavarria-3/,0,11
https://clinicabelba.com/fr/critiques-positives-du-dr-felix-chavarria/,0,3
https://clinicabelba.com/fr/prix-de-la-gynecomastie/,0,95
https://clinicabelba.com/it/autore/bellissima/,0,7
https://clinicabelba.com/it/autore/bellissima/pagina/2/,0,5
https://clinicabelba.com/it/autore/nicols/,0,2
https://clinicabelba.com/it/mama-tuberosa-grados-cirugia/,0,5
https://clinicabelba.com/ca/experiencias-dr-felix-chavarria/,0,2
https://clinicabelba.com/ca/preu-de-la-ginecomastia/,0,56
https://clinicabelba.com/ru/%D0%BE%D1%82%D0%B7%D1%8B%D0%B2-%D0%B4%D0%BE%D0%BA%D1%82%D0%BE%D1%80-%D1%84%D0%B5%D0%BB%D0%B8%D0%BA%D1%81-%D1%87%D0%B0%D0%B2%D0%B0%D1%80%D1%80%D0%B8%D0%B0/,0,3
https://clinicabelba.com/uk/%D0%BC%D1%96%D0%BD%D1%96-%D0%BB%D1%96%D1%84%D1%82%D0%B8%D0%BD%D0%B3-%D0%BE%D0%B1%D0%BB%D0%B8%D1%87%D1%87%D1%8F-%D0%B2-%D0%B1%D0%B0%D1%80%D1%81%D0%B5%D0%BB%D0%BE%D0%BD%D1%96/,0,9
https://clinicabelba.com/uk/blefaroplastia-sin-cirugia/,0,30
https://clinicabelba.com/uk/dr-felix-chavarria-opiniones/,0,1
https://clinicabelba.com/de/dr-chavarria-opiniones/,0,3
https://clinicabelba.com/fr/blog/,0,50
https://clinicabelba.com/fr/cicatriz-cesarea-correccion/,0,4
https://clinicabelba.com/it/esperienze-dr-felix-chavarria-2/,0,1
https://clinicabelba.com/ca/comentaris-chavarria/,0,3
https://clinicabelba.com/ca/ginecomastia-precio/,0,3
https://clinicabelba.com/ca/liposuccio/,0,733
https://clinicabelba.com/ca/que-es-la-bichectomia/,0,1
https://clinicabelba.com/lipovaser-vs-liposuccion/#elementor-toc__heading-anchor-0,0,15
https://clinicabelba.com/lipovaser-vs-liposuccion/#elementor-toc__heading-anchor-10,0,14
https://clinicabelba.com/lipovaser-vs-liposuccion/#elementor-toc__heading-anchor-12,0,14
https://clinicabelba.com/lipovaser-vs-liposuccion/#elementor-toc__heading-anchor-13,0,3
https://clinicabelba.com/lipovaser-vs-liposuccion/#elementor-toc__heading-anchor-14,0,15
https://clinicabelba.com/lipovaser-vs-liposuccion/#elementor-toc__heading-anchor-2,0,14
https://clinicabelba.com/lipovaser-vs-liposuccion/#elementor-toc__heading-anchor-4,0,14
https://clinicabelba.com/uk/%D0%BF%D0%BB%D0%B0%D1%81%D1%82%D0%B8%D1%87%D0%BD%D0%B8%D0%B9-%D1%85%D1%96%D1%80%D1%83%D1%80%D0%B3/%D0%B4%D0%BE%D0%BA%D1%82%D0%BE%D1%80-%D1%84%D0%B5%D0%BB%D1%96%D0%BA%D1%81-%D1%87%D0%B0%D0%B2%D0%B0%D1%80%D1%80%D1%96%D1%8F/,0,3
https://clinicabelba.com/uk/%D1%86%D1%96%D0%BD%D0%B0-%D0%BC%D1%96%D0%BD%D1%96-%D0%BB%D1%96%D1%84%D1%82%D0%B8%D0%BD%D0%B3%D1%83-%D0%BE%D0%B1%D0%BB%D0%B8%D1%87%D1%87%D1%8F/,0,48
https://clinicabelba.com/fr/auteur/webbelba/,0,19
https://clinicabelba.com/fr/avis-reels-dr-felix-chavarria/,0,5
https://clinicabelba.com/fr/avis-sur-le-dr-chavarria/,0,5
https://clinicabelba.com/fr/evaluations-positives-du-dr-felix-chavarria/,0,2
https://clinicabelba.com/fr/experiences-du-dr-felix-chavarria/,0,10
https://clinicabelba.com/ca/valoraciones-dr-chavarria/,0,1
https://clinicabelba.com/uk/%D0%B1%D0%BB%D0%B5%D1%84%D0%B0%D1%80%D0%BE%D0%BF%D0%BB%D0%B0%D1%81%D1%82%D0%B8%D0%BA%D0%B0-%D0%B1%D0%B5%D0%B7-%D1%85%D1%96%D1%80%D1%83%D1%80%D0%B3%D1%96%D1%87%D0%BD%D0%BE%D0%B3%D0%BE-%D0%B2%D1%82/,0,48
https://clinicabelba.com/uk/%D0%B4%D0%BE%D1%81%D0%B2%D1%96%D0%B4-%D0%B4%D0%BE%D0%BA%D1%82%D0%BE%D1%80%D0%B0-%D1%84%D0%B5%D0%BB%D1%96%D0%BA%D1%81%D0%B0-%D1%87%D0%B0%D0%B2%D0%B0%D1%80%D1%80%D1%96%D0%B0/,0,2
https://clinicabelba.com/uk/%D1%89%D0%BE-%D1%82%D0%B0%D0%BA%D0%B5-lipovaser/,0,3
https://clinicabelba.com/uk/aumento-pecho-150cc/,0,3
https://clinicabelba.com/en/abdominoplastia-o-liposuccion/,0,8
https://clinicabelba.com/it/prezzo-liposuzione-monte-venus/,0,3
https://clinicabelba.com/author/webbelba/page/2/,0,4
https://clinicabelba.com/nl/asimetria-mamaria-cuando-operar/,0,43
https://clinicabelba.com/nl/liposuccion/,0,75
https://clinicabelba.com/nl/lipovaser-vs-liposuccion/,0,2
https://clinicabelba.com/nl/opiniones-dr-felix-chavarria/,0,1
https://clinicabelba.com/nl/resenas-dr-chavarria/,0,1
https://clinicabelba.com/ru/%D0%BA%D0%BE%D0%BC%D0%BC%D0%B5%D0%BD%D1%82%D0%B0%D1%80%D0%B8%D0%B8-%D0%B4%D0%BE%D0%BA%D1%82%D0%BE%D1%80%D0%B0-%D1%84%D0%B5%D0%BB%D0%B8%D0%BA%D1%81%D0%B0-%D1%87%D0%B0%D0%B2%D0%B0%D1%80%D1%80%D0%B8/,0,4
https://clinicabelba.com/ru/%D1%80%D0%B8%D0%BD%D0%BE%D0%BF%D0%BB%D0%B0%D1%81%D1%82%D0%B8%D0%BA%D0%B0/,0,405
https://clinicabelba.com/ru/liposuccion/,0,231
https://clinicabelba.com/uk/?jkit-ajax-request=jkit_elements,0,1
https://clinicabelba.com/en/chavarria-comments/,0,2
https://clinicabelba.com/fr/temoignages-du-dr-felix-chavarria-2/,0,2
https://clinicabelba.com/it/asimetria-mamaria-cuando-operar/,0,13
https://clinicabelba.com/author/seo2/,0,6
https://clinicabelba.com/ca/bloc/,0,1
https://clinicabelba.com/ca/testimonios-dr-felix-chavarria-2/,0,2
https://clinicabelba.com/ca/vaginoplastia-quan-es-recomana/,0,1
https://clinicabelba.com/criticas-positivas-dr-felix-chavarria/,0,2
https://clinicabelba.com/nl/beoordelingen-dr-felix-chavarria-2/,0,2
https://clinicabelba.com/nl/recensies-en-testimonials-van-dr-felix-chavarria/,0,1
https://clinicabelba.com/tipos-lifting-facial-corporal/#elementor-toc__heading-anchor-0,0,392
https://clinicabelba.com/tipos-lifting-facial-corporal/#elementor-toc__heading-anchor-11,0,53
https://clinicabelba.com/tipos-lifting-facial-corporal/#elementor-toc__heading-anchor-13,0,364
https://clinicabelba.com/tipos-lifting-facial-corporal/#elementor-toc__heading-anchor-14,0,380
https://clinicabelba.com/tipos-lifting-facial-corporal/#elementor-toc__heading-anchor-15,0,386
https://clinicabelba.com/tipos-lifting-facial-corporal/#elementor-toc__heading-anchor-17,0,55
https://clinicabelba.com/tipos-lifting-facial-corporal/#elementor-toc__heading-anchor-5,0,371
https://clinicabelba.com/en/dr-felix-chavarria-reviews/,0,7
https://clinicabelba.com/en/reviews-dr-chavarria/,0,1
https://clinicabelba.com/fr/liposuccion-haute-definition/,0,95
https://clinicabelba.com/it/reviews-dr-felix-chavarria/,0,1
https://clinicabelba.com/tipos-lifting-facial-corporal/#elementor-toc__heading-anchor-1,0,74
https://clinicabelba.com/tipos-lifting-facial-corporal/#elementor-toc__heading-anchor-10,0,265
https://clinicabelba.com/tipos-lifting-facial-corporal/#elementor-toc__heading-anchor-9,0,311
https://clinicabelba.com/uk/%D0%B0%D0%B2%D1%82%D0%BE%D1%80/webbelba/,0,7
https://clinicabelba.com/de/testimonios-chavarria/,0,1
https://clinicabelba.com/en/dr-felix-chavarria-reviews-3/,0,11
https://clinicabelba.com/en/positive-feedback-for-dr-chavarria/,0,7
https://clinicabelba.com/fr/auteur/webbelba/page/2/,0,2
https://clinicabelba.com/it/dott-felix-chavarria-opinioni/,0,7
https://clinicabelba.com/ca/valoracions-dr-felix-xavarria/,0,4
https://clinicabelba.com/ru/%D1%81%D0%B2%D0%B8%D0%B4%D0%B5%D1%82%D0%B5%D0%BB%D1%8C%D1%81%D1%82%D0%B2%D0%B0-%D0%B4%D0%BE%D0%BA%D1%82%D0%BE%D1%80%D0%B0-%D1%84%D0%B5%D0%BB%D0%B8%D0%BA%D1%81%D0%B0-%D1%87%D0%B0%D0%B2%D0%B0%D1%80-2/,0,11
https://clinicabelba.com/uk/%D1%80%D0%B5%D1%86%D0%B5%D0%BD%D0%B7%D1%96%D1%97-%D0%BD%D0%B0-%D0%BA%D0%BD%D0%B8%D0%B3%D0%B8-%D0%B4%D0%BE%D0%BA%D1%82%D0%BE%D1%80%D0%B0-%D1%84%D0%B5%D0%BB%D1%96%D0%BA%D1%81%D0%B0-%D1%87%D0%B0%D0%B2/,0,2
https://clinicabelba.com/uk/experiencias-positivas-dr-chavarria/,0,1
https://clinicabelba.com/de/dr-felix-chavarria-meinungen/,0,2
https://clinicabelba.com/de/echte-meinungen-dr-felix-chavarria/,0,3
https://clinicabelba.com/en/testimonials-dr-felix-chavarria-2/,0,2
https://clinicabelba.com/fr/dr-felix-chavarria-avis/,0,1
https://clinicabelba.com/fr/evaluations-du-dr-felix-chavarria/,0,2
https://clinicabelba.com/fr/experiences-du-dr-felix-chavarria-2/,0,1
https://clinicabelba.com/fr/resenas-dr-felix-chavarria/,0,1
https://clinicabelba.com/fr/testimonios-dr-felix-chavarria-2/,0,1
https://clinicabelba.com/it/pareri-reali-del-dr-felix-chavarria/,0,1
https://clinicabelba.com/ca/avis-legal/,0,5
https://clinicabelba.com/ca/dr-felix-chavarria-opinions/,0,3
https://clinicabelba.com/ca/ressenyes-dr-chavarria/,0,6
https://clinicabelba.com/nl/minimale-litteken/,0,43
https://clinicabelba.com/nl/recensies-dr-felix-chavarria/,0,1
https://clinicabelba.com/ru/pezones-invertidos-correccion/,0,54
https://clinicabelba.com/uk/%D1%86%D1%96%D0%BD%D0%B0-%D0%BB%D1%96%D0%BF%D0%BE%D1%81%D0%B0%D0%BA%D1%86%D1%96%D1%97-%D0%B3%D0%BE%D1%80%D0%B0-%D0%B2%D0%B5%D0%BD%D0%B5%D1%80%D0%B8/,0,3
https://clinicabelba.com/de/bewertungen-dr-felix-chavarria/,0,1
https://clinicabelba.com/de/bewertungen-von-dr-felix-chavarria/,0,3
https://clinicabelba.com/de/fettabsaugung/,0,2
https://clinicabelba.com/en/blog/,0,4
https://clinicabelba.com/en/dr-felix-chavarria-experiences-2/,0,13
https://clinicabelba.com/en/legal-notice/,0,50
https://clinicabelba.com/it/como-conseguir-aumento-pecho-natural-opciones-resultados/,0,14
https://clinicabelba.com/ca/lipovaser-que-es/,0,249
https://clinicabelba.com/nl/dr-felix-chavarria-meningen/,0,2
https://clinicabelba.com/ru/dr-chavarria-opiniones/,0,2
https://clinicabelba.com/uk/%D0%BB%D0%BE%D0%B1%D1%83%D0%BB%D0%BE%D0%BF%D0%BB%D0%B0%D1%81%D1%82%D0%B8%D0%BA%D0%B0-%D0%B2-%D0%B1%D0%B0%D1%80%D1%81%D0%B5%D0%BB%D0%BE%D0%BD%D1%96/,0,1
https://clinicabelba.com/uk/asimetria-mamaria-cuando-operar/,0,85
https://clinicabelba.com/fr/abdominoplastie-avant-et-apres/,0,224
https://clinicabelba.com/fr/types-deaugmentation-mammaire/,0,8
https://clinicabelba.com/ca/drfelixchavarriacirugiaplastica/,0,1
https://clinicabelba.com/ca/resenas-y-testimonios-del-dr-felix-chavarria/,0,2
https://clinicabelba.com/ca/ressenyes-dr-felix-chavarria/,0,3
https://clinicabelba.com/ca/resum-dr-felix-chavarria/,0,5
https://clinicabelba.com/ca/reviews-dr-felix-chavarria/,0,2
https://clinicabelba.com/cuando-hacer-ejercicio-despues-aumento-pecho/#elementor-toc__heading-anchor-16,0,9
https://clinicabelba.com/ru/%D0%BB%D0%B8%D0%BF%D0%BE%D1%81%D0%B5%D1%80-%D1%87%D1%82%D0%BE-%D1%8D%D1%82%D0%BE/,0,181
https://clinicabelba.com/uk/%D0%B1%D0%BB%D0%BE%D0%B3/3/,0,1
https://clinicabelba.com/uk/abdominoplastia-precio/,0,1
https://clinicabelba.com/en/author/nicols/,0,2
https://clinicabelba.com/en/feedback-dr-felix-chavarria/,0,4
https://clinicabelba.com/en/rhinoplasty/,0,332
https://clinicabelba.com/fr/lipo-vaser/,0,21
https://clinicabelba.com/de/kommentare-von-patienten-uber-dr-felix-chavarria/,0,1
https://clinicabelba.com/en/blog/3/,0,8
https://clinicabelba.com/ru/%D0%B0%D0%B2%D1%82%D0%BE%D1%80/%D0%B2%D0%B5%D0%B1%D0%B1%D0%B5%D0%BB%D0%B1%D0%B0/%D1%81%D1%82%D1%80%D0%B0%D0%BD%D0%B8%D1%86%D0%B0/2/,0,15
https://clinicabelba.com/ru/asimetria-mamaria-cuando-operar/,0,38
https://clinicabelba.com/uk/%D0%BA%D0%BE%D0%BC%D0%B5%D0%BD%D1%82%D0%B0%D1%80%D1%96-%D1%82%D0%B0-%D0%B2%D1%96%D0%B4%D0%B3%D1%83%D0%BA%D0%B8-%D0%B4%D0%BE%D0%BA%D1%82%D0%BE%D1%80%D0%B0-%D1%84%D0%B5%D0%BB%D1%96%D0%BA%D1%81%D0%B0/,0,1
https://clinicabelba.com/uk/%D1%8E%D1%80%D0%B8%D0%B4%D0%B8%D1%87%D0%BD%D0%B5-%D0%BF%D0%BE%D0%B2%D1%96%D0%B4%D0%BE%D0%BC%D0%BB%D0%B5%D0%BD%D0%BD%D1%8F/,0,5
https://clinicabelba.com/de/autor/webbelba/seite/2/,0,3
https://clinicabelba.com/experiencias-positivas-dr-chavarria/,0,1
https://clinicabelba.com/fr/guide-du-patient/,0,15
https://clinicabelba.com/it/liposuccion/,0,91
https://clinicabelba.com/ca/valoracions-del-doctor-chavarria/,0,1
https://clinicabelba.com/nl/ribxcar-vs-tecnica-tradicional-cual-es-mejor/,0,2
https://clinicabelba.com/ru/%D0%B4%D0%BE%D0%BA%D1%82%D0%BE%D1%80-%D1%84%D0%B5%D0%BB%D0%B8%D0%BA%D1%81-%D1%87%D0%B0%D0%B2%D0%B0%D1%80%D1%80%D0%B8%D0%B0-%D0%BC%D0%BD%D0%B5%D0%BD%D0%B8%D1%8F/,0,1
https://clinicabelba.com/uk/%D1%85%D1%96%D1%80%D1%83%D1%80%D0%B3%D1%96%D1%8F-%D1%82%D1%96%D0%BB%D0%B0/,0,37
https://clinicabelba.com/de/gesichtsstraffung-barcelona/,0,6
https://clinicabelba.com/en/cicatriz-cesarea-correccion/,0,76
https://clinicabelba.com/fr/liposuccion/,0,36
https://clinicabelba.com/ca/autor/webbelba/pagina/2/,0,5
https://clinicabelba.com/ca/comentaris-i-feedback-dr-felix-chavarria/,0,4
https://clinicabelba.com/ca/rinoplastia-ultrasonica-avantatges-limits/,0,4
https://clinicabelba.com/nl/feedback-dr-felix-chavarria/,0,2
https://clinicabelba.com/nl/reacties-en-feedback-dr-felix-chavarria/,0,5
https://clinicabelba.com/ru/%D0%BE%D1%82%D0%B7%D1%8B%D0%B2%D1%8B-%D1%87%D0%B0%D0%B2%D0%B0%D1%80%D1%80%D0%B8%D1%8F/,0,1
https://clinicabelba.com/ru/resenas-dr-felix-chavarria/,0,2
https://clinicabelba.com/uk/%D0%B2%D1%96%D0%B4%D0%B3%D1%83%D0%BA%D0%B8-%D0%BF%D1%80%D0%BE-%D1%87%D0%B0%D0%B2%D0%B0%D1%80%D1%80%D1%96%D1%8E/,0,10
https://clinicabelba.com/fr/blog/7/,0,1
https://clinicabelba.com/uk/%D0%B2%D1%96%D0%B4%D0%B3%D1%83%D0%BA%D0%B8-%D0%BF%D1%80%D0%BE-%D0%B4%D0%BE%D0%BA%D1%82%D0%BE%D1%80%D0%B0-%D1%84%D0%B5%D0%BB%D1%96%D0%BA%D1%81%D0%B0-%D1%87%D0%B0%D0%B2%D0%B0%D1%80%D1%80%D1%96%D0%B0-2/,0,7
https://clinicabelba.com/de/blog/9/,0,1
https://clinicabelba.com/it/commenti-dei-pazienti-del-dr-felix-chavarria/,0,2
https://clinicabelba.com/it/commenti-e-feedback-dr-felix-chavarria/,0,1
https://clinicabelba.com/nl/lipovaser-wat-is-dat/,0,3
https://clinicabelba.com/it/pareri-dr-felix-chavarria-2/,0,1
https://clinicabelba.com/ca/opinions-dr-felix-chavarria/,0,7
https://clinicabelba.com/ru/%D0%BF%D0%BE%D0%BB%D0%B8%D1%82%D0%B8%D0%BA%D0%B0-%D0%B8%D1%81%D0%BF%D0%BE%D0%BB%D1%8C%D0%B7%D0%BE%D0%B2%D0%B0%D0%BD%D0%B8%D1%8F-%D1%84%D0%B0%D0%B9%D0%BB%D0%BE%D0%B2-cookie/,0,9
https://clinicabelba.com/uk/%D0%BF%D0%BE%D0%BB%D1%96%D1%82%D0%B8%D0%BA%D0%B0-%D0%BA%D0%BE%D0%BD%D1%84%D1%96%D0%B4%D0%B5%D0%BD%D1%86%D1%96%D0%B9%D0%BD%D0%BE%D1%81%D1%82%D1%96/,0,1
https://clinicabelba.com/fr/commentaires-dr-felix-chavarria/,0,1
https://clinicabelba.com/fr/commentaires-et-retours-du-dr-felix-chavarria/,0,1
https://clinicabelba.com/fr/dr-felix-chavarria-experiences/,0,2
https://clinicabelba.com/ca/valoracions-positives-dr-felix-chavarria/,0,2
https://clinicabelba.com/ru/experiencias-dr-felix-chavarria-2/,0,2
https://clinicabelba.com/uk/%D0%BF%D0%BE%D0%BB%D1%96%D1%82%D0%B8%D0%BA%D0%B0-%D1%89%D0%BE%D0%B4%D0%BE-%D1%84%D0%B0%D0%B9%D0%BB%D1%96%D0%B2-cookie/,0,5
https://clinicabelba.com/de/cookie-richtlinie/,0,3
https://clinicabelba.com/fr/politique-de-confidentialite/,0,2
https://clinicabelba.com/it/commenti-del-dott-chavarria/,0,1
https://clinicabelba.com/it/feedback-dr-felix-chavarria/,0,1
https://clinicabelba.com/ca/resums-del-dr-chavarria/,0,2
https://clinicabelba.com/uk/%D0%BF%D0%BE%D0%B7%D0%B8%D1%82%D0%B8%D0%B2%D0%BD%D1%96-%D0%B2%D1%96%D0%B4%D0%B3%D1%83%D0%BA%D0%B8-%D0%BF%D1%80%D0%BE-%D0%B4%D0%BE%D0%BA%D1%82%D0%BE%D1%80%D0%B0-%D1%84%D0%B5%D0%BB%D1%96%D0%BA%D1%81/,0,2
https://clinicabelba.com/en/blog/2/,0,1
https://clinicabelba.com/en/comments-and-feedback-dr-felix-chavarria/,0,3
https://clinicabelba.com/en/reviews-dr-felix-chavarria/,0,1
https://clinicabelba.com/author/nicols/,0,2
https://clinicabelba.com/lipovaser-vs-liposuccion/#elementor-toc__heading-anchor-3,0,12
https://clinicabelba.com/nl/aumento-pecho-150cc/,0,1
https://clinicabelba.com/uk/%D0%B2%D1%96%D0%B4%D0%B3%D1%83%D0%BA%D0%B8-%D0%BF%D1%80%D0%BE-%D0%B4%D0%BE%D0%BA%D1%82%D0%BE%D1%80%D0%B0-%D1%87%D0%B0%D0%B2%D0%B0%D1%80%D1%80%D1%96%D0%B0/,0,1
https://clinicabelba.com/de/bbl-hialuronico-o-protesis-gluteo-cual-elegir/,0,1
https://clinicabelba.com/nl/auteur/seo2/,0,1
https://clinicabelba.com/en/opiniones-reales-dr-felix-chavarria/,0,3
https://clinicabelba.com/nl/precio-abdominoplastia/,0,67
https://clinicabelba.com/de/valoraciones-positivas-dr-felix-chavarria/,0,1
https://clinicabelba.com/ca/opinions-dr-felix-chavarria-2/,0,1
https://clinicabelba.com/fr/aviso-legal/,0,3
https://clinicabelba.com/fr/blog/3/,0,28
https://clinicabelba.com/it/dr-felix-chavarria-chirurgia-plastica/,0,6
https://clinicabelba.com/en/drdewevercirugiaplastica/,0,1
https://clinicabelba.com/ca/rinoplastia-home-abans-i-despres-millorat/,0,4
https://clinicabelba.com/ru/comentarios-y-feedback-dr-felix-chavarria/,0,1
https://clinicabelba.com/it/opinioni-sul-dott-chavarria/,0,1
https://clinicabelba.com/ca/autor/webbelba/pagina/3/,0,10
https://clinicabelba.com/ca/dr-felix-chavarria-experiencias/,0,1
https://clinicabelba.com/liposuccion-de-monte-de-venus,0,9
https://clinicabelba.com/cuanto-vale-aumento-pecho-espana,0,1
https://clinicabelba.com/it/recensioni-e-testimonianze-del-dr-felix-chavarria/,0,1
https://clinicabelba.com/nl/dr-chavarria-meningen/,0,3
https://clinicabelba.com/resenas-dr-felix-chavarria/,0,1
https://clinicabelba.com/ru/%D0%BE%D1%86%D0%B5%D0%BD%D0%BA%D0%B8-%D0%B4%D0%BE%D0%BA%D1%82%D0%BE%D1%80%D0%B0-%D1%87%D0%B0%D0%B2%D0%B0%D1%80%D1%80%D0%B8%D0%B0/,0,6
https://clinicabelba.com/en/page/3/?jkit-ajax-request=jkit_elements,0,2
https://clinicabelba.com/it/recensioni-del-dott-felix-chavarria/,0,2
https://clinicabelba.com/como-eliminar-grasa-abdominal,0,2
https://clinicabelba.com/ru/%D0%B0%D0%B2%D1%82%D0%BE%D1%80/%D0%B2%D0%B5%D0%B1%D0%B1%D0%B5%D0%BB%D0%B1%D0%B0/%D1%81%D1%82%D1%80%D0%B0%D0%BD%D0%B8%D1%86%D0%B0/3/,0,1
https://clinicabelba.com/uk/%D0%BB%D1%96%D0%BF%D0%BE-%D0%B2%D0%B0%D0%B7%D0%B5%D1%80/,0,1
https://clinicabelba.com/it/autore/bellissima/pagina/3/,0,1
https://clinicabelba.com/author/webbelba/page/3/,0,16
https://clinicabelba.com/nl/auteur/webbel/pagina/3/,0,4
https://clinicabelba.com/de/meinungen-dr-felix-chavarria-2/,0,1
https://clinicabelba.com/fr/commentaires-du-dr-chavarria/,0,1
https://clinicabelba.com/it/feedback-positivo-dr-chavarria/,0,1
https://clinicabelba.com/nl/pagina/4/?jkit-ajax-request=jkit_elements,0,2
https://clinicabelba.com/seroma-trasp-cirugia-que-es-como-prevenir/,0,1
https://clinicabelba.com/uk/%D0%B0%D0%B2%D1%82%D0%BE%D1%80/webbelba/%D1%81%D1%82%D0%BE%D1%80%D1%96%D0%BD%D0%BA%D0%B0/3/,0,1
https://clinicabelba.com/fr/blog/8/,0,1
https://clinicabelba.com/it/pagina/4/?jkit-ajax-request=jkit_elements,0,1
