/wp-content/uploads/2022/12/Felix-Chavarria_1.png,/images/2022/12/Felix-Chavarria_1.webp
/wp-content/uploads/2022/12/Piernas.png,/images/2022/12/Piernas.webp
/wp-content/uploads/2022/12/Rostro-270x300.png,/images/2022/12/Rostro.webp
/wp-content/uploads/2022/12/Rostro-595xh.png,/images/2022/12/Rostro.webp
/wp-content/uploads/2022/12/Rostro.png,/images/2022/12/Rostro.webp
/wp-content/uploads/2022/12/Senos.png,/images/2022/12/Senos.webp
/wp-content/uploads/2022/12/bg4_1-1.png,/images/2022/12/bg4_1-1.webp
/wp-content/uploads/2022/12/breastC4.png,/images/2022/12/breastC4.webp
/wp-content/uploads/2022/12/cabecera_senos.png,/images/2022/12/cabecera_senos.webp
/wp-content/uploads/2022/12/corporales.png,/images/2022/12/corporales.webp
/wp-content/uploads/2022/12/cropped-logo_home.png,/images/2022/12/cropped-logo_home.webp
/wp-content/uploads/2022/12/financiado-por-la-union-europea-300x75.jpg,/images/2022/12/financiado-por-la-union-europea.webp
/wp-content/uploads/2022/12/financiado-por-la-union-europea-595xh.jpg,/images/2022/12/financiado-por-la-union-europea.webp
/wp-content/uploads/2022/12/financiado-por-la-union-europea-768x192.jpg,/images/2022/12/financiado-por-la-union-europea.webp
/wp-content/uploads/2022/12/financiado-por-la-union-europea.jpg,/images/2022/12/financiado-por-la-union-europea.webp
/wp-content/uploads/2022/12/fondo_corporal.png,/images/2022/12/fondo_corporal.webp
/wp-content/uploads/2022/12/fondo_paciente.png,/images/2022/12/fondo_paciente.webp
/wp-content/uploads/2022/12/fondo_quienessomos.png,/images/2022/12/fondo_quienessomos.webp
/wp-content/uploads/2022/12/gluteos.png,/images/2022/12/gluteos.webp
/wp-content/uploads/2022/12/hombres-150x150.png,/images/2022/12/hombres.webp
/wp-content/uploads/2022/12/hombres.png,/images/2022/12/hombres.webp
/wp-content/uploads/2022/12/hombres_home-768x598.png,/images/2022/12/hombres_home.webp
/wp-content/uploads/2022/12/hombres_home.png,/images/2022/12/hombres_home.webp
/wp-content/uploads/2022/12/home_gallery4-1.png,/images/2022/12/home_gallery4-1.webp
/wp-content/uploads/2022/12/implante-1024x683.png,/images/2022/12/implante.webp
/wp-content/uploads/2022/12/implante.png,/images/2022/12/implante.webp
/wp-content/uploads/2023/01/Guia-del-paciente-Consulta-de-Cirurgia-Plastica.pdf,/images/2023/01/Guia-del-paciente-Consulta-de-Cirurgia-Plastica.pdf
/wp-content/uploads/2023/01/descarga-23.png,/images/2023/01/descarga-23.webp
/wp-content/uploads/2023/01/descarga-24-300x200.png,/images/2023/01/descarga-24.webp
/wp-content/uploads/2023/01/descarga-24-595xh.png,/images/2023/01/descarga-24.webp
/wp-content/uploads/2023/01/descarga-24.png,/images/2023/01/descarga-24.webp
/wp-content/uploads/2023/01/descarga-27-1024x683.png,/images/2023/01/descarga-27.webp
/wp-content/uploads/2023/01/descarga-27.png,/images/2023/01/descarga-27.webp
/wp-content/uploads/2023/03/ainamaro.jpg,/images/2023/03/ainamaro.webp
/wp-content/uploads/2023/03/andreaacruz.jpg,/images/2023/03/andreaacruz.webp
/wp-content/uploads/2023/03/bg.jpg,/images/2023/03/bg.webp
/wp-content/uploads/2023/03/centro-medico-teknon.jpg,/images/2023/03/centro-medico-teknon.webp
/wp-content/uploads/2023/03/cirugia-corporal-mike-261x300.jpg,/images/2023/03/cirugia-corporal-mike.webp
/wp-content/uploads/2023/03/cirugia-corporal-mike.jpg,/images/2023/03/cirugia-corporal-mike.webp
/wp-content/uploads/2023/03/cirugia-corporal.jpg,/images/2023/03/cirugia-corporal.webp
/wp-content/uploads/2023/03/cirugia-facial-mike-222x300.jpg,/images/2023/03/cirugia-facial-mike.webp
/wp-content/uploads/2023/03/cirugia-facial-mike.jpg,/images/2023/03/cirugia-facial-mike.webp
/wp-content/uploads/2023/03/cirugia-genital-300x176.jpg,/images/2023/03/cirugia-genital.webp
/wp-content/uploads/2023/03/cirugia-genital.jpg,/images/2023/03/cirugia-genital.webp
/wp-content/uploads/2023/03/cirugia-pecho-mike1-222x300.jpg,/images/2023/03/cirugia-pecho-mike1.webp
/wp-content/uploads/2023/03/cirugia-pecho-mike1.jpg,/images/2023/03/cirugia-pecho-mike1.webp
/wp-content/uploads/2023/03/cirujano-mike-dewever.png,/images/2023/03/cirujano-mike-dewever.webp
/wp-content/uploads/2023/03/corporal-a1.jpg,/images/2023/03/corporal-a1.webp
/wp-content/uploads/2023/03/corporal-a2.jpg,/images/2023/03/corporal-a2.webp
/wp-content/uploads/2023/03/corporal-a3.jpg,/images/2023/03/corporal-a3.webp
/wp-content/uploads/2023/03/corporal-d1.jpg,/images/2023/03/corporal-d1.webp
/wp-content/uploads/2023/03/corporal-d2.jpg,/images/2023/03/corporal-d2.webp
/wp-content/uploads/2023/03/corporal-d3.jpg,/images/2023/03/corporal-d3.webp
/wp-content/uploads/2023/03/cuerpo-de-mujer-289x300.png,/images/2023/03/cuerpo-de-mujer.webp
/wp-content/uploads/2023/03/cuerpo-de-mujer.png,/images/2023/03/cuerpo-de-mujer.webp
/wp-content/uploads/2023/03/facial-a1.jpg,/images/2023/03/facial-a1.webp
/wp-content/uploads/2023/03/facial-a2.jpg,/images/2023/03/facial-a2.webp
/wp-content/uploads/2023/03/facial-a3.jpg,/images/2023/03/facial-a3.webp
/wp-content/uploads/2023/03/facial-d1.jpg,/images/2023/03/facial-d1.webp
/wp-content/uploads/2023/03/facial-d2.jpg,/images/2023/03/facial-d2.webp
/wp-content/uploads/2023/03/facial-d3.jpg,/images/2023/03/facial-d3.webp
/wp-content/uploads/2023/03/google-opiniones.png,/images/2023/03/google-opiniones.webp
/wp-content/uploads/2023/03/gusgonzalves.jpg,/images/2023/03/gusgonzalves.webp
/wp-content/uploads/2023/03/isabellagtudor.jpg,/images/2023/03/isabellagtudor.webp
/wp-content/uploads/2023/03/mike-dewever-1.jpg,/images/2023/03/mike-dewever-1.webp
/wp-content/uploads/2023/03/mike-dewever-presentacion.jpg,/images/2023/03/mike-dewever-presentacion.webp
/wp-content/uploads/2023/03/monicabelrosado.jpg,/images/2023/03/monicabelrosado.webp
/wp-content/uploads/2023/03/pecho-a1.jpg,/images/2023/03/pecho-a1.webp
/wp-content/uploads/2023/03/pecho-a2-1.jpg,/images/2023/03/pecho-a2-1.webp
/wp-content/uploads/2023/03/pecho-a3.jpg,/images/2023/03/pecho-a3.webp
/wp-content/uploads/2023/03/pecho-d1.jpg,/images/2023/03/pecho-d1.webp
/wp-content/uploads/2023/03/pecho-d2-1.jpg,/images/2023/03/pecho-d2-1.webp
/wp-content/uploads/2023/03/pecho-d3.jpg,/images/2023/03/pecho-d3.webp
/wp-content/uploads/2023/03/quiron-salud.jpg,/images/2023/03/quiron-salud.webp
/wp-content/uploads/2023/03/testimonio-1.mp4,/images/2023/03/testimonio-1.mp4
/wp-content/uploads/2023/03/testimonio-2.mp4,/images/2023/03/testimonio-2.mp4
/wp-content/uploads/2023/03/testimonio3.mp4,/images/2023/03/testimonio3.mp4
/wp-content/uploads/2023/03/victoriacarotudela.jpg,/images/2023/03/victoriacarotudela.webp
/wp-content/uploads/2023/04/obesity8.jpg,/images/2023/04/obesity8.webp
/wp-content/uploads/2023/04/quiron-salud-centro-medico-teknon-300x50.jpg,/images/2023/04/quiron-salud-centro-medico-teknon.webp
/wp-content/uploads/2023/04/quiron-salud-centro-medico-teknon.jpg,/images/2023/04/quiron-salud-centro-medico-teknon.webp
/wp-content/uploads/2023/05/1-aumento-mamas-antes.jpg,/images/2023/05/1-aumento-mamas-antes.webp
/wp-content/uploads/2023/05/1-aumento-mamas-despues.jpg,/images/2023/05/1-aumento-mamas-despues.webp
/wp-content/uploads/2023/05/1-corporal-antes.jpg,/images/2023/05/1-corporal-antes.webp
/wp-content/uploads/2023/05/1-corporal-despues.jpg,/images/2023/05/1-corporal-despues.webp
/wp-content/uploads/2023/05/1-facial-antes.jpg,/images/2023/05/1-facial-antes.webp
/wp-content/uploads/2023/05/1-facial-despues.jpg,/images/2023/05/1-facial-despues.webp
/wp-content/uploads/2023/05/2-aumento-mamas-antes.jpg,/images/2023/05/2-aumento-mamas-antes.webp
/wp-content/uploads/2023/05/2-aumento-mamas-despues.jpg,/images/2023/05/2-aumento-mamas-despues.webp
/wp-content/uploads/2023/05/2-corporal-antes.jpg,/images/2023/05/2-corporal-antes.webp
/wp-content/uploads/2023/05/2-corporal-despues.jpg,/images/2023/05/2-corporal-despues.webp
/wp-content/uploads/2023/05/2-facial-antes.jpg,/images/2023/05/2-facial-antes.webp
/wp-content/uploads/2023/05/2-facial-despues.jpg,/images/2023/05/2-facial-despues.webp
/wp-content/uploads/2023/05/3-corporal-antes.jpg,/images/2023/05/3-corporal-antes.webp
/wp-content/uploads/2023/05/3-corporal-despues.jpg,/images/2023/05/3-corporal-despues.webp
/wp-content/uploads/2023/05/3-elevacion-mamas-antes.jpg,/images/2023/05/3-elevacion-mamas-antes.webp
/wp-content/uploads/2023/05/3-elevacion-mamas-despues-1.jpg,/images/2023/05/3-elevacion-mamas-despues-1.webp
/wp-content/uploads/2023/05/3-facial-antes.jpg,/images/2023/05/3-facial-antes.webp
/wp-content/uploads/2023/05/3-facial-despues.jpg,/images/2023/05/3-facial-despues.webp
/wp-content/uploads/2023/05/cirugia-corporal-222x300.jpg,/images/2023/05/cirugia-corporal.webp
/wp-content/uploads/2023/05/cirugia-corporal.jpg,/images/2023/05/cirugia-corporal.webp
/wp-content/uploads/2023/05/cirugia-de-pecho-222x300.jpg,/images/2023/05/cirugia-de-pecho.webp
/wp-content/uploads/2023/05/cirugia-de-pecho.jpg,/images/2023/05/cirugia-de-pecho.webp
/wp-content/uploads/2023/05/cirugia-intima-300x176.jpg,/images/2023/05/cirugia-intima.webp
/wp-content/uploads/2023/05/cirugia-intima.jpg,/images/2023/05/cirugia-intima.webp
/wp-content/uploads/2023/05/cirugia-rostro-222x300.jpg,/images/2023/05/cirugia-rostro.webp
/wp-content/uploads/2023/05/cirugia-rostro.jpg,/images/2023/05/cirugia-rostro.webp
/wp-content/uploads/2023/05/cirujano-dr-felix-chavarria.png,/images/2023/05/cirujano-dr-felix-chavarria.webp
/wp-content/uploads/2023/05/clinica-belba-100.png,/images/2023/05/clinica-belba-100.webp
/wp-content/uploads/2023/05/clinica-belba-120.png,/images/2023/05/clinica-belba-120.webp
/wp-content/uploads/2023/05/felix-video.jpg,/images/2023/05/felix-video.webp
/wp-content/uploads/2023/05/google-opiniones-felix-chavarria.png,/images/2023/05/google-opiniones-felix-chavarria.webp
/wp-content/uploads/2023/05/mujer-cuerpo-289x300.png,/images/2023/05/mujer-cuerpo.webp
/wp-content/uploads/2023/05/mujer-cuerpo.png,/images/2023/05/mujer-cuerpo.webp
/wp-content/uploads/2023/06/corporal-a1-1.jpg,/images/2023/06/corporal-a1-1.webp
/wp-content/uploads/2023/06/corporal-a2-1.jpg,/images/2023/06/corporal-a2-1.webp
/wp-content/uploads/2023/06/corporal-a3-1.jpg,/images/2023/06/corporal-a3-1.webp
/wp-content/uploads/2023/06/corporal-d1-1.jpg,/images/2023/06/corporal-d1-1.webp
/wp-content/uploads/2023/06/corporal-d2-1.jpg,/images/2023/06/corporal-d2-1.webp
/wp-content/uploads/2023/06/corporal-d3-1.jpg,/images/2023/06/corporal-d3-1.webp
/wp-content/uploads/2023/06/facial-a1-1.jpg,/images/2023/06/facial-a1-1.webp
/wp-content/uploads/2023/06/facial-a2-1.jpg,/images/2023/06/facial-a2-1.webp
/wp-content/uploads/2023/06/facial-a3-1.jpg,/images/2023/06/facial-a3-1.webp
/wp-content/uploads/2023/06/facial-d1-2.jpg,/images/2023/06/facial-d1-2.webp
/wp-content/uploads/2023/06/facial-d2-1.jpg,/images/2023/06/facial-d2-1.webp
/wp-content/uploads/2023/06/facial-d3-1.jpg,/images/2023/06/facial-d3-1.webp
/wp-content/uploads/2023/06/google-opiniones-fr.png,/images/2023/06/google-opiniones-fr.webp
/wp-content/uploads/2023/06/mike-dewever-fr.jpg,/images/2023/06/mike-dewever-fr.webp
/wp-content/uploads/2023/06/pecho-a1-1.jpg,/images/2023/06/pecho-a1-1.webp
/wp-content/uploads/2023/06/pecho-a2-1-1.jpg,/images/2023/06/pecho-a2-1-1.webp
/wp-content/uploads/2023/06/pecho-a3-1.jpg,/images/2023/06/pecho-a3-1.webp
/wp-content/uploads/2023/06/pecho-d1-1.jpg,/images/2023/06/pecho-d1-1.webp
/wp-content/uploads/2023/06/pecho-d2-1-1.jpg,/images/2023/06/pecho-d2-1-1.webp
/wp-content/uploads/2023/06/pecho-d3-1.jpg,/images/2023/06/pecho-d3-1.webp
/wp-content/uploads/2023/11/rinoplastia-3.jpg,/images/2023/11/rinoplastia-3.webp
/wp-content/uploads/2024/02/blefaroplastia-antes-1.jpg,/images/2024/02/blefaroplastia-antes-1.webp
/wp-content/uploads/2024/02/ginecomastia-antes-1.jpg,/images/2024/02/ginecomastia-antes-1.webp
/wp-content/uploads/2024/02/lipovaser-antes-1.jpg,/images/2024/02/lipovaser-antes-1.webp
/wp-content/uploads/2024/02/lipovaser-antes-2.jpg,/images/2024/02/lipovaser-antes-2.webp
/wp-content/uploads/2024/02/lipovaser-despues-1.jpg,/images/2024/02/lipovaser-despues-1.webp
/wp-content/uploads/2024/02/lipovaser-despues-2.jpg,/images/2024/02/lipovaser-despues-2.webp
/wp-content/uploads/2024/04/cirugia-mamaria.webp,/images/2024/04/cirugia-mamaria.webp
/wp-content/uploads/2024/04/contacto.webp,/images/2024/04/contacto.webp
/wp-content/uploads/2024/04/felix-chavarria-247x300.webp,/images/2024/04/felix-chavarria.webp
/wp-content/uploads/2024/04/felix-chavarria-595xh.webp,/images/2024/04/felix-chavarria.webp
/wp-content/uploads/2024/04/felix-chavarria.webp,/images/2024/04/felix-chavarria.webp
/wp-content/uploads/2024/04/logo-clinica-belba-300x89.png,/images/2024/04/logo-clinica-belba.webp
/wp-content/uploads/2024/04/logo-clinica-belba-595xh.png,/images/2024/04/logo-clinica-belba.webp
/wp-content/uploads/2024/04/logo-clinica-belba-768x228.png,/images/2024/04/logo-clinica-belba.webp
/wp-content/uploads/2024/04/logo-clinica-belba.png,/images/2024/04/logo-clinica-belba.webp
/wp-content/uploads/2024/04/logo-mike-dewever.jpg,/images/2024/04/logo-mike-dewever.webp
/wp-content/uploads/2024/04/mike-dewever-247x300.webp,/images/2024/04/mike-dewever.webp
/wp-content/uploads/2024/04/mike-dewever-595xh.webp,/images/2024/04/mike-dewever.webp
/wp-content/uploads/2024/04/mike-dewever.webp,/images/2024/04/mike-dewever.webp
/wp-content/uploads/2024/04/resultados-cirugia.webp,/images/2024/04/resultados-cirugia.webp
/wp-content/uploads/2024/12/clinica-belba-200.png,/images/2024/12/clinica-belba-200.webp
/wp-content/uploads/2025/03/quitar-constillas-flotantes-1-1024x1024.jpg,/images/2025/03/quitar-constillas-flotantes-1.webp
/wp-content/uploads/2025/03/quitar-constillas-flotantes-1-150x150.jpg,/images/2025/03/quitar-constillas-flotantes-1.webp
/wp-content/uploads/2025/03/quitar-constillas-flotantes-1-300x300.jpg,/images/2025/03/quitar-constillas-flotantes-1.webp
/wp-content/uploads/2025/03/quitar-constillas-flotantes-1-595xh.jpg,/images/2025/03/quitar-constillas-flotantes-1.webp
/wp-content/uploads/2025/03/quitar-constillas-flotantes-1-768x768.jpg,/images/2025/03/quitar-constillas-flotantes-1.webp
/wp-content/uploads/2025/03/quitar-constillas-flotantes-1.jpg,/images/2025/03/quitar-constillas-flotantes-1.webp
/wp-content/uploads/2025/03/quitar-constillas-flotantes-2-1024x1024.jpg,/images/2025/03/quitar-constillas-flotantes-2.webp
/wp-content/uploads/2025/03/quitar-constillas-flotantes-2-150x150.jpg,/images/2025/03/quitar-constillas-flotantes-2.webp
/wp-content/uploads/2025/03/quitar-constillas-flotantes-2-300x300.jpg,/images/2025/03/quitar-constillas-flotantes-2.webp
/wp-content/uploads/2025/03/quitar-constillas-flotantes-2-595xh.jpg,/images/2025/03/quitar-constillas-flotantes-2.webp
/wp-content/uploads/2025/03/quitar-constillas-flotantes-2-768x768.jpg,/images/2025/03/quitar-constillas-flotantes-2.webp
/wp-content/uploads/2025/03/quitar-constillas-flotantes-2.jpg,/images/2025/03/quitar-constillas-flotantes-2.webp
/wp-content/uploads/2025/03/quitar-costillas-flotantes-antes-despues-300x270.webp,/images/2025/03/quitar-costillas-flotantes-antes-despues.webp
/wp-content/uploads/2025/03/quitar-costillas-flotantes-antes-despues.webp,/images/2025/03/quitar-costillas-flotantes-antes-despues.webp
/wp-content/uploads/2025/03/quitar-costillas-flotantes-antes-y-despues-300x270.webp,/images/2025/03/quitar-costillas-flotantes-antes-y-despues.webp
/wp-content/uploads/2025/03/quitar-costillas-flotantes-antes-y-despues.webp,/images/2025/03/quitar-costillas-flotantes-antes-y-despues.webp
/wp-content/uploads/2025/03/quitar-costillas-flotantes-mito-o-realidad-1024x683.webp,/images/2025/03/quitar-costillas-flotantes-mito-o-realidad.webp
/wp-content/uploads/2025/03/quitar-costillas-flotantes-mito-o-realidad-300x200.webp,/images/2025/03/quitar-costillas-flotantes-mito-o-realidad.webp
/wp-content/uploads/2025/03/quitar-costillas-flotantes-mito-o-realidad-595xh.webp,/images/2025/03/quitar-costillas-flotantes-mito-o-realidad.webp
/wp-content/uploads/2025/03/quitar-costillas-flotantes-mito-o-realidad-768x513.webp,/images/2025/03/quitar-costillas-flotantes-mito-o-realidad.webp
/wp-content/uploads/2025/03/quitar-costillas-flotantes-mito-o-realidad.webp,/images/2025/03/quitar-costillas-flotantes-mito-o-realidad.webp
/wp-content/uploads/2025/03/remodelacion-costal-300x242.png,/images/2025/03/remodelacion-costal.webp
/wp-content/uploads/2025/03/remodelacion-costal-595xh.png,/images/2025/03/remodelacion-costal.webp
/wp-content/uploads/2025/03/remodelacion-costal-768x621.png,/images/2025/03/remodelacion-costal.webp
/wp-content/uploads/2025/03/remodelacion-costal.png,/images/2025/03/remodelacion-costal.webp
/wp-content/uploads/2025/10/google-review-300x100.png,/images/2025/10/google-review.webp
/wp-content/uploads/2025/10/google-review-595xh.png,/images/2025/10/google-review.webp
/wp-content/uploads/2025/10/google-review.png,/images/2025/10/google-review.webp
/wp-content/uploads/2025/10/quiron.png,/images/2025/10/quiron.webp
/wp-content/uploads/2025/10/secpre-300x100.png,/images/2025/10/secpre.webp
/wp-content/uploads/2025/10/secpre-595xh.png,/images/2025/10/secpre.webp
/wp-content/uploads/2025/10/secpre.png,/images/2025/10/secpre.webp
/wp-content/uploads/2025/10/tekon-300x100.png,/images/2025/10/tekon.webp
/wp-content/uploads/2025/10/tekon-595xh.png,/images/2025/10/tekon.webp
/wp-content/uploads/2025/10/tekon.png,/images/2025/10/tekon.webp
/wp-content/uploads/2025/11/Alba-Gomez-300x300.jpg,/images/2025/11/Alba-Gomez.webp
/wp-content/uploads/2025/11/Alba-Gomez.jpg,/images/2025/11/Alba-Gomez.webp
/wp-content/uploads/2025/11/BelbaAbdominoplastiaAntes1.jpg,/images/2025/11/BelbaAbdominoplastiaAntes1.webp
/wp-content/uploads/2025/11/BelbaAbdominoplastiaAntes2.jpg,/images/2025/11/BelbaAbdominoplastiaAntes2.webp
/wp-content/uploads/2025/11/BelbaAbdominoplastiaAntes3.jpg,/images/2025/11/BelbaAbdominoplastiaAntes3.webp
/wp-content/uploads/2025/11/BelbaAbdominoplastiaAntes4.jpg,/images/2025/11/BelbaAbdominoplastiaAntes4.webp
/wp-content/uploads/2025/11/BelbaAbdominoplastiaAntes6.jpg,/images/2025/11/BelbaAbdominoplastiaAntes6.webp
/wp-content/uploads/2025/11/BelbaAbdominoplastiaDespues1.jpg,/images/2025/11/BelbaAbdominoplastiaDespues1.webp
/wp-content/uploads/2025/11/BelbaAbdominoplastiaDespues2.jpg,/images/2025/11/BelbaAbdominoplastiaDespues2.webp
/wp-content/uploads/2025/11/BelbaAbdominoplastiaDespues3.jpg,/images/2025/11/BelbaAbdominoplastiaDespues3.webp
/wp-content/uploads/2025/11/BelbaAbdominoplastiaDespues4.jpg,/images/2025/11/BelbaAbdominoplastiaDespues4.webp
/wp-content/uploads/2025/11/BelbaAbdominoplastiaDespues6.jpg,/images/2025/11/BelbaAbdominoplastiaDespues6.webp
/wp-content/uploads/2025/11/BelbaBlefaroplastiaAntes1.jpg,/images/2025/11/BelbaBlefaroplastiaAntes1.webp
/wp-content/uploads/2025/11/BelbaBlefaroplastiaAntes2.jpg,/images/2025/11/BelbaBlefaroplastiaAntes2.webp
/wp-content/uploads/2025/11/BelbaBlefaroplastiaAntes3.jpg,/images/2025/11/BelbaBlefaroplastiaAntes3.webp
/wp-content/uploads/2025/11/BelbaBlefaroplastiaDespues1.jpg,/images/2025/11/BelbaBlefaroplastiaDespues1.webp
/wp-content/uploads/2025/11/BelbaBlefaroplastiaDespues2.jpg,/images/2025/11/BelbaBlefaroplastiaDespues2.webp
/wp-content/uploads/2025/11/BelbaBlefaroplastiaDespues3.jpg,/images/2025/11/BelbaBlefaroplastiaDespues3.webp
/wp-content/uploads/2025/11/BelbaGinecomastiaAntes1.jpg,/images/2025/11/BelbaGinecomastiaAntes1.webp
/wp-content/uploads/2025/11/BelbaGinecomastiaAntes2.jpg,/images/2025/11/BelbaGinecomastiaAntes2.webp
/wp-content/uploads/2025/11/BelbaGinecomastiaAntes3.jpg,/images/2025/11/BelbaGinecomastiaAntes3.webp
/wp-content/uploads/2025/11/BelbaGinecomastiaDespues1.jpg,/images/2025/11/BelbaGinecomastiaDespues1.webp
/wp-content/uploads/2025/11/BelbaGinecomastiaDespues2.jpg,/images/2025/11/BelbaGinecomastiaDespues2.webp
/wp-content/uploads/2025/11/BelbaGinecomastiaDespues3.jpg,/images/2025/11/BelbaGinecomastiaDespues3.webp
/wp-content/uploads/2025/11/BelbaLiposuccionAntes1.jpg,/images/2025/11/BelbaLiposuccionAntes1.webp
/wp-content/uploads/2025/11/BelbaLiposuccionAntes2.jpg,/images/2025/11/BelbaLiposuccionAntes2.webp
/wp-content/uploads/2025/11/BelbaLiposuccionAntes3.jpg,/images/2025/11/BelbaLiposuccionAntes3.webp
/wp-content/uploads/2025/11/BelbaLiposuccionAntes4.jpg,/images/2025/11/BelbaLiposuccionAntes4.webp
/wp-content/uploads/2025/11/BelbaLiposuccionDespues1.jpg,/images/2025/11/BelbaLiposuccionDespues1.webp
/wp-content/uploads/2025/11/BelbaLiposuccionDespues2.jpg,/images/2025/11/BelbaLiposuccionDespues2.webp
/wp-content/uploads/2025/11/BelbaLiposuccionDespues3.jpg,/images/2025/11/BelbaLiposuccionDespues3.webp
/wp-content/uploads/2025/11/BelbaLiposuccionDespues4.jpg,/images/2025/11/BelbaLiposuccionDespues4.webp
/wp-content/uploads/2025/11/BelbaRemodelacionCostalAntes2.jpg,/images/2025/11/BelbaRemodelacionCostalAntes2.webp
/wp-content/uploads/2025/11/BelbaRemodelacionCostalDespues2-300x225.jpg,/images/2025/11/BelbaRemodelacionCostalDespues2.webp
/wp-content/uploads/2025/11/BelbaRemodelacionCostalDespues2-768x576.jpg,/images/2025/11/BelbaRemodelacionCostalDespues2.webp
/wp-content/uploads/2025/11/BelbaRemodelacionCostalDespues2.jpg,/images/2025/11/BelbaRemodelacionCostalDespues2.webp
/wp-content/uploads/2025/11/BelbaRinoplastia1.jpg,/images/2025/11/BelbaRinoplastia1.webp
/wp-content/uploads/2025/11/BelbaRinoplastia2.jpg,/images/2025/11/BelbaRinoplastia2.webp
/wp-content/uploads/2025/11/BelbaRinoplastia3.jpg,/images/2025/11/BelbaRinoplastia3.webp
/wp-content/uploads/2025/11/BelbaRinoplastia4.jpg,/images/2025/11/BelbaRinoplastia4.webp
/wp-content/uploads/2025/11/DesireeMegias-300x300.jpg,/images/2025/11/DesireeMegias.webp
/wp-content/uploads/2025/11/DesireeMegias.jpg,/images/2025/11/DesireeMegias.webp
/wp-content/uploads/2025/11/FelixChavarriaPerfil-150x150.jpg,/images/2025/11/FelixChavarriaPerfil.webp
/wp-content/uploads/2025/11/FelixChavarriaPerfil-300x300.jpg,/images/2025/11/FelixChavarriaPerfil.webp
/wp-content/uploads/2025/11/FelixChavarriaPerfil-595xh.jpg,/images/2025/11/FelixChavarriaPerfil.webp
/wp-content/uploads/2025/11/FelixChavarriaPerfil.jpg,/images/2025/11/FelixChavarriaPerfil.webp
/wp-content/uploads/2025/11/MikeDeweverPerfil-150x150.jpg,/images/2025/11/MikeDeweverPerfil.webp
/wp-content/uploads/2025/11/MikeDeweverPerfil-300x300.jpg,/images/2025/11/MikeDeweverPerfil.webp
/wp-content/uploads/2025/11/MikeDeweverPerfil-595xh.jpg,/images/2025/11/MikeDeweverPerfil.webp
/wp-content/uploads/2025/11/MikeDeweverPerfil.jpg,/images/2025/11/MikeDeweverPerfil.webp
/wp-content/uploads/2025/11/RaquelMartinez-300x300.jpg,/images/2025/11/RaquelMartinez.webp
/wp-content/uploads/2025/11/RaquelMartinez.jpg,/images/2025/11/RaquelMartinez.webp
/wp-content/uploads/2025/11/RosaFerre-300x300.jpg,/images/2025/11/RosaFerre.webp
/wp-content/uploads/2025/11/RosaFerre.jpg,/images/2025/11/RosaFerre.webp
/wp-content/uploads/2025/11/belba-aumento-armonia-1-antes.jpg,/images/2025/11/belba-aumento-armonia-1-antes.webp
/wp-content/uploads/2025/11/belba-aumento-armonia-1-despues-e.jpg,/images/2025/11/belba-aumento-armonia-1-despues-e.webp
/wp-content/uploads/2025/11/belba-aumento-armonia-1-despues.jpg,/images/2025/11/belba-aumento-armonia-1-despues.webp
/wp-content/uploads/2025/11/belba-aumento-armonia-10-antes.jpg,/images/2025/11/belba-aumento-armonia-10-antes.webp
/wp-content/uploads/2025/11/belba-aumento-armonia-10-despues-e.jpg,/images/2025/11/belba-aumento-armonia-10-despues-e.webp
/wp-content/uploads/2025/11/belba-aumento-armonia-10-despues.jpg,/images/2025/11/belba-aumento-armonia-10-despues.webp
/wp-content/uploads/2025/11/belba-aumento-armonia-11-antes.jpg,/images/2025/11/belba-aumento-armonia-11-antes.webp
/wp-content/uploads/2025/11/belba-aumento-armonia-11-despues-e.jpg,/images/2025/11/belba-aumento-armonia-11-despues-e.webp
/wp-content/uploads/2025/11/belba-aumento-armonia-11-despues.jpg,/images/2025/11/belba-aumento-armonia-11-despues.webp
/wp-content/uploads/2025/11/belba-aumento-armonia-12-antes.jpg,/images/2025/11/belba-aumento-armonia-12-antes.webp
/wp-content/uploads/2025/11/belba-aumento-armonia-12-despues-e.jpg,/images/2025/11/belba-aumento-armonia-12-despues-e.webp
/wp-content/uploads/2025/11/belba-aumento-armonia-12-despues.jpg,/images/2025/11/belba-aumento-armonia-12-despues.webp
/wp-content/uploads/2025/11/belba-aumento-armonia-2-antes.jpg,/images/2025/11/belba-aumento-armonia-2-antes.webp
/wp-content/uploads/2025/11/belba-aumento-armonia-2-despues-e.jpg,/images/2025/11/belba-aumento-armonia-2-despues-e.webp
/wp-content/uploads/2025/11/belba-aumento-armonia-2-despues.jpg,/images/2025/11/belba-aumento-armonia-2-despues.webp
/wp-content/uploads/2025/11/belba-aumento-armonia-3-antes.jpg,/images/2025/11/belba-aumento-armonia-3-antes.webp
/wp-content/uploads/2025/11/belba-aumento-armonia-3-despues-e.jpg,/images/2025/11/belba-aumento-armonia-3-despues-e.webp
/wp-content/uploads/2025/11/belba-aumento-armonia-3-despues.jpg,/images/2025/11/belba-aumento-armonia-3-despues.webp
/wp-content/uploads/2025/11/belba-aumento-armonia-4-antes.jpg,/images/2025/11/belba-aumento-armonia-4-antes.webp
/wp-content/uploads/2025/11/belba-aumento-armonia-4-despues-e.jpg,/images/2025/11/belba-aumento-armonia-4-despues-e.webp
/wp-content/uploads/2025/11/belba-aumento-armonia-4-despues.jpg,/images/2025/11/belba-aumento-armonia-4-despues.webp
/wp-content/uploads/2025/11/belba-aumento-armonia-5-antes.jpg,/images/2025/11/belba-aumento-armonia-5-antes.webp
/wp-content/uploads/2025/11/belba-aumento-armonia-5-despues-e.jpg,/images/2025/11/belba-aumento-armonia-5-despues-e.webp
/wp-content/uploads/2025/11/belba-aumento-armonia-5-despues.jpg,/images/2025/11/belba-aumento-armonia-5-despues.webp
/wp-content/uploads/2025/11/belba-aumento-armonia-6-antes.jpg,/images/2025/11/belba-aumento-armonia-6-antes.webp
/wp-content/uploads/2025/11/belba-aumento-armonia-6-despues-e.jpg,/images/2025/11/belba-aumento-armonia-6-despues-e.webp
/wp-content/uploads/2025/11/belba-aumento-armonia-6-despues.jpg,/images/2025/11/belba-aumento-armonia-6-despues.webp
/wp-content/uploads/2025/11/belba-aumento-armonia-7-antes.jpg,/images/2025/11/belba-aumento-armonia-7-antes.webp
/wp-content/uploads/2025/11/belba-aumento-armonia-7-despues-e.jpg,/images/2025/11/belba-aumento-armonia-7-despues-e.webp
/wp-content/uploads/2025/11/belba-aumento-armonia-7-despues.jpg,/images/2025/11/belba-aumento-armonia-7-despues.webp
/wp-content/uploads/2025/11/belba-aumento-armonia-8-antes.jpg,/images/2025/11/belba-aumento-armonia-8-antes.webp
/wp-content/uploads/2025/11/belba-aumento-armonia-8-despues-e.jpg,/images/2025/11/belba-aumento-armonia-8-despues-e.webp
/wp-content/uploads/2025/11/belba-aumento-armonia-8-despues.jpg,/images/2025/11/belba-aumento-armonia-8-despues.webp
/wp-content/uploads/2025/11/belba-aumento-armonia-9-antes.jpg,/images/2025/11/belba-aumento-armonia-9-antes.webp
/wp-content/uploads/2025/11/belba-aumento-armonia-9-despues-e.jpg,/images/2025/11/belba-aumento-armonia-9-despues-e.webp
/wp-content/uploads/2025/11/belba-aumento-armonia-9-despues.jpg,/images/2025/11/belba-aumento-armonia-9-despues.webp
/wp-content/uploads/2025/11/belba-aumento-elegance-010-antes.jpg,/images/2025/11/belba-aumento-elegance-010-antes.webp
/wp-content/uploads/2025/11/belba-aumento-elegance-1-antes.jpg,/images/2025/11/belba-aumento-elegance-1-antes.webp
/wp-content/uploads/2025/11/belba-aumento-elegance-1-despues-e.jpg,/images/2025/11/belba-aumento-elegance-1-despues-e.webp
/wp-content/uploads/2025/11/belba-aumento-elegance-1-despues.jpg,/images/2025/11/belba-aumento-elegance-1-despues.webp
/wp-content/uploads/2025/11/belba-aumento-elegance-10-despues-e.jpg,/images/2025/11/belba-aumento-elegance-10-despues-e.webp
/wp-content/uploads/2025/11/belba-aumento-elegance-10-despues.jpg,/images/2025/11/belba-aumento-elegance-10-despues.webp
/wp-content/uploads/2025/11/belba-aumento-elegance-2-antes.jpg,/images/2025/11/belba-aumento-elegance-2-antes.webp
/wp-content/uploads/2025/11/belba-aumento-elegance-2-despues-e.jpg,/images/2025/11/belba-aumento-elegance-2-despues-e.webp
/wp-content/uploads/2025/11/belba-aumento-elegance-2-despues.jpg,/images/2025/11/belba-aumento-elegance-2-despues.webp
/wp-content/uploads/2025/11/belba-aumento-elegance-3-antes.jpg,/images/2025/11/belba-aumento-elegance-3-antes.webp
/wp-content/uploads/2025/11/belba-aumento-elegance-3-despues-e.jpg,/images/2025/11/belba-aumento-elegance-3-despues-e.webp
/wp-content/uploads/2025/11/belba-aumento-elegance-3-despues.jpg,/images/2025/11/belba-aumento-elegance-3-despues.webp
/wp-content/uploads/2025/11/belba-aumento-elegance-4-antes.jpg,/images/2025/11/belba-aumento-elegance-4-antes.webp
/wp-content/uploads/2025/11/belba-aumento-elegance-4-despues-e.jpg,/images/2025/11/belba-aumento-elegance-4-despues-e.webp
/wp-content/uploads/2025/11/belba-aumento-elegance-4-despues.jpg,/images/2025/11/belba-aumento-elegance-4-despues.webp
/wp-content/uploads/2025/11/belba-aumento-elegance-5-antes.jpg,/images/2025/11/belba-aumento-elegance-5-antes.webp
/wp-content/uploads/2025/11/belba-aumento-elegance-5-despues-e.jpg,/images/2025/11/belba-aumento-elegance-5-despues-e.webp
/wp-content/uploads/2025/11/belba-aumento-elegance-5-despues.jpg,/images/2025/11/belba-aumento-elegance-5-despues.webp
/wp-content/uploads/2025/11/belba-aumento-elegance-6-antes.jpg,/images/2025/11/belba-aumento-elegance-6-antes.webp
/wp-content/uploads/2025/11/belba-aumento-elegance-6-despues-e.jpg,/images/2025/11/belba-aumento-elegance-6-despues-e.webp
/wp-content/uploads/2025/11/belba-aumento-elegance-6-despues.jpg,/images/2025/11/belba-aumento-elegance-6-despues.webp
/wp-content/uploads/2025/11/belba-aumento-elegance-7-antes.jpg,/images/2025/11/belba-aumento-elegance-7-antes.webp
/wp-content/uploads/2025/11/belba-aumento-elegance-7-despues-e.jpg,/images/2025/11/belba-aumento-elegance-7-despues-e.webp
/wp-content/uploads/2025/11/belba-aumento-elegance-7-despues.jpg,/images/2025/11/belba-aumento-elegance-7-despues.webp
/wp-content/uploads/2025/11/belba-aumento-elegance-8-antes.jpg,/images/2025/11/belba-aumento-elegance-8-antes.webp
/wp-content/uploads/2025/11/belba-aumento-elegance-8-despues-e.jpg,/images/2025/11/belba-aumento-elegance-8-despues-e.webp
/wp-content/uploads/2025/11/belba-aumento-elegance-8-despues.jpg,/images/2025/11/belba-aumento-elegance-8-despues.webp
/wp-content/uploads/2025/11/belba-aumento-elegance-9-antes.jpg,/images/2025/11/belba-aumento-elegance-9-antes.webp
/wp-content/uploads/2025/11/belba-aumento-elegance-9-despues-e.jpg,/images/2025/11/belba-aumento-elegance-9-despues-e.webp
/wp-content/uploads/2025/11/belba-aumento-elegance-9-despues.jpg,/images/2025/11/belba-aumento-elegance-9-despues.webp
/wp-content/uploads/2025/11/belba-aumento-magnifico-1-antes.jpg,/images/2025/11/belba-aumento-magnifico-1-antes.webp
/wp-content/uploads/2025/11/belba-aumento-magnifico-1-despues-e.jpg,/images/2025/11/belba-aumento-magnifico-1-despues-e.webp
/wp-content/uploads/2025/11/belba-aumento-magnifico-1-despues.jpg,/images/2025/11/belba-aumento-magnifico-1-despues.webp
/wp-content/uploads/2025/11/belba-aumento-magnifico-2-antes.jpg,/images/2025/11/belba-aumento-magnifico-2-antes.webp
/wp-content/uploads/2025/11/belba-aumento-magnifico-2-despues-e.jpg,/images/2025/11/belba-aumento-magnifico-2-despues-e.webp
/wp-content/uploads/2025/11/belba-aumento-magnifico-2-despues.jpg,/images/2025/11/belba-aumento-magnifico-2-despues.webp
/wp-content/uploads/2025/11/belba-aumento-magnifico-3-antes.jpg,/images/2025/11/belba-aumento-magnifico-3-antes.webp
/wp-content/uploads/2025/11/belba-aumento-magnifico-3-despues-e.jpg,/images/2025/11/belba-aumento-magnifico-3-despues-e.webp
/wp-content/uploads/2025/11/belba-aumento-magnifico-3-despues.jpg,/images/2025/11/belba-aumento-magnifico-3-despues.webp
/wp-content/uploads/2025/11/belba-aumento-magnifico-4-antes.jpg,/images/2025/11/belba-aumento-magnifico-4-antes.webp
/wp-content/uploads/2025/11/belba-aumento-magnifico-4-despues-e.jpg,/images/2025/11/belba-aumento-magnifico-4-despues-e.webp
/wp-content/uploads/2025/11/belba-aumento-magnifico-4-despues.jpg,/images/2025/11/belba-aumento-magnifico-4-despues.webp
/wp-content/uploads/2025/11/belba-aumento-magnifico-5-antes.jpg,/images/2025/11/belba-aumento-magnifico-5-antes.webp
/wp-content/uploads/2025/11/belba-aumento-magnifico-5-despues-5.jpg,/images/2025/11/belba-aumento-magnifico-5-despues-5.webp
/wp-content/uploads/2025/11/belba-aumento-magnifico-5-despues.jpg,/images/2025/11/belba-aumento-magnifico-5-despues.webp
/wp-content/uploads/2025/11/belba-aumento-magnifico-6-antes.jpg,/images/2025/11/belba-aumento-magnifico-6-antes.webp
/wp-content/uploads/2025/11/belba-aumento-magnifico-6-despues-e.jpg,/images/2025/11/belba-aumento-magnifico-6-despues-e.webp
/wp-content/uploads/2025/11/belba-aumento-magnifico-6-despues.jpg,/images/2025/11/belba-aumento-magnifico-6-despues.webp
/wp-content/uploads/2025/11/belba-aumento-sublime-1-antes.jpg,/images/2025/11/belba-aumento-sublime-1-antes.webp
/wp-content/uploads/2025/11/belba-aumento-sublime-1-despues-e.jpg,/images/2025/11/belba-aumento-sublime-1-despues-e.webp
/wp-content/uploads/2025/11/belba-aumento-sublime-1-despues.jpg,/images/2025/11/belba-aumento-sublime-1-despues.webp
/wp-content/uploads/2025/11/belba-aumento-sublime-10-antes.jpg,/images/2025/11/belba-aumento-sublime-10-antes.webp
/wp-content/uploads/2025/11/belba-aumento-sublime-10-despues-e.jpg,/images/2025/11/belba-aumento-sublime-10-despues-e.webp
/wp-content/uploads/2025/11/belba-aumento-sublime-10-despues.jpg,/images/2025/11/belba-aumento-sublime-10-despues.webp
/wp-content/uploads/2025/11/belba-aumento-sublime-11-antes.jpg,/images/2025/11/belba-aumento-sublime-11-antes.webp
/wp-content/uploads/2025/11/belba-aumento-sublime-11-despues-e.jpg,/images/2025/11/belba-aumento-sublime-11-despues-e.webp
/wp-content/uploads/2025/11/belba-aumento-sublime-11-despues.jpg,/images/2025/11/belba-aumento-sublime-11-despues.webp
/wp-content/uploads/2025/11/belba-aumento-sublime-12-antes.jpg,/images/2025/11/belba-aumento-sublime-12-antes.webp
/wp-content/uploads/2025/11/belba-aumento-sublime-12-despues-e.jpg,/images/2025/11/belba-aumento-sublime-12-despues-e.webp
/wp-content/uploads/2025/11/belba-aumento-sublime-12-despues.jpg,/images/2025/11/belba-aumento-sublime-12-despues.webp
/wp-content/uploads/2025/11/belba-aumento-sublime-2-antes.jpg,/images/2025/11/belba-aumento-sublime-2-antes.webp
/wp-content/uploads/2025/11/belba-aumento-sublime-2-despues-e.jpg,/images/2025/11/belba-aumento-sublime-2-despues-e.webp
/wp-content/uploads/2025/11/belba-aumento-sublime-2-despues.jpg,/images/2025/11/belba-aumento-sublime-2-despues.webp
/wp-content/uploads/2025/11/belba-aumento-sublime-3-antes.jpg,/images/2025/11/belba-aumento-sublime-3-antes.webp
/wp-content/uploads/2025/11/belba-aumento-sublime-3-despues-e.jpg,/images/2025/11/belba-aumento-sublime-3-despues-e.webp
/wp-content/uploads/2025/11/belba-aumento-sublime-3-despues.jpg,/images/2025/11/belba-aumento-sublime-3-despues.webp
/wp-content/uploads/2025/11/belba-aumento-sublime-4-antes.jpg,/images/2025/11/belba-aumento-sublime-4-antes.webp
/wp-content/uploads/2025/11/belba-aumento-sublime-4-despues-e.jpg,/images/2025/11/belba-aumento-sublime-4-despues-e.webp
/wp-content/uploads/2025/11/belba-aumento-sublime-4-despues.jpg,/images/2025/11/belba-aumento-sublime-4-despues.webp
/wp-content/uploads/2025/11/belba-aumento-sublime-5-antes.jpg,/images/2025/11/belba-aumento-sublime-5-antes.webp
/wp-content/uploads/2025/11/belba-aumento-sublime-5-despues-e.jpg,/images/2025/11/belba-aumento-sublime-5-despues-e.webp
/wp-content/uploads/2025/11/belba-aumento-sublime-5-despues.jpg,/images/2025/11/belba-aumento-sublime-5-despues.webp
/wp-content/uploads/2025/11/belba-aumento-sublime-6-antes.jpg,/images/2025/11/belba-aumento-sublime-6-antes.webp
/wp-content/uploads/2025/11/belba-aumento-sublime-6-despues-e.jpg,/images/2025/11/belba-aumento-sublime-6-despues-e.webp
/wp-content/uploads/2025/11/belba-aumento-sublime-6-despues.jpg,/images/2025/11/belba-aumento-sublime-6-despues.webp
/wp-content/uploads/2025/11/belba-aumento-sublime-7-antes.jpg,/images/2025/11/belba-aumento-sublime-7-antes.webp
/wp-content/uploads/2025/11/belba-aumento-sublime-7-despues-e.jpg,/images/2025/11/belba-aumento-sublime-7-despues-e.webp
/wp-content/uploads/2025/11/belba-aumento-sublime-7-despues.jpg,/images/2025/11/belba-aumento-sublime-7-despues.webp
/wp-content/uploads/2025/11/belba-aumento-sublime-8-antes.jpg,/images/2025/11/belba-aumento-sublime-8-antes.webp
/wp-content/uploads/2025/11/belba-aumento-sublime-8-despues-e.jpg,/images/2025/11/belba-aumento-sublime-8-despues-e.webp
/wp-content/uploads/2025/11/belba-aumento-sublime-8-despues.jpg,/images/2025/11/belba-aumento-sublime-8-despues.webp
/wp-content/uploads/2025/11/belba-aumento-sublime-9-antes.jpg,/images/2025/11/belba-aumento-sublime-9-antes.webp
/wp-content/uploads/2025/11/belba-aumento-sublime-9-despues-e.jpg,/images/2025/11/belba-aumento-sublime-9-despues-e.webp
/wp-content/uploads/2025/11/belba-aumento-sublime-9-despues.jpg,/images/2025/11/belba-aumento-sublime-9-despues.webp
/wp-content/uploads/2025/11/belba-aumento-sutil-1-antes.jpg,/images/2025/11/belba-aumento-sutil-1-antes.webp
/wp-content/uploads/2025/11/belba-aumento-sutil-1-despues-e.jpg,/images/2025/11/belba-aumento-sutil-1-despues-e.webp
/wp-content/uploads/2025/11/belba-aumento-sutil-1-despues.jpg,/images/2025/11/belba-aumento-sutil-1-despues.webp
/wp-content/uploads/2025/11/belba-aumento-sutil-2-antes.jpg,/images/2025/11/belba-aumento-sutil-2-antes.webp
/wp-content/uploads/2025/11/belba-aumento-sutil-2-despues-e.jpg,/images/2025/11/belba-aumento-sutil-2-despues-e.webp
/wp-content/uploads/2025/11/belba-aumento-sutil-2-despues.jpg,/images/2025/11/belba-aumento-sutil-2-despues.webp
/wp-content/uploads/2025/11/belba-aumento-sutil-3-antes.jpg,/images/2025/11/belba-aumento-sutil-3-antes.webp
/wp-content/uploads/2025/11/belba-aumento-sutil-3-despues-e.jpg,/images/2025/11/belba-aumento-sutil-3-despues-e.webp
/wp-content/uploads/2025/11/belba-aumento-sutil-3-despues.jpg,/images/2025/11/belba-aumento-sutil-3-despues.webp
/wp-content/uploads/2025/11/belba-aumento-sutil-4-antes.jpg,/images/2025/11/belba-aumento-sutil-4-antes.webp
/wp-content/uploads/2025/11/belba-aumento-sutil-4-despues-e.jpg,/images/2025/11/belba-aumento-sutil-4-despues-e.webp
/wp-content/uploads/2025/11/belba-aumento-sutil-4-despues.jpg,/images/2025/11/belba-aumento-sutil-4-despues.webp
/wp-content/uploads/2025/11/cirujanos-barcelona.jpg,/images/2025/11/cirujanos-barcelona.webp
/wp-content/uploads/2025/11/cirujanos-plasticos-barcelona.jpg,/images/2025/11/cirujanos-plasticos-barcelona.webp
/wp-content/uploads/2025/11/cropped-MikeDeweverPerfil-300x300.jpg,/images/2025/11/cropped-MikeDeweverPerfil.webp
/wp-content/uploads/2025/11/cropped-MikeDeweverPerfil-500x500.jpg,/images/2025/11/cropped-MikeDeweverPerfil.webp
/wp-content/uploads/2025/11/cropped-MikeDeweverPerfil-96x96.jpg,/images/2025/11/cropped-MikeDeweverPerfil.webp
/wp-content/uploads/2025/11/cropped-MikeDeweverPerfil.jpg,/images/2025/11/cropped-MikeDeweverPerfil.webp
/wp-content/uploads/2025/11/ginecomastia-barcelona-2.jpg,/images/2025/11/ginecomastia-barcelona-2.webp
/wp-content/uploads/2025/11/ic-consulta-medica-150x150.png,/images/2025/11/ic-consulta-medica.webp
/wp-content/uploads/2025/11/ic-consulta-medica-300x300.png,/images/2025/11/ic-consulta-medica.webp
/wp-content/uploads/2025/11/ic-consulta-medica.png,/images/2025/11/ic-consulta-medica.webp
/wp-content/uploads/2025/11/ic-dr-150x150.png,/images/2025/11/ic-dr.webp
/wp-content/uploads/2025/11/ic-dr-300x300.png,/images/2025/11/ic-dr.webp
/wp-content/uploads/2025/11/ic-dr-certificado-150x150.png,/images/2025/11/ic-dr-certificado.webp
/wp-content/uploads/2025/11/ic-dr-certificado-300x300.png,/images/2025/11/ic-dr-certificado.webp
/wp-content/uploads/2025/11/ic-dr-certificado.png,/images/2025/11/ic-dr-certificado.webp
/wp-content/uploads/2025/11/ic-dr.png,/images/2025/11/ic-dr.webp
/wp-content/uploads/2025/11/ic-liposuccion-150x150.png,/images/2025/11/ic-liposuccion.webp
/wp-content/uploads/2025/11/ic-liposuccion-300x300.png,/images/2025/11/ic-liposuccion.webp
/wp-content/uploads/2025/11/ic-liposuccion.png,/images/2025/11/ic-liposuccion.webp
/wp-content/uploads/2025/11/ic-pechos-150x150.png,/images/2025/11/ic-pechos.webp
/wp-content/uploads/2025/11/ic-pechos-300x300.png,/images/2025/11/ic-pechos.webp
/wp-content/uploads/2025/11/ic-pechos.png,/images/2025/11/ic-pechos.webp
/wp-content/uploads/2025/11/ic-premium-150x150.png,/images/2025/11/ic-premium.webp
/wp-content/uploads/2025/11/ic-premium-300x300.png,/images/2025/11/ic-premium.webp
/wp-content/uploads/2025/11/ic-premium.png,/images/2025/11/ic-premium.webp
/wp-content/uploads/2025/11/ic-recuperacion-150x150.png,/images/2025/11/ic-recuperacion.webp
/wp-content/uploads/2025/11/ic-recuperacion-300x300.png,/images/2025/11/ic-recuperacion.webp
/wp-content/uploads/2025/11/ic-recuperacion.png,/images/2025/11/ic-recuperacion.webp
/wp-content/uploads/2025/11/liposuccion-alta-definicion-barcelona.webp,/images/2025/11/liposuccion-alta-definicion-barcelona.webp
/wp-content/uploads/2025/11/precio-abdominoplastia-barcelona.png,/images/2025/11/precio-abdominoplastia-barcelona.webp
/wp-content/uploads/2025/12/Brazos-150x150.png,/images/2025/12/Brazos.webp
/wp-content/uploads/2025/12/Brazos-300x300.png,/images/2025/12/Brazos.webp
/wp-content/uploads/2025/12/Brazos.png,/images/2025/12/Brazos.webp
/wp-content/uploads/2025/12/Cv-Dr.-Felix-Chavarria.pdf,/images/2025/12/Cv-Dr.-Felix-Chavarria.pdf
/wp-content/uploads/2025/12/Cv-Dr.-Mike-Dewever.pdf,/images/2025/12/Cv-Dr.-Mike-Dewever.pdf
/wp-content/uploads/2025/12/Piernas-150x150.png,/images/2025/12/Piernas.webp
/wp-content/uploads/2025/12/Piernas.png,/images/2025/12/Piernas.webp
/wp-content/uploads/2025/12/Rostro-150x150.png,/images/2025/12/Rostro.webp
/wp-content/uploads/2025/12/Rostro-300x300.png,/images/2025/12/Rostro.webp
/wp-content/uploads/2025/12/Rostro.png,/images/2025/12/Rostro.webp
/wp-content/uploads/2025/12/Senos.png,/images/2025/12/Senos.webp
/wp-content/uploads/2025/12/aida.jpg,/images/2025/12/aida.webp
/wp-content/uploads/2025/12/centro-medico-teknon-1-1024x413.jpg,/images/2025/12/centro-medico-teknon-1.webp
/wp-content/uploads/2025/12/centro-medico-teknon-1-1536x619.jpg,/images/2025/12/centro-medico-teknon-1.webp
/wp-content/uploads/2025/12/centro-medico-teknon-1-300x121.jpg,/images/2025/12/centro-medico-teknon-1.webp
/wp-content/uploads/2025/12/centro-medico-teknon-1-768x309.jpg,/images/2025/12/centro-medico-teknon-1.webp
/wp-content/uploads/2025/12/centro-medico-teknon-1.jpg,/images/2025/12/centro-medico-teknon-1.webp
/wp-content/uploads/2025/12/centro-medico-teknon-300x196.jpg,/images/2025/12/centro-medico-teknon.webp
/wp-content/uploads/2025/12/centro-medico-teknon.jpg,/images/2025/12/centro-medico-teknon.webp
/wp-content/uploads/2025/12/corporales-150x150.png,/images/2025/12/corporales.webp
/wp-content/uploads/2025/12/corporales.png,/images/2025/12/corporales.webp
/wp-content/uploads/2025/12/edificio-via-augusta-300x200.jpg,/images/2025/12/edificio-via-augusta.webp
/wp-content/uploads/2025/12/edificio-via-augusta.jpg,/images/2025/12/edificio-via-augusta.webp
/wp-content/uploads/2025/12/elvira.jpg,/images/2025/12/elvira.webp
/wp-content/uploads/2025/12/felix-chavarria-2-247x300.webp,/images/2025/12/felix-chavarria-2.webp
/wp-content/uploads/2025/12/felix-chavarria-2.webp,/images/2025/12/felix-chavarria-2.webp
/wp-content/uploads/2025/12/gluteos.png,/images/2025/12/gluteos.webp
/wp-content/uploads/2025/12/hombres-150x150.png,/images/2025/12/hombres.webp
/wp-content/uploads/2025/12/hombres-300x300.png,/images/2025/12/hombres.webp
/wp-content/uploads/2025/12/hombres.png,/images/2025/12/hombres.webp
/wp-content/uploads/2025/12/mike-dewever-2-247x300.webp,/images/2025/12/mike-dewever-2.webp
/wp-content/uploads/2025/12/mike-dewever-2.webp,/images/2025/12/mike-dewever-2.webp
/wp-content/uploads/2025/12/portada-cir-corporal.jpg,/images/2025/12/portada-cir-corporal.webp
/wp-content/uploads/2025/12/portada-cir-facial.jpg,/images/2025/12/portada-cir-facial.webp
/wp-content/uploads/2025/12/portada-cir-pecho.jpg,/images/2025/12/portada-cir-pecho.webp
/wp-content/uploads/2025/12/que-incluye-mommy-makeover-300x285.jpg,/images/2025/12/que-incluye-mommy-makeover.webp
/wp-content/uploads/2025/12/que-incluye-mommy-makeover-768x730.jpg,/images/2025/12/que-incluye-mommy-makeover.webp
/wp-content/uploads/2025/12/que-incluye-mommy-makeover.jpg,/images/2025/12/que-incluye-mommy-makeover.webp
/wp-content/uploads/2025/12/quiron-salud-tekon-300x46.webp,/images/2025/12/quiron-salud-tekon.webp
/wp-content/uploads/2025/12/quiron-salud-tekon.webp,/images/2025/12/quiron-salud-tekon.webp
/wp-content/uploads/2026/01/CV-Dra-Marel-Gomez.pdf,/images/2026/01/CV-Dra-Marel-Gomez.pdf
/wp-content/uploads/2026/01/aumento-de-pecho-en-barcelona-300x248.webp,/images/2026/01/aumento-de-pecho-en-barcelona.webp
/wp-content/uploads/2026/01/aumento-de-pecho-en-barcelona.webp,/images/2026/01/aumento-de-pecho-en-barcelona.webp
/wp-content/uploads/2026/01/aumento-de-pecho-precio-barcelona.jpg,/images/2026/01/aumento-de-pecho-precio-barcelona.webp
/wp-content/uploads/2026/01/centro-medico-teknon1.webp,/images/2026/01/centro-medico-teknon1.webp
/wp-content/uploads/2026/01/cirugia-estetica-barcelona.jpg,/images/2026/01/cirugia-estetica-barcelona.webp
/wp-content/uploads/2026/01/cirugia-liposuccion-en-barcelona.webp,/images/2026/01/cirugia-liposuccion-en-barcelona.webp
/wp-content/uploads/2026/01/labioplastia-barcelona-2-1-300x155.jpg,/images/2026/01/labioplastia-barcelona-2-1.webp
/wp-content/uploads/2026/01/labioplastia-barcelona-2-1-768x396.jpg,/images/2026/01/labioplastia-barcelona-2-1.webp
/wp-content/uploads/2026/01/labioplastia-barcelona-2-1.jpg,/images/2026/01/labioplastia-barcelona-2-1.webp
/wp-content/uploads/2026/01/liposuccion-en-barcelona.webp,/images/2026/01/liposuccion-en-barcelona.webp
/wp-content/uploads/2026/01/lobuloplastia-para-quien-esta-indicada-279x300.jpg,/images/2026/01/lobuloplastia-para-quien-esta-indicada.webp
/wp-content/uploads/2026/01/lobuloplastia-para-quien-esta-indicada-768x825.jpg,/images/2026/01/lobuloplastia-para-quien-esta-indicada.webp
/wp-content/uploads/2026/01/lobuloplastia-para-quien-esta-indicada.jpg,/images/2026/01/lobuloplastia-para-quien-esta-indicada.webp
/wp-content/uploads/2026/01/mommy-antes-1.jpg,/images/2026/01/mommy-antes-1.webp
/wp-content/uploads/2026/01/mommy-antes-2.jpg,/images/2026/01/mommy-antes-2.webp
/wp-content/uploads/2026/01/mommy-antes-3.jpg,/images/2026/01/mommy-antes-3.webp
/wp-content/uploads/2026/01/mommy-antes-4.jpg,/images/2026/01/mommy-antes-4.webp
/wp-content/uploads/2026/01/mommy-despues-1.jpg,/images/2026/01/mommy-despues-1.webp
/wp-content/uploads/2026/01/mommy-despues-2.jpg,/images/2026/01/mommy-despues-2.webp
/wp-content/uploads/2026/01/mommy-despues-3.jpg,/images/2026/01/mommy-despues-3.webp
/wp-content/uploads/2026/01/mommy-despues-4.jpg,/images/2026/01/mommy-despues-4.webp
/wp-content/uploads/2026/01/objetivo-mentoplastia-300x195.jpg,/images/2026/01/objetivo-mentoplastia.webp
/wp-content/uploads/2026/01/objetivo-mentoplastia-768x499.jpg,/images/2026/01/objetivo-mentoplastia.webp
/wp-content/uploads/2026/01/objetivo-mentoplastia.jpg,/images/2026/01/objetivo-mentoplastia.webp
/wp-content/uploads/2026/01/paciente-aumento-de-gluteos-300x285.jpg,/images/2026/01/paciente-aumento-de-gluteos.webp
/wp-content/uploads/2026/01/paciente-aumento-de-gluteos-768x728.jpg,/images/2026/01/paciente-aumento-de-gluteos.webp
/wp-content/uploads/2026/01/paciente-aumento-de-gluteos.jpg,/images/2026/01/paciente-aumento-de-gluteos.webp
/wp-content/uploads/2026/01/tecnica-brst-aumento-de-pecho-1-300x105.jpg,/images/2026/01/tecnica-brst-aumento-de-pecho-1.webp
/wp-content/uploads/2026/01/tecnica-brst-aumento-de-pecho-1-768x269.jpg,/images/2026/01/tecnica-brst-aumento-de-pecho-1.webp
/wp-content/uploads/2026/01/tecnica-brst-aumento-de-pecho-1.jpg,/images/2026/01/tecnica-brst-aumento-de-pecho-1.webp
/wp-content/uploads/2026/03/Abdominoplastia-o-liposuccion--300x276.jpg,/images/2026/03/Abdominoplastia-o-liposuccion-.webp
/wp-content/uploads/2026/03/Abdominoplastia-o-liposuccion--595xh.jpg,/images/2026/03/Abdominoplastia-o-liposuccion-.webp
/wp-content/uploads/2026/03/Abdominoplastia-o-liposuccion--768x707.jpg,/images/2026/03/Abdominoplastia-o-liposuccion-.webp
/wp-content/uploads/2026/03/Abdominoplastia-o-liposuccion-.jpg,/images/2026/03/Abdominoplastia-o-liposuccion-.webp
/wp-content/uploads/2026/03/Abdominoplastia-o-liposuccion-1024x396.jpg,/images/2026/03/Abdominoplastia-o-liposuccion.webp
/wp-content/uploads/2026/03/Abdominoplastia-o-liposuccion-300x116.jpg,/images/2026/03/Abdominoplastia-o-liposuccion.webp
/wp-content/uploads/2026/03/Abdominoplastia-o-liposuccion-595xh.jpg,/images/2026/03/Abdominoplastia-o-liposuccion.webp
/wp-content/uploads/2026/03/Abdominoplastia-o-liposuccion-768x297.jpg,/images/2026/03/Abdominoplastia-o-liposuccion.webp
/wp-content/uploads/2026/03/Abdominoplastia-o-liposuccion.jpg,/images/2026/03/Abdominoplastia-o-liposuccion.webp
/wp-content/uploads/2026/03/Abdominoplastia-vs-liposuccion-comparativa-rapida-1-1024x462.jpg,/images/2026/03/Abdominoplastia-vs-liposuccion-comparativa-rapida-1.webp
/wp-content/uploads/2026/03/Abdominoplastia-vs-liposuccion-comparativa-rapida-1-300x135.jpg,/images/2026/03/Abdominoplastia-vs-liposuccion-comparativa-rapida-1.webp
/wp-content/uploads/2026/03/Abdominoplastia-vs-liposuccion-comparativa-rapida-1-595xh.jpg,/images/2026/03/Abdominoplastia-vs-liposuccion-comparativa-rapida-1.webp
/wp-content/uploads/2026/03/Abdominoplastia-vs-liposuccion-comparativa-rapida-1-768x346.jpg,/images/2026/03/Abdominoplastia-vs-liposuccion-comparativa-rapida-1.webp
/wp-content/uploads/2026/03/Abdominoplastia-vs-liposuccion-comparativa-rapida-1.jpg,/images/2026/03/Abdominoplastia-vs-liposuccion-comparativa-rapida-1.webp
/wp-content/uploads/2026/03/Actividad-caminar-1229x1536.jpg,/images/2026/03/Actividad-caminar.webp
/wp-content/uploads/2026/03/Actividad-caminar-240x300.jpg,/images/2026/03/Actividad-caminar.webp
/wp-content/uploads/2026/03/Actividad-caminar-595xh.jpg,/images/2026/03/Actividad-caminar.webp
/wp-content/uploads/2026/03/Actividad-caminar-768x960.jpg,/images/2026/03/Actividad-caminar.webp
/wp-content/uploads/2026/03/Actividad-caminar-819x1024.jpg,/images/2026/03/Actividad-caminar.webp
/wp-content/uploads/2026/03/Actividad-caminar.jpg,/images/2026/03/Actividad-caminar.webp
/wp-content/uploads/2026/03/Actividad-suave-y-caminar-1-1229x1536.jpg,/images/2026/03/Actividad-suave-y-caminar-1.webp
/wp-content/uploads/2026/03/Actividad-suave-y-caminar-1-240x300.jpg,/images/2026/03/Actividad-suave-y-caminar-1.webp
/wp-content/uploads/2026/03/Actividad-suave-y-caminar-1-595xh.jpg,/images/2026/03/Actividad-suave-y-caminar-1.webp
/wp-content/uploads/2026/03/Actividad-suave-y-caminar-1-768x960.jpg,/images/2026/03/Actividad-suave-y-caminar-1.webp
/wp-content/uploads/2026/03/Actividad-suave-y-caminar-1-819x1024.jpg,/images/2026/03/Actividad-suave-y-caminar-1.webp
/wp-content/uploads/2026/03/Actividad-suave-y-caminar-1.jpg,/images/2026/03/Actividad-suave-y-caminar-1.webp
/wp-content/uploads/2026/03/Aumento-de-pecho-natural-1024x486.png,/images/2026/03/Aumento-de-pecho-natural.webp
/wp-content/uploads/2026/03/Aumento-de-pecho-natural-300x142.png,/images/2026/03/Aumento-de-pecho-natural.webp
/wp-content/uploads/2026/03/Aumento-de-pecho-natural-595xh.png,/images/2026/03/Aumento-de-pecho-natural.webp
/wp-content/uploads/2026/03/Aumento-de-pecho-natural-768x364.png,/images/2026/03/Aumento-de-pecho-natural.webp
/wp-content/uploads/2026/03/Aumento-de-pecho-natural.png,/images/2026/03/Aumento-de-pecho-natural.webp
/wp-content/uploads/2026/03/BLEFAROPLASTIA-1024x819.jpg,/images/2026/03/BLEFAROPLASTIA.webp
/wp-content/uploads/2026/03/BLEFAROPLASTIA-1536x1228.jpg,/images/2026/03/BLEFAROPLASTIA.webp
/wp-content/uploads/2026/03/BLEFAROPLASTIA-300x240.jpg,/images/2026/03/BLEFAROPLASTIA.webp
/wp-content/uploads/2026/03/BLEFAROPLASTIA-595xh.jpg,/images/2026/03/BLEFAROPLASTIA.webp
/wp-content/uploads/2026/03/BLEFAROPLASTIA-768x614.jpg,/images/2026/03/BLEFAROPLASTIA.webp
/wp-content/uploads/2026/03/BLEFAROPLASTIA-SUPERIOR-1152x2048.jpg,/images/2026/03/BLEFAROPLASTIA-SUPERIOR.webp
/wp-content/uploads/2026/03/BLEFAROPLASTIA-SUPERIOR-169x300.jpg,/images/2026/03/BLEFAROPLASTIA-SUPERIOR.webp
/wp-content/uploads/2026/03/BLEFAROPLASTIA-SUPERIOR-576x1024.jpg,/images/2026/03/BLEFAROPLASTIA-SUPERIOR.webp
/wp-content/uploads/2026/03/BLEFAROPLASTIA-SUPERIOR-595xh.jpg,/images/2026/03/BLEFAROPLASTIA-SUPERIOR.webp
/wp-content/uploads/2026/03/BLEFAROPLASTIA-SUPERIOR-768x1365.jpg,/images/2026/03/BLEFAROPLASTIA-SUPERIOR.webp
/wp-content/uploads/2026/03/BLEFAROPLASTIA-SUPERIOR-864x1536.jpg,/images/2026/03/BLEFAROPLASTIA-SUPERIOR.webp
/wp-content/uploads/2026/03/BLEFAROPLASTIA-SUPERIOR-scaled.jpg,/images/2026/03/BLEFAROPLASTIA-SUPERIOR.webp
/wp-content/uploads/2026/03/BLEFAROPLASTIA-SUPERIOR.jpg,/images/2026/03/BLEFAROPLASTIA-SUPERIOR.webp
/wp-content/uploads/2026/03/BLEFAROPLASTIA.jpg,/images/2026/03/BLEFAROPLASTIA.webp
/wp-content/uploads/2026/03/Body-lift-o-lifting-corporal-1152x2048.jpg,/images/2026/03/Body-lift-o-lifting-corporal.webp
/wp-content/uploads/2026/03/Body-lift-o-lifting-corporal-169x300.jpg,/images/2026/03/Body-lift-o-lifting-corporal.webp
/wp-content/uploads/2026/03/Body-lift-o-lifting-corporal-576x1024.jpg,/images/2026/03/Body-lift-o-lifting-corporal.webp
/wp-content/uploads/2026/03/Body-lift-o-lifting-corporal-595xh.jpg,/images/2026/03/Body-lift-o-lifting-corporal.webp
/wp-content/uploads/2026/03/Body-lift-o-lifting-corporal-768x1365.jpg,/images/2026/03/Body-lift-o-lifting-corporal.webp
/wp-content/uploads/2026/03/Body-lift-o-lifting-corporal-864x1536.jpg,/images/2026/03/Body-lift-o-lifting-corporal.webp
/wp-content/uploads/2026/03/Body-lift-o-lifting-corporal-scaled.jpg,/images/2026/03/Body-lift-o-lifting-corporal.webp
/wp-content/uploads/2026/03/Body-lift-o-lifting-corporal.jpg,/images/2026/03/Body-lift-o-lifting-corporal.webp
/wp-content/uploads/2026/03/Body-lift-o-lifting-corporals-1152x2048.jpg,/images/2026/03/Body-lift-o-lifting-corporals.webp
/wp-content/uploads/2026/03/Body-lift-o-lifting-corporals-169x300.jpg,/images/2026/03/Body-lift-o-lifting-corporals.webp
/wp-content/uploads/2026/03/Body-lift-o-lifting-corporals-576x1024.jpg,/images/2026/03/Body-lift-o-lifting-corporals.webp
/wp-content/uploads/2026/03/Body-lift-o-lifting-corporals-595xh.jpg,/images/2026/03/Body-lift-o-lifting-corporals.webp
/wp-content/uploads/2026/03/Body-lift-o-lifting-corporals-768x1365.jpg,/images/2026/03/Body-lift-o-lifting-corporals.webp
/wp-content/uploads/2026/03/Body-lift-o-lifting-corporals-864x1536.jpg,/images/2026/03/Body-lift-o-lifting-corporals.webp
/wp-content/uploads/2026/03/Body-lift-o-lifting-corporals.jpg,/images/2026/03/Body-lift-o-lifting-corporals.webp
/wp-content/uploads/2026/03/Como-elegir-cirujano-plastico-1024x461.jpg,/images/2026/03/Como-elegir-cirujano-plastico.webp
/wp-content/uploads/2026/03/Como-elegir-cirujano-plastico-1536x691.jpg,/images/2026/03/Como-elegir-cirujano-plastico.webp
/wp-content/uploads/2026/03/Como-elegir-cirujano-plastico-300x135.jpg,/images/2026/03/Como-elegir-cirujano-plastico.webp
/wp-content/uploads/2026/03/Como-elegir-cirujano-plastico-595xh.jpg,/images/2026/03/Como-elegir-cirujano-plastico.webp
/wp-content/uploads/2026/03/Como-elegir-cirujano-plastico-768x346.jpg,/images/2026/03/Como-elegir-cirujano-plastico.webp
/wp-content/uploads/2026/03/Como-elegir-cirujano-plastico.jpg,/images/2026/03/Como-elegir-cirujano-plastico.webp
/wp-content/uploads/2026/03/Como-elegir-clinica-de-blefaroplastia-sin-fijarte-solo-en-el-precio-1-1024x577.jpg,/images/2026/03/Como-elegir-clinica-de-blefaroplastia-sin-fijarte-solo-en-el-precio-1.webp
/wp-content/uploads/2026/03/Como-elegir-clinica-de-blefaroplastia-sin-fijarte-solo-en-el-precio-1-1536x865.jpg,/images/2026/03/Como-elegir-clinica-de-blefaroplastia-sin-fijarte-solo-en-el-precio-1.webp
/wp-content/uploads/2026/03/Como-elegir-clinica-de-blefaroplastia-sin-fijarte-solo-en-el-precio-1-300x169.jpg,/images/2026/03/Como-elegir-clinica-de-blefaroplastia-sin-fijarte-solo-en-el-precio-1.webp
/wp-content/uploads/2026/03/Como-elegir-clinica-de-blefaroplastia-sin-fijarte-solo-en-el-precio-1-595xh.jpg,/images/2026/03/Como-elegir-clinica-de-blefaroplastia-sin-fijarte-solo-en-el-precio-1.webp
/wp-content/uploads/2026/03/Como-elegir-clinica-de-blefaroplastia-sin-fijarte-solo-en-el-precio-1-768x432.jpg,/images/2026/03/Como-elegir-clinica-de-blefaroplastia-sin-fijarte-solo-en-el-precio-1.webp
/wp-content/uploads/2026/03/Como-elegir-clinica-de-blefaroplastia-sin-fijarte-solo-en-el-precio-1.jpg,/images/2026/03/Como-elegir-clinica-de-blefaroplastia-sin-fijarte-solo-en-el-precio-1.webp
/wp-content/uploads/2026/03/Como-saber-que-tamano-de-protesis-elegir-1-233x300.jpg,/images/2026/03/Como-saber-que-tamano-de-protesis-elegir-1.webp
/wp-content/uploads/2026/03/Como-saber-que-tamano-de-protesis-elegir-1-768x990.jpg,/images/2026/03/Como-saber-que-tamano-de-protesis-elegir-1.webp
/wp-content/uploads/2026/03/Como-saber-que-tamano-de-protesis-elegir-1-794x1024.jpg,/images/2026/03/Como-saber-que-tamano-de-protesis-elegir-1.webp
/wp-content/uploads/2026/03/Como-saber-que-tamano-de-protesis-elegir-1.jpg,/images/2026/03/Como-saber-que-tamano-de-protesis-elegir-1.webp
/wp-content/uploads/2026/03/Cual-es-la-mejor-edad-para-un-aumento-de-pecho-1-1024x324.jpg,/images/2026/03/Cual-es-la-mejor-edad-para-un-aumento-de-pecho-1.webp
/wp-content/uploads/2026/03/Cual-es-la-mejor-edad-para-un-aumento-de-pecho-1-1536x486.jpg,/images/2026/03/Cual-es-la-mejor-edad-para-un-aumento-de-pecho-1.webp
/wp-content/uploads/2026/03/Cual-es-la-mejor-edad-para-un-aumento-de-pecho-1-300x95.jpg,/images/2026/03/Cual-es-la-mejor-edad-para-un-aumento-de-pecho-1.webp
/wp-content/uploads/2026/03/Cual-es-la-mejor-edad-para-un-aumento-de-pecho-1-595xh.jpg,/images/2026/03/Cual-es-la-mejor-edad-para-un-aumento-de-pecho-1.webp
/wp-content/uploads/2026/03/Cual-es-la-mejor-edad-para-un-aumento-de-pecho-1-768x243.jpg,/images/2026/03/Cual-es-la-mejor-edad-para-un-aumento-de-pecho-1.webp
/wp-content/uploads/2026/03/Cual-es-la-mejor-edad-para-un-aumento-de-pecho-1.jpg,/images/2026/03/Cual-es-la-mejor-edad-para-un-aumento-de-pecho-1.webp
/wp-content/uploads/2026/03/Cual-es-la-mejor-edad-para-un-aumento-de-pecho-150x150.png,/images/2026/03/Cual-es-la-mejor-edad-para-un-aumento-de-pecho.webp
/wp-content/uploads/2026/03/Cual-es-la-mejor-edad-para-un-aumento-de-pecho-300x300.png,/images/2026/03/Cual-es-la-mejor-edad-para-un-aumento-de-pecho.webp
/wp-content/uploads/2026/03/Cual-es-la-mejor-edad-para-un-aumento-de-pecho.png,/images/2026/03/Cual-es-la-mejor-edad-para-un-aumento-de-pecho.webp
/wp-content/uploads/2026/03/Cuando-es-recomendable-un-lifting-facial-1024x504.jpg,/images/2026/03/Cuando-es-recomendable-un-lifting-facial.webp
/wp-content/uploads/2026/03/Cuando-es-recomendable-un-lifting-facial-1536x756.jpg,/images/2026/03/Cuando-es-recomendable-un-lifting-facial.webp
/wp-content/uploads/2026/03/Cuando-es-recomendable-un-lifting-facial-300x148.jpg,/images/2026/03/Cuando-es-recomendable-un-lifting-facial.webp
/wp-content/uploads/2026/03/Cuando-es-recomendable-un-lifting-facial-595xh.jpg,/images/2026/03/Cuando-es-recomendable-un-lifting-facial.webp
/wp-content/uploads/2026/03/Cuando-es-recomendable-un-lifting-facial-768x378.jpg,/images/2026/03/Cuando-es-recomendable-un-lifting-facial.webp
/wp-content/uploads/2026/03/Cuando-es-recomendable-un-lifting-facial.jpg,/images/2026/03/Cuando-es-recomendable-un-lifting-facial.webp
/wp-content/uploads/2026/03/Cuando-esta-indicada-una-abdominoplastia-y-cuando-no-1-1024x493.jpg,/images/2026/03/Cuando-esta-indicada-una-abdominoplastia-y-cuando-no-1.webp
/wp-content/uploads/2026/03/Cuando-esta-indicada-una-abdominoplastia-y-cuando-no-1-300x144.jpg,/images/2026/03/Cuando-esta-indicada-una-abdominoplastia-y-cuando-no-1.webp
/wp-content/uploads/2026/03/Cuando-esta-indicada-una-abdominoplastia-y-cuando-no-1-595xh.jpg,/images/2026/03/Cuando-esta-indicada-una-abdominoplastia-y-cuando-no-1.webp
/wp-content/uploads/2026/03/Cuando-esta-indicada-una-abdominoplastia-y-cuando-no-1-768x369.jpg,/images/2026/03/Cuando-esta-indicada-una-abdominoplastia-y-cuando-no-1.webp
/wp-content/uploads/2026/03/Cuando-esta-indicada-una-abdominoplastia-y-cuando-no-1.jpg,/images/2026/03/Cuando-esta-indicada-una-abdominoplastia-y-cuando-no-1.webp
/wp-content/uploads/2026/03/Cuando-puedes-hacer-cada-tipo-de-ejercicio-despues-de-un-aumento-de-pecho-1024x338.jpg,/images/2026/03/Cuando-puedes-hacer-cada-tipo-de-ejercicio-despues-de-un-aumento-de-pecho.webp
/wp-content/uploads/2026/03/Cuando-puedes-hacer-cada-tipo-de-ejercicio-despues-de-un-aumento-de-pecho-300x99.jpg,/images/2026/03/Cuando-puedes-hacer-cada-tipo-de-ejercicio-despues-de-un-aumento-de-pecho.webp
/wp-content/uploads/2026/03/Cuando-puedes-hacer-cada-tipo-de-ejercicio-despues-de-un-aumento-de-pecho-595xh.jpg,/images/2026/03/Cuando-puedes-hacer-cada-tipo-de-ejercicio-despues-de-un-aumento-de-pecho.webp
/wp-content/uploads/2026/03/Cuando-puedes-hacer-cada-tipo-de-ejercicio-despues-de-un-aumento-de-pecho-768x253.jpg,/images/2026/03/Cuando-puedes-hacer-cada-tipo-de-ejercicio-despues-de-un-aumento-de-pecho.webp
/wp-content/uploads/2026/03/Cuando-puedes-hacer-cada-tipo-de-ejercicio-despues-de-un-aumento-de-pecho.jpg,/images/2026/03/Cuando-puedes-hacer-cada-tipo-de-ejercicio-despues-de-un-aumento-de-pecho.webp
/wp-content/uploads/2026/03/Cuando-puedo-hacer-ejercicio-despues-de-un-aumento-de-pecho-1-1024x353.jpg,/images/2026/03/Cuando-puedo-hacer-ejercicio-despues-de-un-aumento-de-pecho-1.webp
/wp-content/uploads/2026/03/Cuando-puedo-hacer-ejercicio-despues-de-un-aumento-de-pecho-1-1536x530.jpg,/images/2026/03/Cuando-puedo-hacer-ejercicio-despues-de-un-aumento-de-pecho-1.webp
/wp-content/uploads/2026/03/Cuando-puedo-hacer-ejercicio-despues-de-un-aumento-de-pecho-1-300x104.jpg,/images/2026/03/Cuando-puedo-hacer-ejercicio-despues-de-un-aumento-de-pecho-1.webp
/wp-content/uploads/2026/03/Cuando-puedo-hacer-ejercicio-despues-de-un-aumento-de-pecho-1-595xh.jpg,/images/2026/03/Cuando-puedo-hacer-ejercicio-despues-de-un-aumento-de-pecho-1.webp
/wp-content/uploads/2026/03/Cuando-puedo-hacer-ejercicio-despues-de-un-aumento-de-pecho-1-768x265.jpg,/images/2026/03/Cuando-puedo-hacer-ejercicio-despues-de-un-aumento-de-pecho-1.webp
/wp-content/uploads/2026/03/Cuando-puedo-hacer-ejercicio-despues-de-un-aumento-de-pecho-1.jpg,/images/2026/03/Cuando-puedo-hacer-ejercicio-despues-de-un-aumento-de-pecho-1.webp
/wp-content/uploads/2026/03/Cuando-puedo-hacer-ejercicio-despues-de-un-aumento-de-pecho-1024x353.jpg,/images/2026/03/Cuando-puedo-hacer-ejercicio-despues-de-un-aumento-de-pecho.webp
/wp-content/uploads/2026/03/Cuando-puedo-hacer-ejercicio-despues-de-un-aumento-de-pecho-1536x530.jpg,/images/2026/03/Cuando-puedo-hacer-ejercicio-despues-de-un-aumento-de-pecho.webp
/wp-content/uploads/2026/03/Cuando-puedo-hacer-ejercicio-despues-de-un-aumento-de-pecho-300x104.jpg,/images/2026/03/Cuando-puedo-hacer-ejercicio-despues-de-un-aumento-de-pecho.webp
/wp-content/uploads/2026/03/Cuando-puedo-hacer-ejercicio-despues-de-un-aumento-de-pecho-595xh.jpg,/images/2026/03/Cuando-puedo-hacer-ejercicio-despues-de-un-aumento-de-pecho.webp
/wp-content/uploads/2026/03/Cuando-puedo-hacer-ejercicio-despues-de-un-aumento-de-pecho-768x265.jpg,/images/2026/03/Cuando-puedo-hacer-ejercicio-despues-de-un-aumento-de-pecho.webp
/wp-content/uploads/2026/03/Cuando-puedo-hacer-ejercicio-despues-de-un-aumento-de-pecho.jpg,/images/2026/03/Cuando-puedo-hacer-ejercicio-despues-de-un-aumento-de-pecho.webp
/wp-content/uploads/2026/03/Cuando-se-ven-los-resultados-finales-1-300x195.jpg,/images/2026/03/Cuando-se-ven-los-resultados-finales-1.webp
/wp-content/uploads/2026/03/Cuando-se-ven-los-resultados-finales-1-768x499.jpg,/images/2026/03/Cuando-se-ven-los-resultados-finales-1.webp
/wp-content/uploads/2026/03/Cuando-se-ven-los-resultados-finales-1.jpg,/images/2026/03/Cuando-se-ven-los-resultados-finales-1.webp
/wp-content/uploads/2026/03/Cuando-suele-recomendarse-una-abdominoplastia-1024x952.jpg,/images/2026/03/Cuando-suele-recomendarse-una-abdominoplastia.webp
/wp-content/uploads/2026/03/Cuando-suele-recomendarse-una-abdominoplastia-1536x1428.jpg,/images/2026/03/Cuando-suele-recomendarse-una-abdominoplastia.webp
/wp-content/uploads/2026/03/Cuando-suele-recomendarse-una-abdominoplastia-300x279.jpg,/images/2026/03/Cuando-suele-recomendarse-una-abdominoplastia.webp
/wp-content/uploads/2026/03/Cuando-suele-recomendarse-una-abdominoplastia-595xh.jpg,/images/2026/03/Cuando-suele-recomendarse-una-abdominoplastia.webp
/wp-content/uploads/2026/03/Cuando-suele-recomendarse-una-abdominoplastia-768x714.jpg,/images/2026/03/Cuando-suele-recomendarse-una-abdominoplastia.webp
/wp-content/uploads/2026/03/Cuando-suele-recomendarse-una-abdominoplastia.jpg,/images/2026/03/Cuando-suele-recomendarse-una-abdominoplastia.webp
/wp-content/uploads/2026/03/Cuando-suele-recomendarse-una-liposuccion-1-1024x326.jpg,/images/2026/03/Cuando-suele-recomendarse-una-liposuccion-1.webp
/wp-content/uploads/2026/03/Cuando-suele-recomendarse-una-liposuccion-1-1536x489.jpg,/images/2026/03/Cuando-suele-recomendarse-una-liposuccion-1.webp
/wp-content/uploads/2026/03/Cuando-suele-recomendarse-una-liposuccion-1-2048x652.jpg,/images/2026/03/Cuando-suele-recomendarse-una-liposuccion-1.webp
/wp-content/uploads/2026/03/Cuando-suele-recomendarse-una-liposuccion-1-300x96.jpg,/images/2026/03/Cuando-suele-recomendarse-una-liposuccion-1.webp
/wp-content/uploads/2026/03/Cuando-suele-recomendarse-una-liposuccion-1-595xh.jpg,/images/2026/03/Cuando-suele-recomendarse-una-liposuccion-1.webp
/wp-content/uploads/2026/03/Cuando-suele-recomendarse-una-liposuccion-1-768x245.jpg,/images/2026/03/Cuando-suele-recomendarse-una-liposuccion-1.webp
/wp-content/uploads/2026/03/Cuando-suele-recomendarse-una-liposuccion-1-scaled.jpg,/images/2026/03/Cuando-suele-recomendarse-una-liposuccion-1.webp
/wp-content/uploads/2026/03/Cuando-suele-recomendarse-una-liposuccion-1.jpg,/images/2026/03/Cuando-suele-recomendarse-una-liposuccion-1.webp
/wp-content/uploads/2026/03/Cuanto-cuestan-los-implantes-mamarios-1024x523.jpg,/images/2026/03/Cuanto-cuestan-los-implantes-mamarios.webp
/wp-content/uploads/2026/03/Cuanto-cuestan-los-implantes-mamarios-1536x784.jpg,/images/2026/03/Cuanto-cuestan-los-implantes-mamarios.webp
/wp-content/uploads/2026/03/Cuanto-cuestan-los-implantes-mamarios-300x153.jpg,/images/2026/03/Cuanto-cuestan-los-implantes-mamarios.webp
/wp-content/uploads/2026/03/Cuanto-cuestan-los-implantes-mamarios-595xh.jpg,/images/2026/03/Cuanto-cuestan-los-implantes-mamarios.webp
/wp-content/uploads/2026/03/Cuanto-cuestan-los-implantes-mamarios-768x392.jpg,/images/2026/03/Cuanto-cuestan-los-implantes-mamarios.webp
/wp-content/uploads/2026/03/Cuanto-cuestan-los-implantes-mamarios.jpg,/images/2026/03/Cuanto-cuestan-los-implantes-mamarios.webp
/wp-content/uploads/2026/03/Cuanto-vale-un-aumento-de-pecho-en-Espana--150x150.jpg,/images/2026/03/Cuanto-vale-un-aumento-de-pecho-en-Espana-.webp
/wp-content/uploads/2026/03/Cuanto-vale-un-aumento-de-pecho-en-Espana--300x300.jpg,/images/2026/03/Cuanto-vale-un-aumento-de-pecho-en-Espana-.webp
/wp-content/uploads/2026/03/Cuanto-vale-un-aumento-de-pecho-en-Espana-.jpg,/images/2026/03/Cuanto-vale-un-aumento-de-pecho-en-Espana-.webp
/wp-content/uploads/2026/03/Cuanto-vale-un-aumento-de-pecho-en-Espana-1024x478.jpg,/images/2026/03/Cuanto-vale-un-aumento-de-pecho-en-Espana.webp
/wp-content/uploads/2026/03/Cuanto-vale-un-aumento-de-pecho-en-Espana-1536x717.jpg,/images/2026/03/Cuanto-vale-un-aumento-de-pecho-en-Espana.webp
/wp-content/uploads/2026/03/Cuanto-vale-un-aumento-de-pecho-en-Espana-300x140.jpg,/images/2026/03/Cuanto-vale-un-aumento-de-pecho-en-Espana.webp
/wp-content/uploads/2026/03/Cuanto-vale-un-aumento-de-pecho-en-Espana-595xh.jpg,/images/2026/03/Cuanto-vale-un-aumento-de-pecho-en-Espana.webp
/wp-content/uploads/2026/03/Cuanto-vale-un-aumento-de-pecho-en-Espana-768x358.jpg,/images/2026/03/Cuanto-vale-un-aumento-de-pecho-en-Espana.webp
/wp-content/uploads/2026/03/Cuanto-vale-un-aumento-de-pecho-en-Espana-Experiencia-del-cirujano-198x300.jpg,/images/2026/03/Cuanto-vale-un-aumento-de-pecho-en-Espana-Experiencia-del-cirujano.webp
/wp-content/uploads/2026/03/Cuanto-vale-un-aumento-de-pecho-en-Espana-Experiencia-del-cirujano-595xh.jpg,/images/2026/03/Cuanto-vale-un-aumento-de-pecho-en-Espana-Experiencia-del-cirujano.webp
/wp-content/uploads/2026/03/Cuanto-vale-un-aumento-de-pecho-en-Espana-Experiencia-del-cirujano-676x1024.jpg,/images/2026/03/Cuanto-vale-un-aumento-de-pecho-en-Espana-Experiencia-del-cirujano.webp
/wp-content/uploads/2026/03/Cuanto-vale-un-aumento-de-pecho-en-Espana-Experiencia-del-cirujano-768x1164.jpg,/images/2026/03/Cuanto-vale-un-aumento-de-pecho-en-Espana-Experiencia-del-cirujano.webp
/wp-content/uploads/2026/03/Cuanto-vale-un-aumento-de-pecho-en-Espana-Experiencia-del-cirujano.jpg,/images/2026/03/Cuanto-vale-un-aumento-de-pecho-en-Espana-Experiencia-del-cirujano.webp
/wp-content/uploads/2026/03/Cuanto-vale-un-aumento-de-pecho-en-Espana-Tipo-de-implantes-mamarios-197x300.png,/images/2026/03/Cuanto-vale-un-aumento-de-pecho-en-Espana-Tipo-de-implantes-mamarios.webp
/wp-content/uploads/2026/03/Cuanto-vale-un-aumento-de-pecho-en-Espana-Tipo-de-implantes-mamarios.png,/images/2026/03/Cuanto-vale-un-aumento-de-pecho-en-Espana-Tipo-de-implantes-mamarios.webp
/wp-content/uploads/2026/03/Cuanto-vale-un-aumento-de-pecho-en-Espana.jpg,/images/2026/03/Cuanto-vale-un-aumento-de-pecho-en-Espana.webp
/wp-content/uploads/2026/03/Elegir-cirujano-plastico-1024x1024.jpg,/images/2026/03/Elegir-cirujano-plastico.webp
/wp-content/uploads/2026/03/Elegir-cirujano-plastico-150x150.jpg,/images/2026/03/Elegir-cirujano-plastico.webp
/wp-content/uploads/2026/03/Elegir-cirujano-plastico-1536x1536.jpg,/images/2026/03/Elegir-cirujano-plastico.webp
/wp-content/uploads/2026/03/Elegir-cirujano-plastico-300x300.jpg,/images/2026/03/Elegir-cirujano-plastico.webp
/wp-content/uploads/2026/03/Elegir-cirujano-plastico-595xh.jpg,/images/2026/03/Elegir-cirujano-plastico.webp
/wp-content/uploads/2026/03/Elegir-cirujano-plastico-768x768.jpg,/images/2026/03/Elegir-cirujano-plastico.webp
/wp-content/uploads/2026/03/Elegir-cirujano-plastico.jpg,/images/2026/03/Elegir-cirujano-plastico.webp
/wp-content/uploads/2026/03/Exceso-de-piel-flacidez-y-diastasis-abdominal-240x300.jpg,/images/2026/03/Exceso-de-piel-flacidez-y-diastasis-abdominal.webp
/wp-content/uploads/2026/03/Exceso-de-piel-flacidez-y-diastasis-abdominal-595xh.jpg,/images/2026/03/Exceso-de-piel-flacidez-y-diastasis-abdominal.webp
/wp-content/uploads/2026/03/Exceso-de-piel-flacidez-y-diastasis-abdominal-768x960.jpg,/images/2026/03/Exceso-de-piel-flacidez-y-diastasis-abdominal.webp
/wp-content/uploads/2026/03/Exceso-de-piel-flacidez-y-diastasis-abdominal-819x1024.jpg,/images/2026/03/Exceso-de-piel-flacidez-y-diastasis-abdominal.webp
/wp-content/uploads/2026/03/Exceso-de-piel-flacidez-y-diastasis-abdominal.jpg,/images/2026/03/Exceso-de-piel-flacidez-y-diastasis-abdominal.webp
/wp-content/uploads/2026/03/Existe-una-edad-ideal-para-un-aumento-de-pecho-1017x1536.jpg,/images/2026/03/Existe-una-edad-ideal-para-un-aumento-de-pecho.webp
/wp-content/uploads/2026/03/Existe-una-edad-ideal-para-un-aumento-de-pecho-1356x2048.jpg,/images/2026/03/Existe-una-edad-ideal-para-un-aumento-de-pecho.webp
/wp-content/uploads/2026/03/Existe-una-edad-ideal-para-un-aumento-de-pecho-199x300.jpg,/images/2026/03/Existe-una-edad-ideal-para-un-aumento-de-pecho.webp
/wp-content/uploads/2026/03/Existe-una-edad-ideal-para-un-aumento-de-pecho-595xh.jpg,/images/2026/03/Existe-una-edad-ideal-para-un-aumento-de-pecho.webp
/wp-content/uploads/2026/03/Existe-una-edad-ideal-para-un-aumento-de-pecho-678x1024.jpg,/images/2026/03/Existe-una-edad-ideal-para-un-aumento-de-pecho.webp
/wp-content/uploads/2026/03/Existe-una-edad-ideal-para-un-aumento-de-pecho-768x1160.jpg,/images/2026/03/Existe-una-edad-ideal-para-un-aumento-de-pecho.webp
/wp-content/uploads/2026/03/Existe-una-edad-ideal-para-un-aumento-de-pecho-scaled.jpg,/images/2026/03/Existe-una-edad-ideal-para-un-aumento-de-pecho.webp
/wp-content/uploads/2026/03/Existe-una-edad-ideal-para-un-aumento-de-pecho.jpg,/images/2026/03/Existe-una-edad-ideal-para-un-aumento-de-pecho.webp
/wp-content/uploads/2026/03/Honorarios-medicos-quirofano-y-anestesia-150x150.png,/images/2026/03/Honorarios-medicos-quirofano-y-anestesia.webp
/wp-content/uploads/2026/03/Honorarios-medicos-quirofano-y-anestesia-300x300.png,/images/2026/03/Honorarios-medicos-quirofano-y-anestesia.webp
/wp-content/uploads/2026/03/Honorarios-medicos-quirofano-y-anestesia-595xh.png,/images/2026/03/Honorarios-medicos-quirofano-y-anestesia.webp
/wp-content/uploads/2026/03/Honorarios-medicos-quirofano-y-anestesia.png,/images/2026/03/Honorarios-medicos-quirofano-y-anestesia.webp
/wp-content/uploads/2026/03/Lifting-corporal-150x150.jpg,/images/2026/03/Lifting-corporal.webp
/wp-content/uploads/2026/03/Lifting-corporal-300x300.jpg,/images/2026/03/Lifting-corporal.webp
/wp-content/uploads/2026/03/Lifting-corporal-595xh.jpg,/images/2026/03/Lifting-corporal.webp
/wp-content/uploads/2026/03/Lifting-corporal-768x768.jpg,/images/2026/03/Lifting-corporal.webp
/wp-content/uploads/2026/03/Lifting-corporal.jpg,/images/2026/03/Lifting-corporal.webp
/wp-content/uploads/2026/03/Lifting-de-brazos-1152x2048.jpg,/images/2026/03/Lifting-de-brazos.webp
/wp-content/uploads/2026/03/Lifting-de-brazos-169x300.jpg,/images/2026/03/Lifting-de-brazos.webp
/wp-content/uploads/2026/03/Lifting-de-brazos-576x1024.jpg,/images/2026/03/Lifting-de-brazos.webp
/wp-content/uploads/2026/03/Lifting-de-brazos-595xh.jpg,/images/2026/03/Lifting-de-brazos.webp
/wp-content/uploads/2026/03/Lifting-de-brazos-768x1365.jpg,/images/2026/03/Lifting-de-brazos.webp
/wp-content/uploads/2026/03/Lifting-de-brazos-864x1536.jpg,/images/2026/03/Lifting-de-brazos.webp
/wp-content/uploads/2026/03/Lifting-de-brazos-scaled.jpg,/images/2026/03/Lifting-de-brazos.webp
/wp-content/uploads/2026/03/Lifting-de-brazos.jpg,/images/2026/03/Lifting-de-brazos.webp
/wp-content/uploads/2026/03/Lifting-de-muslos-1152x2048.jpg,/images/2026/03/Lifting-de-muslos.webp
/wp-content/uploads/2026/03/Lifting-de-muslos-169x300.jpg,/images/2026/03/Lifting-de-muslos.webp
/wp-content/uploads/2026/03/Lifting-de-muslos-576x1024.jpg,/images/2026/03/Lifting-de-muslos.webp
/wp-content/uploads/2026/03/Lifting-de-muslos-595xh.jpg,/images/2026/03/Lifting-de-muslos.webp
/wp-content/uploads/2026/03/Lifting-de-muslos-768x1365.jpg,/images/2026/03/Lifting-de-muslos.webp
/wp-content/uploads/2026/03/Lifting-de-muslos-864x1536.jpg,/images/2026/03/Lifting-de-muslos.webp
/wp-content/uploads/2026/03/Lifting-de-muslos-scaled.jpg,/images/2026/03/Lifting-de-muslos.webp
/wp-content/uploads/2026/03/Lifting-de-muslos.jpg,/images/2026/03/Lifting-de-muslos.webp
/wp-content/uploads/2026/03/Lifting-facial-BELBA-150x150.jpg,/images/2026/03/Lifting-facial-BELBA.webp
/wp-content/uploads/2026/03/Lifting-facial-BELBA-300x300.jpg,/images/2026/03/Lifting-facial-BELBA.webp
/wp-content/uploads/2026/03/Lifting-facial-BELBA-595xh.jpg,/images/2026/03/Lifting-facial-BELBA.webp
/wp-content/uploads/2026/03/Lifting-facial-BELBA-768x768.jpg,/images/2026/03/Lifting-facial-BELBA.webp
/wp-content/uploads/2026/03/Lifting-facial-BELBA.jpg,/images/2026/03/Lifting-facial-BELBA.webp
/wp-content/uploads/2026/03/Mejor-edad-18-y-los-20-1-167x300.jpg,/images/2026/03/Mejor-edad-18-y-los-20-1.webp
/wp-content/uploads/2026/03/Mejor-edad-18-y-los-20-1-571x1024.jpg,/images/2026/03/Mejor-edad-18-y-los-20-1.webp
/wp-content/uploads/2026/03/Mejor-edad-18-y-los-20-1-595xh.jpg,/images/2026/03/Mejor-edad-18-y-los-20-1.webp
/wp-content/uploads/2026/03/Mejor-edad-18-y-los-20-1-768x1376.jpg,/images/2026/03/Mejor-edad-18-y-los-20-1.webp
/wp-content/uploads/2026/03/Mejor-edad-18-y-los-20-1-857x1536.jpg,/images/2026/03/Mejor-edad-18-y-los-20-1.webp
/wp-content/uploads/2026/03/Mejor-edad-18-y-los-20-1.jpg,/images/2026/03/Mejor-edad-18-y-los-20-1.webp
/wp-content/uploads/2026/03/Mejor-edad-20-y-los-30-1143x2048.jpg,/images/2026/03/Mejor-edad-20-y-los-30.webp
/wp-content/uploads/2026/03/Mejor-edad-20-y-los-30-167x300.jpg,/images/2026/03/Mejor-edad-20-y-los-30.webp
/wp-content/uploads/2026/03/Mejor-edad-20-y-los-30-572x1024.jpg,/images/2026/03/Mejor-edad-20-y-los-30.webp
/wp-content/uploads/2026/03/Mejor-edad-20-y-los-30-595xh.jpg,/images/2026/03/Mejor-edad-20-y-los-30.webp
/wp-content/uploads/2026/03/Mejor-edad-20-y-los-30-768x1376.jpg,/images/2026/03/Mejor-edad-20-y-los-30.webp
/wp-content/uploads/2026/03/Mejor-edad-20-y-los-30-857x1536.jpg,/images/2026/03/Mejor-edad-20-y-los-30.webp
/wp-content/uploads/2026/03/Mejor-edad-20-y-los-30-scaled.jpg,/images/2026/03/Mejor-edad-20-y-los-30.webp
/wp-content/uploads/2026/03/Mejor-edad-20-y-los-30.jpg,/images/2026/03/Mejor-edad-20-y-los-30.webp
/wp-content/uploads/2026/03/Mejor-edad-A-partir-de-los-40-171x300.jpg,/images/2026/03/Mejor-edad-A-partir-de-los-40.webp
/wp-content/uploads/2026/03/Mejor-edad-A-partir-de-los-40-585x1024.jpg,/images/2026/03/Mejor-edad-A-partir-de-los-40.webp
/wp-content/uploads/2026/03/Mejor-edad-A-partir-de-los-40-595xh.jpg,/images/2026/03/Mejor-edad-A-partir-de-los-40.webp
/wp-content/uploads/2026/03/Mejor-edad-A-partir-de-los-40-768x1344.jpg,/images/2026/03/Mejor-edad-A-partir-de-los-40.webp
/wp-content/uploads/2026/03/Mejor-edad-A-partir-de-los-40-878x1536.jpg,/images/2026/03/Mejor-edad-A-partir-de-los-40.webp
/wp-content/uploads/2026/03/Mejor-edad-A-partir-de-los-40.jpg,/images/2026/03/Mejor-edad-A-partir-de-los-40.webp
/wp-content/uploads/2026/03/PACIENTE-QUE-REQUIERE-LIPOSUCCION-1024x932.jpg,/images/2026/03/PACIENTE-QUE-REQUIERE-LIPOSUCCION.webp
/wp-content/uploads/2026/03/PACIENTE-QUE-REQUIERE-LIPOSUCCION-300x273.jpg,/images/2026/03/PACIENTE-QUE-REQUIERE-LIPOSUCCION.webp
/wp-content/uploads/2026/03/PACIENTE-QUE-REQUIERE-LIPOSUCCION-595xh.jpg,/images/2026/03/PACIENTE-QUE-REQUIERE-LIPOSUCCION.webp
/wp-content/uploads/2026/03/PACIENTE-QUE-REQUIERE-LIPOSUCCION-768x699.jpg,/images/2026/03/PACIENTE-QUE-REQUIERE-LIPOSUCCION.webp
/wp-content/uploads/2026/03/PACIENTE-QUE-REQUIERE-LIPOSUCCION.jpg,/images/2026/03/PACIENTE-QUE-REQUIERE-LIPOSUCCION.webp
/wp-content/uploads/2026/03/PRECIO-BLEFAROPLASTIA-1024x341.jpg,/images/2026/03/PRECIO-BLEFAROPLASTIA.webp
/wp-content/uploads/2026/03/PRECIO-BLEFAROPLASTIA-1536x512.jpg,/images/2026/03/PRECIO-BLEFAROPLASTIA.webp
/wp-content/uploads/2026/03/PRECIO-BLEFAROPLASTIA-300x100.jpg,/images/2026/03/PRECIO-BLEFAROPLASTIA.webp
/wp-content/uploads/2026/03/PRECIO-BLEFAROPLASTIA-595xh.jpg,/images/2026/03/PRECIO-BLEFAROPLASTIA.webp
/wp-content/uploads/2026/03/PRECIO-BLEFAROPLASTIA-768x256.jpg,/images/2026/03/PRECIO-BLEFAROPLASTIA.webp
/wp-content/uploads/2026/03/PRECIO-BLEFAROPLASTIA.jpg,/images/2026/03/PRECIO-BLEFAROPLASTIA.webp
/wp-content/uploads/2026/03/Por-que-elegir-bien-al-cirujano-plastico-es-mas-importante-de-lo-que-parece-2-150x150.jpg,/images/2026/03/Por-que-elegir-bien-al-cirujano-plastico-es-mas-importante-de-lo-que-parece-2.webp
/wp-content/uploads/2026/03/Por-que-elegir-bien-al-cirujano-plastico-es-mas-importante-de-lo-que-parece-2-300x300.jpg,/images/2026/03/Por-que-elegir-bien-al-cirujano-plastico-es-mas-importante-de-lo-que-parece-2.webp
/wp-content/uploads/2026/03/Por-que-elegir-bien-al-cirujano-plastico-es-mas-importante-de-lo-que-parece-2-595xh.jpg,/images/2026/03/Por-que-elegir-bien-al-cirujano-plastico-es-mas-importante-de-lo-que-parece-2.webp
/wp-content/uploads/2026/03/Por-que-elegir-bien-al-cirujano-plastico-es-mas-importante-de-lo-que-parece-2-768x768.jpg,/images/2026/03/Por-que-elegir-bien-al-cirujano-plastico-es-mas-importante-de-lo-que-parece-2.webp
/wp-content/uploads/2026/03/Por-que-elegir-bien-al-cirujano-plastico-es-mas-importante-de-lo-que-parece-2.jpg,/images/2026/03/Por-que-elegir-bien-al-cirujano-plastico-es-mas-importante-de-lo-que-parece-2.webp
/wp-content/uploads/2026/03/Por-que-no-deberias-elegir-una-cirugia-solo-por-el-precio-300x169.jpg,/images/2026/03/Por-que-no-deberias-elegir-una-cirugia-solo-por-el-precio.webp
/wp-content/uploads/2026/03/Por-que-no-deberias-elegir-una-cirugia-solo-por-el-precio-768x432.jpg,/images/2026/03/Por-que-no-deberias-elegir-una-cirugia-solo-por-el-precio.webp
/wp-content/uploads/2026/03/Por-que-no-deberias-elegir-una-cirugia-solo-por-el-precio.jpg,/images/2026/03/Por-que-no-deberias-elegir-una-cirugia-solo-por-el-precio.webp
/wp-content/uploads/2026/03/Precio-de-la-abdominoplastia-1024x390.jpg,/images/2026/03/Precio-de-la-abdominoplastia.webp
/wp-content/uploads/2026/03/Precio-de-la-abdominoplastia-1536x586.jpg,/images/2026/03/Precio-de-la-abdominoplastia.webp
/wp-content/uploads/2026/03/Precio-de-la-abdominoplastia-300x114.jpg,/images/2026/03/Precio-de-la-abdominoplastia.webp
/wp-content/uploads/2026/03/Precio-de-la-abdominoplastia-595xh.jpg,/images/2026/03/Precio-de-la-abdominoplastia.webp
/wp-content/uploads/2026/03/Precio-de-la-abdominoplastia-768x293.jpg,/images/2026/03/Precio-de-la-abdominoplastia.webp
/wp-content/uploads/2026/03/Precio-de-la-abdominoplastia.jpg,/images/2026/03/Precio-de-la-abdominoplastia.webp
/wp-content/uploads/2026/03/Preguntas-que-deberias-hacer-en-la-primera-consulta-1024x585.jpg,/images/2026/03/Preguntas-que-deberias-hacer-en-la-primera-consulta.webp
/wp-content/uploads/2026/03/Preguntas-que-deberias-hacer-en-la-primera-consulta-1536x878.jpg,/images/2026/03/Preguntas-que-deberias-hacer-en-la-primera-consulta.webp
/wp-content/uploads/2026/03/Preguntas-que-deberias-hacer-en-la-primera-consulta-300x171.jpg,/images/2026/03/Preguntas-que-deberias-hacer-en-la-primera-consulta.webp
/wp-content/uploads/2026/03/Preguntas-que-deberias-hacer-en-la-primera-consulta-595xh.jpg,/images/2026/03/Preguntas-que-deberias-hacer-en-la-primera-consulta.webp
/wp-content/uploads/2026/03/Preguntas-que-deberias-hacer-en-la-primera-consulta-768x439.jpg,/images/2026/03/Preguntas-que-deberias-hacer-en-la-primera-consulta.webp
/wp-content/uploads/2026/03/Preguntas-que-deberias-hacer-en-la-primera-consulta.jpg,/images/2026/03/Preguntas-que-deberias-hacer-en-la-primera-consulta.webp
/wp-content/uploads/2026/03/Protesis-anatomicas-1024x793.jpg,/images/2026/03/Protesis-anatomicas.webp
/wp-content/uploads/2026/03/Protesis-anatomicas-300x232.jpg,/images/2026/03/Protesis-anatomicas.webp
/wp-content/uploads/2026/03/Protesis-anatomicas-768x595.jpg,/images/2026/03/Protesis-anatomicas.webp
/wp-content/uploads/2026/03/Protesis-anatomicas.jpg,/images/2026/03/Protesis-anatomicas.webp
/wp-content/uploads/2026/03/Protesis-redondas-1024x840.jpg,/images/2026/03/Protesis-redondas.webp
/wp-content/uploads/2026/03/Protesis-redondas-300x246.jpg,/images/2026/03/Protesis-redondas.webp
/wp-content/uploads/2026/03/Protesis-redondas-768x630.jpg,/images/2026/03/Protesis-redondas.webp
/wp-content/uploads/2026/03/Protesis-redondas.jpg,/images/2026/03/Protesis-redondas.webp
/wp-content/uploads/2026/03/Que-ocurre-en-los-primeros-dias-despues-de-la-cirugia-150x150.jpg,/images/2026/03/Que-ocurre-en-los-primeros-dias-despues-de-la-cirugia.webp
/wp-content/uploads/2026/03/Que-ocurre-en-los-primeros-dias-despues-de-la-cirugia-300x298.jpg,/images/2026/03/Que-ocurre-en-los-primeros-dias-despues-de-la-cirugia.webp
/wp-content/uploads/2026/03/Que-ocurre-en-los-primeros-dias-despues-de-la-cirugia.jpg,/images/2026/03/Que-ocurre-en-los-primeros-dias-despues-de-la-cirugia.webp
/wp-content/uploads/2026/03/Que-preguntas-hacer-sobre-casos-similares-1257x1536.jpg,/images/2026/03/Que-preguntas-hacer-sobre-casos-similares.webp
/wp-content/uploads/2026/03/Que-preguntas-hacer-sobre-casos-similares-246x300.jpg,/images/2026/03/Que-preguntas-hacer-sobre-casos-similares.webp
/wp-content/uploads/2026/03/Que-preguntas-hacer-sobre-casos-similares-595xh.jpg,/images/2026/03/Que-preguntas-hacer-sobre-casos-similares.webp
/wp-content/uploads/2026/03/Que-preguntas-hacer-sobre-casos-similares-768x938.jpg,/images/2026/03/Que-preguntas-hacer-sobre-casos-similares.webp
/wp-content/uploads/2026/03/Que-preguntas-hacer-sobre-casos-similares-838x1024.jpg,/images/2026/03/Que-preguntas-hacer-sobre-casos-similares.webp
/wp-content/uploads/2026/03/Que-preguntas-hacer-sobre-casos-similares-tecnica-y-seguimiento-1024x362.jpg,/images/2026/03/Que-preguntas-hacer-sobre-casos-similares-tecnica-y-seguimiento.webp
/wp-content/uploads/2026/03/Que-preguntas-hacer-sobre-casos-similares-tecnica-y-seguimiento-300x106.jpg,/images/2026/03/Que-preguntas-hacer-sobre-casos-similares-tecnica-y-seguimiento.webp
/wp-content/uploads/2026/03/Que-preguntas-hacer-sobre-casos-similares-tecnica-y-seguimiento-595xh.jpg,/images/2026/03/Que-preguntas-hacer-sobre-casos-similares-tecnica-y-seguimiento.webp
/wp-content/uploads/2026/03/Que-preguntas-hacer-sobre-casos-similares-tecnica-y-seguimiento-768x271.jpg,/images/2026/03/Que-preguntas-hacer-sobre-casos-similares-tecnica-y-seguimiento.webp
/wp-content/uploads/2026/03/Que-preguntas-hacer-sobre-casos-similares-tecnica-y-seguimiento.jpg,/images/2026/03/Que-preguntas-hacer-sobre-casos-similares-tecnica-y-seguimiento.webp
/wp-content/uploads/2026/03/Que-preguntas-hacer-sobre-casos-similares.jpg,/images/2026/03/Que-preguntas-hacer-sobre-casos-similares.webp
/wp-content/uploads/2026/03/Que-suele-incluir-el-precio-de-un-aumento-de-pecho-300x169.jpg,/images/2026/03/Que-suele-incluir-el-precio-de-un-aumento-de-pecho.webp
/wp-content/uploads/2026/03/Que-suele-incluir-el-precio-de-un-aumento-de-pecho-768x432.jpg,/images/2026/03/Que-suele-incluir-el-precio-de-un-aumento-de-pecho.webp
/wp-content/uploads/2026/03/Que-suele-incluir-el-precio-de-un-aumento-de-pecho.jpg,/images/2026/03/Que-suele-incluir-el-precio-de-un-aumento-de-pecho.webp
/wp-content/uploads/2026/03/Que-suele-incluir-el-precio-de-una-abdominoplastia-300x169.jpg,/images/2026/03/Que-suele-incluir-el-precio-de-una-abdominoplastia.webp
/wp-content/uploads/2026/03/Que-suele-incluir-el-precio-de-una-abdominoplastia-595xh.jpg,/images/2026/03/Que-suele-incluir-el-precio-de-una-abdominoplastia.webp
/wp-content/uploads/2026/03/Que-suele-incluir-el-precio-de-una-abdominoplastia-768x432.jpg,/images/2026/03/Que-suele-incluir-el-precio-de-una-abdominoplastia.webp
/wp-content/uploads/2026/03/Que-suele-incluir-el-precio-de-una-abdominoplastia.jpg,/images/2026/03/Que-suele-incluir-el-precio-de-una-abdominoplastia.webp
/wp-content/uploads/2026/03/Que-suele-incluir-el-precio-de-una-blefaroplastia-169x300.jpg,/images/2026/03/Que-suele-incluir-el-precio-de-una-blefaroplastia.webp
/wp-content/uploads/2026/03/Que-suele-incluir-el-precio-de-una-blefaroplastia-576x1024.jpg,/images/2026/03/Que-suele-incluir-el-precio-de-una-blefaroplastia.webp
/wp-content/uploads/2026/03/Que-suele-incluir-el-precio-de-una-blefaroplastia-595xh.jpg,/images/2026/03/Que-suele-incluir-el-precio-de-una-blefaroplastia.webp
/wp-content/uploads/2026/03/Que-suele-incluir-el-precio-de-una-blefaroplastia-768x1365.jpg,/images/2026/03/Que-suele-incluir-el-precio-de-una-blefaroplastia.webp
/wp-content/uploads/2026/03/Que-suele-incluir-el-precio-de-una-blefaroplastia-864x1536.jpg,/images/2026/03/Que-suele-incluir-el-precio-de-una-blefaroplastia.webp
/wp-content/uploads/2026/03/Que-suele-incluir-el-precio-de-una-blefaroplastia.jpg,/images/2026/03/Que-suele-incluir-el-precio-de-una-blefaroplastia.webp
/wp-content/uploads/2026/03/Resultado-natural-aumento-de-pecho--150x150.jpg,/images/2026/03/Resultado-natural-aumento-de-pecho-.webp
/wp-content/uploads/2026/03/Resultado-natural-aumento-de-pecho--300x300.jpg,/images/2026/03/Resultado-natural-aumento-de-pecho-.webp
/wp-content/uploads/2026/03/Resultado-natural-aumento-de-pecho--595xh.jpg,/images/2026/03/Resultado-natural-aumento-de-pecho-.webp
/wp-content/uploads/2026/03/Resultado-natural-aumento-de-pecho-.jpg,/images/2026/03/Resultado-natural-aumento-de-pecho-.webp
/wp-content/uploads/2026/03/Resultado-natural-con-implantes--169x300.jpg,/images/2026/03/Resultado-natural-con-implantes-.webp
/wp-content/uploads/2026/03/Resultado-natural-con-implantes-.jpg,/images/2026/03/Resultado-natural-con-implantes-.webp
/wp-content/uploads/2026/03/Revisiones-medicacion-y-pruebas-preoperatorias-s-150x150.jpg,/images/2026/03/Revisiones-medicacion-y-pruebas-preoperatorias-s.webp
/wp-content/uploads/2026/03/Revisiones-medicacion-y-pruebas-preoperatorias-s-300x300.jpg,/images/2026/03/Revisiones-medicacion-y-pruebas-preoperatorias-s.webp
/wp-content/uploads/2026/03/Revisiones-medicacion-y-pruebas-preoperatorias-s-595xh.jpg,/images/2026/03/Revisiones-medicacion-y-pruebas-preoperatorias-s.webp
/wp-content/uploads/2026/03/Revisiones-medicacion-y-pruebas-preoperatorias-s-768x768.jpg,/images/2026/03/Revisiones-medicacion-y-pruebas-preoperatorias-s.webp
/wp-content/uploads/2026/03/Revisiones-medicacion-y-pruebas-preoperatorias-s.jpg,/images/2026/03/Revisiones-medicacion-y-pruebas-preoperatorias-s.webp
/wp-content/uploads/2026/03/Senales-de-que-todavia-no-deberias-hacer-ejercicio-intenso-1143x2048.jpg,/images/2026/03/Senales-de-que-todavia-no-deberias-hacer-ejercicio-intenso.webp
/wp-content/uploads/2026/03/Senales-de-que-todavia-no-deberias-hacer-ejercicio-intenso-167x300.jpg,/images/2026/03/Senales-de-que-todavia-no-deberias-hacer-ejercicio-intenso.webp
/wp-content/uploads/2026/03/Senales-de-que-todavia-no-deberias-hacer-ejercicio-intenso-572x1024.jpg,/images/2026/03/Senales-de-que-todavia-no-deberias-hacer-ejercicio-intenso.webp
/wp-content/uploads/2026/03/Senales-de-que-todavia-no-deberias-hacer-ejercicio-intenso-595xh.jpg,/images/2026/03/Senales-de-que-todavia-no-deberias-hacer-ejercicio-intenso.webp
/wp-content/uploads/2026/03/Senales-de-que-todavia-no-deberias-hacer-ejercicio-intenso-768x1376.jpg,/images/2026/03/Senales-de-que-todavia-no-deberias-hacer-ejercicio-intenso.webp
/wp-content/uploads/2026/03/Senales-de-que-todavia-no-deberias-hacer-ejercicio-intenso-857x1536.jpg,/images/2026/03/Senales-de-que-todavia-no-deberias-hacer-ejercicio-intenso.webp
/wp-content/uploads/2026/03/Senales-de-que-todavia-no-deberias-hacer-ejercicio-intenso-scaled.jpg,/images/2026/03/Senales-de-que-todavia-no-deberias-hacer-ejercicio-intenso.webp
/wp-content/uploads/2026/03/Senales-de-que-todavia-no-deberias-hacer-ejercicio-intenso.jpg,/images/2026/03/Senales-de-que-todavia-no-deberias-hacer-ejercicio-intenso.webp
/wp-content/uploads/2026/03/Si-se-combina-con-liposuccion-169x300.jpg,/images/2026/03/Si-se-combina-con-liposuccion.webp
/wp-content/uploads/2026/03/Si-se-combina-con-liposuccion-576x1024.jpg,/images/2026/03/Si-se-combina-con-liposuccion.webp
/wp-content/uploads/2026/03/Si-se-combina-con-liposuccion-595xh.jpg,/images/2026/03/Si-se-combina-con-liposuccion.webp
/wp-content/uploads/2026/03/Si-se-combina-con-liposuccion-768x1366.jpg,/images/2026/03/Si-se-combina-con-liposuccion.webp
/wp-content/uploads/2026/03/Si-se-combina-con-liposuccion-864x1536.jpg,/images/2026/03/Si-se-combina-con-liposuccion.webp
/wp-content/uploads/2026/03/Si-se-combina-con-liposuccion.jpg,/images/2026/03/Si-se-combina-con-liposuccion.webp
/wp-content/uploads/2026/03/Si-tu-problema-principal-es-la-grasa-150x150.jpg,/images/2026/03/Si-tu-problema-principal-es-la-grasa.webp
/wp-content/uploads/2026/03/Si-tu-problema-principal-es-la-grasa-300x300.jpg,/images/2026/03/Si-tu-problema-principal-es-la-grasa.webp
/wp-content/uploads/2026/03/Si-tu-problema-principal-es-la-grasa-595xh.jpg,/images/2026/03/Si-tu-problema-principal-es-la-grasa.webp
/wp-content/uploads/2026/03/Si-tu-problema-principal-es-la-grasa-768x768.jpg,/images/2026/03/Si-tu-problema-principal-es-la-grasa.webp
/wp-content/uploads/2026/03/Si-tu-problema-principal-es-la-grasa.jpg,/images/2026/03/Si-tu-problema-principal-es-la-grasa.webp
/wp-content/uploads/2026/03/Si-tu-problema-principal-es-la-piel-150x150.jpg,/images/2026/03/Si-tu-problema-principal-es-la-piel.webp
/wp-content/uploads/2026/03/Si-tu-problema-principal-es-la-piel-300x300.jpg,/images/2026/03/Si-tu-problema-principal-es-la-piel.webp
/wp-content/uploads/2026/03/Si-tu-problema-principal-es-la-piel-595xh.jpg,/images/2026/03/Si-tu-problema-principal-es-la-piel.webp
/wp-content/uploads/2026/03/Si-tu-problema-principal-es-la-piel-768x768.jpg,/images/2026/03/Si-tu-problema-principal-es-la-piel.webp
/wp-content/uploads/2026/03/Si-tu-problema-principal-es-la-piel.jpg,/images/2026/03/Si-tu-problema-principal-es-la-piel.webp
/wp-content/uploads/2026/03/Tamano-de-protesis-para-un-aumento-de-pecho-300x199.jpg,/images/2026/03/Tamano-de-protesis-para-un-aumento-de-pecho.webp
/wp-content/uploads/2026/03/Tamano-de-protesis-para-un-aumento-de-pecho-768x508.jpg,/images/2026/03/Tamano-de-protesis-para-un-aumento-de-pecho.webp
/wp-content/uploads/2026/03/Tamano-de-protesis-para-un-aumento-de-pecho.jpg,/images/2026/03/Tamano-de-protesis-para-un-aumento-de-pecho.webp
/wp-content/uploads/2026/03/Tipo-de-blefaroplastia-superior-inferior-o-completa-150x150.jpg,/images/2026/03/Tipo-de-blefaroplastia-superior-inferior-o-completa.webp
/wp-content/uploads/2026/03/Tipo-de-blefaroplastia-superior-inferior-o-completa-300x300.jpg,/images/2026/03/Tipo-de-blefaroplastia-superior-inferior-o-completa.webp
/wp-content/uploads/2026/03/Tipo-de-blefaroplastia-superior-inferior-o-completa-595xh.jpg,/images/2026/03/Tipo-de-blefaroplastia-superior-inferior-o-completa.webp
/wp-content/uploads/2026/03/Tipo-de-blefaroplastia-superior-inferior-o-completa-768x768.jpg,/images/2026/03/Tipo-de-blefaroplastia-superior-inferior-o-completa.webp
/wp-content/uploads/2026/03/Tipo-de-blefaroplastia-superior-inferior-o-completa.jpg,/images/2026/03/Tipo-de-blefaroplastia-superior-inferior-o-completa.webp
/wp-content/uploads/2026/03/Tipos-de-protesis-de-pecho-redondas-vs-anatomicas-1-300x193.jpg,/images/2026/03/Tipos-de-protesis-de-pecho-redondas-vs-anatomicas-1.webp
/wp-content/uploads/2026/03/Tipos-de-protesis-de-pecho-redondas-vs-anatomicas-1-768x494.jpg,/images/2026/03/Tipos-de-protesis-de-pecho-redondas-vs-anatomicas-1.webp
/wp-content/uploads/2026/03/Tipos-de-protesis-de-pecho-redondas-vs-anatomicas-1.jpg,/images/2026/03/Tipos-de-protesis-de-pecho-redondas-vs-anatomicas-1.webp
/wp-content/uploads/2026/03/actividades-de-alto-impacto-1-1229x1536.jpg,/images/2026/03/actividades-de-alto-impacto-1.webp
/wp-content/uploads/2026/03/actividades-de-alto-impacto-1-240x300.jpg,/images/2026/03/actividades-de-alto-impacto-1.webp
/wp-content/uploads/2026/03/actividades-de-alto-impacto-1-595xh.jpg,/images/2026/03/actividades-de-alto-impacto-1.webp
/wp-content/uploads/2026/03/actividades-de-alto-impacto-1-768x960.jpg,/images/2026/03/actividades-de-alto-impacto-1.webp
/wp-content/uploads/2026/03/actividades-de-alto-impacto-1-819x1024.jpg,/images/2026/03/actividades-de-alto-impacto-1.webp
/wp-content/uploads/2026/03/actividades-de-alto-impacto-1.jpg,/images/2026/03/actividades-de-alto-impacto-1.webp
/wp-content/uploads/2026/03/aumento-de-pecho-brst-barcelona-300x248.webp,/images/2026/03/aumento-de-pecho-brst-barcelona.webp
/wp-content/uploads/2026/03/aumento-de-pecho-brst-barcelona.webp,/images/2026/03/aumento-de-pecho-brst-barcelona.webp
/wp-content/uploads/2026/03/clinica-y-hospital-costos-aumento-de-pecho-207x300.png,/images/2026/03/clinica-y-hospital-costos-aumento-de-pecho.webp
/wp-content/uploads/2026/03/clinica-y-hospital-costos-aumento-de-pecho.png,/images/2026/03/clinica-y-hospital-costos-aumento-de-pecho.webp
/wp-content/uploads/2026/03/cv-laura-torrano-romero-esp.pdf,/images/2026/03/cv-laura-torrano-romero-esp.pdf
/wp-content/uploads/2026/03/ejercicios-de-tren-superior-1-1229x1536.jpg,/images/2026/03/ejercicios-de-tren-superior-1.webp
/wp-content/uploads/2026/03/ejercicios-de-tren-superior-1-240x300.jpg,/images/2026/03/ejercicios-de-tren-superior-1.webp
/wp-content/uploads/2026/03/ejercicios-de-tren-superior-1-595xh.jpg,/images/2026/03/ejercicios-de-tren-superior-1.webp
/wp-content/uploads/2026/03/ejercicios-de-tren-superior-1-768x960.jpg,/images/2026/03/ejercicios-de-tren-superior-1.webp
/wp-content/uploads/2026/03/ejercicios-de-tren-superior-1-819x1024.jpg,/images/2026/03/ejercicios-de-tren-superior-1.webp
/wp-content/uploads/2026/03/ejercicios-de-tren-superior-1.jpg,/images/2026/03/ejercicios-de-tren-superior-1.webp
/wp-content/uploads/2026/03/lifting-150x150.jpg,/images/2026/03/lifting.webp
/wp-content/uploads/2026/03/lifting-300x300.jpg,/images/2026/03/lifting.webp
/wp-content/uploads/2026/03/lifting-595xh.jpg,/images/2026/03/lifting.webp
/wp-content/uploads/2026/03/lifting-768x769.jpg,/images/2026/03/lifting.webp
/wp-content/uploads/2026/03/lifting-facial-1024x545.jpg,/images/2026/03/lifting-facial.webp
/wp-content/uploads/2026/03/lifting-facial-1536x817.jpg,/images/2026/03/lifting-facial.webp
/wp-content/uploads/2026/03/lifting-facial-300x160.jpg,/images/2026/03/lifting-facial.webp
/wp-content/uploads/2026/03/lifting-facial-595xh.jpg,/images/2026/03/lifting-facial.webp
/wp-content/uploads/2026/03/lifting-facial-768x408.jpg,/images/2026/03/lifting-facial.webp
/wp-content/uploads/2026/03/lifting-facial-antes-300x240.jpg,/images/2026/03/lifting-facial-antes.webp
/wp-content/uploads/2026/03/lifting-facial-antes-595xh.jpg,/images/2026/03/lifting-facial-antes.webp
/wp-content/uploads/2026/03/lifting-facial-antes-768x614.jpg,/images/2026/03/lifting-facial-antes.webp
/wp-content/uploads/2026/03/lifting-facial-antes.jpg,/images/2026/03/lifting-facial-antes.webp
/wp-content/uploads/2026/03/lifting-facial-despues-300x240.jpg,/images/2026/03/lifting-facial-despues.webp
/wp-content/uploads/2026/03/lifting-facial-despues-595xh.jpg,/images/2026/03/lifting-facial-despues.webp
/wp-content/uploads/2026/03/lifting-facial-despues-768x614.jpg,/images/2026/03/lifting-facial-despues.webp
/wp-content/uploads/2026/03/lifting-facial-despues.jpg,/images/2026/03/lifting-facial-despues.webp
/wp-content/uploads/2026/03/lifting-facial.jpg,/images/2026/03/lifting-facial.webp
/wp-content/uploads/2026/03/lifting.jpg,/images/2026/03/lifting.webp
/wp-content/uploads/2026/03/mike2-12x12.png,/images/2026/03/mike2.webp
/wp-content/uploads/2026/03/mike2-150x150.png,/images/2026/03/mike2.webp
/wp-content/uploads/2026/03/mike2-300x300.png,/images/2026/03/mike2.webp
/wp-content/uploads/2026/03/mike2.png,/images/2026/03/mike2.webp
/wp-content/uploads/2026/03/rinoplastia-en-barcelona-ultrasonica.jpg,/images/2026/03/rinoplastia-en-barcelona-ultrasonica.webp
/wp-content/uploads/2026/03/tamano-de-las-protesis-de-pecho-1024x311.jpg,/images/2026/03/tamano-de-las-protesis-de-pecho.webp
/wp-content/uploads/2026/03/tamano-de-las-protesis-de-pecho-300x91.jpg,/images/2026/03/tamano-de-las-protesis-de-pecho.webp
/wp-content/uploads/2026/03/tamano-de-las-protesis-de-pecho-768x233.jpg,/images/2026/03/tamano-de-las-protesis-de-pecho.webp
/wp-content/uploads/2026/03/tamano-de-las-protesis-de-pecho.jpg,/images/2026/03/tamano-de-las-protesis-de-pecho.webp
/wp-content/uploads/2026/04/AUMENTO-DE-PECHO-HIBRIDO-VS-IMPLANTE-1024x1003.jpg,/images/2026/04/AUMENTO-DE-PECHO-HIBRIDO-VS-IMPLANTE.webp
/wp-content/uploads/2026/04/AUMENTO-DE-PECHO-HIBRIDO-VS-IMPLANTE-1536x1505.jpg,/images/2026/04/AUMENTO-DE-PECHO-HIBRIDO-VS-IMPLANTE.webp
/wp-content/uploads/2026/04/AUMENTO-DE-PECHO-HIBRIDO-VS-IMPLANTE-300x294.jpg,/images/2026/04/AUMENTO-DE-PECHO-HIBRIDO-VS-IMPLANTE.webp
/wp-content/uploads/2026/04/AUMENTO-DE-PECHO-HIBRIDO-VS-IMPLANTE-595xh.jpg,/images/2026/04/AUMENTO-DE-PECHO-HIBRIDO-VS-IMPLANTE.webp
/wp-content/uploads/2026/04/AUMENTO-DE-PECHO-HIBRIDO-VS-IMPLANTE-768x752.jpg,/images/2026/04/AUMENTO-DE-PECHO-HIBRIDO-VS-IMPLANTE.webp
/wp-content/uploads/2026/04/AUMENTO-DE-PECHO-HIBRIDO-VS-IMPLANTE.jpg,/images/2026/04/AUMENTO-DE-PECHO-HIBRIDO-VS-IMPLANTE.webp
/wp-content/uploads/2026/04/Antes-cambio-discreto-300x231.jpg,/images/2026/04/Antes-cambio-discreto.webp
/wp-content/uploads/2026/04/Antes-cambio-discreto-595xh.jpg,/images/2026/04/Antes-cambio-discreto.webp
/wp-content/uploads/2026/04/Antes-cambio-discreto-768x590.jpg,/images/2026/04/Antes-cambio-discreto.webp
/wp-content/uploads/2026/04/Antes-cambio-discreto.jpg,/images/2026/04/Antes-cambio-discreto.webp
/wp-content/uploads/2026/04/Antes-y-despues-Monte-de-Venus-abultado-1014x2048.jpg,/images/2026/04/Antes-y-despues-Monte-de-Venus-abultado.webp
/wp-content/uploads/2026/04/Antes-y-despues-Monte-de-Venus-abultado-148x300.jpg,/images/2026/04/Antes-y-despues-Monte-de-Venus-abultado.webp
/wp-content/uploads/2026/04/Antes-y-despues-Monte-de-Venus-abultado-507x1024.jpg,/images/2026/04/Antes-y-despues-Monte-de-Venus-abultado.webp
/wp-content/uploads/2026/04/Antes-y-despues-Monte-de-Venus-abultado-595xh.jpg,/images/2026/04/Antes-y-despues-Monte-de-Venus-abultado.webp
/wp-content/uploads/2026/04/Antes-y-despues-Monte-de-Venus-abultado-760x1536.jpg,/images/2026/04/Antes-y-despues-Monte-de-Venus-abultado.webp
/wp-content/uploads/2026/04/Antes-y-despues-Monte-de-Venus-abultado-768x1552.jpg,/images/2026/04/Antes-y-despues-Monte-de-Venus-abultado.webp
/wp-content/uploads/2026/04/Antes-y-despues-Monte-de-Venus-abultado.jpg,/images/2026/04/Antes-y-despues-Monte-de-Venus-abultado.webp
/wp-content/uploads/2026/04/Aumento-de-pecho-en-Barcelona-300x118.jpg,/images/2026/04/Aumento-de-pecho-en-Barcelona.webp
/wp-content/uploads/2026/04/Aumento-de-pecho-en-Barcelona-595xh.jpg,/images/2026/04/Aumento-de-pecho-en-Barcelona.webp
/wp-content/uploads/2026/04/Aumento-de-pecho-en-Barcelona-768x303.jpg,/images/2026/04/Aumento-de-pecho-en-Barcelona.webp
/wp-content/uploads/2026/04/Aumento-de-pecho-en-Barcelona-m-300x282.jpg,/images/2026/04/Aumento-de-pecho-en-Barcelona-m.webp
/wp-content/uploads/2026/04/Aumento-de-pecho-en-Barcelona-m-595xh.jpg,/images/2026/04/Aumento-de-pecho-en-Barcelona-m.webp
/wp-content/uploads/2026/04/Aumento-de-pecho-en-Barcelona-m-768x721.jpg,/images/2026/04/Aumento-de-pecho-en-Barcelona-m.webp
/wp-content/uploads/2026/04/Aumento-de-pecho-en-Barcelona-m.jpg,/images/2026/04/Aumento-de-pecho-en-Barcelona-m.webp
/wp-content/uploads/2026/04/Aumento-de-pecho-en-Barcelona.jpg,/images/2026/04/Aumento-de-pecho-en-Barcelona.webp
/wp-content/uploads/2026/04/Aumento-de-pecho-natural-en-Barcelona-por-que-a-veces-menos-si-es-mas-300x159.jpg,/images/2026/04/Aumento-de-pecho-natural-en-Barcelona-por-que-a-veces-menos-si-es-mas.webp
/wp-content/uploads/2026/04/Aumento-de-pecho-natural-en-Barcelona-por-que-a-veces-menos-si-es-mas-595xh.jpg,/images/2026/04/Aumento-de-pecho-natural-en-Barcelona-por-que-a-veces-menos-si-es-mas.webp
/wp-content/uploads/2026/04/Aumento-de-pecho-natural-en-Barcelona-por-que-a-veces-menos-si-es-mas-768x407.jpg,/images/2026/04/Aumento-de-pecho-natural-en-Barcelona-por-que-a-veces-menos-si-es-mas.webp
/wp-content/uploads/2026/04/Aumento-de-pecho-natural-en-Barcelona-por-que-a-veces-menos-si-es-mas.jpg,/images/2026/04/Aumento-de-pecho-natural-en-Barcelona-por-que-a-veces-menos-si-es-mas.webp
/wp-content/uploads/2026/04/Aumento-hibrido-vs-implante-diferencias-reales-ventajas-y-cual-puede-encajar-mejor-contigo-1-1024x434.jpg,/images/2026/04/Aumento-hibrido-vs-implante-diferencias-reales-ventajas-y-cual-puede-encajar-mejor-contigo-1.webp
/wp-content/uploads/2026/04/Aumento-hibrido-vs-implante-diferencias-reales-ventajas-y-cual-puede-encajar-mejor-contigo-1-1536x652.jpg,/images/2026/04/Aumento-hibrido-vs-implante-diferencias-reales-ventajas-y-cual-puede-encajar-mejor-contigo-1.webp
/wp-content/uploads/2026/04/Aumento-hibrido-vs-implante-diferencias-reales-ventajas-y-cual-puede-encajar-mejor-contigo-1-300x127.jpg,/images/2026/04/Aumento-hibrido-vs-implante-diferencias-reales-ventajas-y-cual-puede-encajar-mejor-contigo-1.webp
/wp-content/uploads/2026/04/Aumento-hibrido-vs-implante-diferencias-reales-ventajas-y-cual-puede-encajar-mejor-contigo-1-595xh.jpg,/images/2026/04/Aumento-hibrido-vs-implante-diferencias-reales-ventajas-y-cual-puede-encajar-mejor-contigo-1.webp
/wp-content/uploads/2026/04/Aumento-hibrido-vs-implante-diferencias-reales-ventajas-y-cual-puede-encajar-mejor-contigo-1-768x326.jpg,/images/2026/04/Aumento-hibrido-vs-implante-diferencias-reales-ventajas-y-cual-puede-encajar-mejor-contigo-1.webp
/wp-content/uploads/2026/04/Aumento-hibrido-vs-implante-diferencias-reales-ventajas-y-cual-puede-encajar-mejor-contigo-1.jpg,/images/2026/04/Aumento-hibrido-vs-implante-diferencias-reales-ventajas-y-cual-puede-encajar-mejor-contigo-1.webp
/wp-content/uploads/2026/04/Aumento-hibrido-vs-implantes-comparacion-rapida-2-1024x1024.jpg,/images/2026/04/Aumento-hibrido-vs-implantes-comparacion-rapida-2.webp
/wp-content/uploads/2026/04/Aumento-hibrido-vs-implantes-comparacion-rapida-2-150x150.jpg,/images/2026/04/Aumento-hibrido-vs-implantes-comparacion-rapida-2.webp
/wp-content/uploads/2026/04/Aumento-hibrido-vs-implantes-comparacion-rapida-2-1536x1536.jpg,/images/2026/04/Aumento-hibrido-vs-implantes-comparacion-rapida-2.webp
/wp-content/uploads/2026/04/Aumento-hibrido-vs-implantes-comparacion-rapida-2-300x300.jpg,/images/2026/04/Aumento-hibrido-vs-implantes-comparacion-rapida-2.webp
/wp-content/uploads/2026/04/Aumento-hibrido-vs-implantes-comparacion-rapida-2-595xh.jpg,/images/2026/04/Aumento-hibrido-vs-implantes-comparacion-rapida-2.webp
/wp-content/uploads/2026/04/Aumento-hibrido-vs-implantes-comparacion-rapida-2-768x768.jpg,/images/2026/04/Aumento-hibrido-vs-implantes-comparacion-rapida-2.webp
/wp-content/uploads/2026/04/Aumento-hibrido-vs-implantes-comparacion-rapida-2.jpg,/images/2026/04/Aumento-hibrido-vs-implantes-comparacion-rapida-2.webp
/wp-content/uploads/2026/04/Aumento-pecho-150-1-300x131.jpg,/images/2026/04/Aumento-pecho-150-1.webp
/wp-content/uploads/2026/04/Aumento-pecho-150-1-595xh.jpg,/images/2026/04/Aumento-pecho-150-1.webp
/wp-content/uploads/2026/04/Aumento-pecho-150-1-768x336.jpg,/images/2026/04/Aumento-pecho-150-1.webp
/wp-content/uploads/2026/04/Aumento-pecho-150-1.jpg,/images/2026/04/Aumento-pecho-150-1.webp
/wp-content/uploads/2026/04/Brazilian-Butt-Lift-300x169.jpg,/images/2026/04/Brazilian-Butt-Lift.webp
/wp-content/uploads/2026/04/Brazilian-Butt-Lift-595xh.jpg,/images/2026/04/Brazilian-Butt-Lift.webp
/wp-content/uploads/2026/04/Brazilian-Butt-Lift-768x432.jpg,/images/2026/04/Brazilian-Butt-Lift.webp
/wp-content/uploads/2026/04/Brazilian-Butt-Lift-Aumento-de-gluteo-150x150.jpg,/images/2026/04/Brazilian-Butt-Lift-Aumento-de-gluteo.webp
/wp-content/uploads/2026/04/Brazilian-Butt-Lift-Aumento-de-gluteo-300x300.jpg,/images/2026/04/Brazilian-Butt-Lift-Aumento-de-gluteo.webp
/wp-content/uploads/2026/04/Brazilian-Butt-Lift-Aumento-de-gluteo-595xh.jpg,/images/2026/04/Brazilian-Butt-Lift-Aumento-de-gluteo.webp
/wp-content/uploads/2026/04/Brazilian-Butt-Lift-Aumento-de-gluteo-768x768.jpg,/images/2026/04/Brazilian-Butt-Lift-Aumento-de-gluteo.webp
/wp-content/uploads/2026/04/Brazilian-Butt-Lift-Aumento-de-gluteo.jpg,/images/2026/04/Brazilian-Butt-Lift-Aumento-de-gluteo.webp
/wp-content/uploads/2026/04/Brazilian-Butt-Lift.jpg,/images/2026/04/Brazilian-Butt-Lift.webp
/wp-content/uploads/2026/04/Cantidad-de-grasa-a-extraer-1024x1024.jpg,/images/2026/04/Cantidad-de-grasa-a-extraer.webp
/wp-content/uploads/2026/04/Cantidad-de-grasa-a-extraer-150x150.jpg,/images/2026/04/Cantidad-de-grasa-a-extraer.webp
/wp-content/uploads/2026/04/Cantidad-de-grasa-a-extraer-1536x1536.jpg,/images/2026/04/Cantidad-de-grasa-a-extraer.webp
/wp-content/uploads/2026/04/Cantidad-de-grasa-a-extraer-300x300.jpg,/images/2026/04/Cantidad-de-grasa-a-extraer.webp
/wp-content/uploads/2026/04/Cantidad-de-grasa-a-extraer-595xh.jpg,/images/2026/04/Cantidad-de-grasa-a-extraer.webp
/wp-content/uploads/2026/04/Cantidad-de-grasa-a-extraer-768x768.jpg,/images/2026/04/Cantidad-de-grasa-a-extraer.webp
/wp-content/uploads/2026/04/Cantidad-de-grasa-a-extraer.jpg,/images/2026/04/Cantidad-de-grasa-a-extraer.webp
/wp-content/uploads/2026/04/Cicatriz-y-recuperacion-1024x1024.jpg,/images/2026/04/Cicatriz-y-recuperacion.webp
/wp-content/uploads/2026/04/Cicatriz-y-recuperacion-150x150.jpg,/images/2026/04/Cicatriz-y-recuperacion.webp
/wp-content/uploads/2026/04/Cicatriz-y-recuperacion-300x300.jpg,/images/2026/04/Cicatriz-y-recuperacion.webp
/wp-content/uploads/2026/04/Cicatriz-y-recuperacion-595xh.jpg,/images/2026/04/Cicatriz-y-recuperacion.webp
/wp-content/uploads/2026/04/Cicatriz-y-recuperacion-768x768.jpg,/images/2026/04/Cicatriz-y-recuperacion.webp
/wp-content/uploads/2026/04/Cicatriz-y-recuperacion.jpg,/images/2026/04/Cicatriz-y-recuperacion.webp
/wp-content/uploads/2026/04/Como-elegir-cirujano-plastico-1-1024x461.jpg,/images/2026/04/Como-elegir-cirujano-plastico-1.webp
/wp-content/uploads/2026/04/Como-elegir-cirujano-plastico-1-1536x691.jpg,/images/2026/04/Como-elegir-cirujano-plastico-1.webp
/wp-content/uploads/2026/04/Como-elegir-cirujano-plastico-1-300x135.jpg,/images/2026/04/Como-elegir-cirujano-plastico-1.webp
/wp-content/uploads/2026/04/Como-elegir-cirujano-plastico-1-595xh.jpg,/images/2026/04/Como-elegir-cirujano-plastico-1.webp
/wp-content/uploads/2026/04/Como-elegir-cirujano-plastico-1-768x346.jpg,/images/2026/04/Como-elegir-cirujano-plastico-1.webp
/wp-content/uploads/2026/04/Como-elegir-cirujano-plastico-1.jpg,/images/2026/04/Como-elegir-cirujano-plastico-1.webp
/wp-content/uploads/2026/04/Como-evolucionan-la-inflamacion-y-las-cicatrices-1024x283.jpg,/images/2026/04/Como-evolucionan-la-inflamacion-y-las-cicatrices.webp
/wp-content/uploads/2026/04/Como-evolucionan-la-inflamacion-y-las-cicatrices-1536x424.jpg,/images/2026/04/Como-evolucionan-la-inflamacion-y-las-cicatrices.webp
/wp-content/uploads/2026/04/Como-evolucionan-la-inflamacion-y-las-cicatrices-300x83.jpg,/images/2026/04/Como-evolucionan-la-inflamacion-y-las-cicatrices.webp
/wp-content/uploads/2026/04/Como-evolucionan-la-inflamacion-y-las-cicatrices-595xh.jpg,/images/2026/04/Como-evolucionan-la-inflamacion-y-las-cicatrices.webp
/wp-content/uploads/2026/04/Como-evolucionan-la-inflamacion-y-las-cicatrices-768x212.jpg,/images/2026/04/Como-evolucionan-la-inflamacion-y-las-cicatrices.webp
/wp-content/uploads/2026/04/Como-evolucionan-la-inflamacion-y-las-cicatrices.jpg,/images/2026/04/Como-evolucionan-la-inflamacion-y-las-cicatrices.webp
/wp-content/uploads/2026/04/Como-saber-si-el-precio-que-te-han-dado-tiene-sentido-en-tu-caso-1097x1536.jpg,/images/2026/04/Como-saber-si-el-precio-que-te-han-dado-tiene-sentido-en-tu-caso.webp
/wp-content/uploads/2026/04/Como-saber-si-el-precio-que-te-han-dado-tiene-sentido-en-tu-caso-1463x2048.jpg,/images/2026/04/Como-saber-si-el-precio-que-te-han-dado-tiene-sentido-en-tu-caso.webp
/wp-content/uploads/2026/04/Como-saber-si-el-precio-que-te-han-dado-tiene-sentido-en-tu-caso-214x300.jpg,/images/2026/04/Como-saber-si-el-precio-que-te-han-dado-tiene-sentido-en-tu-caso.webp
/wp-content/uploads/2026/04/Como-saber-si-el-precio-que-te-han-dado-tiene-sentido-en-tu-caso-595xh.jpg,/images/2026/04/Como-saber-si-el-precio-que-te-han-dado-tiene-sentido-en-tu-caso.webp
/wp-content/uploads/2026/04/Como-saber-si-el-precio-que-te-han-dado-tiene-sentido-en-tu-caso-731x1024.jpg,/images/2026/04/Como-saber-si-el-precio-que-te-han-dado-tiene-sentido-en-tu-caso.webp
/wp-content/uploads/2026/04/Como-saber-si-el-precio-que-te-han-dado-tiene-sentido-en-tu-caso-768x1075.jpg,/images/2026/04/Como-saber-si-el-precio-que-te-han-dado-tiene-sentido-en-tu-caso.webp
/wp-content/uploads/2026/04/Como-saber-si-el-precio-que-te-han-dado-tiene-sentido-en-tu-caso.jpg,/images/2026/04/Como-saber-si-el-precio-que-te-han-dado-tiene-sentido-en-tu-caso.webp
/wp-content/uploads/2026/04/Consejos-practicos-para-una-recuperacion-mas-rapida-280x1024.jpg,/images/2026/04/Consejos-practicos-para-una-recuperacion-mas-rapida.webp
/wp-content/uploads/2026/04/Consejos-practicos-para-una-recuperacion-mas-rapida-420x1536.jpg,/images/2026/04/Consejos-practicos-para-una-recuperacion-mas-rapida.webp
/wp-content/uploads/2026/04/Consejos-practicos-para-una-recuperacion-mas-rapida-82x300.jpg,/images/2026/04/Consejos-practicos-para-una-recuperacion-mas-rapida.webp
/wp-content/uploads/2026/04/Consejos-practicos-para-una-recuperacion-mas-rapida.jpg,/images/2026/04/Consejos-practicos-para-una-recuperacion-mas-rapida.webp
/wp-content/uploads/2026/04/Cuando-150-cc-suele-quedarse-corto-168x300.jpg,/images/2026/04/Cuando-150-cc-suele-quedarse-corto.webp
/wp-content/uploads/2026/04/Cuando-150-cc-suele-quedarse-corto-573x1024.jpg,/images/2026/04/Cuando-150-cc-suele-quedarse-corto.webp
/wp-content/uploads/2026/04/Cuando-150-cc-suele-quedarse-corto-595xh.jpg,/images/2026/04/Cuando-150-cc-suele-quedarse-corto.webp
/wp-content/uploads/2026/04/Cuando-150-cc-suele-quedarse-corto.jpg,/images/2026/04/Cuando-150-cc-suele-quedarse-corto.webp
/wp-content/uploads/2026/04/Cuando-aporta-un-resultado-mas-refinado-1229x1536.jpg,/images/2026/04/Cuando-aporta-un-resultado-mas-refinado.webp
/wp-content/uploads/2026/04/Cuando-aporta-un-resultado-mas-refinado-1639x2048.jpg,/images/2026/04/Cuando-aporta-un-resultado-mas-refinado.webp
/wp-content/uploads/2026/04/Cuando-aporta-un-resultado-mas-refinado-240x300.jpg,/images/2026/04/Cuando-aporta-un-resultado-mas-refinado.webp
/wp-content/uploads/2026/04/Cuando-aporta-un-resultado-mas-refinado-595xh.jpg,/images/2026/04/Cuando-aporta-un-resultado-mas-refinado.webp
/wp-content/uploads/2026/04/Cuando-aporta-un-resultado-mas-refinado-768x960.jpg,/images/2026/04/Cuando-aporta-un-resultado-mas-refinado.webp
/wp-content/uploads/2026/04/Cuando-aporta-un-resultado-mas-refinado-819x1024.jpg,/images/2026/04/Cuando-aporta-un-resultado-mas-refinado.webp
/wp-content/uploads/2026/04/Cuando-aporta-un-resultado-mas-refinado.jpg,/images/2026/04/Cuando-aporta-un-resultado-mas-refinado.webp
/wp-content/uploads/2026/04/Cuando-dieta-y-ejercicio-no-son-toda-la-respuesta-200x300.jpg,/images/2026/04/Cuando-dieta-y-ejercicio-no-son-toda-la-respuesta.webp
/wp-content/uploads/2026/04/Cuando-dieta-y-ejercicio-no-son-toda-la-respuesta-595xh.jpg,/images/2026/04/Cuando-dieta-y-ejercicio-no-son-toda-la-respuesta.webp
/wp-content/uploads/2026/04/Cuando-dieta-y-ejercicio-no-son-toda-la-respuesta-682x1024.jpg,/images/2026/04/Cuando-dieta-y-ejercicio-no-son-toda-la-respuesta.webp
/wp-content/uploads/2026/04/Cuando-dieta-y-ejercicio-no-son-toda-la-respuesta-768x1153.jpg,/images/2026/04/Cuando-dieta-y-ejercicio-no-son-toda-la-respuesta.webp
/wp-content/uploads/2026/04/Cuando-dieta-y-ejercicio-no-son-toda-la-respuesta.jpg,/images/2026/04/Cuando-dieta-y-ejercicio-no-son-toda-la-respuesta.webp
/wp-content/uploads/2026/04/Cuando-hacer-un-retoque-de-rinomodelacion-1-1024x682.jpg,/images/2026/04/Cuando-hacer-un-retoque-de-rinomodelacion-1.webp
/wp-content/uploads/2026/04/Cuando-hacer-un-retoque-de-rinomodelacion-1-300x200.jpg,/images/2026/04/Cuando-hacer-un-retoque-de-rinomodelacion-1.webp
/wp-content/uploads/2026/04/Cuando-hacer-un-retoque-de-rinomodelacion-1-768x512.jpg,/images/2026/04/Cuando-hacer-un-retoque-de-rinomodelacion-1.webp
/wp-content/uploads/2026/04/Cuando-hacer-un-retoque-de-rinomodelacion-1.jpg,/images/2026/04/Cuando-hacer-un-retoque-de-rinomodelacion-1.webp
/wp-content/uploads/2026/04/Cuando-puedo-volver-al-gimnasio-despues-del-lifting-facial-1024x519.jpg,/images/2026/04/Cuando-puedo-volver-al-gimnasio-despues-del-lifting-facial.webp
/wp-content/uploads/2026/04/Cuando-puedo-volver-al-gimnasio-despues-del-lifting-facial-300x152.jpg,/images/2026/04/Cuando-puedo-volver-al-gimnasio-despues-del-lifting-facial.webp
/wp-content/uploads/2026/04/Cuando-puedo-volver-al-gimnasio-despues-del-lifting-facial-595xh.jpg,/images/2026/04/Cuando-puedo-volver-al-gimnasio-despues-del-lifting-facial.webp
/wp-content/uploads/2026/04/Cuando-puedo-volver-al-gimnasio-despues-del-lifting-facial-768x389.jpg,/images/2026/04/Cuando-puedo-volver-al-gimnasio-despues-del-lifting-facial.webp
/wp-content/uploads/2026/04/Cuando-puedo-volver-al-gimnasio-despues-del-lifting-facial.jpg,/images/2026/04/Cuando-puedo-volver-al-gimnasio-despues-del-lifting-facial.webp
/wp-content/uploads/2026/04/Cuando-se-ven-los-resultados-finales-de-la-blefaroplastia-1024x323.jpg,/images/2026/04/Cuando-se-ven-los-resultados-finales-de-la-blefaroplastia.webp
/wp-content/uploads/2026/04/Cuando-se-ven-los-resultados-finales-de-la-blefaroplastia-1536x484.jpg,/images/2026/04/Cuando-se-ven-los-resultados-finales-de-la-blefaroplastia.webp
/wp-content/uploads/2026/04/Cuando-se-ven-los-resultados-finales-de-la-blefaroplastia-300x95.jpg,/images/2026/04/Cuando-se-ven-los-resultados-finales-de-la-blefaroplastia.webp
/wp-content/uploads/2026/04/Cuando-se-ven-los-resultados-finales-de-la-blefaroplastia-595xh.jpg,/images/2026/04/Cuando-se-ven-los-resultados-finales-de-la-blefaroplastia.webp
/wp-content/uploads/2026/04/Cuando-se-ven-los-resultados-finales-de-la-blefaroplastia-768x242.jpg,/images/2026/04/Cuando-se-ven-los-resultados-finales-de-la-blefaroplastia.webp
/wp-content/uploads/2026/04/Cuando-se-ven-los-resultados-finales-de-la-blefaroplastia.jpg,/images/2026/04/Cuando-se-ven-los-resultados-finales-de-la-blefaroplastia.webp
/wp-content/uploads/2026/04/Cuando-suelen-ser-la-mejor-opcion-1118x1536.jpg,/images/2026/04/Cuando-suelen-ser-la-mejor-opcion.webp
/wp-content/uploads/2026/04/Cuando-suelen-ser-la-mejor-opcion-218x300.jpg,/images/2026/04/Cuando-suelen-ser-la-mejor-opcion.webp
/wp-content/uploads/2026/04/Cuando-suelen-ser-la-mejor-opcion-595xh.jpg,/images/2026/04/Cuando-suelen-ser-la-mejor-opcion.webp
/wp-content/uploads/2026/04/Cuando-suelen-ser-la-mejor-opcion-745x1024.jpg,/images/2026/04/Cuando-suelen-ser-la-mejor-opcion.webp
/wp-content/uploads/2026/04/Cuando-suelen-ser-la-mejor-opcion-768x1055.jpg,/images/2026/04/Cuando-suelen-ser-la-mejor-opcion.webp
/wp-content/uploads/2026/04/Cuando-suelen-ser-la-mejor-opcion.jpg,/images/2026/04/Cuando-suelen-ser-la-mejor-opcion.webp
/wp-content/uploads/2026/04/Cuanto-vale-un-aumento-de-pecho-en-Espana-300x140.jpg,/images/2026/04/Cuanto-vale-un-aumento-de-pecho-en-Espana.webp
/wp-content/uploads/2026/04/Cuanto-vale-un-aumento-de-pecho-en-Espana-595xh.jpg,/images/2026/04/Cuanto-vale-un-aumento-de-pecho-en-Espana.webp
/wp-content/uploads/2026/04/Cuanto-vale-un-aumento-de-pecho-en-Espana-768x359.jpg,/images/2026/04/Cuanto-vale-un-aumento-de-pecho-en-Espana.webp
/wp-content/uploads/2026/04/Cuanto-vale-un-aumento-de-pecho-en-Espana.jpg,/images/2026/04/Cuanto-vale-un-aumento-de-pecho-en-Espana.webp
/wp-content/uploads/2026/04/Denise-Richards-300x260.png,/images/2026/04/Denise-Richards.webp
/wp-content/uploads/2026/04/Denise-Richards-antes-y-despues-del-estiramiento-facial-1024x576.jpg,/images/2026/04/Denise-Richards-antes-y-despues-del-estiramiento-facial.webp
/wp-content/uploads/2026/04/Denise-Richards-antes-y-despues-del-estiramiento-facial-300x169.jpg,/images/2026/04/Denise-Richards-antes-y-despues-del-estiramiento-facial.webp
/wp-content/uploads/2026/04/Denise-Richards-antes-y-despues-del-estiramiento-facial-595xh.jpg,/images/2026/04/Denise-Richards-antes-y-despues-del-estiramiento-facial.webp
/wp-content/uploads/2026/04/Denise-Richards-antes-y-despues-del-estiramiento-facial-768x432.jpg,/images/2026/04/Denise-Richards-antes-y-despues-del-estiramiento-facial.webp
/wp-content/uploads/2026/04/Denise-Richards-antes-y-despues-del-estiramiento-facial.jpg,/images/2026/04/Denise-Richards-antes-y-despues-del-estiramiento-facial.webp
/wp-content/uploads/2026/04/Denise-Richards-despues-facelift--192x300.jpg,/images/2026/04/Denise-Richards-despues-facelift-.webp
/wp-content/uploads/2026/04/Denise-Richards-despues-facelift--595xh.jpg,/images/2026/04/Denise-Richards-despues-facelift-.webp
/wp-content/uploads/2026/04/Denise-Richards-despues-facelift--654x1024.jpg,/images/2026/04/Denise-Richards-despues-facelift-.webp
/wp-content/uploads/2026/04/Denise-Richards-despues-facelift-.jpg,/images/2026/04/Denise-Richards-despues-facelift-.webp
/wp-content/uploads/2026/04/Denise-Richards-estiramiento-facial-150x150.jpg,/images/2026/04/Denise-Richards-estiramiento-facial.webp
/wp-content/uploads/2026/04/Denise-Richards-estiramiento-facial-300x300.jpg,/images/2026/04/Denise-Richards-estiramiento-facial.webp
/wp-content/uploads/2026/04/Denise-Richards-estiramiento-facial-595xh.jpg,/images/2026/04/Denise-Richards-estiramiento-facial.webp
/wp-content/uploads/2026/04/Denise-Richards-estiramiento-facial-768x768.jpg,/images/2026/04/Denise-Richards-estiramiento-facial.webp
/wp-content/uploads/2026/04/Denise-Richards-estiramiento-facial.jpg,/images/2026/04/Denise-Richards-estiramiento-facial.webp
/wp-content/uploads/2026/04/Denise-Richards.png,/images/2026/04/Denise-Richards.webp
/wp-content/uploads/2026/04/Dormir-aplicar-frio-y-cuidar-la-zona-214x300.jpg,/images/2026/04/Dormir-aplicar-frio-y-cuidar-la-zona.webp
/wp-content/uploads/2026/04/Dormir-aplicar-frio-y-cuidar-la-zona-595xh.jpg,/images/2026/04/Dormir-aplicar-frio-y-cuidar-la-zona.webp
/wp-content/uploads/2026/04/Dormir-aplicar-frio-y-cuidar-la-zona-731x1024.jpg,/images/2026/04/Dormir-aplicar-frio-y-cuidar-la-zona.webp
/wp-content/uploads/2026/04/Dormir-aplicar-frio-y-cuidar-la-zona-768x1075.jpg,/images/2026/04/Dormir-aplicar-frio-y-cuidar-la-zona.webp
/wp-content/uploads/2026/04/Dormir-aplicar-frio-y-cuidar-la-zona.jpg,/images/2026/04/Dormir-aplicar-frio-y-cuidar-la-zona.webp
/wp-content/uploads/2026/04/El-entrenamiento-que-mejor-acompana-la-perdida-de-grasa-300x222.jpg,/images/2026/04/El-entrenamiento-que-mejor-acompana-la-perdida-de-grasa.webp
/wp-content/uploads/2026/04/El-entrenamiento-que-mejor-acompana-la-perdida-de-grasa-595xh.jpg,/images/2026/04/El-entrenamiento-que-mejor-acompana-la-perdida-de-grasa.webp
/wp-content/uploads/2026/04/El-entrenamiento-que-mejor-acompana-la-perdida-de-grasa-768x568.jpg,/images/2026/04/El-entrenamiento-que-mejor-acompana-la-perdida-de-grasa.webp
/wp-content/uploads/2026/04/El-entrenamiento-que-mejor-acompana-la-perdida-de-grasa.jpg,/images/2026/04/El-entrenamiento-que-mejor-acompana-la-perdida-de-grasa.webp
/wp-content/uploads/2026/04/Elegir-bien-tambien-es-saber-como-te-van-a-acompanar-300x258.jpg,/images/2026/04/Elegir-bien-tambien-es-saber-como-te-van-a-acompanar.webp
/wp-content/uploads/2026/04/Elegir-bien-tambien-es-saber-como-te-van-a-acompanar-595xh.jpg,/images/2026/04/Elegir-bien-tambien-es-saber-como-te-van-a-acompanar.webp
/wp-content/uploads/2026/04/Elegir-bien-tambien-es-saber-como-te-van-a-acompanar-768x660.jpg,/images/2026/04/Elegir-bien-tambien-es-saber-como-te-van-a-acompanar.webp
/wp-content/uploads/2026/04/Elegir-bien-tambien-es-saber-como-te-van-a-acompanar.jpg,/images/2026/04/Elegir-bien-tambien-es-saber-como-te-van-a-acompanar.webp
/wp-content/uploads/2026/04/Entrenamiento-cardiovascular-2-1024x924.jpg,/images/2026/04/Entrenamiento-cardiovascular-2.webp
/wp-content/uploads/2026/04/Entrenamiento-cardiovascular-2-300x271.jpg,/images/2026/04/Entrenamiento-cardiovascular-2.webp
/wp-content/uploads/2026/04/Entrenamiento-cardiovascular-2-595xh.jpg,/images/2026/04/Entrenamiento-cardiovascular-2.webp
/wp-content/uploads/2026/04/Entrenamiento-cardiovascular-2-768x693.jpg,/images/2026/04/Entrenamiento-cardiovascular-2.webp
/wp-content/uploads/2026/04/Entrenamiento-cardiovascular-2.jpg,/images/2026/04/Entrenamiento-cardiovascular-2.webp
/wp-content/uploads/2026/04/Entrevista-inicial-1-300x240.jpeg,/images/2026/04/Entrevista-inicial-1.webp
/wp-content/uploads/2026/04/Entrevista-inicial-1-595xh.jpeg,/images/2026/04/Entrevista-inicial-1.webp
/wp-content/uploads/2026/04/Entrevista-inicial-1.jpeg,/images/2026/04/Entrevista-inicial-1.webp
/wp-content/uploads/2026/04/Entrevista-inicial-300x240.jpg,/images/2026/04/Entrevista-inicial.webp
/wp-content/uploads/2026/04/Entrevista-inicial-595xh.jpg,/images/2026/04/Entrevista-inicial.webp
/wp-content/uploads/2026/04/Entrevista-inicial.jpg,/images/2026/04/Entrevista-inicial.webp
/wp-content/uploads/2026/04/Ergonomix2®-300x177.png,/images/2026/04/Ergonomix2®.webp
/wp-content/uploads/2026/04/Ergonomix2®.png,/images/2026/04/Ergonomix2®.webp
/wp-content/uploads/2026/04/Escote-bordes-y-asimetrias-1024x1024.jpg,/images/2026/04/Escote-bordes-y-asimetrias.webp
/wp-content/uploads/2026/04/Escote-bordes-y-asimetrias-150x150.jpg,/images/2026/04/Escote-bordes-y-asimetrias.webp
/wp-content/uploads/2026/04/Escote-bordes-y-asimetrias-1536x1536.jpg,/images/2026/04/Escote-bordes-y-asimetrias.webp
/wp-content/uploads/2026/04/Escote-bordes-y-asimetrias-300x300.jpg,/images/2026/04/Escote-bordes-y-asimetrias.webp
/wp-content/uploads/2026/04/Escote-bordes-y-asimetrias-595xh.jpg,/images/2026/04/Escote-bordes-y-asimetrias.webp
/wp-content/uploads/2026/04/Escote-bordes-y-asimetrias-768x768.jpg,/images/2026/04/Escote-bordes-y-asimetrias.webp
/wp-content/uploads/2026/04/Escote-bordes-y-asimetrias.jpg,/images/2026/04/Escote-bordes-y-asimetrias.webp
/wp-content/uploads/2026/04/Estas-empezando-a-valorar-tu-cirugia-300x195.jpg,/images/2026/04/Estas-empezando-a-valorar-tu-cirugia.webp
/wp-content/uploads/2026/04/Estas-empezando-a-valorar-tu-cirugia-595xh.jpg,/images/2026/04/Estas-empezando-a-valorar-tu-cirugia.webp
/wp-content/uploads/2026/04/Estas-empezando-a-valorar-tu-cirugia.jpg,/images/2026/04/Estas-empezando-a-valorar-tu-cirugia.webp
/wp-content/uploads/2026/04/Explicacion-del-procedimiento-1024x819.jpg,/images/2026/04/Explicacion-del-procedimiento.webp
/wp-content/uploads/2026/04/Explicacion-del-procedimiento-1536x1229.jpg,/images/2026/04/Explicacion-del-procedimiento.webp
/wp-content/uploads/2026/04/Explicacion-del-procedimiento-300x240.jpg,/images/2026/04/Explicacion-del-procedimiento.webp
/wp-content/uploads/2026/04/Explicacion-del-procedimiento-595xh.jpg,/images/2026/04/Explicacion-del-procedimiento.webp
/wp-content/uploads/2026/04/Explicacion-del-procedimiento-768x614.jpg,/images/2026/04/Explicacion-del-procedimiento.webp
/wp-content/uploads/2026/04/Explicacion-del-procedimiento.jpg,/images/2026/04/Explicacion-del-procedimiento.webp
/wp-content/uploads/2026/04/Explicacion-del-procedimientoS-1024x819.jpg,/images/2026/04/Explicacion-del-procedimientoS.webp
/wp-content/uploads/2026/04/Explicacion-del-procedimientoS-300x240.jpg,/images/2026/04/Explicacion-del-procedimientoS.webp
/wp-content/uploads/2026/04/Explicacion-del-procedimientoS-595xh.jpg,/images/2026/04/Explicacion-del-procedimientoS.webp
/wp-content/uploads/2026/04/Explicacion-del-procedimientoS-768x614.jpg,/images/2026/04/Explicacion-del-procedimientoS.webp
/wp-content/uploads/2026/04/Explicacion-del-procedimientoS.jpg,/images/2026/04/Explicacion-del-procedimientoS.webp
/wp-content/uploads/2026/04/Exploracion-fisica-y-toma-de-fotografias-1024x795.jpg,/images/2026/04/Exploracion-fisica-y-toma-de-fotografias.webp
/wp-content/uploads/2026/04/Exploracion-fisica-y-toma-de-fotografias-300x233.jpg,/images/2026/04/Exploracion-fisica-y-toma-de-fotografias.webp
/wp-content/uploads/2026/04/Exploracion-fisica-y-toma-de-fotografias-595xh.jpg,/images/2026/04/Exploracion-fisica-y-toma-de-fotografias.webp
/wp-content/uploads/2026/04/Exploracion-fisica-y-toma-de-fotografias-768x596.jpg,/images/2026/04/Exploracion-fisica-y-toma-de-fotografias.webp
/wp-content/uploads/2026/04/Exploracion-fisica-y-toma-de-fotografias.jpg,/images/2026/04/Exploracion-fisica-y-toma-de-fotografias.webp
/wp-content/uploads/2026/04/Implantes-mas-que-una-eleccion-de-tamano-171x300.jpg,/images/2026/04/Implantes-mas-que-una-eleccion-de-tamano.webp
/wp-content/uploads/2026/04/Implantes-mas-que-una-eleccion-de-tamano-583x1024.jpg,/images/2026/04/Implantes-mas-que-una-eleccion-de-tamano.webp
/wp-content/uploads/2026/04/Implantes-mas-que-una-eleccion-de-tamano-595xh.jpg,/images/2026/04/Implantes-mas-que-una-eleccion-de-tamano.webp
/wp-content/uploads/2026/04/Implantes-mas-que-una-eleccion-de-tamano-768x1349.jpg,/images/2026/04/Implantes-mas-que-una-eleccion-de-tamano.webp
/wp-content/uploads/2026/04/Implantes-mas-que-una-eleccion-de-tamano-875x1536.jpg,/images/2026/04/Implantes-mas-que-una-eleccion-de-tamano.webp
/wp-content/uploads/2026/04/Implantes-mas-que-una-eleccion-de-tamano.jpg,/images/2026/04/Implantes-mas-que-una-eleccion-de-tamano.webp
/wp-content/uploads/2026/04/Inflamacion-hematomas-sensacion-de-tirantez-1097x1536.jpg,/images/2026/04/Inflamacion-hematomas-sensacion-de-tirantez.webp
/wp-content/uploads/2026/04/Inflamacion-hematomas-sensacion-de-tirantez-1463x2048.jpg,/images/2026/04/Inflamacion-hematomas-sensacion-de-tirantez.webp
/wp-content/uploads/2026/04/Inflamacion-hematomas-sensacion-de-tirantez-214x300.jpg,/images/2026/04/Inflamacion-hematomas-sensacion-de-tirantez.webp
/wp-content/uploads/2026/04/Inflamacion-hematomas-sensacion-de-tirantez-595xh.jpg,/images/2026/04/Inflamacion-hematomas-sensacion-de-tirantez.webp
/wp-content/uploads/2026/04/Inflamacion-hematomas-sensacion-de-tirantez-731x1024.jpg,/images/2026/04/Inflamacion-hematomas-sensacion-de-tirantez.webp
/wp-content/uploads/2026/04/Inflamacion-hematomas-sensacion-de-tirantez-768x1075.jpg,/images/2026/04/Inflamacion-hematomas-sensacion-de-tirantez.webp
/wp-content/uploads/2026/04/Inflamacion-hematomas-sensacion-de-tirantez.jpg,/images/2026/04/Inflamacion-hematomas-sensacion-de-tirantez.webp
/wp-content/uploads/2026/04/Lifting-de-Denise-Richards-1024x593.jpg,/images/2026/04/Lifting-de-Denise-Richards.webp
/wp-content/uploads/2026/04/Lifting-de-Denise-Richards-300x174.jpg,/images/2026/04/Lifting-de-Denise-Richards.webp
/wp-content/uploads/2026/04/Lifting-de-Denise-Richards-595xh.jpg,/images/2026/04/Lifting-de-Denise-Richards.webp
/wp-content/uploads/2026/04/Lifting-de-Denise-Richards-768x445.jpg,/images/2026/04/Lifting-de-Denise-Richards.webp
/wp-content/uploads/2026/04/Lifting-de-Denise-Richards.jpg,/images/2026/04/Lifting-de-Denise-Richards.webp
/wp-content/uploads/2026/04/Liposuccion-monte-de-Venus-barcelona-1.webp,/images/2026/04/Liposuccion-monte-de-Venus-barcelona-1.webp
/wp-content/uploads/2026/04/Liposuccion-monte-de-Venus-barcelona.webp,/images/2026/04/Liposuccion-monte-de-Venus-barcelona.webp
/wp-content/uploads/2026/04/Liposuccion-monte-de-Venus-en-barcelona-1-300x285.jpg,/images/2026/04/Liposuccion-monte-de-Venus-en-barcelona-1.webp
/wp-content/uploads/2026/04/Liposuccion-monte-de-Venus-en-barcelona-1-595xh.jpg,/images/2026/04/Liposuccion-monte-de-Venus-en-barcelona-1.webp
/wp-content/uploads/2026/04/Liposuccion-monte-de-Venus-en-barcelona-1-768x730.jpg,/images/2026/04/Liposuccion-monte-de-Venus-en-barcelona-1.webp
/wp-content/uploads/2026/04/Liposuccion-monte-de-Venus-en-barcelona-1.jpg,/images/2026/04/Liposuccion-monte-de-Venus-en-barcelona-1.webp
/wp-content/uploads/2026/04/Monte-de-Venus-1024x1024.jpg,/images/2026/04/Monte-de-Venus.webp
/wp-content/uploads/2026/04/Monte-de-Venus-150x150.jpg,/images/2026/04/Monte-de-Venus.webp
/wp-content/uploads/2026/04/Monte-de-Venus-300x300.jpg,/images/2026/04/Monte-de-Venus.webp
/wp-content/uploads/2026/04/Monte-de-Venus-595xh.jpg,/images/2026/04/Monte-de-Venus.webp
/wp-content/uploads/2026/04/Monte-de-Venus-768x768.jpg,/images/2026/04/Monte-de-Venus.webp
/wp-content/uploads/2026/04/Monte-de-Venus-abultado-1024x387.jpg,/images/2026/04/Monte-de-Venus-abultado.webp
/wp-content/uploads/2026/04/Monte-de-Venus-abultado-1536x580.jpg,/images/2026/04/Monte-de-Venus-abultado.webp
/wp-content/uploads/2026/04/Monte-de-Venus-abultado-300x113.jpg,/images/2026/04/Monte-de-Venus-abultado.webp
/wp-content/uploads/2026/04/Monte-de-Venus-abultado-595xh.jpg,/images/2026/04/Monte-de-Venus-abultado.webp
/wp-content/uploads/2026/04/Monte-de-Venus-abultado-768x290.jpg,/images/2026/04/Monte-de-Venus-abultado.webp
/wp-content/uploads/2026/04/Monte-de-Venus-abultado.jpg,/images/2026/04/Monte-de-Venus-abultado.webp
/wp-content/uploads/2026/04/Monte-de-Venus.jpg,/images/2026/04/Monte-de-Venus.webp
/wp-content/uploads/2026/04/Motiva-Ergonomix®-300x172.png,/images/2026/04/Motiva-Ergonomix®.webp
/wp-content/uploads/2026/04/Motiva-Ergonomix®.png,/images/2026/04/Motiva-Ergonomix®.webp
/wp-content/uploads/2026/04/Motiva®-Round-300x194.png,/images/2026/04/Motiva®-Round.webp
/wp-content/uploads/2026/04/Motiva®-Round.png,/images/2026/04/Motiva®-Round.webp
/wp-content/uploads/2026/04/Naturalidad-al-tacto-y-a-la-vista-1-1024x1024.jpg,/images/2026/04/Naturalidad-al-tacto-y-a-la-vista-1.webp
/wp-content/uploads/2026/04/Naturalidad-al-tacto-y-a-la-vista-1-150x150.jpg,/images/2026/04/Naturalidad-al-tacto-y-a-la-vista-1.webp
/wp-content/uploads/2026/04/Naturalidad-al-tacto-y-a-la-vista-1-1536x1536.jpg,/images/2026/04/Naturalidad-al-tacto-y-a-la-vista-1.webp
/wp-content/uploads/2026/04/Naturalidad-al-tacto-y-a-la-vista-1-300x300.jpg,/images/2026/04/Naturalidad-al-tacto-y-a-la-vista-1.webp
/wp-content/uploads/2026/04/Naturalidad-al-tacto-y-a-la-vista-1-595xh.jpg,/images/2026/04/Naturalidad-al-tacto-y-a-la-vista-1.webp
/wp-content/uploads/2026/04/Naturalidad-al-tacto-y-a-la-vista-1-768x768.jpg,/images/2026/04/Naturalidad-al-tacto-y-a-la-vista-1.webp
/wp-content/uploads/2026/04/Naturalidad-al-tacto-y-a-la-vista-1.jpg,/images/2026/04/Naturalidad-al-tacto-y-a-la-vista-1.webp
/wp-content/uploads/2026/04/Numero-de-zonas-a-tratar-1024x1024.jpg,/images/2026/04/Numero-de-zonas-a-tratar.webp
/wp-content/uploads/2026/04/Numero-de-zonas-a-tratar-150x150.jpg,/images/2026/04/Numero-de-zonas-a-tratar.webp
/wp-content/uploads/2026/04/Numero-de-zonas-a-tratar-1536x1536.jpg,/images/2026/04/Numero-de-zonas-a-tratar.webp
/wp-content/uploads/2026/04/Numero-de-zonas-a-tratar-300x300.jpg,/images/2026/04/Numero-de-zonas-a-tratar.webp
/wp-content/uploads/2026/04/Numero-de-zonas-a-tratar-595xh.jpg,/images/2026/04/Numero-de-zonas-a-tratar.webp
/wp-content/uploads/2026/04/Numero-de-zonas-a-tratar-768x768.jpg,/images/2026/04/Numero-de-zonas-a-tratar.webp
/wp-content/uploads/2026/04/Numero-de-zonas-a-tratar.jpg,/images/2026/04/Numero-de-zonas-a-tratar.webp
/wp-content/uploads/2026/04/Operacion-de-orejas-Barcelona-1-300x207.png,/images/2026/04/Operacion-de-orejas-Barcelona-1.webp
/wp-content/uploads/2026/04/Operacion-de-orejas-Barcelona-1.png,/images/2026/04/Operacion-de-orejas-Barcelona-1.webp
/wp-content/uploads/2026/04/Pacientes-con-poco-tejido-mamario-1024x1024.jpg,/images/2026/04/Pacientes-con-poco-tejido-mamario.webp
/wp-content/uploads/2026/04/Pacientes-con-poco-tejido-mamario-150x150.jpg,/images/2026/04/Pacientes-con-poco-tejido-mamario.webp
/wp-content/uploads/2026/04/Pacientes-con-poco-tejido-mamario-1536x1536.jpg,/images/2026/04/Pacientes-con-poco-tejido-mamario.webp
/wp-content/uploads/2026/04/Pacientes-con-poco-tejido-mamario-300x300.jpg,/images/2026/04/Pacientes-con-poco-tejido-mamario.webp
/wp-content/uploads/2026/04/Pacientes-con-poco-tejido-mamario-595xh.jpg,/images/2026/04/Pacientes-con-poco-tejido-mamario.webp
/wp-content/uploads/2026/04/Pacientes-con-poco-tejido-mamario-768x768.jpg,/images/2026/04/Pacientes-con-poco-tejido-mamario.webp
/wp-content/uploads/2026/04/Pacientes-con-poco-tejido-mamario.jpg,/images/2026/04/Pacientes-con-poco-tejido-mamario.webp
/wp-content/uploads/2026/04/Pacientes-que-buscan-mas-volumen-1024x1024.jpg,/images/2026/04/Pacientes-que-buscan-mas-volumen.webp
/wp-content/uploads/2026/04/Pacientes-que-buscan-mas-volumen-150x150.jpg,/images/2026/04/Pacientes-que-buscan-mas-volumen.webp
/wp-content/uploads/2026/04/Pacientes-que-buscan-mas-volumen-1536x1536.jpg,/images/2026/04/Pacientes-que-buscan-mas-volumen.webp
/wp-content/uploads/2026/04/Pacientes-que-buscan-mas-volumen-300x300.jpg,/images/2026/04/Pacientes-que-buscan-mas-volumen.webp
/wp-content/uploads/2026/04/Pacientes-que-buscan-mas-volumen-595xh.jpg,/images/2026/04/Pacientes-que-buscan-mas-volumen.webp
/wp-content/uploads/2026/04/Pacientes-que-buscan-mas-volumen-768x768.jpg,/images/2026/04/Pacientes-que-buscan-mas-volumen.webp
/wp-content/uploads/2026/04/Pacientes-que-buscan-mas-volumen.jpg,/images/2026/04/Pacientes-que-buscan-mas-volumen.webp
/wp-content/uploads/2026/04/Pacientes-que-priorizan-naturalidad-1024x1024.jpg,/images/2026/04/Pacientes-que-priorizan-naturalidad.webp
/wp-content/uploads/2026/04/Pacientes-que-priorizan-naturalidad-150x150.jpg,/images/2026/04/Pacientes-que-priorizan-naturalidad.webp
/wp-content/uploads/2026/04/Pacientes-que-priorizan-naturalidad-1536x1536.jpg,/images/2026/04/Pacientes-que-priorizan-naturalidad.webp
/wp-content/uploads/2026/04/Pacientes-que-priorizan-naturalidad-300x300.jpg,/images/2026/04/Pacientes-que-priorizan-naturalidad.webp
/wp-content/uploads/2026/04/Pacientes-que-priorizan-naturalidad-595xh.jpg,/images/2026/04/Pacientes-que-priorizan-naturalidad.webp
/wp-content/uploads/2026/04/Pacientes-que-priorizan-naturalidad-768x768.jpg,/images/2026/04/Pacientes-que-priorizan-naturalidad.webp
/wp-content/uploads/2026/04/Pacientes-que-priorizan-naturalidad-y-tecnologia-1-150x150.jpg,/images/2026/04/Pacientes-que-priorizan-naturalidad-y-tecnologia-1.webp
/wp-content/uploads/2026/04/Pacientes-que-priorizan-naturalidad-y-tecnologia-1-300x300.jpg,/images/2026/04/Pacientes-que-priorizan-naturalidad-y-tecnologia-1.webp
/wp-content/uploads/2026/04/Pacientes-que-priorizan-naturalidad-y-tecnologia-1-595xh.jpg,/images/2026/04/Pacientes-que-priorizan-naturalidad-y-tecnologia-1.webp
/wp-content/uploads/2026/04/Pacientes-que-priorizan-naturalidad-y-tecnologia-1-768x768.jpg,/images/2026/04/Pacientes-que-priorizan-naturalidad-y-tecnologia-1.webp
/wp-content/uploads/2026/04/Pacientes-que-priorizan-naturalidad-y-tecnologia-1.jpg,/images/2026/04/Pacientes-que-priorizan-naturalidad-y-tecnologia-1.webp
/wp-content/uploads/2026/04/Pacientes-que-priorizan-naturalidad.jpg,/images/2026/04/Pacientes-que-priorizan-naturalidad.webp
/wp-content/uploads/2026/04/Personalizacion-segun-anatomia-y-objetivo-estetico-150x150.jpg,/images/2026/04/Personalizacion-segun-anatomia-y-objetivo-estetico.webp
/wp-content/uploads/2026/04/Personalizacion-segun-anatomia-y-objetivo-estetico-300x300.jpg,/images/2026/04/Personalizacion-segun-anatomia-y-objetivo-estetico.webp
/wp-content/uploads/2026/04/Personalizacion-segun-anatomia-y-objetivo-estetico-595xh.jpg,/images/2026/04/Personalizacion-segun-anatomia-y-objetivo-estetico.webp
/wp-content/uploads/2026/04/Personalizacion-segun-anatomia-y-objetivo-estetico-768x768.jpg,/images/2026/04/Personalizacion-segun-anatomia-y-objetivo-estetico.webp
/wp-content/uploads/2026/04/Personalizacion-segun-anatomia-y-objetivo-estetico.jpg,/images/2026/04/Personalizacion-segun-anatomia-y-objetivo-estetico.webp
/wp-content/uploads/2026/04/Precio-de-liposuccion-150x150.jpg,/images/2026/04/Precio-de-liposuccion.webp
/wp-content/uploads/2026/04/Precio-de-liposuccion-300x300.jpg,/images/2026/04/Precio-de-liposuccion.webp
/wp-content/uploads/2026/04/Precio-de-liposuccion-595xh.jpg,/images/2026/04/Precio-de-liposuccion.webp
/wp-content/uploads/2026/04/Precio-de-liposuccion.jpg,/images/2026/04/Precio-de-liposuccion.webp
/wp-content/uploads/2026/04/Precio-de-una-lipoescultura-y-en-que-se-diferencia-de-la-liposuccion-1024x255.jpg,/images/2026/04/Precio-de-una-lipoescultura-y-en-que-se-diferencia-de-la-liposuccion.webp
/wp-content/uploads/2026/04/Precio-de-una-lipoescultura-y-en-que-se-diferencia-de-la-liposuccion-1536x383.jpg,/images/2026/04/Precio-de-una-lipoescultura-y-en-que-se-diferencia-de-la-liposuccion.webp
/wp-content/uploads/2026/04/Precio-de-una-lipoescultura-y-en-que-se-diferencia-de-la-liposuccion-300x75.jpg,/images/2026/04/Precio-de-una-lipoescultura-y-en-que-se-diferencia-de-la-liposuccion.webp
/wp-content/uploads/2026/04/Precio-de-una-lipoescultura-y-en-que-se-diferencia-de-la-liposuccion-595xh.jpg,/images/2026/04/Precio-de-una-lipoescultura-y-en-que-se-diferencia-de-la-liposuccion.webp
/wp-content/uploads/2026/04/Precio-de-una-lipoescultura-y-en-que-se-diferencia-de-la-liposuccion-768x192.jpg,/images/2026/04/Precio-de-una-lipoescultura-y-en-que-se-diferencia-de-la-liposuccion.webp
/wp-content/uploads/2026/04/Precio-de-una-lipoescultura-y-en-que-se-diferencia-de-la-liposuccion.jpg,/images/2026/04/Precio-de-una-lipoescultura-y-en-que-se-diferencia-de-la-liposuccion.webp
/wp-content/uploads/2026/04/Precio-de-una-liposuccion-1024x376.jpg,/images/2026/04/Precio-de-una-liposuccion.webp
/wp-content/uploads/2026/04/Precio-de-una-liposuccion-1536x564.jpg,/images/2026/04/Precio-de-una-liposuccion.webp
/wp-content/uploads/2026/04/Precio-de-una-liposuccion-300x110.jpg,/images/2026/04/Precio-de-una-liposuccion.webp
/wp-content/uploads/2026/04/Precio-de-una-liposuccion-595xh.jpg,/images/2026/04/Precio-de-una-liposuccion.webp
/wp-content/uploads/2026/04/Precio-de-una-liposuccion-768x282.jpg,/images/2026/04/Precio-de-una-liposuccion.webp
/wp-content/uploads/2026/04/Precio-de-una-liposuccion.jpg,/images/2026/04/Precio-de-una-liposuccion.webp
/wp-content/uploads/2026/04/Primer-aumento-de-pecho-150x150.jpg,/images/2026/04/Primer-aumento-de-pecho.webp
/wp-content/uploads/2026/04/Primer-aumento-de-pecho-300x300.jpg,/images/2026/04/Primer-aumento-de-pecho.webp
/wp-content/uploads/2026/04/Primer-aumento-de-pecho-595xh.jpg,/images/2026/04/Primer-aumento-de-pecho.webp
/wp-content/uploads/2026/04/Primer-aumento-de-pecho-768x768.jpg,/images/2026/04/Primer-aumento-de-pecho.webp
/wp-content/uploads/2026/04/Primer-aumento-de-pecho.jpg,/images/2026/04/Primer-aumento-de-pecho.webp
/wp-content/uploads/2026/04/Primera-consulta-de-cirugia-estetica-1024x544.jpg,/images/2026/04/Primera-consulta-de-cirugia-estetica.webp
/wp-content/uploads/2026/04/Primera-consulta-de-cirugia-estetica-1536x817.jpg,/images/2026/04/Primera-consulta-de-cirugia-estetica.webp
/wp-content/uploads/2026/04/Primera-consulta-de-cirugia-estetica-2048x1089.jpg,/images/2026/04/Primera-consulta-de-cirugia-estetica.webp
/wp-content/uploads/2026/04/Primera-consulta-de-cirugia-estetica-300x160.jpg,/images/2026/04/Primera-consulta-de-cirugia-estetica.webp
/wp-content/uploads/2026/04/Primera-consulta-de-cirugia-estetica-595xh.jpg,/images/2026/04/Primera-consulta-de-cirugia-estetica.webp
/wp-content/uploads/2026/04/Primera-consulta-de-cirugia-estetica-768x408.jpg,/images/2026/04/Primera-consulta-de-cirugia-estetica.webp
/wp-content/uploads/2026/04/Primera-consulta-de-cirugia-estetica-BELBA-1024x1024.jpg,/images/2026/04/Primera-consulta-de-cirugia-estetica-BELBA.webp
/wp-content/uploads/2026/04/Primera-consulta-de-cirugia-estetica-BELBA-150x150.jpg,/images/2026/04/Primera-consulta-de-cirugia-estetica-BELBA.webp
/wp-content/uploads/2026/04/Primera-consulta-de-cirugia-estetica-BELBA-300x300.jpg,/images/2026/04/Primera-consulta-de-cirugia-estetica-BELBA.webp
/wp-content/uploads/2026/04/Primera-consulta-de-cirugia-estetica-BELBA-595xh.jpg,/images/2026/04/Primera-consulta-de-cirugia-estetica-BELBA.webp
/wp-content/uploads/2026/04/Primera-consulta-de-cirugia-estetica-BELBA-768x768.jpg,/images/2026/04/Primera-consulta-de-cirugia-estetica-BELBA.webp
/wp-content/uploads/2026/04/Primera-consulta-de-cirugia-estetica-BELBA.jpg,/images/2026/04/Primera-consulta-de-cirugia-estetica-BELBA.webp
/wp-content/uploads/2026/04/Primera-consulta-de-cirugia-estetica-scaled.jpg,/images/2026/04/Primera-consulta-de-cirugia-estetica.webp
/wp-content/uploads/2026/04/Primera-consulta-de-cirugia-estetica.jpg,/images/2026/04/Primera-consulta-de-cirugia-estetica.webp
/wp-content/uploads/2026/04/Protesis-Motiva-300x113.jpg,/images/2026/04/Protesis-Motiva.webp
/wp-content/uploads/2026/04/Protesis-Motiva-595xh.jpg,/images/2026/04/Protesis-Motiva.webp
/wp-content/uploads/2026/04/Protesis-Motiva-768x289.jpg,/images/2026/04/Protesis-Motiva.webp
/wp-content/uploads/2026/04/Protesis-Motiva.jpg,/images/2026/04/Protesis-Motiva.webp
/wp-content/uploads/2026/04/Que-aspecto-suele-dar-un-aumento-de-pecho-de-150-cc-202x300.jpg,/images/2026/04/Que-aspecto-suele-dar-un-aumento-de-pecho-de-150-cc.webp
/wp-content/uploads/2026/04/Que-aspecto-suele-dar-un-aumento-de-pecho-de-150-cc-595xh.jpg,/images/2026/04/Que-aspecto-suele-dar-un-aumento-de-pecho-de-150-cc.webp
/wp-content/uploads/2026/04/Que-aspecto-suele-dar-un-aumento-de-pecho-de-150-cc-689x1024.jpg,/images/2026/04/Que-aspecto-suele-dar-un-aumento-de-pecho-de-150-cc.webp
/wp-content/uploads/2026/04/Que-aspecto-suele-dar-un-aumento-de-pecho-de-150-cc-768x1142.jpg,/images/2026/04/Que-aspecto-suele-dar-un-aumento-de-pecho-de-150-cc.webp
/wp-content/uploads/2026/04/Que-aspecto-suele-dar-un-aumento-de-pecho-de-150-cc.jpg,/images/2026/04/Que-aspecto-suele-dar-un-aumento-de-pecho-de-150-cc.webp
/wp-content/uploads/2026/04/Que-cambia-realmente-en-tu-cuerpo-con-un-BBL-300x99.jpg,/images/2026/04/Que-cambia-realmente-en-tu-cuerpo-con-un-BBL.webp
/wp-content/uploads/2026/04/Que-cambia-realmente-en-tu-cuerpo-con-un-BBL-595xh.jpg,/images/2026/04/Que-cambia-realmente-en-tu-cuerpo-con-un-BBL.webp
/wp-content/uploads/2026/04/Que-cambia-realmente-en-tu-cuerpo-con-un-BBL-768x253.jpg,/images/2026/04/Que-cambia-realmente-en-tu-cuerpo-con-un-BBL.webp
/wp-content/uploads/2026/04/Que-cambia-realmente-en-tu-cuerpo-con-un-BBL.jpg,/images/2026/04/Que-cambia-realmente-en-tu-cuerpo-con-un-BBL.webp
/wp-content/uploads/2026/04/Que-cambia-realmente-en-tu-cuerpo-con-un-BBLD-241x300.jpg,/images/2026/04/Que-cambia-realmente-en-tu-cuerpo-con-un-BBLD.webp
/wp-content/uploads/2026/04/Que-cambia-realmente-en-tu-cuerpo-con-un-BBLD-595xh.jpg,/images/2026/04/Que-cambia-realmente-en-tu-cuerpo-con-un-BBLD.webp
/wp-content/uploads/2026/04/Que-cambia-realmente-en-tu-cuerpo-con-un-BBLD-768x955.jpg,/images/2026/04/Que-cambia-realmente-en-tu-cuerpo-con-un-BBLD.webp
/wp-content/uploads/2026/04/Que-cambia-realmente-en-tu-cuerpo-con-un-BBLD-824x1024.jpg,/images/2026/04/Que-cambia-realmente-en-tu-cuerpo-con-un-BBLD.webp
/wp-content/uploads/2026/04/Que-cambia-realmente-en-tu-cuerpo-con-un-BBLD.jpg,/images/2026/04/Que-cambia-realmente-en-tu-cuerpo-con-un-BBLD.webp
/wp-content/uploads/2026/04/Que-comer-para-perder-grasa-abdominal-199x300.jpg,/images/2026/04/Que-comer-para-perder-grasa-abdominal.webp
/wp-content/uploads/2026/04/Que-comer-para-perder-grasa-abdominal-595xh.jpg,/images/2026/04/Que-comer-para-perder-grasa-abdominal.webp
/wp-content/uploads/2026/04/Que-comer-para-perder-grasa-abdominal-678x1024.jpg,/images/2026/04/Que-comer-para-perder-grasa-abdominal.webp
/wp-content/uploads/2026/04/Que-comer-para-perder-grasa-abdominal-768x1160.jpg,/images/2026/04/Que-comer-para-perder-grasa-abdominal.webp
/wp-content/uploads/2026/04/Que-comer-para-perder-grasa-abdominal.jpg,/images/2026/04/Que-comer-para-perder-grasa-abdominal.webp
/wp-content/uploads/2026/04/Que-significa-tener-el-monte-de-Venus-abultado-283x300.jpg,/images/2026/04/Que-significa-tener-el-monte-de-Venus-abultado.webp
/wp-content/uploads/2026/04/Que-significa-tener-el-monte-de-Venus-abultado-595xh.jpg,/images/2026/04/Que-significa-tener-el-monte-de-Venus-abultado.webp
/wp-content/uploads/2026/04/Que-significa-tener-el-monte-de-Venus-abultado-768x813.jpg,/images/2026/04/Que-significa-tener-el-monte-de-Venus-abultado.webp
/wp-content/uploads/2026/04/Que-significa-tener-el-monte-de-Venus-abultado-967x1024.jpg,/images/2026/04/Que-significa-tener-el-monte-de-Venus-abultado.webp
/wp-content/uploads/2026/04/Que-significa-tener-el-monte-de-Venus-abultado.jpg,/images/2026/04/Que-significa-tener-el-monte-de-Venus-abultado.webp
/wp-content/uploads/2026/04/Quien-es-buena-candidata-para-un-BBL-1-241x300.jpg,/images/2026/04/Quien-es-buena-candidata-para-un-BBL-1.webp
/wp-content/uploads/2026/04/Quien-es-buena-candidata-para-un-BBL-1-595xh.jpg,/images/2026/04/Quien-es-buena-candidata-para-un-BBL-1.webp
/wp-content/uploads/2026/04/Quien-es-buena-candidata-para-un-BBL-1-768x958.jpg,/images/2026/04/Quien-es-buena-candidata-para-un-BBL-1.webp
/wp-content/uploads/2026/04/Quien-es-buena-candidata-para-un-BBL-1-821x1024.jpg,/images/2026/04/Quien-es-buena-candidata-para-un-BBL-1.webp
/wp-content/uploads/2026/04/Quien-es-buena-candidata-para-un-BBL-1.jpg,/images/2026/04/Quien-es-buena-candidata-para-un-BBL-1.webp
/wp-content/uploads/2026/04/Recambio-de-implantes-150x150.jpg,/images/2026/04/Recambio-de-implantes.webp
/wp-content/uploads/2026/04/Recambio-de-implantes-300x300.jpg,/images/2026/04/Recambio-de-implantes.webp
/wp-content/uploads/2026/04/Recambio-de-implantes-595xh.jpg,/images/2026/04/Recambio-de-implantes.webp
/wp-content/uploads/2026/04/Recambio-de-implantes-768x768.jpg,/images/2026/04/Recambio-de-implantes.webp
/wp-content/uploads/2026/04/Recambio-de-implantes.jpg,/images/2026/04/Recambio-de-implantes.webp
/wp-content/uploads/2026/04/Recuperacion-de-una-blefaroplastia-1024x351.jpg,/images/2026/04/Recuperacion-de-una-blefaroplastia.webp
/wp-content/uploads/2026/04/Recuperacion-de-una-blefaroplastia-1536x526.jpg,/images/2026/04/Recuperacion-de-una-blefaroplastia.webp
/wp-content/uploads/2026/04/Recuperacion-de-una-blefaroplastia-300x103.jpg,/images/2026/04/Recuperacion-de-una-blefaroplastia.webp
/wp-content/uploads/2026/04/Recuperacion-de-una-blefaroplastia-595xh.jpg,/images/2026/04/Recuperacion-de-una-blefaroplastia.webp
/wp-content/uploads/2026/04/Recuperacion-de-una-blefaroplastia-768x263.jpg,/images/2026/04/Recuperacion-de-una-blefaroplastia.webp
/wp-content/uploads/2026/04/Recuperacion-de-una-blefaroplastia-M-150x150.jpg,/images/2026/04/Recuperacion-de-una-blefaroplastia-M.webp
/wp-content/uploads/2026/04/Recuperacion-de-una-blefaroplastia-M-300x300.jpg,/images/2026/04/Recuperacion-de-una-blefaroplastia-M.webp
/wp-content/uploads/2026/04/Recuperacion-de-una-blefaroplastia-M-595xh.jpg,/images/2026/04/Recuperacion-de-una-blefaroplastia-M.webp
/wp-content/uploads/2026/04/Recuperacion-de-una-blefaroplastia-M.jpg,/images/2026/04/Recuperacion-de-una-blefaroplastia-M.webp
/wp-content/uploads/2026/04/Recuperacion-de-una-blefaroplastia.jpg,/images/2026/04/Recuperacion-de-una-blefaroplastia.webp
/wp-content/uploads/2026/04/Recuperacion-del-lifting-facial-1024x490.jpg,/images/2026/04/Recuperacion-del-lifting-facial.webp
/wp-content/uploads/2026/04/Recuperacion-del-lifting-facial-1536x735.jpg,/images/2026/04/Recuperacion-del-lifting-facial.webp
/wp-content/uploads/2026/04/Recuperacion-del-lifting-facial-300x144.jpg,/images/2026/04/Recuperacion-del-lifting-facial.webp
/wp-content/uploads/2026/04/Recuperacion-del-lifting-facial-595xh.jpg,/images/2026/04/Recuperacion-del-lifting-facial.webp
/wp-content/uploads/2026/04/Recuperacion-del-lifting-facial-768x368.jpg,/images/2026/04/Recuperacion-del-lifting-facial.webp
/wp-content/uploads/2026/04/Recuperacion-del-lifting-facial-guia-semana-a-semana-150x150.png,/images/2026/04/Recuperacion-del-lifting-facial-guia-semana-a-semana.webp
/wp-content/uploads/2026/04/Recuperacion-del-lifting-facial-guia-semana-a-semana-300x300.png,/images/2026/04/Recuperacion-del-lifting-facial-guia-semana-a-semana.webp
/wp-content/uploads/2026/04/Recuperacion-del-lifting-facial-guia-semana-a-semana.png,/images/2026/04/Recuperacion-del-lifting-facial-guia-semana-a-semana.webp
/wp-content/uploads/2026/04/Recuperacion-del-lifting-facial.jpg,/images/2026/04/Recuperacion-del-lifting-facial.webp
/wp-content/uploads/2026/04/Resultado-natural-en-movimiento-y-al-tacto-240x300.jpg,/images/2026/04/Resultado-natural-en-movimiento-y-al-tacto.webp
/wp-content/uploads/2026/04/Resultado-natural-en-movimiento-y-al-tacto-595xh.jpg,/images/2026/04/Resultado-natural-en-movimiento-y-al-tacto.webp
/wp-content/uploads/2026/04/Resultado-natural-en-movimiento-y-al-tacto-768x960.jpg,/images/2026/04/Resultado-natural-en-movimiento-y-al-tacto.webp
/wp-content/uploads/2026/04/Resultado-natural-en-movimiento-y-al-tacto-819x1024.jpg,/images/2026/04/Resultado-natural-en-movimiento-y-al-tacto.webp
/wp-content/uploads/2026/04/Resultado-natural-en-movimiento-y-al-tacto.jpg,/images/2026/04/Resultado-natural-en-movimiento-y-al-tacto.webp
/wp-content/uploads/2026/04/Resultados-del-BB-que-puedes-esperar-realmente-300x80.jpg,/images/2026/04/Resultados-del-BB-que-puedes-esperar-realmente.webp
/wp-content/uploads/2026/04/Resultados-del-BB-que-puedes-esperar-realmente-595xh.jpg,/images/2026/04/Resultados-del-BB-que-puedes-esperar-realmente.webp
/wp-content/uploads/2026/04/Resultados-del-BB-que-puedes-esperar-realmente-768x205.jpg,/images/2026/04/Resultados-del-BB-que-puedes-esperar-realmente.webp
/wp-content/uploads/2026/04/Resultados-del-BB-que-puedes-esperar-realmente.jpg,/images/2026/04/Resultados-del-BB-que-puedes-esperar-realmente.webp
/wp-content/uploads/2026/04/Rinomodelacion-1024x419.jpg,/images/2026/04/Rinomodelacion.webp
/wp-content/uploads/2026/04/Rinomodelacion-1536x629.jpg,/images/2026/04/Rinomodelacion.webp
/wp-content/uploads/2026/04/Rinomodelacion-300x123.jpg,/images/2026/04/Rinomodelacion.webp
/wp-content/uploads/2026/04/Rinomodelacion-595xh.jpg,/images/2026/04/Rinomodelacion.webp
/wp-content/uploads/2026/04/Rinomodelacion-768x314.jpg,/images/2026/04/Rinomodelacion.webp
/wp-content/uploads/2026/04/Rinomodelacion-cuanto-dura-300x280.jpg,/images/2026/04/Rinomodelacion-cuanto-dura.webp
/wp-content/uploads/2026/04/Rinomodelacion-cuanto-dura-768x716.jpg,/images/2026/04/Rinomodelacion-cuanto-dura.webp
/wp-content/uploads/2026/04/Rinomodelacion-cuanto-dura.jpg,/images/2026/04/Rinomodelacion-cuanto-dura.webp
/wp-content/uploads/2026/04/Rinomodelacion-o-rinoplastia-1-150x150.jpg,/images/2026/04/Rinomodelacion-o-rinoplastia-1.webp
/wp-content/uploads/2026/04/Rinomodelacion-o-rinoplastia-1-300x300.jpg,/images/2026/04/Rinomodelacion-o-rinoplastia-1.webp
/wp-content/uploads/2026/04/Rinomodelacion-o-rinoplastia-1-768x768.jpg,/images/2026/04/Rinomodelacion-o-rinoplastia-1.webp
/wp-content/uploads/2026/04/Rinomodelacion-o-rinoplastia-1.jpg,/images/2026/04/Rinomodelacion-o-rinoplastia-1.webp
/wp-content/uploads/2026/04/Rinomodelacion.jpg,/images/2026/04/Rinomodelacion.webp
/wp-content/uploads/2026/04/Se-puede-adelgazar-el-monte-de-Venus-con-ejercicio-1024x500.jpg,/images/2026/04/Se-puede-adelgazar-el-monte-de-Venus-con-ejercicio.webp
/wp-content/uploads/2026/04/Se-puede-adelgazar-el-monte-de-Venus-con-ejercicio-1536x750.jpg,/images/2026/04/Se-puede-adelgazar-el-monte-de-Venus-con-ejercicio.webp
/wp-content/uploads/2026/04/Se-puede-adelgazar-el-monte-de-Venus-con-ejercicio-300x147.jpg,/images/2026/04/Se-puede-adelgazar-el-monte-de-Venus-con-ejercicio.webp
/wp-content/uploads/2026/04/Se-puede-adelgazar-el-monte-de-Venus-con-ejercicio-595xh.jpg,/images/2026/04/Se-puede-adelgazar-el-monte-de-Venus-con-ejercicio.webp
/wp-content/uploads/2026/04/Se-puede-adelgazar-el-monte-de-Venus-con-ejercicio-768x375.jpg,/images/2026/04/Se-puede-adelgazar-el-monte-de-Venus-con-ejercicio.webp
/wp-content/uploads/2026/04/Se-puede-adelgazar-el-monte-de-Venus-con-ejercicio.jpg,/images/2026/04/Se-puede-adelgazar-el-monte-de-Venus-con-ejercicio.webp
/wp-content/uploads/2026/04/Seguimiento-y-revisiones-del-postoperatorio-240x300.jpg,/images/2026/04/Seguimiento-y-revisiones-del-postoperatorio.webp
/wp-content/uploads/2026/04/Seguimiento-y-revisiones-del-postoperatorio-595xh.jpg,/images/2026/04/Seguimiento-y-revisiones-del-postoperatorio.webp
/wp-content/uploads/2026/04/Seguimiento-y-revisiones-del-postoperatorio-768x960.jpg,/images/2026/04/Seguimiento-y-revisiones-del-postoperatorio.webp
/wp-content/uploads/2026/04/Seguimiento-y-revisiones-del-postoperatorio-819x1024.jpg,/images/2026/04/Seguimiento-y-revisiones-del-postoperatorio.webp
/wp-content/uploads/2026/04/Seguimiento-y-revisiones-del-postoperatorio.jpg,/images/2026/04/Seguimiento-y-revisiones-del-postoperatorio.webp
/wp-content/uploads/2026/04/Seguridad-y-diseno-pensado-2-300x205.png,/images/2026/04/Seguridad-y-diseno-pensado-2.webp
/wp-content/uploads/2026/04/Seguridad-y-diseno-pensado-2.png,/images/2026/04/Seguridad-y-diseno-pensado-2.webp
/wp-content/uploads/2026/04/Seguridad-y-diseno-pensado-300x207.png,/images/2026/04/Seguridad-y-diseno-pensado.webp
/wp-content/uploads/2026/04/Seguridad-y-diseno-pensado.png,/images/2026/04/Seguridad-y-diseno-pensado.webp
/wp-content/uploads/2026/04/Senales-alerta-1024x1024.jpg,/images/2026/04/Senales-alerta.webp
/wp-content/uploads/2026/04/Senales-alerta-150x150.jpg,/images/2026/04/Senales-alerta.webp
/wp-content/uploads/2026/04/Senales-alerta-300x300.jpg,/images/2026/04/Senales-alerta.webp
/wp-content/uploads/2026/04/Senales-alerta-595xh.jpg,/images/2026/04/Senales-alerta.webp
/wp-content/uploads/2026/04/Senales-alerta-768x768.jpg,/images/2026/04/Senales-alerta.webp
/wp-content/uploads/2026/04/Senales-alerta.jpg,/images/2026/04/Senales-alerta.webp
/wp-content/uploads/2026/04/Sin-titulo-1Diferencias-entre-blefaroplastia-superior-inferior-y-completa-1024x576.jpg,/images/2026/04/Sin-titulo-1Diferencias-entre-blefaroplastia-superior-inferior-y-completa.webp
/wp-content/uploads/2026/04/Sin-titulo-1Diferencias-entre-blefaroplastia-superior-inferior-y-completa-1536x864.jpg,/images/2026/04/Sin-titulo-1Diferencias-entre-blefaroplastia-superior-inferior-y-completa.webp
/wp-content/uploads/2026/04/Sin-titulo-1Diferencias-entre-blefaroplastia-superior-inferior-y-completa-300x169.jpg,/images/2026/04/Sin-titulo-1Diferencias-entre-blefaroplastia-superior-inferior-y-completa.webp
/wp-content/uploads/2026/04/Sin-titulo-1Diferencias-entre-blefaroplastia-superior-inferior-y-completa-595xh.jpg,/images/2026/04/Sin-titulo-1Diferencias-entre-blefaroplastia-superior-inferior-y-completa.webp
/wp-content/uploads/2026/04/Sin-titulo-1Diferencias-entre-blefaroplastia-superior-inferior-y-completa-768x432.jpg,/images/2026/04/Sin-titulo-1Diferencias-entre-blefaroplastia-superior-inferior-y-completa.webp
/wp-content/uploads/2026/04/Sin-titulo-1Diferencias-entre-blefaroplastia-superior-inferior-y-completa.jpg,/images/2026/04/Sin-titulo-1Diferencias-entre-blefaroplastia-superior-inferior-y-completa.webp
/wp-content/uploads/2026/04/Solicita-una-valoracion-medica-personalizada-300x169.jpg,/images/2026/04/Solicita-una-valoracion-medica-personalizada.webp
/wp-content/uploads/2026/04/Solicita-una-valoracion-medica-personalizada-595xh.jpg,/images/2026/04/Solicita-una-valoracion-medica-personalizada.webp
/wp-content/uploads/2026/04/Solicita-una-valoracion-medica-personalizada-768x432.jpg,/images/2026/04/Solicita-una-valoracion-medica-personalizada.webp
/wp-content/uploads/2026/04/Solicita-una-valoracion-medica-personalizada.jpg,/images/2026/04/Solicita-una-valoracion-medica-personalizada.webp
/wp-content/uploads/2026/04/Sueno-estres-y-constancia-los-grandes-olvidados-300x139.jpg,/images/2026/04/Sueno-estres-y-constancia-los-grandes-olvidados.webp
/wp-content/uploads/2026/04/Sueno-estres-y-constancia-los-grandes-olvidados-595xh.jpg,/images/2026/04/Sueno-estres-y-constancia-los-grandes-olvidados.webp
/wp-content/uploads/2026/04/Sueno-estres-y-constancia-los-grandes-olvidados-768x356.jpg,/images/2026/04/Sueno-estres-y-constancia-los-grandes-olvidados.webp
/wp-content/uploads/2026/04/Sueno-estres-y-constancia-los-grandes-olvidados.jpg,/images/2026/04/Sueno-estres-y-constancia-los-grandes-olvidados.webp
/wp-content/uploads/2026/04/Tecnologia-utilizada-durante-la-cirugia-150x150.jpg,/images/2026/04/Tecnologia-utilizada-durante-la-cirugia.webp
/wp-content/uploads/2026/04/Tecnologia-utilizada-durante-la-cirugia-300x300.jpg,/images/2026/04/Tecnologia-utilizada-durante-la-cirugia.webp
/wp-content/uploads/2026/04/Tecnologia-utilizada-durante-la-cirugia-595xh.jpg,/images/2026/04/Tecnologia-utilizada-durante-la-cirugia.webp
/wp-content/uploads/2026/04/Tecnologia-utilizada-durante-la-cirugia-768x768.jpg,/images/2026/04/Tecnologia-utilizada-durante-la-cirugia.webp
/wp-content/uploads/2026/04/Tecnologia-utilizada-durante-la-cirugia.jpg,/images/2026/04/Tecnologia-utilizada-durante-la-cirugia.webp
/wp-content/uploads/2026/04/Trabajo-de-core-y-abdomen-inferior-2-1024x880.jpg,/images/2026/04/Trabajo-de-core-y-abdomen-inferior-2.webp
/wp-content/uploads/2026/04/Trabajo-de-core-y-abdomen-inferior-2-300x258.jpg,/images/2026/04/Trabajo-de-core-y-abdomen-inferior-2.webp
/wp-content/uploads/2026/04/Trabajo-de-core-y-abdomen-inferior-2-595xh.jpg,/images/2026/04/Trabajo-de-core-y-abdomen-inferior-2.webp
/wp-content/uploads/2026/04/Trabajo-de-core-y-abdomen-inferior-2-768x660.jpg,/images/2026/04/Trabajo-de-core-y-abdomen-inferior-2.webp
/wp-content/uploads/2026/04/Trabajo-de-core-y-abdomen-inferior-2.jpg,/images/2026/04/Trabajo-de-core-y-abdomen-inferior-2.webp
/wp-content/uploads/2026/04/Tratamientos-para-eliminar-el-monte-de-Venus-abultado-1024x366.jpg,/images/2026/04/Tratamientos-para-eliminar-el-monte-de-Venus-abultado.webp
/wp-content/uploads/2026/04/Tratamientos-para-eliminar-el-monte-de-Venus-abultado-1536x549.jpg,/images/2026/04/Tratamientos-para-eliminar-el-monte-de-Venus-abultado.webp
/wp-content/uploads/2026/04/Tratamientos-para-eliminar-el-monte-de-Venus-abultado-2048x732.jpg,/images/2026/04/Tratamientos-para-eliminar-el-monte-de-Venus-abultado.webp
/wp-content/uploads/2026/04/Tratamientos-para-eliminar-el-monte-de-Venus-abultado-300x107.jpg,/images/2026/04/Tratamientos-para-eliminar-el-monte-de-Venus-abultado.webp
/wp-content/uploads/2026/04/Tratamientos-para-eliminar-el-monte-de-Venus-abultado-595xh.jpg,/images/2026/04/Tratamientos-para-eliminar-el-monte-de-Venus-abultado.webp
/wp-content/uploads/2026/04/Tratamientos-para-eliminar-el-monte-de-Venus-abultado-768x275.jpg,/images/2026/04/Tratamientos-para-eliminar-el-monte-de-Venus-abultado.webp
/wp-content/uploads/2026/04/Tratamientos-para-eliminar-el-monte-de-Venus-abultado-scaled.jpg,/images/2026/04/Tratamientos-para-eliminar-el-monte-de-Venus-abultado.webp
/wp-content/uploads/2026/04/Tratamientos-para-eliminar-el-monte-de-Venus-abultado.jpg,/images/2026/04/Tratamientos-para-eliminar-el-monte-de-Venus-abultado.webp
/wp-content/uploads/2026/04/abdominoplastia-precio-150x150.webp,/images/2026/04/abdominoplastia-precio.webp
/wp-content/uploads/2026/04/abdominoplastia-precio-300x300.webp,/images/2026/04/abdominoplastia-precio.webp
/wp-content/uploads/2026/04/abdominoplastia-precio-595xh.webp,/images/2026/04/abdominoplastia-precio.webp
/wp-content/uploads/2026/04/abdominoplastia-precio-barcelona-150x150.webp,/images/2026/04/abdominoplastia-precio-barcelona.webp
/wp-content/uploads/2026/04/abdominoplastia-precio-barcelona-300x300.webp,/images/2026/04/abdominoplastia-precio-barcelona.webp
/wp-content/uploads/2026/04/abdominoplastia-precio-barcelona-595xh.webp,/images/2026/04/abdominoplastia-precio-barcelona.webp
/wp-content/uploads/2026/04/abdominoplastia-precio-barcelona.webp,/images/2026/04/abdominoplastia-precio-barcelona.webp
/wp-content/uploads/2026/04/abdominoplastia-precio.webp,/images/2026/04/abdominoplastia-precio.webp
/wp-content/uploads/2026/04/antes-y-despues-aumento-de-pecho-300x135.jpg,/images/2026/04/antes-y-despues-aumento-de-pecho.webp
/wp-content/uploads/2026/04/antes-y-despues-aumento-de-pecho-595xh.jpg,/images/2026/04/antes-y-despues-aumento-de-pecho.webp
/wp-content/uploads/2026/04/antes-y-despues-aumento-de-pecho-768x346.jpg,/images/2026/04/antes-y-despues-aumento-de-pecho.webp
/wp-content/uploads/2026/04/antes-y-despues-aumento-de-pecho.jpg,/images/2026/04/antes-y-despues-aumento-de-pecho.webp
/wp-content/uploads/2026/04/apoyo-social.png,/images/2026/04/apoyo-social.webp
/wp-content/uploads/2026/04/aumento-de-pecho-pacientes-satisfechas-1-300x200.webp,/images/2026/04/aumento-de-pecho-pacientes-satisfechas-1.webp
/wp-content/uploads/2026/04/aumento-de-pecho-pacientes-satisfechas-1-595xh.webp,/images/2026/04/aumento-de-pecho-pacientes-satisfechas-1.webp
/wp-content/uploads/2026/04/aumento-de-pecho-pacientes-satisfechas-1.webp,/images/2026/04/aumento-de-pecho-pacientes-satisfechas-1.webp
/wp-content/uploads/2026/04/aumento-de-pecho-pacientes-satisfechas-2-300x200.webp,/images/2026/04/aumento-de-pecho-pacientes-satisfechas-2.webp
/wp-content/uploads/2026/04/aumento-de-pecho-pacientes-satisfechas-2-595xh.webp,/images/2026/04/aumento-de-pecho-pacientes-satisfechas-2.webp
/wp-content/uploads/2026/04/aumento-de-pecho-pacientes-satisfechas-2.webp,/images/2026/04/aumento-de-pecho-pacientes-satisfechas-2.webp
/wp-content/uploads/2026/04/aumento-de-pecho-pacientes-satisfechas-3-300x200.webp,/images/2026/04/aumento-de-pecho-pacientes-satisfechas-3.webp
/wp-content/uploads/2026/04/aumento-de-pecho-pacientes-satisfechas-3-595xh.webp,/images/2026/04/aumento-de-pecho-pacientes-satisfechas-3.webp
/wp-content/uploads/2026/04/aumento-de-pecho-pacientes-satisfechas-3.webp,/images/2026/04/aumento-de-pecho-pacientes-satisfechas-3.webp
/wp-content/uploads/2026/04/aumento-de-pecho-pacientes-satisfechas-4-300x200.webp,/images/2026/04/aumento-de-pecho-pacientes-satisfechas-4.webp
/wp-content/uploads/2026/04/aumento-de-pecho-pacientes-satisfechas-4-595xh.webp,/images/2026/04/aumento-de-pecho-pacientes-satisfechas-4.webp
/wp-content/uploads/2026/04/aumento-de-pecho-pacientes-satisfechas-4.webp,/images/2026/04/aumento-de-pecho-pacientes-satisfechas-4.webp
/wp-content/uploads/2026/04/aumento-de-pecho-precio-150x150.webp,/images/2026/04/aumento-de-pecho-precio.webp
/wp-content/uploads/2026/04/aumento-de-pecho-precio-300x300.webp,/images/2026/04/aumento-de-pecho-precio.webp
/wp-content/uploads/2026/04/aumento-de-pecho-precio-595xh.webp,/images/2026/04/aumento-de-pecho-precio.webp
/wp-content/uploads/2026/04/aumento-de-pecho-precio-barcelona-150x150.webp,/images/2026/04/aumento-de-pecho-precio-barcelona.webp
/wp-content/uploads/2026/04/aumento-de-pecho-precio-barcelona-300x300.webp,/images/2026/04/aumento-de-pecho-precio-barcelona.webp
/wp-content/uploads/2026/04/aumento-de-pecho-precio-barcelona-595xh.webp,/images/2026/04/aumento-de-pecho-precio-barcelona.webp
/wp-content/uploads/2026/04/aumento-de-pecho-precio-barcelona.webp,/images/2026/04/aumento-de-pecho-precio-barcelona.webp
/wp-content/uploads/2026/04/aumento-de-pecho-precio-valor-300x175.webp,/images/2026/04/aumento-de-pecho-precio-valor.webp
/wp-content/uploads/2026/04/aumento-de-pecho-precio-valor-595xh.webp,/images/2026/04/aumento-de-pecho-precio-valor.webp
/wp-content/uploads/2026/04/aumento-de-pecho-precio-valor.webp,/images/2026/04/aumento-de-pecho-precio-valor.webp
/wp-content/uploads/2026/04/aumento-de-pecho-precio.webp,/images/2026/04/aumento-de-pecho-precio.webp
/wp-content/uploads/2026/04/aumento-de-pecho-resultados-naturales-1-300x200.webp,/images/2026/04/aumento-de-pecho-resultados-naturales-1.webp
/wp-content/uploads/2026/04/aumento-de-pecho-resultados-naturales-1-595xh.webp,/images/2026/04/aumento-de-pecho-resultados-naturales-1.webp
/wp-content/uploads/2026/04/aumento-de-pecho-resultados-naturales-1.webp,/images/2026/04/aumento-de-pecho-resultados-naturales-1.webp
/wp-content/uploads/2026/04/aumento-de-pecho-resultados-naturales-2-300x200.webp,/images/2026/04/aumento-de-pecho-resultados-naturales-2.webp
/wp-content/uploads/2026/04/aumento-de-pecho-resultados-naturales-2-595xh.webp,/images/2026/04/aumento-de-pecho-resultados-naturales-2.webp
/wp-content/uploads/2026/04/aumento-de-pecho-resultados-naturales-2.webp,/images/2026/04/aumento-de-pecho-resultados-naturales-2.webp
/wp-content/uploads/2026/04/aumento-de-pecho-resultados-naturales-3-300x200.webp,/images/2026/04/aumento-de-pecho-resultados-naturales-3.webp
/wp-content/uploads/2026/04/aumento-de-pecho-resultados-naturales-3-595xh.webp,/images/2026/04/aumento-de-pecho-resultados-naturales-3.webp
/wp-content/uploads/2026/04/aumento-de-pecho-resultados-naturales-3.webp,/images/2026/04/aumento-de-pecho-resultados-naturales-3.webp
/wp-content/uploads/2026/04/aumento-de-pecho-resultados-naturales-4-300x200.webp,/images/2026/04/aumento-de-pecho-resultados-naturales-4.webp
/wp-content/uploads/2026/04/aumento-de-pecho-resultados-naturales-4-595xh.webp,/images/2026/04/aumento-de-pecho-resultados-naturales-4.webp
/wp-content/uploads/2026/04/aumento-de-pecho-resultados-naturales-4.webp,/images/2026/04/aumento-de-pecho-resultados-naturales-4.webp
/wp-content/uploads/2026/04/buena-primera-consulta-1152x2048.jpg,/images/2026/04/buena-primera-consulta.webp
/wp-content/uploads/2026/04/buena-primera-consulta-169x300.jpg,/images/2026/04/buena-primera-consulta.webp
/wp-content/uploads/2026/04/buena-primera-consulta-576x1024.jpg,/images/2026/04/buena-primera-consulta.webp
/wp-content/uploads/2026/04/buena-primera-consulta-595xh.jpg,/images/2026/04/buena-primera-consulta.webp
/wp-content/uploads/2026/04/buena-primera-consulta-768x1365.jpg,/images/2026/04/buena-primera-consulta.webp
/wp-content/uploads/2026/04/buena-primera-consulta-864x1536.jpg,/images/2026/04/buena-primera-consulta.webp
/wp-content/uploads/2026/04/buena-primera-consulta.jpg,/images/2026/04/buena-primera-consulta.webp
/wp-content/uploads/2026/04/cirugia-de-lifting-de-muslos-300x200.webp,/images/2026/04/cirugia-de-lifting-de-muslos.webp
/wp-content/uploads/2026/04/cirugia-de-lifting-de-muslos-595xh.webp,/images/2026/04/cirugia-de-lifting-de-muslos.webp
/wp-content/uploads/2026/04/cirugia-de-lifting-de-muslos-768x512.webp,/images/2026/04/cirugia-de-lifting-de-muslos.webp
/wp-content/uploads/2026/04/cirugia-de-lifting-de-muslos.webp,/images/2026/04/cirugia-de-lifting-de-muslos.webp
/wp-content/uploads/2026/04/cirugia-intima.webp,/images/2026/04/cirugia-intima.webp
/wp-content/uploads/2026/04/cirugia-vaginoplastia.webp,/images/2026/04/cirugia-vaginoplastia.webp
/wp-content/uploads/2026/04/cirugias-estetica-precios-300x225.webp,/images/2026/04/cirugias-estetica-precios.webp
/wp-content/uploads/2026/04/cirugias-estetica-precios-595xh.webp,/images/2026/04/cirugias-estetica-precios.webp
/wp-content/uploads/2026/04/cirugias-estetica-precios.webp,/images/2026/04/cirugias-estetica-precios.webp
/wp-content/uploads/2026/04/cirujano-felix-echevarrya-150x150.jpg,/images/2026/04/cirujano-felix-echevarrya.webp
/wp-content/uploads/2026/04/cirujano-felix-echevarrya-300x300.jpg,/images/2026/04/cirujano-felix-echevarrya.webp
/wp-content/uploads/2026/04/cirujano-felix-echevarrya-595xh.jpg,/images/2026/04/cirujano-felix-echevarrya.webp
/wp-content/uploads/2026/04/cirujano-felix-echevarrya-768x768.jpg,/images/2026/04/cirujano-felix-echevarrya.webp
/wp-content/uploads/2026/04/cirujano-felix-echevarrya.jpg,/images/2026/04/cirujano-felix-echevarrya.webp
/wp-content/uploads/2026/04/cuanto-cuesta-abdominoplastia-300x225.webp,/images/2026/04/cuanto-cuesta-abdominoplastia.webp
/wp-content/uploads/2026/04/cuanto-cuesta-abdominoplastia-595xh.webp,/images/2026/04/cuanto-cuesta-abdominoplastia.webp
/wp-content/uploads/2026/04/cuanto-cuesta-abdominoplastia.webp,/images/2026/04/cuanto-cuesta-abdominoplastia.webp
/wp-content/uploads/2026/04/cuanto-cuesta-cirugia-estetica-barcelona-300x225.webp,/images/2026/04/cuanto-cuesta-cirugia-estetica-barcelona.webp
/wp-content/uploads/2026/04/cuanto-cuesta-cirugia-estetica-barcelona-595xh.webp,/images/2026/04/cuanto-cuesta-cirugia-estetica-barcelona.webp
/wp-content/uploads/2026/04/cuanto-cuesta-cirugia-estetica-barcelona.webp,/images/2026/04/cuanto-cuesta-cirugia-estetica-barcelona.webp
/wp-content/uploads/2026/04/cuanto-cuesta-liposuccion-monte-de-venus-300x225.webp,/images/2026/04/cuanto-cuesta-liposuccion-monte-de-venus.webp
/wp-content/uploads/2026/04/cuanto-cuesta-liposuccion-monte-de-venus-595xh.webp,/images/2026/04/cuanto-cuesta-liposuccion-monte-de-venus.webp
/wp-content/uploads/2026/04/cuanto-cuesta-liposuccion-monte-de-venus.webp,/images/2026/04/cuanto-cuesta-liposuccion-monte-de-venus.webp
/wp-content/uploads/2026/04/cuanto-cuesta-mini-lifting-facial-300x225.webp,/images/2026/04/cuanto-cuesta-mini-lifting-facial.webp
/wp-content/uploads/2026/04/cuanto-cuesta-mini-lifting-facial-595xh.webp,/images/2026/04/cuanto-cuesta-mini-lifting-facial.webp
/wp-content/uploads/2026/04/cuanto-cuesta-mini-lifting-facial.webp,/images/2026/04/cuanto-cuesta-mini-lifting-facial.webp
/wp-content/uploads/2026/04/day-care-hero-blobs-background.svg,/images/2026/04/day-care-hero-blobs-background.svg
/wp-content/uploads/2026/04/deficit-caloricos-2-300x272.jpg,/images/2026/04/deficit-caloricos-2.webp
/wp-content/uploads/2026/04/deficit-caloricos-2-595xh.jpg,/images/2026/04/deficit-caloricos-2.webp
/wp-content/uploads/2026/04/deficit-caloricos-2-768x696.jpg,/images/2026/04/deficit-caloricos-2.webp
/wp-content/uploads/2026/04/deficit-caloricos-2.jpg,/images/2026/04/deficit-caloricos-2.webp
/wp-content/uploads/2026/04/despues-cambio-discreto-300x233.jpg,/images/2026/04/despues-cambio-discreto.webp
/wp-content/uploads/2026/04/despues-cambio-discreto-595xh.jpg,/images/2026/04/despues-cambio-discreto.webp
/wp-content/uploads/2026/04/despues-cambio-discreto-768x596.jpg,/images/2026/04/despues-cambio-discreto.webp
/wp-content/uploads/2026/04/despues-cambio-discreto.jpg,/images/2026/04/despues-cambio-discreto.webp
/wp-content/uploads/2026/04/detras-de-la-grasa-abdominal-169x300.jpg,/images/2026/04/detras-de-la-grasa-abdominal.webp
/wp-content/uploads/2026/04/detras-de-la-grasa-abdominal-576x1024.jpg,/images/2026/04/detras-de-la-grasa-abdominal.webp
/wp-content/uploads/2026/04/detras-de-la-grasa-abdominal-595xh.jpg,/images/2026/04/detras-de-la-grasa-abdominal.webp
/wp-content/uploads/2026/04/detras-de-la-grasa-abdominal-768x1366.jpg,/images/2026/04/detras-de-la-grasa-abdominal.webp
/wp-content/uploads/2026/04/detras-de-la-grasa-abdominal-864x1536.jpg,/images/2026/04/detras-de-la-grasa-abdominal.webp
/wp-content/uploads/2026/04/detras-de-la-grasa-abdominal.jpg,/images/2026/04/detras-de-la-grasa-abdominal.webp
/wp-content/uploads/2026/04/doctor-contouring-women-s-nose-bridge-dermal-filler-1024x1024.jpg,/images/2026/04/doctor-contouring-women-s-nose-bridge-dermal-filler.webp
/wp-content/uploads/2026/04/doctor-contouring-women-s-nose-bridge-dermal-filler-150x150.jpg,/images/2026/04/doctor-contouring-women-s-nose-bridge-dermal-filler.webp
/wp-content/uploads/2026/04/doctor-contouring-women-s-nose-bridge-dermal-filler-1536x1536.jpg,/images/2026/04/doctor-contouring-women-s-nose-bridge-dermal-filler.webp
/wp-content/uploads/2026/04/doctor-contouring-women-s-nose-bridge-dermal-filler-2048x2048.jpg,/images/2026/04/doctor-contouring-women-s-nose-bridge-dermal-filler.webp
/wp-content/uploads/2026/04/doctor-contouring-women-s-nose-bridge-dermal-filler-300x300.jpg,/images/2026/04/doctor-contouring-women-s-nose-bridge-dermal-filler.webp
/wp-content/uploads/2026/04/doctor-contouring-women-s-nose-bridge-dermal-filler-595xh.jpg,/images/2026/04/doctor-contouring-women-s-nose-bridge-dermal-filler.webp
/wp-content/uploads/2026/04/doctor-contouring-women-s-nose-bridge-dermal-filler-768x768.jpg,/images/2026/04/doctor-contouring-women-s-nose-bridge-dermal-filler.webp
/wp-content/uploads/2026/04/doctor-contouring-women-s-nose-bridge-dermal-filler.jpg,/images/2026/04/doctor-contouring-women-s-nose-bridge-dermal-filler.webp
/wp-content/uploads/2026/04/elementor/thumbs/cuanto-cuesta-mini-lifting-facial-rm1tkk64gpzzloi0jts0f81fl4s1adw8uadvfkzdmg.webp,/images/2026/04/cuanto-cuesta-mini-lifting-facial.webp
/wp-content/uploads/2026/04/elementor/thumbs/mini-lifting-facial-precio-rm1thh97w1zdfak0hxt8y84lfiqdbmgoi7s61zsn3w.webp,/images/2026/04/mini-lifting-facial-precio.webp
/wp-content/uploads/2026/04/elementor/thumbs/otoplastia-en-barcelona-2-rmd4fvf4u59lpu1ihnhio900i0t33dicqxixm9ieik.png,/images/2026/04/otoplastia-en-barcelona-2.webp
/wp-content/uploads/2026/04/eliminar-grasa-abdominal-300x119.jpg,/images/2026/04/eliminar-grasa-abdominal.webp
/wp-content/uploads/2026/04/eliminar-grasa-abdominal-595xh.jpg,/images/2026/04/eliminar-grasa-abdominal.webp
/wp-content/uploads/2026/04/eliminar-grasa-abdominal-768x306.jpg,/images/2026/04/eliminar-grasa-abdominal.webp
/wp-content/uploads/2026/04/eliminar-grasa-abdominal-m-150x150.jpg,/images/2026/04/eliminar-grasa-abdominal-m.webp
/wp-content/uploads/2026/04/eliminar-grasa-abdominal-m-300x300.jpg,/images/2026/04/eliminar-grasa-abdominal-m.webp
/wp-content/uploads/2026/04/eliminar-grasa-abdominal-m.jpg,/images/2026/04/eliminar-grasa-abdominal-m.webp
/wp-content/uploads/2026/04/eliminar-grasa-abdominal.jpg,/images/2026/04/eliminar-grasa-abdominal.webp
/wp-content/uploads/2026/04/ginecomastia-barcelona-precio-300x225.webp,/images/2026/04/ginecomastia-barcelona-precio.webp
/wp-content/uploads/2026/04/ginecomastia-barcelona-precio-595xh.webp,/images/2026/04/ginecomastia-barcelona-precio.webp
/wp-content/uploads/2026/04/ginecomastia-barcelona-precio.webp,/images/2026/04/ginecomastia-barcelona-precio.webp
/wp-content/uploads/2026/04/ginecomastia-examen-300x225.webp,/images/2026/04/ginecomastia-examen.webp
/wp-content/uploads/2026/04/ginecomastia-examen-595xh.webp,/images/2026/04/ginecomastia-examen.webp
/wp-content/uploads/2026/04/ginecomastia-examen.webp,/images/2026/04/ginecomastia-examen.webp
/wp-content/uploads/2026/04/ginecomastia-precio-150x150.webp,/images/2026/04/ginecomastia-precio.webp
/wp-content/uploads/2026/04/ginecomastia-precio-300x300.webp,/images/2026/04/ginecomastia-precio.webp
/wp-content/uploads/2026/04/ginecomastia-precio-595xh.webp,/images/2026/04/ginecomastia-precio.webp
/wp-content/uploads/2026/04/ginecomastia-precio-768x768.webp,/images/2026/04/ginecomastia-precio.webp
/wp-content/uploads/2026/04/ginecomastia-precio-barcelona-150x150.webp,/images/2026/04/ginecomastia-precio-barcelona.webp
/wp-content/uploads/2026/04/ginecomastia-precio-barcelona-300x300.webp,/images/2026/04/ginecomastia-precio-barcelona.webp
/wp-content/uploads/2026/04/ginecomastia-precio-barcelona-595xh.webp,/images/2026/04/ginecomastia-precio-barcelona.webp
/wp-content/uploads/2026/04/ginecomastia-precio-barcelona-768x768.webp,/images/2026/04/ginecomastia-precio-barcelona.webp
/wp-content/uploads/2026/04/ginecomastia-precio-barcelona.webp,/images/2026/04/ginecomastia-precio-barcelona.webp
/wp-content/uploads/2026/04/ginecomastia-precio.webp,/images/2026/04/ginecomastia-precio.webp
/wp-content/uploads/2026/04/guia-de-precios-cirugia-estetica-150x150.webp,/images/2026/04/guia-de-precios-cirugia-estetica.webp
/wp-content/uploads/2026/04/guia-de-precios-cirugia-estetica-300x300.webp,/images/2026/04/guia-de-precios-cirugia-estetica.webp
/wp-content/uploads/2026/04/guia-de-precios-cirugia-estetica.webp,/images/2026/04/guia-de-precios-cirugia-estetica.webp
/wp-content/uploads/2026/04/lifting-de-brazos-300x194.webp,/images/2026/04/lifting-de-brazos.webp
/wp-content/uploads/2026/04/lifting-de-brazos-595xh.webp,/images/2026/04/lifting-de-brazos.webp
/wp-content/uploads/2026/04/lifting-de-brazos-768x496.webp,/images/2026/04/lifting-de-brazos.webp
/wp-content/uploads/2026/04/lifting-de-brazos-consultar-150x150.webp,/images/2026/04/lifting-de-brazos-consultar.webp
/wp-content/uploads/2026/04/lifting-de-brazos-consultar-300x300.webp,/images/2026/04/lifting-de-brazos-consultar.webp
/wp-content/uploads/2026/04/lifting-de-brazos-consultar-595xh.webp,/images/2026/04/lifting-de-brazos-consultar.webp
/wp-content/uploads/2026/04/lifting-de-brazos-consultar-768x769.webp,/images/2026/04/lifting-de-brazos-consultar.webp
/wp-content/uploads/2026/04/lifting-de-brazos-consultar.webp,/images/2026/04/lifting-de-brazos-consultar.webp
/wp-content/uploads/2026/04/lifting-de-brazos.webp,/images/2026/04/lifting-de-brazos.webp
/wp-content/uploads/2026/04/lifting-de-muslos-1-300x203.webp,/images/2026/04/lifting-de-muslos-1.webp
/wp-content/uploads/2026/04/lifting-de-muslos-1-595xh.webp,/images/2026/04/lifting-de-muslos-1.webp
/wp-content/uploads/2026/04/lifting-de-muslos-1-768x518.webp,/images/2026/04/lifting-de-muslos-1.webp
/wp-content/uploads/2026/04/lifting-de-muslos-1.webp,/images/2026/04/lifting-de-muslos-1.webp
/wp-content/uploads/2026/04/lipo-monte-de-venus-barcelona-2.jpg,/images/2026/04/lipo-monte-de-venus-barcelona-2.webp
/wp-content/uploads/2026/04/liposuccion-cuanto-cuesta-300x225.jpg,/images/2026/04/liposuccion-cuanto-cuesta.webp
/wp-content/uploads/2026/04/liposuccion-cuanto-cuesta-595xh.jpg,/images/2026/04/liposuccion-cuanto-cuesta.webp
/wp-content/uploads/2026/04/liposuccion-cuanto-cuesta.jpg,/images/2026/04/liposuccion-cuanto-cuesta.webp
/wp-content/uploads/2026/04/liposuccion-de-monte-de-venus-consultar.webp,/images/2026/04/liposuccion-de-monte-de-venus-consultar.webp
/wp-content/uploads/2026/04/liposuccion-del-monte-de-Venus-femenino-300x203.webp,/images/2026/04/liposuccion-del-monte-de-Venus-femenino.webp
/wp-content/uploads/2026/04/liposuccion-del-monte-de-Venus-femenino-595xh.webp,/images/2026/04/liposuccion-del-monte-de-Venus-femenino.webp
/wp-content/uploads/2026/04/liposuccion-del-monte-de-Venus-femenino-768x518.webp,/images/2026/04/liposuccion-del-monte-de-Venus-femenino.webp
/wp-content/uploads/2026/04/liposuccion-del-monte-de-Venus-femenino.webp,/images/2026/04/liposuccion-del-monte-de-Venus-femenino.webp
/wp-content/uploads/2026/04/liposuccion-monte-de-venus-precio-150x150.webp,/images/2026/04/liposuccion-monte-de-venus-precio.webp
/wp-content/uploads/2026/04/liposuccion-monte-de-venus-precio-300x300.webp,/images/2026/04/liposuccion-monte-de-venus-precio.webp
/wp-content/uploads/2026/04/liposuccion-monte-de-venus-precio-595xh.webp,/images/2026/04/liposuccion-monte-de-venus-precio.webp
/wp-content/uploads/2026/04/liposuccion-monte-de-venus-precio-barcelona-150x150.webp,/images/2026/04/liposuccion-monte-de-venus-precio-barcelona.webp
/wp-content/uploads/2026/04/liposuccion-monte-de-venus-precio-barcelona-300x300.webp,/images/2026/04/liposuccion-monte-de-venus-precio-barcelona.webp
/wp-content/uploads/2026/04/liposuccion-monte-de-venus-precio-barcelona-595xh.webp,/images/2026/04/liposuccion-monte-de-venus-precio-barcelona.webp
/wp-content/uploads/2026/04/liposuccion-monte-de-venus-precio-barcelona.webp,/images/2026/04/liposuccion-monte-de-venus-precio-barcelona.webp
/wp-content/uploads/2026/04/liposuccion-monte-de-venus-precio.webp,/images/2026/04/liposuccion-monte-de-venus-precio.webp
/wp-content/uploads/2026/04/liposuccion-o-lipoescultura-240x300.jpg,/images/2026/04/liposuccion-o-lipoescultura.webp
/wp-content/uploads/2026/04/liposuccion-o-lipoescultura-595xh.jpg,/images/2026/04/liposuccion-o-lipoescultura.webp
/wp-content/uploads/2026/04/liposuccion-o-lipoescultura-768x960.jpg,/images/2026/04/liposuccion-o-lipoescultura.webp
/wp-content/uploads/2026/04/liposuccion-o-lipoescultura-819x1024.jpg,/images/2026/04/liposuccion-o-lipoescultura.webp
/wp-content/uploads/2026/04/liposuccion-o-lipoescultura.jpg,/images/2026/04/liposuccion-o-lipoescultura.webp
/wp-content/uploads/2026/04/liposuccion-precio-300x225.webp,/images/2026/04/liposuccion-precio.webp
/wp-content/uploads/2026/04/liposuccion-precio-595xh.webp,/images/2026/04/liposuccion-precio.webp
/wp-content/uploads/2026/04/liposuccion-precio.webp,/images/2026/04/liposuccion-precio.webp
/wp-content/uploads/2026/04/lipsuccion-precio-barcelona-150x150.webp,/images/2026/04/lipsuccion-precio-barcelona.webp
/wp-content/uploads/2026/04/lipsuccion-precio-barcelona-300x300.webp,/images/2026/04/lipsuccion-precio-barcelona.webp
/wp-content/uploads/2026/04/lipsuccion-precio-barcelona-595xh.webp,/images/2026/04/lipsuccion-precio-barcelona.webp
/wp-content/uploads/2026/04/lipsuccion-precio-barcelona.webp,/images/2026/04/lipsuccion-precio-barcelona.webp
/wp-content/uploads/2026/04/mini-lifting-facial-precio-150x150.webp,/images/2026/04/mini-lifting-facial-precio.webp
/wp-content/uploads/2026/04/mini-lifting-facial-precio-300x300.webp,/images/2026/04/mini-lifting-facial-precio.webp
/wp-content/uploads/2026/04/mini-lifting-facial-precio-595xh.webp,/images/2026/04/mini-lifting-facial-precio.webp
/wp-content/uploads/2026/04/mini-lifting-facial-precio-barcelona-150x150.webp,/images/2026/04/mini-lifting-facial-precio-barcelona.webp
/wp-content/uploads/2026/04/mini-lifting-facial-precio-barcelona-300x300.webp,/images/2026/04/mini-lifting-facial-precio-barcelona.webp
/wp-content/uploads/2026/04/mini-lifting-facial-precio-barcelona-595xh.webp,/images/2026/04/mini-lifting-facial-precio-barcelona.webp
/wp-content/uploads/2026/04/mini-lifting-facial-precio-barcelona.webp,/images/2026/04/mini-lifting-facial-precio-barcelona.webp
/wp-content/uploads/2026/04/mini-lifting-facial-precio.webp,/images/2026/04/mini-lifting-facial-precio.webp
/wp-content/uploads/2026/04/mini-lifting-facial.webp,/images/2026/04/mini-lifting-facial.webp
/wp-content/uploads/2026/04/mujeres-mini-lifting-facial-1024x683.webp,/images/2026/04/mujeres-mini-lifting-facial.webp
/wp-content/uploads/2026/04/mujeres-mini-lifting-facial-300x200.webp,/images/2026/04/mujeres-mini-lifting-facial.webp
/wp-content/uploads/2026/04/mujeres-mini-lifting-facial-595xh.webp,/images/2026/04/mujeres-mini-lifting-facial.webp
/wp-content/uploads/2026/04/mujeres-mini-lifting-facial-768x512.webp,/images/2026/04/mujeres-mini-lifting-facial.webp
/wp-content/uploads/2026/04/mujeres-mini-lifting-facial.webp,/images/2026/04/mujeres-mini-lifting-facial.webp
/wp-content/uploads/2026/04/otoplastia-en-barcelona-2-1024x1024.png,/images/2026/04/otoplastia-en-barcelona-2.webp
/wp-content/uploads/2026/04/otoplastia-en-barcelona-2-150x150.png,/images/2026/04/otoplastia-en-barcelona-2.webp
/wp-content/uploads/2026/04/otoplastia-en-barcelona-2-300x300.png,/images/2026/04/otoplastia-en-barcelona-2.webp
/wp-content/uploads/2026/04/otoplastia-en-barcelona-2-595xh.png,/images/2026/04/otoplastia-en-barcelona-2.webp
/wp-content/uploads/2026/04/otoplastia-en-barcelona-2-768x768.png,/images/2026/04/otoplastia-en-barcelona-2.webp
/wp-content/uploads/2026/04/otoplastia-en-barcelona-2.png,/images/2026/04/otoplastia-en-barcelona-2.webp
/wp-content/uploads/2026/04/precio-abdominoplastia-barcelona-300x175.webp,/images/2026/04/precio-abdominoplastia-barcelona.webp
/wp-content/uploads/2026/04/precio-abdominoplastia-barcelona-595xh.webp,/images/2026/04/precio-abdominoplastia-barcelona.webp
/wp-content/uploads/2026/04/precio-abdominoplastia-barcelona.webp,/images/2026/04/precio-abdominoplastia-barcelona.webp
/wp-content/uploads/2026/04/precio-cirugia-barcelona-300x225.webp,/images/2026/04/precio-cirugia-barcelona.webp
/wp-content/uploads/2026/04/precio-cirugia-barcelona-595xh.webp,/images/2026/04/precio-cirugia-barcelona.webp
/wp-content/uploads/2026/04/precio-cirugia-barcelona.webp,/images/2026/04/precio-cirugia-barcelona.webp
/wp-content/uploads/2026/04/precio-cirugia-estetica.webp,/images/2026/04/precio-cirugia-estetica.webp
/wp-content/uploads/2026/04/precio-de-mini-lifting-facial-barcelona-300x225.webp,/images/2026/04/precio-de-mini-lifting-facial-barcelona.webp
/wp-content/uploads/2026/04/precio-de-mini-lifting-facial-barcelona-595xh.webp,/images/2026/04/precio-de-mini-lifting-facial-barcelona.webp
/wp-content/uploads/2026/04/precio-de-mini-lifting-facial-barcelona.webp,/images/2026/04/precio-de-mini-lifting-facial-barcelona.webp
/wp-content/uploads/2026/04/precio-de-rinoplastia-ultrasonica-150x150.webp,/images/2026/04/precio-de-rinoplastia-ultrasonica.webp
/wp-content/uploads/2026/04/precio-de-rinoplastia-ultrasonica-300x300.webp,/images/2026/04/precio-de-rinoplastia-ultrasonica.webp
/wp-content/uploads/2026/04/precio-de-rinoplastia-ultrasonica-595xh.webp,/images/2026/04/precio-de-rinoplastia-ultrasonica.webp
/wp-content/uploads/2026/04/precio-de-rinoplastia-ultrasonica-barcelona-300x225.webp,/images/2026/04/precio-de-rinoplastia-ultrasonica-barcelona.webp
/wp-content/uploads/2026/04/precio-de-rinoplastia-ultrasonica-barcelona-595xh.webp,/images/2026/04/precio-de-rinoplastia-ultrasonica-barcelona.webp
/wp-content/uploads/2026/04/precio-de-rinoplastia-ultrasonica-barcelona.webp,/images/2026/04/precio-de-rinoplastia-ultrasonica-barcelona.webp
/wp-content/uploads/2026/04/precio-de-rinoplastia-ultrasonica.webp,/images/2026/04/precio-de-rinoplastia-ultrasonica.webp
/wp-content/uploads/2026/04/precio-liposuccion-barcelona-150x150.webp,/images/2026/04/precio-liposuccion-barcelona.webp
/wp-content/uploads/2026/04/precio-liposuccion-barcelona-300x300.webp,/images/2026/04/precio-liposuccion-barcelona.webp
/wp-content/uploads/2026/04/precio-liposuccion-barcelona-595xh.webp,/images/2026/04/precio-liposuccion-barcelona.webp
/wp-content/uploads/2026/04/precio-liposuccion-barcelona.webp,/images/2026/04/precio-liposuccion-barcelona.webp
/wp-content/uploads/2026/04/precio-liposuccion-monte-de-venus-300x225.webp,/images/2026/04/precio-liposuccion-monte-de-venus.webp
/wp-content/uploads/2026/04/precio-liposuccion-monte-de-venus-595xh.webp,/images/2026/04/precio-liposuccion-monte-de-venus.webp
/wp-content/uploads/2026/04/precio-liposuccion-monte-de-venus.webp,/images/2026/04/precio-liposuccion-monte-de-venus.webp
/wp-content/uploads/2026/04/precio-monte-de-venus-barcelona-300x225.webp,/images/2026/04/precio-monte-de-venus-barcelona.webp
/wp-content/uploads/2026/04/precio-monte-de-venus-barcelona-595xh.webp,/images/2026/04/precio-monte-de-venus-barcelona.webp
/wp-content/uploads/2026/04/precio-monte-de-venus-barcelona.webp,/images/2026/04/precio-monte-de-venus-barcelona.webp
/wp-content/uploads/2026/04/primera-consulta-de-cirugia-estetica-3-300x240.png,/images/2026/04/primera-consulta-de-cirugia-estetica-3.webp
/wp-content/uploads/2026/04/primera-consulta-de-cirugia-estetica-3.png,/images/2026/04/primera-consulta-de-cirugia-estetica-3.webp
/wp-content/uploads/2026/04/rinoplastia-o-rinomodelacion-150x150.jpg,/images/2026/04/rinoplastia-o-rinomodelacion.webp
/wp-content/uploads/2026/04/rinoplastia-o-rinomodelacion-300x300.jpg,/images/2026/04/rinoplastia-o-rinomodelacion.webp
/wp-content/uploads/2026/04/rinoplastia-o-rinomodelacion-768x768.jpg,/images/2026/04/rinoplastia-o-rinomodelacion.webp
/wp-content/uploads/2026/04/rinoplastia-o-rinomodelacion.jpg,/images/2026/04/rinoplastia-o-rinomodelacion.webp
/wp-content/uploads/2026/04/rinoplastia-ultrasonica-precio-300x150.webp,/images/2026/04/rinoplastia-ultrasonica-precio.webp
/wp-content/uploads/2026/04/rinoplastia-ultrasonica-precio-595xh.webp,/images/2026/04/rinoplastia-ultrasonica-precio.webp
/wp-content/uploads/2026/04/rinoplastia-ultrasonica-precio-barcelona-150x150.webp,/images/2026/04/rinoplastia-ultrasonica-precio-barcelona.webp
/wp-content/uploads/2026/04/rinoplastia-ultrasonica-precio-barcelona-300x300.webp,/images/2026/04/rinoplastia-ultrasonica-precio-barcelona.webp
/wp-content/uploads/2026/04/rinoplastia-ultrasonica-precio-barcelona-595xh.webp,/images/2026/04/rinoplastia-ultrasonica-precio-barcelona.webp
/wp-content/uploads/2026/04/rinoplastia-ultrasonica-precio-barcelona.webp,/images/2026/04/rinoplastia-ultrasonica-precio-barcelona.webp
/wp-content/uploads/2026/04/rinoplastia-ultrasonica-precio.webp,/images/2026/04/rinoplastia-ultrasonica-precio.webp
/wp-content/uploads/2026/04/vaginoplastia-300x203.webp,/images/2026/04/vaginoplastia.webp
/wp-content/uploads/2026/04/vaginoplastia-595xh.webp,/images/2026/04/vaginoplastia.webp
/wp-content/uploads/2026/04/vaginoplastia-768x518.webp,/images/2026/04/vaginoplastia.webp
/wp-content/uploads/2026/04/vaginoplastia-barcelona-3.jpg,/images/2026/04/vaginoplastia-barcelona-3.webp
/wp-content/uploads/2026/04/vaginoplastia-barcelona.webp,/images/2026/04/vaginoplastia-barcelona.webp
/wp-content/uploads/2026/04/vaginoplastia.webp,/images/2026/04/vaginoplastia.webp
/wp-content/uploads/2026/05/1.png,/images/2026/05/1.webp
/wp-content/uploads/2026/05/2.png,/images/2026/05/2.webp
/wp-content/uploads/2026/05/Abdominoplastia-recuperacion-1024x416.jpg,/images/2026/05/Abdominoplastia-recuperacion.webp
/wp-content/uploads/2026/05/Abdominoplastia-recuperacion-300x122.jpg,/images/2026/05/Abdominoplastia-recuperacion.webp
/wp-content/uploads/2026/05/Abdominoplastia-recuperacion-595xh.jpg,/images/2026/05/Abdominoplastia-recuperacion.webp
/wp-content/uploads/2026/05/Abdominoplastia-recuperacion-768x312.jpg,/images/2026/05/Abdominoplastia-recuperacion.webp
/wp-content/uploads/2026/05/Abdominoplastia-recuperacion.jpg,/images/2026/05/Abdominoplastia-recuperacion.webp
/wp-content/uploads/2026/05/Como-elegir-entre-Lipovaser-o-liposuccion-300x128.jpg,/images/2026/05/Como-elegir-entre-Lipovaser-o-liposuccion.webp
/wp-content/uploads/2026/05/Como-elegir-entre-Lipovaser-o-liposuccion-595xh.jpg,/images/2026/05/Como-elegir-entre-Lipovaser-o-liposuccion.webp
/wp-content/uploads/2026/05/Como-elegir-entre-Lipovaser-o-liposuccion-768x328.jpg,/images/2026/05/Como-elegir-entre-Lipovaser-o-liposuccion.webp
/wp-content/uploads/2026/05/Como-elegir-entre-Lipovaser-o-liposuccion.jpg,/images/2026/05/Como-elegir-entre-Lipovaser-o-liposuccion.webp
/wp-content/uploads/2026/05/Cuidados-clave-despues-de-una-abdominoplastia.jpg,/images/2026/05/Cuidados-clave-despues-de-una-abdominoplastia.webp
/wp-content/uploads/2026/05/Del-mes-1-al-6-cuando-la-nariz-empieza-a-ser-la-tuya.jpg,/images/2026/05/Del-mes-1-al-6-cuando-la-nariz-empieza-a-ser-la-tuya.webp
/wp-content/uploads/2026/05/Diastasis-abdominal-2-1024x630.jpg,/images/2026/05/Diastasis-abdominal-2.webp
/wp-content/uploads/2026/05/Diastasis-abdominal-2-300x185.jpg,/images/2026/05/Diastasis-abdominal-2.webp
/wp-content/uploads/2026/05/Diastasis-abdominal-2-595xh.jpg,/images/2026/05/Diastasis-abdominal-2.webp
/wp-content/uploads/2026/05/Diastasis-abdominal-2-768x473.jpg,/images/2026/05/Diastasis-abdominal-2.webp
/wp-content/uploads/2026/05/Diastasis-abdominal-2.jpg,/images/2026/05/Diastasis-abdominal-2.webp
/wp-content/uploads/2026/05/Diastasis-abdominal-es-peligroso-1024x819.jpg,/images/2026/05/Diastasis-abdominal-es-peligroso.webp
/wp-content/uploads/2026/05/Diastasis-abdominal-es-peligroso.jpg,/images/2026/05/Diastasis-abdominal-es-peligroso.webp
/wp-content/uploads/2026/05/La-primera-semana-luego-de-una-rinoplastia-.png,/images/2026/05/La-primera-semana-luego-de-una-rinoplastia-.webp
/wp-content/uploads/2026/05/La-primera-semana-luego-de-una-rinoplastia.png,/images/2026/05/La-primera-semana-luego-de-una-rinoplastia.webp
/wp-content/uploads/2026/05/Lipovaser-o-liposuccion-tradicional-150x150.jpg,/images/2026/05/Lipovaser-o-liposuccion-tradicional.webp
/wp-content/uploads/2026/05/Lipovaser-o-liposuccion-tradicional-300x300.jpg,/images/2026/05/Lipovaser-o-liposuccion-tradicional.webp
/wp-content/uploads/2026/05/Lipovaser-o-liposuccion-tradicional.jpg,/images/2026/05/Lipovaser-o-liposuccion-tradicional.webp
/wp-content/uploads/2026/05/Lipovaser-vs-liposuccion-tradicional-1-300x133.jpg,/images/2026/05/Lipovaser-vs-liposuccion-tradicional-1.webp
/wp-content/uploads/2026/05/Lipovaser-vs-liposuccion-tradicional-1-595xh.jpg,/images/2026/05/Lipovaser-vs-liposuccion-tradicional-1.webp
/wp-content/uploads/2026/05/Lipovaser-vs-liposuccion-tradicional-1-768x340.jpg,/images/2026/05/Lipovaser-vs-liposuccion-tradicional-1.webp
/wp-content/uploads/2026/05/Lipovaser-vs-liposuccion-tradicional-1.jpg,/images/2026/05/Lipovaser-vs-liposuccion-tradicional-1.webp
/wp-content/uploads/2026/05/Mama-tuberosa--150x150.jpg,/images/2026/05/Mama-tuberosa-.webp
/wp-content/uploads/2026/05/Mama-tuberosa--300x300.jpg,/images/2026/05/Mama-tuberosa-.webp
/wp-content/uploads/2026/05/Mama-tuberosa--595xh.jpg,/images/2026/05/Mama-tuberosa-.webp
/wp-content/uploads/2026/05/Mama-tuberosa--768x768.jpg,/images/2026/05/Mama-tuberosa-.webp
/wp-content/uploads/2026/05/Mama-tuberosa-.jpg,/images/2026/05/Mama-tuberosa-.webp
/wp-content/uploads/2026/05/Mama-tuberosa-implantes.jpg,/images/2026/05/Mama-tuberosa-implantes.webp
/wp-content/uploads/2026/05/Mama-tuberosa.jpg,/images/2026/05/Mama-tuberosa.webp
/wp-content/uploads/2026/05/Merece-la-pena-operarse-el-pecho-150x150.png,/images/2026/05/Merece-la-pena-operarse-el-pecho.webp
/wp-content/uploads/2026/05/Merece-la-pena-operarse-el-pecho-300x300.png,/images/2026/05/Merece-la-pena-operarse-el-pecho.webp
/wp-content/uploads/2026/05/Merece-la-pena-operarse-el-pecho.png,/images/2026/05/Merece-la-pena-operarse-el-pecho.webp
/wp-content/uploads/2026/05/PECHO-ANTES-3.jpg,/images/2026/05/PECHO-ANTES-3.webp
/wp-content/uploads/2026/05/PECHO-ANTES.jpg,/images/2026/05/PECHO-ANTES.webp
/wp-content/uploads/2026/05/PECHO-despues-3.jpg,/images/2026/05/PECHO-despues-3.webp
/wp-content/uploads/2026/05/PECHO-despues.jpg,/images/2026/05/PECHO-despues.webp
/wp-content/uploads/2026/05/Que-es-el-Lipovaser-y-como-funciona-158x300.jpg,/images/2026/05/Que-es-el-Lipovaser-y-como-funciona.webp
/wp-content/uploads/2026/05/Que-es-el-Lipovaser-y-como-funciona.jpg,/images/2026/05/Que-es-el-Lipovaser-y-como-funciona.webp
/wp-content/uploads/2026/05/Recuperacion-tras-una-liposuccion.jpg,/images/2026/05/Recuperacion-tras-una-liposuccion.webp
/wp-content/uploads/2026/05/Recuperacion-tras-una-rinoplastia.jpg,/images/2026/05/Recuperacion-tras-una-rinoplastia.webp
/wp-content/uploads/2026/05/Vaginoplastia-por-laxitud-2.png,/images/2026/05/Vaginoplastia-por-laxitud-2.webp
/wp-content/uploads/2026/05/Vaginoplastia.jpg,/images/2026/05/Vaginoplastia.webp
/wp-content/uploads/2026/05/centro_medico.png,/images/2026/05/centro_medico.webp
/wp-content/uploads/2026/05/costal-768x513.png,/images/2026/05/costal.webp
/wp-content/uploads/2026/05/costal.png,/images/2026/05/costal.webp
/wp-content/uploads/2026/05/elementor/thumbs/mike-rnpbi4ms20etlbqcr0uwex43lzrokoat4wpwplwlo8.png,/images/2026/05/mike.webp
/wp-content/uploads/2026/05/fondo_2-3.png,/images/2026/05/fondo_2-3.webp
/wp-content/uploads/2026/05/fondo_mamas.avif,/images/2026/05/fondo_mamas.avif
/wp-content/uploads/2026/05/la-diastasis-abdominal-es-peligrosa-1024x819.jpg,/images/2026/05/la-diastasis-abdominal-es-peligrosa.webp
/wp-content/uploads/2026/05/la-diastasis-abdominal-es-peligrosa.jpg,/images/2026/05/la-diastasis-abdominal-es-peligrosa.webp
/wp-content/uploads/2026/05/laura-150x150.png,/images/2026/05/laura.webp
/wp-content/uploads/2026/05/laura-300x300.png,/images/2026/05/laura.webp
/wp-content/uploads/2026/05/laura.png,/images/2026/05/laura.webp
/wp-content/uploads/2026/05/marel-150x150.png,/images/2026/05/marel.webp
/wp-content/uploads/2026/05/marel-300x300.png,/images/2026/05/marel.webp
/wp-content/uploads/2026/05/marel.png,/images/2026/05/marel.webp
/wp-content/uploads/2026/05/mike-150x150.png,/images/2026/05/mike.webp
/wp-content/uploads/2026/05/mike-300x300.png,/images/2026/05/mike.webp
/wp-content/uploads/2026/05/mike.png,/images/2026/05/mike.webp
/wp-content/uploads/2026/05/otoplastia-antes-.jpg,/images/2026/05/otoplastia-antes-.webp
/wp-content/uploads/2026/05/otoplastia-despues-.jpg,/images/2026/05/otoplastia-despues-.webp
/wp-content/uploads/2026/05/pasillo.png,/images/2026/05/pasillo.webp
/wp-content/uploads/2026/05/portada_bg-1-150x150.png,/images/2026/05/portada_bg-1.webp
/wp-content/uploads/2026/05/portada_bg-1-300x300.png,/images/2026/05/portada_bg-1.webp
/wp-content/uploads/2026/05/portada_bg-1-595xh.png,/images/2026/05/portada_bg-1.webp
/wp-content/uploads/2026/05/portada_bg-1-768x768.png,/images/2026/05/portada_bg-1.webp
/wp-content/uploads/2026/05/portada_bg-1.png,/images/2026/05/portada_bg-1.webp
/wp-content/uploads/2026/05/recuperacion-abdominoplastia-150x150.jpg,/images/2026/05/recuperacion-abdominoplastia.webp
/wp-content/uploads/2026/05/recuperacion-abdominoplastia-300x300.jpg,/images/2026/05/recuperacion-abdominoplastia.webp
/wp-content/uploads/2026/05/recuperacion-abdominoplastia.jpg,/images/2026/05/recuperacion-abdominoplastia.webp
/wp-content/uploads/2026/05/recuperacion-lipo-1024x1024.jpg,/images/2026/05/recuperacion-lipo.webp
/wp-content/uploads/2026/05/recuperacion-lipo-150x150.jpg,/images/2026/05/recuperacion-lipo.webp
/wp-content/uploads/2026/05/recuperacion-lipo-300x300.jpg,/images/2026/05/recuperacion-lipo.webp
/wp-content/uploads/2026/05/recuperacion-lipo-595xh.jpg,/images/2026/05/recuperacion-lipo.webp
/wp-content/uploads/2026/05/recuperacion-lipo-768x768.jpg,/images/2026/05/recuperacion-lipo.webp
/wp-content/uploads/2026/05/recuperacion-lipo.jpg,/images/2026/05/recuperacion-lipo.webp
/wp-content/uploads/2026/05/recuperacion-rinoplastia-300x240.jpg,/images/2026/05/recuperacion-rinoplastia.webp
/wp-content/uploads/2026/05/recuperacion-rinoplastia-768x614.jpg,/images/2026/05/recuperacion-rinoplastia.webp
/wp-content/uploads/2026/05/recuperacion-rinoplastia.jpg,/images/2026/05/recuperacion-rinoplastia.webp
/wp-content/uploads/2026/05/remodelacion-costal-antes.jpg,/images/2026/05/remodelacion-costal-antes.webp
/wp-content/uploads/2026/05/remodelacion-costal-despues.jpg,/images/2026/05/remodelacion-costal-despues.webp
/wp-content/uploads/2026/05/vaginoplastia-se-recomienda-por-motivos-funcionales-1-1024x1024.jpg,/images/2026/05/vaginoplastia-se-recomienda-por-motivos-funcionales-1.webp
/wp-content/uploads/2026/05/vaginoplastia-se-recomienda-por-motivos-funcionales-1-150x150.jpg,/images/2026/05/vaginoplastia-se-recomienda-por-motivos-funcionales-1.webp
/wp-content/uploads/2026/05/vaginoplastia-se-recomienda-por-motivos-funcionales-1-300x300.jpg,/images/2026/05/vaginoplastia-se-recomienda-por-motivos-funcionales-1.webp
/wp-content/uploads/2026/05/vaginoplastia-se-recomienda-por-motivos-funcionales-1-595xh.jpg,/images/2026/05/vaginoplastia-se-recomienda-por-motivos-funcionales-1.webp
/wp-content/uploads/2026/05/vaginoplastia-se-recomienda-por-motivos-funcionales-1-768x768.jpg,/images/2026/05/vaginoplastia-se-recomienda-por-motivos-funcionales-1.webp
/wp-content/uploads/2026/05/vaginoplastia-se-recomienda-por-motivos-funcionales-1.jpg,/images/2026/05/vaginoplastia-se-recomienda-por-motivos-funcionales-1.webp
/wp-content/uploads/2026/05/vale-la-pena-operarse-el-pecho.jpg,/images/2026/05/vale-la-pena-operarse-el-pecho.webp
/wp-content/uploads/2026/06/Antes-y-despues-rinoplastia-187x300.jpg,/images/2026/06/Antes-y-despues-rinoplastia.webp
/wp-content/uploads/2026/06/Antes-y-despues-rinoplastia-595xh.jpg,/images/2026/06/Antes-y-despues-rinoplastia.webp
/wp-content/uploads/2026/06/Antes-y-despues-rinoplastia-637x1024.jpg,/images/2026/06/Antes-y-despues-rinoplastia.webp
/wp-content/uploads/2026/06/Antes-y-despues-rinoplastia-768x1234.jpg,/images/2026/06/Antes-y-despues-rinoplastia.webp
/wp-content/uploads/2026/06/Antes-y-despues-rinoplastia-956x1536.jpg,/images/2026/06/Antes-y-despues-rinoplastia.webp
/wp-content/uploads/2026/06/Antes-y-despues-rinoplastia.jpg,/images/2026/06/Antes-y-despues-rinoplastia.webp
/wp-content/uploads/2026/06/BBL-Acido-Hialuronico-o-protesis-de-gluteo-1.png,/images/2026/06/BBL-Acido-Hialuronico-o-protesis-de-gluteo-1.webp
/wp-content/uploads/2026/06/Bichectomia--150x150.jpg,/images/2026/06/Bichectomia-.webp
/wp-content/uploads/2026/06/Bichectomia--300x300.jpg,/images/2026/06/Bichectomia-.webp
/wp-content/uploads/2026/06/Bichectomia--768x768.jpg,/images/2026/06/Bichectomia-.webp
/wp-content/uploads/2026/06/Bichectomia-.jpg,/images/2026/06/Bichectomia-.webp
/wp-content/uploads/2026/06/Bichectomia-1.jpg,/images/2026/06/Bichectomia-1.webp
/wp-content/uploads/2026/06/Braquioplastia-o-liposuccion-de-brazos.2-1024x1024.jpg,/images/2026/06/Braquioplastia-o-liposuccion-de-brazos.2.webp
/wp-content/uploads/2026/06/Braquioplastia-o-liposuccion-de-brazos.2-150x150.jpg,/images/2026/06/Braquioplastia-o-liposuccion-de-brazos.2.webp
/wp-content/uploads/2026/06/Braquioplastia-o-liposuccion-de-brazos.2-300x300.jpg,/images/2026/06/Braquioplastia-o-liposuccion-de-brazos.2.webp
/wp-content/uploads/2026/06/Braquioplastia-o-liposuccion-de-brazos.2-768x768.jpg,/images/2026/06/Braquioplastia-o-liposuccion-de-brazos.2.webp
/wp-content/uploads/2026/06/Braquioplastia-o-liposuccion-de-brazos.2.jpg,/images/2026/06/Braquioplastia-o-liposuccion-de-brazos.2.webp
/wp-content/uploads/2026/06/Braquioplastia-o-liposuccion-de-brazos.jpg,/images/2026/06/Braquioplastia-o-liposuccion-de-brazos.webp
/wp-content/uploads/2026/06/Causas-de-la-hipertrofia-de-labios-menores.jpg,/images/2026/06/Causas-de-la-hipertrofia-de-labios-menores.webp
/wp-content/uploads/2026/06/Como-elegir-especialista-para-tratar-la-hipertrofia-de-labios-menores.jpg,/images/2026/06/Como-elegir-especialista-para-tratar-la-hipertrofia-de-labios-menores.webp
/wp-content/uploads/2026/06/Como-elegir-un-especialista-en-cirugia-intima-femenina-1024x436.jpg,/images/2026/06/Como-elegir-un-especialista-en-cirugia-intima-femenina.webp
/wp-content/uploads/2026/06/Como-elegir-un-especialista-en-cirugia-intima-femenina-300x128.jpg,/images/2026/06/Como-elegir-un-especialista-en-cirugia-intima-femenina.webp
/wp-content/uploads/2026/06/Como-elegir-un-especialista-en-cirugia-intima-femenina-768x327.jpg,/images/2026/06/Como-elegir-un-especialista-en-cirugia-intima-femenina.webp
/wp-content/uploads/2026/06/Como-elegir-un-especialista-en-cirugia-intima-femenina.jpg,/images/2026/06/Como-elegir-un-especialista-en-cirugia-intima-femenina.webp
/wp-content/uploads/2026/06/Como-se-previene-el-seroma-1-881x1024.jpg,/images/2026/06/Como-se-previene-el-seroma-1.webp
/wp-content/uploads/2026/06/Como-se-previene-el-seroma-1.jpg,/images/2026/06/Como-se-previene-el-seroma-1.webp
/wp-content/uploads/2026/06/Cuando-conviene-una-liposuccion-de-brazos.jpg,/images/2026/06/Cuando-conviene-una-liposuccion-de-brazos.webp
/wp-content/uploads/2026/06/Cuando-puede-volver-el-paciente-a-casa.jpg,/images/2026/06/Cuando-puede-volver-el-paciente-a-casa.webp
/wp-content/uploads/2026/06/Cuanto-dura-una-blefaroplastia-en-quirofano.jpg,/images/2026/06/Cuanto-dura-una-blefaroplastia-en-quirofano.webp
/wp-content/uploads/2026/06/Cuanto-dura-una-blefaroplastia.jpg,/images/2026/06/Cuanto-dura-una-blefaroplastia.webp
/wp-content/uploads/2026/06/Despues-de-que-cirugias-es-mas-frecuente-que-salga-un-seroma-683x1024.jpg,/images/2026/06/Despues-de-que-cirugias-es-mas-frecuente-que-salga-un-seroma.webp
/wp-content/uploads/2026/06/Despues-de-que-cirugias-es-mas-frecuente-que-salga-un-seroma.jpg,/images/2026/06/Despues-de-que-cirugias-es-mas-frecuente-que-salga-un-seroma.webp
/wp-content/uploads/2026/06/Diferencias-anatomicas-que-cambian-el-enfoque-quirurgico-200x300.jpg,/images/2026/06/Diferencias-anatomicas-que-cambian-el-enfoque-quirurgico.webp
/wp-content/uploads/2026/06/Diferencias-anatomicas-que-cambian-el-enfoque-quirurgico-595xh.jpg,/images/2026/06/Diferencias-anatomicas-que-cambian-el-enfoque-quirurgico.webp
/wp-content/uploads/2026/06/Diferencias-anatomicas-que-cambian-el-enfoque-quirurgico-683x1024.jpg,/images/2026/06/Diferencias-anatomicas-que-cambian-el-enfoque-quirurgico.webp
/wp-content/uploads/2026/06/Diferencias-anatomicas-que-cambian-el-enfoque-quirurgico-768x1152.jpg,/images/2026/06/Diferencias-anatomicas-que-cambian-el-enfoque-quirurgico.webp
/wp-content/uploads/2026/06/Diferencias-anatomicas-que-cambian-el-enfoque-quirurgico.jpg,/images/2026/06/Diferencias-anatomicas-que-cambian-el-enfoque-quirurgico.webp
/wp-content/uploads/2026/06/Dr-felix-150x150.png,/images/2026/06/Dr-felix.webp
/wp-content/uploads/2026/06/Dr-felix-300x300.png,/images/2026/06/Dr-felix.webp
/wp-content/uploads/2026/06/Dr-felix-768x769.png,/images/2026/06/Dr-felix.webp
/wp-content/uploads/2026/06/Dr-felix.png,/images/2026/06/Dr-felix.webp
/wp-content/uploads/2026/06/En-que-consiste-la-bichectomia-paso-a-paso.jpg,/images/2026/06/En-que-consiste-la-bichectomia-paso-a-paso.webp
/wp-content/uploads/2026/06/Errores-frecuentes-al-elegir-entre-liposuccion-y-braquioplastia.jpg,/images/2026/06/Errores-frecuentes-al-elegir-entre-liposuccion-y-braquioplastia.webp
/wp-content/uploads/2026/06/Hipertrofia-de-labios-menores-m-150x150.jpg,/images/2026/06/Hipertrofia-de-labios-menores-m.webp
/wp-content/uploads/2026/06/Hipertrofia-de-labios-menores-m-300x300.jpg,/images/2026/06/Hipertrofia-de-labios-menores-m.webp
/wp-content/uploads/2026/06/Hipertrofia-de-labios-menores-m-768x768.jpg,/images/2026/06/Hipertrofia-de-labios-menores-m.webp
/wp-content/uploads/2026/06/Hipertrofia-de-labios-menores-m.jpg,/images/2026/06/Hipertrofia-de-labios-menores-m.webp
/wp-content/uploads/2026/06/Hipertrofia-de-labios-menores.jpg,/images/2026/06/Hipertrofia-de-labios-menores.webp
/wp-content/uploads/2026/06/Labioplastia-para-hipertrofia-de-labios-menores.jpg,/images/2026/06/Labioplastia-para-hipertrofia-de-labios-menores.webp
/wp-content/uploads/2026/06/Labios-vaginales-150x150.jpg,/images/2026/06/Labios-vaginales.webp
/wp-content/uploads/2026/06/Labios-vaginales-300x300.jpg,/images/2026/06/Labios-vaginales.webp
/wp-content/uploads/2026/06/Labios-vaginales-768x768.jpg,/images/2026/06/Labios-vaginales.webp
/wp-content/uploads/2026/06/Labios-vaginales-grandes-caidos-o-prominentes-cuando-es-normal-200x300.jpg,/images/2026/06/Labios-vaginales-grandes-caidos-o-prominentes-cuando-es-normal.webp
/wp-content/uploads/2026/06/Labios-vaginales-grandes-caidos-o-prominentes-cuando-es-normal-683x1024.jpg,/images/2026/06/Labios-vaginales-grandes-caidos-o-prominentes-cuando-es-normal.webp
/wp-content/uploads/2026/06/Labios-vaginales-grandes-caidos-o-prominentes-cuando-es-normal-768x1152.jpg,/images/2026/06/Labios-vaginales-grandes-caidos-o-prominentes-cuando-es-normal.webp
/wp-content/uploads/2026/06/Labios-vaginales-grandes-caidos-o-prominentes-cuando-es-normal.jpg,/images/2026/06/Labios-vaginales-grandes-caidos-o-prominentes-cuando-es-normal.webp
/wp-content/uploads/2026/06/Labios-vaginales-grandes-o-caido-1024x576.jpg,/images/2026/06/Labios-vaginales-grandes-o-caido.webp
/wp-content/uploads/2026/06/Labios-vaginales-grandes-o-caido-300x169.jpg,/images/2026/06/Labios-vaginales-grandes-o-caido.webp
/wp-content/uploads/2026/06/Labios-vaginales-grandes-o-caido-768x432.jpg,/images/2026/06/Labios-vaginales-grandes-o-caido.webp
/wp-content/uploads/2026/06/Labios-vaginales-grandes-o-caido.jpg,/images/2026/06/Labios-vaginales-grandes-o-caido.webp
/wp-content/uploads/2026/06/Labios-vaginales-vulva-y-vagina-diferencias-importantes-294x300.jpg,/images/2026/06/Labios-vaginales-vulva-y-vagina-diferencias-importantes.webp
/wp-content/uploads/2026/06/Labios-vaginales-vulva-y-vagina-diferencias-importantes-768x784.jpg,/images/2026/06/Labios-vaginales-vulva-y-vagina-diferencias-importantes.webp
/wp-content/uploads/2026/06/Labios-vaginales-vulva-y-vagina-diferencias-importantes.jpg,/images/2026/06/Labios-vaginales-vulva-y-vagina-diferencias-importantes.webp
/wp-content/uploads/2026/06/Labios-vaginales.jpg,/images/2026/06/Labios-vaginales.webp
/wp-content/uploads/2026/06/Medidas-para-reducir-molestias-leves-583x1024.jpg,/images/2026/06/Medidas-para-reducir-molestias-leves.webp
/wp-content/uploads/2026/06/Medidas-para-reducir-molestias-leves.jpg,/images/2026/06/Medidas-para-reducir-molestias-leves.webp
/wp-content/uploads/2026/06/Para-que-sirven-los-labios-vaginales-203x300.jpg,/images/2026/06/Para-que-sirven-los-labios-vaginales.webp
/wp-content/uploads/2026/06/Para-que-sirven-los-labios-vaginales-692x1024.jpg,/images/2026/06/Para-que-sirven-los-labios-vaginales.webp
/wp-content/uploads/2026/06/Para-que-sirven-los-labios-vaginales-768x1136.jpg,/images/2026/06/Para-que-sirven-los-labios-vaginales.webp
/wp-content/uploads/2026/06/Para-que-sirven-los-labios-vaginales.jpg,/images/2026/06/Para-que-sirven-los-labios-vaginales.webp
/wp-content/uploads/2026/06/Para-quien-es-ideal-el-BBL-1.jpg,/images/2026/06/Para-quien-es-ideal-el-BBL-1.webp
/wp-content/uploads/2026/06/Para-quien-es-ideal-la-protesis-de-gluteos-2-150x150.jpg,/images/2026/06/Para-quien-es-ideal-la-protesis-de-gluteos-2.webp
/wp-content/uploads/2026/06/Para-quien-es-ideal-la-protesis-de-gluteos-2-300x300.jpg,/images/2026/06/Para-quien-es-ideal-la-protesis-de-gluteos-2.webp
/wp-content/uploads/2026/06/Para-quien-es-ideal-la-protesis-de-gluteos-2-595xh.jpg,/images/2026/06/Para-quien-es-ideal-la-protesis-de-gluteos-2.webp
/wp-content/uploads/2026/06/Para-quien-es-ideal-la-protesis-de-gluteos-2-768x768.jpg,/images/2026/06/Para-quien-es-ideal-la-protesis-de-gluteos-2.webp
/wp-content/uploads/2026/06/Para-quien-es-ideal-la-protesis-de-gluteos-2.jpg,/images/2026/06/Para-quien-es-ideal-la-protesis-de-gluteos-2.webp
/wp-content/uploads/2026/06/Que-puede-cambiar-la-duracion-de-una-blefaroplastia.jpg,/images/2026/06/Que-puede-cambiar-la-duracion-de-una-blefaroplastia.webp
/wp-content/uploads/2026/06/Resultados-de-la-bichectomia.jpg,/images/2026/06/Resultados-de-la-bichectomia.webp
/wp-content/uploads/2026/06/Rinoplastia-en-hombre-1024x576.jpg,/images/2026/06/Rinoplastia-en-hombre.webp
/wp-content/uploads/2026/06/Rinoplastia-en-hombre-300x169.jpg,/images/2026/06/Rinoplastia-en-hombre.webp
/wp-content/uploads/2026/06/Rinoplastia-en-hombre-595xh.jpg,/images/2026/06/Rinoplastia-en-hombre.webp
/wp-content/uploads/2026/06/Rinoplastia-en-hombre-768x432.jpg,/images/2026/06/Rinoplastia-en-hombre.webp
/wp-content/uploads/2026/06/Rinoplastia-en-hombre.jpg,/images/2026/06/Rinoplastia-en-hombre.webp
/wp-content/uploads/2026/06/Rinoplastia-en-hombres-150x150.jpg,/images/2026/06/Rinoplastia-en-hombres.webp
/wp-content/uploads/2026/06/Rinoplastia-en-hombres-300x300.jpg,/images/2026/06/Rinoplastia-en-hombres.webp
/wp-content/uploads/2026/06/Rinoplastia-en-hombres-595xh.jpg,/images/2026/06/Rinoplastia-en-hombres.webp
/wp-content/uploads/2026/06/Rinoplastia-en-hombres-768x768.jpg,/images/2026/06/Rinoplastia-en-hombres.webp
/wp-content/uploads/2026/06/Rinoplastia-en-hombres.jpg,/images/2026/06/Rinoplastia-en-hombres.webp
/wp-content/uploads/2026/06/Ropa-interior-tejidos-y-humedad-1024x756.jpg,/images/2026/06/Ropa-interior-tejidos-y-humedad.webp
/wp-content/uploads/2026/06/Ropa-interior-tejidos-y-humedad-300x222.jpg,/images/2026/06/Ropa-interior-tejidos-y-humedad.webp
/wp-content/uploads/2026/06/Ropa-interior-tejidos-y-humedad-768x567.jpg,/images/2026/06/Ropa-interior-tejidos-y-humedad.webp
/wp-content/uploads/2026/06/Ropa-interior-tejidos-y-humedad.jpg,/images/2026/06/Ropa-interior-tejidos-y-humedad.webp
/wp-content/uploads/2026/06/Senales-que-no-deberian-atribuirse-solo-a-la-hipertrofia.jpg,/images/2026/06/Senales-que-no-deberian-atribuirse-solo-a-la-hipertrofia.webp
/wp-content/uploads/2026/06/Seroma-tras-cirugia-que-es-por-que-aparece-y-como-prevenirlo-150x150.jpg,/images/2026/06/Seroma-tras-cirugia-que-es-por-que-aparece-y-como-prevenirlo.webp
/wp-content/uploads/2026/06/Seroma-tras-cirugia-que-es-por-que-aparece-y-como-prevenirlo-300x300.jpg,/images/2026/06/Seroma-tras-cirugia-que-es-por-que-aparece-y-como-prevenirlo.webp
/wp-content/uploads/2026/06/Seroma-tras-cirugia-que-es-por-que-aparece-y-como-prevenirlo-768x768.jpg,/images/2026/06/Seroma-tras-cirugia-que-es-por-que-aparece-y-como-prevenirlo.webp
/wp-content/uploads/2026/06/Seroma-tras-cirugia-que-es-por-que-aparece-y-como-prevenirlo.jpg,/images/2026/06/Seroma-tras-cirugia-que-es-por-que-aparece-y-como-prevenirlo.webp
/wp-content/uploads/2026/06/Seroma-tras-cirugia.jpg,/images/2026/06/Seroma-tras-cirugia.webp
/wp-content/uploads/2026/06/Sintomas-de-la-hipertrofia-de-labios-menores.jpg,/images/2026/06/Sintomas-de-la-hipertrofia-de-labios-menores.webp
/wp-content/uploads/2026/06/Un-seroma-desaparece-solo-o-hay-que-drenarlo.jpg,/images/2026/06/Un-seroma-desaparece-solo-o-hay-que-drenarlo.webp
/wp-content/uploads/2026/06/acido-hialuronico.jpg,/images/2026/06/acido-hialuronico.webp
/wp-content/uploads/2026/06/antes-y-despues-blefaroplastia-1024x650.jpg,/images/2026/06/antes-y-despues-blefaroplastia.webp
/wp-content/uploads/2026/06/antes-y-despues-blefaroplastia-300x191.jpg,/images/2026/06/antes-y-despues-blefaroplastia.webp
/wp-content/uploads/2026/06/antes-y-despues-blefaroplastia-768x488.jpg,/images/2026/06/antes-y-despues-blefaroplastia.webp
/wp-content/uploads/2026/06/antes-y-despues-blefaroplastia.jpg,/images/2026/06/antes-y-despues-blefaroplastia.webp
/wp-content/uploads/2026/06/bg_2.png,/images/2026/06/bg_2.webp
/wp-content/uploads/2026/06/bg_belba-1.png,/images/2026/06/bg_belba-1.webp
/wp-content/uploads/2026/06/bolsas-de-Bichat-1-594x1024.jpg,/images/2026/06/bolsas-de-Bichat-1.webp
/wp-content/uploads/2026/06/bolsas-de-Bichat-1.jpg,/images/2026/06/bolsas-de-Bichat-1.webp
/wp-content/uploads/2026/06/corporal_bg-1024x683.png,/images/2026/06/corporal_bg.webp
/wp-content/uploads/2026/06/corporal_bg-300x200.png,/images/2026/06/corporal_bg.webp
/wp-content/uploads/2026/06/corporal_bg-595xh.png,/images/2026/06/corporal_bg.webp
/wp-content/uploads/2026/06/corporal_bg-768x512.png,/images/2026/06/corporal_bg.webp
/wp-content/uploads/2026/06/corporal_bg.png,/images/2026/06/corporal_bg.webp
/wp-content/uploads/2026/06/ecuperacion-tras-liposuccion-de-brazos-o-braquioplastia.jpg,/images/2026/06/ecuperacion-tras-liposuccion-de-brazos-o-braquioplastia.webp
/wp-content/uploads/2026/06/facial_02.png,/images/2026/06/facial_02.webp
/wp-content/uploads/2026/06/facizl_03.png,/images/2026/06/facizl_03.webp
/wp-content/uploads/2026/06/la-bichectomia-729x1024.jpg,/images/2026/06/la-bichectomia.webp
/wp-content/uploads/2026/06/la-bichectomia.jpg,/images/2026/06/la-bichectomia.webp
/wp-content/uploads/2026/06/presupuesto-Bichectomia-749x1024.jpg,/images/2026/06/presupuesto-Bichectomia.webp
/wp-content/uploads/2026/06/presupuesto-Bichectomia.jpg,/images/2026/06/presupuesto-Bichectomia.webp
/wp-content/uploads/2026/06/seccion_bg-150x150.png,/images/2026/06/seccion_bg.webp
/wp-content/uploads/2026/06/seccion_bg-300x300.png,/images/2026/06/seccion_bg.webp
/wp-content/uploads/2026/06/seccion_bg-595xh.png,/images/2026/06/seccion_bg.webp
/wp-content/uploads/2026/06/seccion_bg-768x768.png,/images/2026/06/seccion_bg.webp
/wp-content/uploads/2026/06/seccion_bg.png,/images/2026/06/seccion_bg.webp
/wp-content/uploads/2026/06/tipos-de-aumento-de-gluteo-150x150.jpg,/images/2026/06/tipos-de-aumento-de-gluteo.webp
/wp-content/uploads/2026/06/tipos-de-aumento-de-gluteo-300x300.jpg,/images/2026/06/tipos-de-aumento-de-gluteo.webp
/wp-content/uploads/2026/06/tipos-de-aumento-de-gluteo-595xh.jpg,/images/2026/06/tipos-de-aumento-de-gluteo.webp
/wp-content/uploads/2026/06/tipos-de-aumento-de-gluteo-768x768.jpg,/images/2026/06/tipos-de-aumento-de-gluteo.webp
/wp-content/uploads/2026/06/tipos-de-aumento-de-gluteo.jpg,/images/2026/06/tipos-de-aumento-de-gluteo.webp
/wp-content/uploads/2026/06/valoracion-blefaroplastia-150x150.jpg,/images/2026/06/valoracion-blefaroplastia.webp
/wp-content/uploads/2026/06/valoracion-blefaroplastia-300x300.jpg,/images/2026/06/valoracion-blefaroplastia.webp
/wp-content/uploads/2026/06/valoracion-blefaroplastia-768x768.jpg,/images/2026/06/valoracion-blefaroplastia.webp
/wp-content/uploads/2026/06/valoracion-blefaroplastia.jpg,/images/2026/06/valoracion-blefaroplastia.webp
/wp-content/uploads/2026/07/BelbaRinoplastiaAntes1.jpg,/images/2026/07/BelbaRinoplastiaAntes1.webp
/wp-content/uploads/2026/07/BelbaRinoplastiaAntes2.jpg,/images/2026/07/BelbaRinoplastiaAntes2.webp
/wp-content/uploads/2026/07/BelbaRinoplastiaAntes3.jpg,/images/2026/07/BelbaRinoplastiaAntes3.webp
/wp-content/uploads/2026/07/BelbaRinoplastiaAntes4.jpg,/images/2026/07/BelbaRinoplastiaAntes4.webp
/wp-content/uploads/2026/07/BelbaRinoplastiaDespues1.jpg,/images/2026/07/BelbaRinoplastiaDespues1.webp
/wp-content/uploads/2026/07/BelbaRinoplastiaDespues2.jpg,/images/2026/07/BelbaRinoplastiaDespues2.webp
/wp-content/uploads/2026/07/BelbaRinoplastiaDespues3.jpg,/images/2026/07/BelbaRinoplastiaDespues3.webp
/wp-content/uploads/2026/07/BelbaRinoplastiaDespues4.jpg,/images/2026/07/BelbaRinoplastiaDespues4.webp
/wp-content/uploads/2026/07/Cuando-merece-la-pena-una-rinoplastia-ultrasonica-1024x576.jpg,/images/2026/07/Cuando-merece-la-pena-una-rinoplastia-ultrasonica.webp
/wp-content/uploads/2026/07/Cuando-merece-la-pena-una-rinoplastia-ultrasonica-1536x864.jpg,/images/2026/07/Cuando-merece-la-pena-una-rinoplastia-ultrasonica.webp
/wp-content/uploads/2026/07/Cuando-merece-la-pena-una-rinoplastia-ultrasonica-18x10.jpg,/images/2026/07/Cuando-merece-la-pena-una-rinoplastia-ultrasonica.webp
/wp-content/uploads/2026/07/Cuando-merece-la-pena-una-rinoplastia-ultrasonica-300x169.jpg,/images/2026/07/Cuando-merece-la-pena-una-rinoplastia-ultrasonica.webp
/wp-content/uploads/2026/07/Cuando-merece-la-pena-una-rinoplastia-ultrasonica-768x432.jpg,/images/2026/07/Cuando-merece-la-pena-una-rinoplastia-ultrasonica.webp
/wp-content/uploads/2026/07/Cuando-merece-la-pena-una-rinoplastia-ultrasonica.jpg,/images/2026/07/Cuando-merece-la-pena-una-rinoplastia-ultrasonica.webp
/wp-content/uploads/2026/07/Limites-de-la-rinoplastia-ultrasonica-1024x501.jpg,/images/2026/07/Limites-de-la-rinoplastia-ultrasonica.webp
/wp-content/uploads/2026/07/Limites-de-la-rinoplastia-ultrasonica-18x9.jpg,/images/2026/07/Limites-de-la-rinoplastia-ultrasonica.webp
/wp-content/uploads/2026/07/Limites-de-la-rinoplastia-ultrasonica-300x147.jpg,/images/2026/07/Limites-de-la-rinoplastia-ultrasonica.webp
/wp-content/uploads/2026/07/Limites-de-la-rinoplastia-ultrasonica-768x375.jpg,/images/2026/07/Limites-de-la-rinoplastia-ultrasonica.webp
/wp-content/uploads/2026/07/Limites-de-la-rinoplastia-ultrasonica.jpg,/images/2026/07/Limites-de-la-rinoplastia-ultrasonica.webp
/wp-content/uploads/2026/07/Recuperacion-tras-una-rinoplastia-ultrasonica-1024x576.jpg,/images/2026/07/Recuperacion-tras-una-rinoplastia-ultrasonica.webp
/wp-content/uploads/2026/07/Recuperacion-tras-una-rinoplastia-ultrasonica-1536x864.jpg,/images/2026/07/Recuperacion-tras-una-rinoplastia-ultrasonica.webp
/wp-content/uploads/2026/07/Recuperacion-tras-una-rinoplastia-ultrasonica-18x10.jpg,/images/2026/07/Recuperacion-tras-una-rinoplastia-ultrasonica.webp
/wp-content/uploads/2026/07/Recuperacion-tras-una-rinoplastia-ultrasonica-300x169.jpg,/images/2026/07/Recuperacion-tras-una-rinoplastia-ultrasonica.webp
/wp-content/uploads/2026/07/Recuperacion-tras-una-rinoplastia-ultrasonica-768x432.jpg,/images/2026/07/Recuperacion-tras-una-rinoplastia-ultrasonica.webp
/wp-content/uploads/2026/07/Recuperacion-tras-una-rinoplastia-ultrasonica.jpg,/images/2026/07/Recuperacion-tras-una-rinoplastia-ultrasonica.webp
/wp-content/uploads/2026/07/Rinoplastia-ultrasonica-ventajas-limites-y-cuando-elegirla-1024x464.jpg,/images/2026/07/Rinoplastia-ultrasonica-ventajas-limites-y-cuando-elegirla.webp
/wp-content/uploads/2026/07/Rinoplastia-ultrasonica-ventajas-limites-y-cuando-elegirla-1536x696.jpg,/images/2026/07/Rinoplastia-ultrasonica-ventajas-limites-y-cuando-elegirla.webp
/wp-content/uploads/2026/07/Rinoplastia-ultrasonica-ventajas-limites-y-cuando-elegirla-18x8.jpg,/images/2026/07/Rinoplastia-ultrasonica-ventajas-limites-y-cuando-elegirla.webp
/wp-content/uploads/2026/07/Rinoplastia-ultrasonica-ventajas-limites-y-cuando-elegirla-300x136.jpg,/images/2026/07/Rinoplastia-ultrasonica-ventajas-limites-y-cuando-elegirla.webp
/wp-content/uploads/2026/07/Rinoplastia-ultrasonica-ventajas-limites-y-cuando-elegirla-768x348.jpg,/images/2026/07/Rinoplastia-ultrasonica-ventajas-limites-y-cuando-elegirla.webp
/wp-content/uploads/2026/07/Rinoplastia-ultrasonica-ventajas-limites-y-cuando-elegirla.jpg,/images/2026/07/Rinoplastia-ultrasonica-ventajas-limites-y-cuando-elegirla.webp
/wp-content/uploads/2026/07/Rinoplastia-ultrasonica-vs-rinoplastia-tradicional-1024x459.jpg,/images/2026/07/Rinoplastia-ultrasonica-vs-rinoplastia-tradicional.webp
/wp-content/uploads/2026/07/Rinoplastia-ultrasonica-vs-rinoplastia-tradicional-1536x688.jpg,/images/2026/07/Rinoplastia-ultrasonica-vs-rinoplastia-tradicional.webp
/wp-content/uploads/2026/07/Rinoplastia-ultrasonica-vs-rinoplastia-tradicional-18x8.jpg,/images/2026/07/Rinoplastia-ultrasonica-vs-rinoplastia-tradicional.webp
/wp-content/uploads/2026/07/Rinoplastia-ultrasonica-vs-rinoplastia-tradicional-300x134.jpg,/images/2026/07/Rinoplastia-ultrasonica-vs-rinoplastia-tradicional.webp
/wp-content/uploads/2026/07/Rinoplastia-ultrasonica-vs-rinoplastia-tradicional-768x344.jpg,/images/2026/07/Rinoplastia-ultrasonica-vs-rinoplastia-tradicional.webp
/wp-content/uploads/2026/07/Rinoplastia-ultrasonica-vs-rinoplastia-tradicional.jpg,/images/2026/07/Rinoplastia-ultrasonica-vs-rinoplastia-tradicional.webp
/wp-content/uploads/2026/07/Rinoplastia-ultrasonica.jpg,/images/2026/07/Rinoplastia-ultrasonica.webp
/wp-content/uploads/2026/07/Ventajas-reales-de-la-rinoplastia-ultrasonica-1024x737.jpg,/images/2026/07/Ventajas-reales-de-la-rinoplastia-ultrasonica.webp
/wp-content/uploads/2026/07/Ventajas-reales-de-la-rinoplastia-ultrasonica-18x12.jpg,/images/2026/07/Ventajas-reales-de-la-rinoplastia-ultrasonica.webp
/wp-content/uploads/2026/07/Ventajas-reales-de-la-rinoplastia-ultrasonica-300x216.jpg,/images/2026/07/Ventajas-reales-de-la-rinoplastia-ultrasonica.webp
/wp-content/uploads/2026/07/Ventajas-reales-de-la-rinoplastia-ultrasonica-768x552.jpg,/images/2026/07/Ventajas-reales-de-la-rinoplastia-ultrasonica.webp
/wp-content/uploads/2026/07/Ventajas-reales-de-la-rinoplastia-ultrasonica.jpg,/images/2026/07/Ventajas-reales-de-la-rinoplastia-ultrasonica.webp
/wp-content/uploads/2026/07/clinica-1.png,/images/2026/07/clinica-1.webp
/wp-content/uploads/2026/07/clinica_3.png,/images/2026/07/clinica_3.webp
/wp-content/uploads/2026/07/clinica_belba2.png,/images/2026/07/clinica_belba2.webp
/wp-content/uploads/2026/07/elevacion-12x12.png,/images/2026/07/elevacion.webp
/wp-content/uploads/2026/07/elevacion-150x150.png,/images/2026/07/elevacion.webp
/wp-content/uploads/2026/07/elevacion-300x300.png,/images/2026/07/elevacion.webp
/wp-content/uploads/2026/07/elevacion-768x768.png,/images/2026/07/elevacion.webp
/wp-content/uploads/2026/07/elevacion.png,/images/2026/07/elevacion.webp
/wp-content/uploads/2026/07/fondo-intima-teal.png,/images/2026/07/fondo-intima-teal.webp
/wp-content/uploads/2026/07/minical-1024x1024.png,/images/2026/07/minical.webp
/wp-content/uploads/2026/07/minical-12x12.png,/images/2026/07/minical.webp
/wp-content/uploads/2026/07/minical-150x150.png,/images/2026/07/minical.webp
/wp-content/uploads/2026/07/minical-300x300.png,/images/2026/07/minical.webp
/wp-content/uploads/2026/07/minical-768x768.png,/images/2026/07/minical.webp
/wp-content/uploads/2026/07/minical.png,/images/2026/07/minical.webp
/wp-content/uploads/2026/07/preserve-12x12.png,/images/2026/07/preserve.webp
/wp-content/uploads/2026/07/preserve-150x150.png,/images/2026/07/preserve.webp
/wp-content/uploads/2026/07/preserve-300x300.png,/images/2026/07/preserve.webp
/wp-content/uploads/2026/07/preserve-768x768.png,/images/2026/07/preserve.webp
/wp-content/uploads/2026/07/preserve.png,/images/2026/07/preserve.webp
/wp-content/uploads/2026/07/protesis-12x12.png,/images/2026/07/protesis.webp
/wp-content/uploads/2026/07/protesis-150x150.png,/images/2026/07/protesis.webp
/wp-content/uploads/2026/07/protesis-300x300.png,/images/2026/07/protesis.webp
/wp-content/uploads/2026/07/protesis-768x768.png,/images/2026/07/protesis.webp
/wp-content/uploads/2026/07/protesis.png,/images/2026/07/protesis.webp
/wp-content/uploads/2026/07/reduccion-12x12.png,/images/2026/07/reduccion.webp
/wp-content/uploads/2026/07/reduccion-150x150.png,/images/2026/07/reduccion.webp
/wp-content/uploads/2026/07/reduccion-300x300.png,/images/2026/07/reduccion.webp
/wp-content/uploads/2026/07/reduccion-768x768.png,/images/2026/07/reduccion.webp
/wp-content/uploads/2026/07/reduccion.png,/images/2026/07/reduccion.webp
/wp-content/uploads/2026/07/reduccion_areola-12x12.png,/images/2026/07/reduccion_areola.webp
/wp-content/uploads/2026/07/reduccion_areola-150x150.png,/images/2026/07/reduccion_areola.webp
/wp-content/uploads/2026/07/reduccion_areola-300x300.png,/images/2026/07/reduccion_areola.webp
/wp-content/uploads/2026/07/reduccion_areola-768x768.png,/images/2026/07/reduccion_areola.webp
/wp-content/uploads/2026/07/reduccion_areola.png,/images/2026/07/reduccion_areola.webp
/wp-content/uploads/elementor/thumbs/Aumento-de-mama-hibrido-1-rkeiec5hihdaou1m6x8rz26wa7e2c8yezg91o1hfog.jpg,/images/thumbs/Aumento-de-mama-hibrido-1-rkeiec5hihdaou1m6x8rz26wa7e2c8yezg91o1hfog.webp
/wp-content/uploads/elementor/thumbs/Blefaroplastia-Editado-e1777911355146-rmyxdl8gpty8oq4q9pf2p0hjh447yhorhn83vtig3g.png,/images/thumbs/Blefaroplastia-Editado-e1777911355146-rmyxdl8gpty8oq4q9pf2p0hjh447yhorhn83vtig3g.webp
/wp-content/uploads/elementor/thumbs/Cirugia-de-pecho-rkeie2r3m50fgqf9pt6ia4kaccoe79x3m5q6v9vdeo.jpg,/images/2023/05/cirugia-de-pecho.webp
/wp-content/uploads/elementor/thumbs/Que-es-el-Lipovaser-y-como-funciona-rnp3ts31t5339hjigupgmupcx6dw7l91ulfqpo2su4.jpg,/images/2026/05/Que-es-el-Lipovaser-y-como-funciona.webp
/wp-content/uploads/elementor/thumbs/Que-es-el-Lipovaser-y-como-funciona-rnp3ts31t5339hjigupgmupcx6dw7l91ulfqqhuh30.jpg,/images/2026/05/Que-es-el-Lipovaser-y-como-funciona.webp
/wp-content/uploads/elementor/thumbs/Rinomodelacion-rmq5g6skbimelompxzo59jv0585wer2ngjan6myu4c.jpg,/images/2026/04/Rinomodelacion.webp
/wp-content/uploads/elementor/thumbs/Rinoplastia-ultrasonica-rq2dzt3gzmvw9sbi3c4d6zt4itntkzx6fn5e9jswl8.jpg,/images/2026/07/Rinoplastia-ultrasonica.webp
/wp-content/uploads/elementor/thumbs/abdominoplastia_bg-rq6s61huyhv1ct4lrp7p52ovkfidjjmsnhbpkgwmpo.png,/images/thumbs/abdominoplastia_bg-rq6s61huyhv1ct4lrp7p52ovkfidjjmsnhbpkgwmpo.webp
/wp-content/uploads/elementor/thumbs/aumento-armonia1-r3oqm2zbpk6vv2v9jz5oonwtcurextvuvdx9noirk0.jpg,/images/thumbs/aumento-armonia1-r3oqm2zbpk6vv2v9jz5oonwtcurextvuvdx9noirk0.webp
/wp-content/uploads/elementor/thumbs/aumento-armonia1-rkfty096tkiklrqz8sveh4kmxusf605ybffyjjkp0g.jpg,/images/thumbs/aumento-armonia1-rkfty096tkiklrqz8sveh4kmxusf605ybffyjjkp0g.webp
/wp-content/uploads/elementor/thumbs/aumento-elegance-r3oql62z2cxukq71w2xqre7okd9kgf992v39uzvjls.jpg,/images/thumbs/aumento-elegance-r3oql62z2cxukq71w2xqre7okd9kgf992v39uzvjls.webp
/wp-content/uploads/elementor/thumbs/aumento-elegance-rkftxpwyqe4f225zx6ei7p6kem7dtc0wm09m9i00ww.jpg,/images/thumbs/aumento-elegance-rkftxpwyqe4f225zx6ei7p6kem7dtc0wm09m9i00ww.webp
/wp-content/uploads/elementor/thumbs/aumento-gluteos-barcelona-rhwg3iczktdug8z6lc7aeyy6lzc1srl0wmnjx3n3zw.webp,/images/thumbs/aumento-gluteos-barcelona-rhwg3iczktdug8z6lc7aeyy6lzc1srl0wmnjx3n3zw.webp
/wp-content/uploads/elementor/thumbs/aumento-magnifico-r3orwrmr5c3khv20y5mmivszhsnp8n7xagdfqfauio.jpg,/images/thumbs/aumento-magnifico-r3orwrmr5c3khv20y5mmivszhsnp8n7xagdfqfauio.webp
/wp-content/uploads/elementor/thumbs/aumento-magnifico-rkfucu5ingtfsa7gn7nhtdugcpowm31hotzr4pl2u8.jpg,/images/thumbs/aumento-magnifico-rkfucu5ingtfsa7gn7nhtdugcpowm31hotzr4pl2u8.webp
/wp-content/uploads/elementor/thumbs/aumento-sublime-r3or8gj0ektm8wd5w5cyjimug2gz6fptm50dxtcdfk.jpg,/images/thumbs/aumento-sublime-r3or8gj0ektm8wd5w5cyjimug2gz6fptm50dxtcdfk.webp
/wp-content/uploads/elementor/thumbs/aumento-sublime-rkfu2xwop99rk2kxffnw2dqr7ogsksr7zuqq8u9acg.jpg,/images/thumbs/aumento-sublime-rkfu2xwop99rk2kxffnw2dqr7ogsksr7zuqq8u9acg.webp
/wp-content/uploads/elementor/thumbs/aumento-sutil-r3fyq722bmxohf62dwz49tj0hbcdsja6drtysjqbk0.jpg,/images/thumbs/aumento-sutil-r3fyq722bmxohf62dwz49tj0hbcdsja6drtysjqbk0.webp
/wp-content/uploads/elementor/thumbs/aumento-sutil-rkftj7ap6i8zqv94owhxpd2a4draxme5a5jnfnix0g.jpg,/images/thumbs/aumento-sutil-rkftj7ap6i8zqv94owhxpd2a4draxme5a5jnfnix0g.webp
/wp-content/uploads/elementor/thumbs/bg_belba-1-roiwg1jrw5w23qbvphrkb999ift79xev18uotgklwk.png,/images/2026/06/bg_belba-1.webp
/wp-content/uploads/elementor/thumbs/brst-rq6hwj5wb415b9uzfz7gybhkrgrvn0pgikw5wks4qk.png,/images/thumbs/brst-rq6hwj5wb415b9uzfz7gybhkrgrvn0pgikw5wks4qk.webp
/wp-content/uploads/elementor/thumbs/cirugia-intima-rlo7mqgfd64x4s5yfmxdbvcxmccsf7yq64nclbhgq8.webp,/images/2023/05/cirugia-intima.webp
/wp-content/uploads/elementor/thumbs/cirugia-intima-rlo7mqgfd64x4s5yfmxdbvcxmccsf7yq64nclbhh44.webp,/images/2023/05/cirugia-intima.webp
/wp-content/uploads/elementor/thumbs/descarga-17-rkehofpl6twurno1fq6v9lhmzz1y8i4or93dljvz4w.png,/images/thumbs/descarga-17-rkehofpl6twurno1fq6v9lhmzz1y8i4or93dljvz4w.webp
/wp-content/uploads/elementor/thumbs/descarga-18-1-rkeibr3gpvtwrfssab0pm7o9h24q67ozmnnz5nbesg.png,/images/thumbs/descarga-18-1-rkeibr3gpvtwrfssab0pm7o9h24q67ozmnnz5nbesg.webp
/wp-content/uploads/elementor/thumbs/descarga-18-e1679311708516-rkehop3z369pzradwu94yj48xtrmdh604jm8ebi1eo.png,/images/thumbs/descarga-18-e1679311708516-rkehop3z369pzradwu94yj48xtrmdh604jm8ebi1eo.webp
/wp-content/uploads/elementor/thumbs/descarga-18-rkeiajuvzi6pxdjlasbvfil25c1uc4xc4pnn2x3iqo.png,/images/thumbs/descarga-18-rkeiajuvzi6pxdjlasbvfil25c1uc4xc4pnn2x3iqo.webp
/wp-content/uploads/elementor/thumbs/descarga-19-1-rkeic1fot282b5drlxhlvn2c0aprivu1c2ubfow2w0.png,/images/thumbs/descarga-19-1-rkeic1fot282b5drlxhlvn2c0aprivu1c2ubfow2w0.webp
/wp-content/uploads/elementor/thumbs/descarga-19-rkehoyicziml7uwqdybengquvohaig7bhu537343og.png,/images/thumbs/descarga-19-rkehoyicziml7uwqdybengquvohaig7bhu537343og.webp
/wp-content/uploads/elementor/thumbs/descarga-19-rkeiat99vujl5h5xrwe54g7o36rih3yni06hvopl0g.png,/images/thumbs/descarga-19-rkeiat99vujl5h5xrwe54g7o36rih3yni06hvopl0g.webp
/wp-content/uploads/elementor/thumbs/descarga-20-1-rkeichey18txsiqk0me9k1163uj05qlh29xkle8dy8.png,/images/thumbs/descarga-20-1-rkeichey18txsiqk0me9k1163uj05qlh29xkle8dy8.webp
/wp-content/uploads/elementor/thumbs/descarga-20-rkehqg2z3vfiyr9drlgx6wf7q74nzr9uiqk5wuyqyk.png,/images/thumbs/descarga-20-rkehqg2z3vfiyr9drlgx6wf7q74nzr9uiqk5wuyqyk.webp
/wp-content/uploads/elementor/thumbs/descarga-20-rkehqg35t2nxlmqwp3h53l84qn57p740p7brjuwnts.png,/images/thumbs/descarga-20-rkehqg35t2nxlmqwp3h53l84qn57p740p7brjuwnts.webp
/wp-content/uploads/elementor/thumbs/descarga-20-rkeib7cuqd2vzmlghkhjnunkzyu0okimjxys2u4of4.png,/images/thumbs/descarga-20-rkeib7cuqd2vzmlghkhjnunkzyu0okimjxys2u4of4.webp
/wp-content/uploads/elementor/thumbs/descarga-24-qzo93rrdzl5l7e7c7rq5h4y7slfg8a8wslfsc19pk0.png,/images/2023/01/descarga-24.webp
/wp-content/uploads/elementor/thumbs/descarga-26-rkehwtfmnaxx9m5yz9h27de1pjxutns2m2bt5rzwtg.png,/images/thumbs/descarga-26-rkehwtfmnaxx9m5yz9h27de1pjxutns2m2bt5rzwtg.webp
/wp-content/uploads/elementor/thumbs/descarga-27-qzo93rrdzl5l7e7c7rq5h4y7slfg8a8wslfsc19pk0.png,/images/thumbs/descarga-27-qzo93rrdzl5l7e7c7rq5h4y7slfg8a8wslfsc19pk0.webp
/wp-content/uploads/elementor/thumbs/descarga-27-rkehuvvq2wqofcass0jpvgwhq59m1qqdz68b4wbqg0.png,/images/thumbs/descarga-27-rkehuvvq2wqofcass0jpvgwhq59m1qqdz68b4wbqg0.webp
/wp-content/uploads/elementor/thumbs/descarga-28-q01degmitwvip8ss70q2stc22qt00gno0ra7lj24dc.png,/images/thumbs/descarga-28-q01degmitwvip8ss70q2stc22qt00gno0ra7lj24dc.webp
/wp-content/uploads/elementor/thumbs/descarga-28-qzo93rrdzl5l7e7c7rq5h4y7slfg8a8wslfsc19pk0.png,/images/thumbs/descarga-28-qzo93rrdzl5l7e7c7rq5h4y7slfg8a8wslfsc19pk0.webp
/wp-content/uploads/elementor/thumbs/facial_02-rp0ewntrt7umfa83e8ch1ueefn2df5ezj2udu02i1w.png,/images/2026/06/facial_02.webp
/wp-content/uploads/elementor/thumbs/ginecomastia-precio-cirugia-rlyptg42z8njcvmij9zgndzkguypgpffezihoyttqc.jpg,/images/thumbs/ginecomastia-precio-cirugia-rlyptg42z8njcvmij9zgndzkguypgpffezihoyttqc.webp
/wp-content/uploads/elementor/thumbs/implante-rkehmoqegxin5s7ingyv4jdr75ocws6o6ldug0hcps.png,/images/thumbs/implante-rkehmoqegxin5s7ingyv4jdr75ocws6o6ldug0hcps.webp
/wp-content/uploads/elementor/thumbs/lifting-de-brazos-barcelona-rlq2xpx9by8bcihghkm43uyukrk2jeu0ezy0gmf7r0.webp,/images/thumbs/lifting-de-brazos-barcelona-rlq2xpx9by8bcihghkm43uyukrk2jeu0ezy0gmf7r0.webp
/wp-content/uploads/elementor/thumbs/lifting-de-muslos-resultados-rlrgms2lbzbh5nrxmwixweatyhid419ye0s3s9rksc.webp,/images/thumbs/lifting-de-muslos-resultados-rlrgms2lbzbh5nrxmwixweatyhid419ye0s3s9rksc.webp
/wp-content/uploads/elementor/thumbs/lifting-facial-rlad51nlkl1uy34c8ln45bo5cs5qvvlxnf6qll9bek.webp,/images/2026/03/lifting-facial.webp
/wp-content/uploads/elementor/thumbs/liposuccion-alta-definicion-barcelona-rkfwtcm7imr2fi5euz0jpcy54henqkldogs6dqek1o.webp,/images/2025/11/liposuccion-alta-definicion-barcelona.webp
/wp-content/uploads/elementor/thumbs/liposuccion-barcelona-rh2s3fr124vdy0y4by4q77hk3kznbneg4c7blqzcp4.webp,/images/thumbs/liposuccion-barcelona-rh2s3fr124vdy0y4by4q77hk3kznbneg4c7blqzcp4.webp
/wp-content/uploads/elementor/thumbs/liposuccion-barcelona-rh2s3fr124vdy0y4by4q77hk3kznbneg4c7blqzd30.webp,/images/thumbs/liposuccion-barcelona-rh2s3fr124vdy0y4by4q77hk3kznbneg4c7blqzd30.webp
/wp-content/uploads/elementor/thumbs/liposuccion-cuanto-cuesta-rm0fk39bi3a8mn41v0yzlig0f3u8n360c1podjaklg.jpg,/images/2026/04/liposuccion-cuanto-cuesta.webp
/wp-content/uploads/elementor/thumbs/lobuloplastia-barcelona-rhf4ri0tfipboccchirsdmn7vna90uavow7vfzo16k.webp,/images/thumbs/lobuloplastia-barcelona-rhf4ri0tfipboccchirsdmn7vna90uavow7vfzo16k.webp
/wp-content/uploads/elementor/thumbs/mentoplastia-Barcelona-rifb4486vi7jabtk95kvhyj8hsz56pzbe7akd1dn24.jpg,/images/thumbs/mentoplastia-Barcelona-rifb4486vi7jabtk95kvhyj8hsz56pzbe7akd1dn24.webp
/wp-content/uploads/elementor/thumbs/mini-lifting-facial-precio-rm1thh97w1zdfak0hxt8y84lfiqdbmgoi7s61zsn3w.webp,/images/2026/04/mini-lifting-facial-precio.webp
/wp-content/uploads/elementor/thumbs/mommy-makeover-barcelona-1-rg76rhatbdoj6sbva73vprtp1mjj3nqaikfld4zu2k.jpg,/images/thumbs/mommy-makeover-barcelona-1-rg76rhatbdoj6sbva73vprtp1mjj3nqaikfld4zu2k.webp
/wp-content/uploads/elementor/thumbs/profesional_1-rkehixdddy5v21s9n2afylmk1vnvrjdus17e6payv4.png,/images/thumbs/profesional_1-rkehixdddy5v21s9n2afylmk1vnvrjdus17e6payv4.webp
/wp-content/uploads/elementor/thumbs/profesional_1-rkehixdddy5v21s9n2afylmk1vnvrjdus17ebnx2ns.png,/images/thumbs/profesional_1-rkehixdddy5v21s9n2afylmk1vnvrjdus17ebnx2ns.webp
/wp-content/uploads/elementor/thumbs/profesional_2-rkehirqc8xy54e0gjzuojn1shkfohcrgr9ahg05fp4.png,/images/thumbs/profesional_2-rkehirqc8xy54e0gjzuojn1shkfohcrgr9ahg05fp4.webp
