url,decision,destino,estado_esperado,title,robots,tipo,backlinks,trafico,notas
/cirugia-intima/,mantener,/cirugia-intima/,200,Cirugía Íntima en España | Clínica Belba,,page,0,12,
/rinoplastia-en-barcelona-plantilla-facial/,410,,410,Rinoplastia en Barcelona | Ultrasónica | Clínica Belba,,page,0,0,"Página de prueba/plantilla/formulario sin contenido real, 0 clics, 0 backlinks · OK Oscar 27/09: 410"
/blefaroplastia-en-barcelona-plantilla-facial/,410,,410,Rinoplastia en Barcelona | Ultrasónica | Clínica Belba,,page,0,0,"Página de prueba/plantilla/formulario sin contenido real, 0 clics, 0 backlinks · OK Oscar 27/09: 410"
/aumento-pecho-barcelona/,mantener,/aumento-pecho-barcelona/,200,Aumento de Pecho Barcelona | Cirugía Mamaria | Prótesis,,page,81,1221,
/cirugia-facial/,mantener,/cirugia-facial/,200,Cirugía Facial en España | Clínica Belba,,page,1,0,
/cirugia-corporal/,mantener,/cirugia-corporal/,200,Cirugía Corporal y Estética en España | Clínica Belba,,page,1,6,
/cirugia-mamaria-en-espana/,mantener,/cirugia-mamaria-en-espana/,200,Cirugía Mamaria y Mamoplastia en España | Clínica Belba,,page,0,0,
/remodelacion-costal/,mantener,/remodelacion-costal/,200,Remodelación Costal Barcelona | Luxación de Costillas | Belba,,page,0,306,
/blefaroplastia/,mantener,/blefaroplastia/,200,Blefaroplastia en Barcelona | Cirugía de párpados,,page,2,20,
/otoplastia/,mantener,/otoplastia/,200,Otoplastia - Barcelona - Cirugía de Orejas - Dr. Mike Dewever,,page,1,4899,
/precio-cirugia-estetica-barcelona/,mantener,/precio-cirugia-estetica-barcelona/,200,Precios de Cirugía Plástica Barcelona | Guía de precios,,page,0,71,
/aumento-pecho-precio/,mantener,/aumento-pecho-precio/,200,Aumento de pecho: precio en España y Barcelona en 2026 | Belba,,page,0,11,
/abdominoplastia-precio/,mantener,/abdominoplastia-precio/,200,Abdominoplastia en Barcelona: precio y resultados | Belba,,page,0,81,
/minilifting-facial-precio/,mantener,/minilifting-facial-precio/,200,Minilifting facial en Barcelona: precio y resultados | Belba,,page,0,50,
/rinoplastia-ultrasonica-precio/,mantener,/rinoplastia-ultrasonica-precio/,200,Rinoplastia ultrasónica en Barcelona: precio | Clinica Belba,,page,0,1,
/liposuccion-monte-venus-precio/,mantener,/liposuccion-monte-venus-precio/,200,Liposucción del monte de Venus en Barcelona: precio y resultados,,page,0,20,
/liposuccion-precio/,mantener,/liposuccion-precio/,200,Liposucción precio: Cuánto cuesta una liposucción | Clinica Belba,,page,0,20,
/ginecomastia-precio/,mantener,/ginecomastia-precio/,200,Ginecomastia precio: Cuánto cuesta la operación en Barcelona,,page,0,46,
/lifting-de-brazos/,mantener,/lifting-de-brazos/,200,Braquioplastia Barcelona o Lifting de Brazos | Clínica BELBA,,page,0,54,
/lifting-de-muslos/,mantener,/lifting-de-muslos/,200,Lifting de Muslos en Barcelona | Cruroplastia ◁ © BELBA,,page,0,18,
/liposuccion-de-monte-de-venus/,mantener,/liposuccion-de-monte-de-venus/,200,Liposuccion de monte de venus Barcelona ❤️ | Clínica Belba,,page,0,152,
/vaginoplastia/,mantener,/vaginoplastia/,200,【 Vaginoplastia en Barcelona | Renovación vaginal 】®,,page,0,25,
/mini-lifting-facial-barcelona/,mantener,/mini-lifting-facial-barcelona/,200,MiniLifting Facial en Barcelona | Clinica Belba ⭐,,page,0,3,
/lifting-facial-barcelona/,mantener,/lifting-facial-barcelona/,200,Lifting Facial - Barcelona - Clinica Belba,,page,1,3,
/elementor-3065/,410,,410,Elementor #3065 | Clinica Belba,,page,0,0,"Página de prueba/plantilla/formulario sin contenido real, 0 clics, 0 backlinks · OK Oscar 27/09: 410"
/rinomodelacion-barcelona/,mantener,/rinomodelacion-barcelona/,200,Rinomodelación en Barcelona Sin Cirugía - Clinica Belba ®,,page,0,6,
/mentoplastia-barcelona/,mantener,/mentoplastia-barcelona/,200,Mentoplastia Barcelona | Cirugía plástica de Mentón | Belba,,page,0,10,
/aumento-de-gluteos-barcelona/,mantener,/aumento-de-gluteos-barcelona/,200,Aumento de glúteos en Barcelona | Con Ácido Hialurónico | BBL,,page,1,118,
/lobuloplastia-barcelona/,mantener,/lobuloplastia-barcelona/,200,【 Lobuloplastia Barcelona | Corrección Lóbulo Orejas 】®,,page,0,58,
/test-paciente/,410,,410,Test paciente | Clinica Belba,,page,0,0,"Página de prueba/plantilla/formulario sin contenido real, 0 clics, 0 backlinks · OK Oscar 27/09: 410"
/aumento-de-pecho-tecnica-brst/,mantener,/aumento-de-pecho-tecnica-brst/,200,Técnica BRST Aumento de pecho | Clinica Belba ®🥇,,page,1,17,
/aumento-pecho-preserve/,mantener,/aumento-pecho-preserve/,200,Aumento de Pecho Preservé | Clinica Belba ® N°1,,page,1,215,
/,mantener,/,200,Clínica Cirugía Plástica Barcelona | Clínica Belba,,page,1109,368,
/abdominoplastia-barcelona/,mantener,/abdominoplastia-barcelona/,200,Abdominoplastia en Barcelona - Cirugía Abdominal - Clínica Belba,,page,2,26,
/tipos-aumento-de-pecho/,mantener,/tipos-aumento-de-pecho/,200,Tipos de aumento de pecho | Clinica Belba,,page,0,1,
/rinoplastia-barcelona/,mantener,/rinoplastia-barcelona/,200,Rinoplastia y Rinoplastia Ultrasónica - Barcelona - Clinica Belba,,page,0,39,
/ginecomastia-barcelona/,mantener,/ginecomastia-barcelona/,200,Ginecomastia en Barcelona - Cirugía Plástica - Clinica Belba,,page,1,60,
/liposuccion-barcelona/,mantener,/liposuccion-barcelona/,200,CIRUGÍA LIPOSUCCIÓN BARCELONA | LIPOESCULTURA 360°,,page,2,65,
/mommy-makeover-barcelona/,mantener,/mommy-makeover-barcelona/,200,Mommy Makeover en Barcelona - Cirugía Postparto 🥇,,page,1,64,
/aumento-magnifico/,mantener,/aumento-magnifico/,200,Aumento Magnífico | Clinica Belba,,page,0,0,
/aumento-sublime/,mantener,/aumento-sublime/,200,Aumento Sublime | Clinica Belba,,page,0,0,
/aumento-elegance/,mantener,/aumento-elegance/,200,Aumento Elegance | Clinica Belba,,page,0,0,
/aumento-armonia/,mantener,/aumento-armonia/,200,Aumento Armonía | Clinica Belba,,page,0,0,
/tipos-de-aumento-de-pecho/,mantener,/tipos-de-aumento-de-pecho/,200,Tipos de aumento de pecho | Clinica Belba,,page,0,0,
/galeria-cirugia-de-pechos/,mantener,/galeria-cirugia-de-pechos/,200,Aumento de Pecho Barcelona | Cirugía Mamaria | Prótesis,,page,0,0,
/blog/,mantener,/blog/,200,Blog de Cirugía Plástica y Estética | Clinica Belba,,page,1,2,
/cirujanos-plasticos-barcelona/,mantener,/cirujanos-plasticos-barcelona/,200,Mejores Cirujanos Plásticos Barcelona - Dr. Chavarría Dr. Dewever,,page,87,84,
/wpbc-booking/,410,,410,Formulario de reserva | Clinica Belba,,page,0,0,"Página de prueba/plantilla/formulario sin contenido real, 0 clics, 0 backlinks · OK Oscar 27/09: 410"
/reviews-dr-felix-chavarria/,mantener,/reviews-dr-felix-chavarria/,200,Reviews del Dr. Félix Chavarría | Clínica Belba,,page,0,0,
/comentarios-dr-felix-chavarria-de-pacientes/,mantener,/comentarios-dr-felix-chavarria-de-pacientes/,200,Lo que dicen sus pacientes | Dr. Chavarría · Belba,,page,0,0,
/experiencias-dr-felix-chavarria/,mantener,/experiencias-dr-felix-chavarria/,200,Experiencias con el Dr. Felix Chavarría,,page,0,0,
/comentarios-y-feedback-dr-felix-chavarria/,mantener,/comentarios-y-feedback-dr-felix-chavarria/,200,•▷ Feedback sobre el Dr. Felix Chavarría,,page,0,0,
/opiniones-reales-dr-felix-chavarria/,mantener,/opiniones-reales-dr-felix-chavarria/,200,Opiniones reales de pacientes | Dr. Chavarría · Belba,,page,0,10,
/criticas-positivas-dr-felix-chavarria/,mantener,/criticas-positivas-dr-felix-chavarria/,200,Críticas positivas del Dr. Felix Chavarría - Testimonios - Reseñas,,page,0,0,
/resenas-y-testimonios-del-dr-felix-chavarria/,mantener,/resenas-y-testimonios-del-dr-felix-chavarria/,200,Reseñas y testimonios de pacientes | Clínica Belba,,page,0,1,"Parece página de prueba/plantilla/duplicado: confirmar si es contenido real (si no, 410 o 301) · OK Oscar 27/09: se mantiene literal"
/reviews-del-dr-chavarria/,mantener,/reviews-del-dr-chavarria/,200,Valoraciones de pacientes | Dr. Chavarría · Belba,,page,0,1,
/testimonios-dr-felix-chavarria-2/,mantener,/testimonios-dr-felix-chavarria-2/,200,Testimonios sobre el Dr. Chavarría | Clínica Belba,,page,0,0,"Parece página de prueba/plantilla/duplicado: confirmar si es contenido real (si no, 410 o 301) · OK Oscar 27/09: se mantiene literal"
/opiniones-dr-felix-chavarria/,mantener,/opiniones-dr-felix-chavarria/,200,Opiniones Dr. Felix Chavarria - Experiencias - Opiniones - Review - Testimonios | Clinica Belba,,page,0,17,
/comentarios-chavarria/,mantener,/comentarios-chavarria/,200,Comentarios sobre el Dr. Felix Chavarria,,page,0,0,
/testimonios-dr-felix-chavarria/,mantener,/testimonios-dr-felix-chavarria/,200,Testimonios de pacientes | Dr. Chavarría · Belba,,page,0,0,"Parece página de prueba/plantilla/duplicado: confirmar si es contenido real (si no, 410 o 301) · OK Oscar 27/09: se mantiene literal"
/testimonios-chavarria/,mantener,/testimonios-chavarria/,200,Lipoabdominoplastia: testimonio real | Clínica Belba,,page,0,0,"Parece página de prueba/plantilla/duplicado: confirmar si es contenido real (si no, 410 o 301) · OK Oscar 27/09: se mantiene literal"
/resenas-dr-felix-chavarria/,mantener,/resenas-dr-felix-chavarria/,200,La opinión de una paciente operada | Clínica Belba,,page,0,0,
/resenas-dr-chavarria/,mantener,/resenas-dr-chavarria/,200,Abelina: su historia con el Dr. Chavarría | Belba,,page,0,11,
/valoraciones-dr-felix-chavarria/,mantener,/valoraciones-dr-felix-chavarria/,200,Claudia: su proceso con el Dr. Chavarría | Belba,,page,0,0,
/valoraciones-dr-chavarria/,mantener,/valoraciones-dr-chavarria/,200,Chris: su experiencia con el Dr. Chavarría | Belba,,page,0,0,
/feedback-dr-felix-chavarria/,mantener,/feedback-dr-felix-chavarria/,200,Feedback sobre el Dr. Felix Chavarria - Opinión - Review | Clinica Belba,,page,0,0,
/feedback-positivo-dr-chavarria/,mantener,/feedback-positivo-dr-chavarria/,200,Feedback positivo sobre el Dr. Felix Chavarria - Testimonios,,page,0,0,
/dr-felix-chavarria-opiniones/,mantener,/dr-felix-chavarria-opiniones/,200,Natalia: su testimonio con el Dr. Chavarría | Belba,,page,0,16,
/valoraciones-positivas-dr-felix-chavarria/,mantener,/valoraciones-positivas-dr-felix-chavarria/,200,"El seguimiento post-cirugía, por un paciente | Belba",,page,0,0,
/trabajo-dr-chavarria/,mantener,/trabajo-dr-chavarria/,200,Trabajo Dr. Chavarría - Opiniones - Reviews - Testimonios | Clinica Belba,,page,0,0,
/dr-chavarria-opiniones/,mantener,/dr-chavarria-opiniones/,200,Opinión de Bruno sobre el Dr. Chavarría | Belba,,page,0,1,
/opiniones-dr-felix-chavarria-2/,mantener,/opiniones-dr-felix-chavarria-2/,200,Testimonios Dr. Felix Chavarria - Reviews,,page,0,0,"Parece página de prueba/plantilla/duplicado: confirmar si es contenido real (si no, 410 o 301) · OK Oscar 27/09: se mantiene literal"
/experiencias-dr-felix-chavarria-2/,mantener,/experiencias-dr-felix-chavarria-2/,200,Una paciente cuenta su transformación | Clínica Belba,,page,0,0,"Parece página de prueba/plantilla/duplicado: confirmar si es contenido real (si no, 410 o 301) · OK Oscar 27/09: se mantiene literal"
/experiencias-positivas-dr-chavarria/,mantener,/experiencias-positivas-dr-chavarria/,200,Rafa: su experiencia con el Dr. Chavarría | Belba,,page,0,0,
/dr-felix-chavarria-experiencias/,mantener,/dr-felix-chavarria-experiencias/,200,Experiencias con el Dr. Chavarría | Clínica Belba,,page,0,0,
/comentarios-dr-chavarria/,mantener,/comentarios-dr-chavarria/,200,Bruno: su transformación con el Dr. Chavarría | Belba,,page,0,0,
/cirujano-plastico/nosotros/,mantener,/cirujano-plastico/nosotros/,200,Nosotros | Clinica Belba,,page,0,0,
/cirujano-plastico/dr-mike-dewever/,mantener,/cirujano-plastico/dr-mike-dewever/,200,Dr. Mike Dewever | Clinica Belba,,page,0,0,
/cirujano-plastico/dr-felix-chavarria/,mantener,/cirujano-plastico/dr-felix-chavarria/,200,Dr Félix Chavarría | Clinica Belba,,page,0,2,
/cirujano-plastico/,mantener,/cirujano-plastico/,200,Mejores Cirujanos Plásticos Barcelona - Dr. Chavarría Dr. Dewever,,page,0,0,
/rinoplastia-antes-y-despues/,mantener,/rinoplastia-antes-y-despues/,200,Fotos de Rinoplastia antes y después - Dr. Mike Dewever,,page,0,1,
/ginecomastia-antes-y-despues/,mantener,/ginecomastia-antes-y-despues/,200,【 Ginecomastia Antes y Después | CLINICA BELBA 】⊛⊛,,page,0,2,
/lipovaser-antes-y-despues/,mantener,/lipovaser-antes-y-despues/,200,【 Lipo Vaser antes y después | CLINICA BELBA 】®,,page,0,22,
/blefaroplastia-antes-y-despues/,mantener,/blefaroplastia-antes-y-despues/,200,【 Blefaroplastia Antes y Después | Clinica Belba 】◁,,page,0,825,
/abdominoplastia-antes-y-despues/,mantener,/abdominoplastia-antes-y-despues/,200,【 Abdominoplastia Antes y Después | fotos reales 】© BELBA,,page,0,10,
/prueba-belba-bnb/,410,,410,Prueba Belba BnB | Clinica Belba,,page,0,0,"Página de prueba/plantilla/formulario sin contenido real, 0 clics, 0 backlinks · OK Oscar 27/09: 410"
/dr-dewever-chirurgie-plastique/merci/,mantener,/dr-dewever-chirurgie-plastique/merci/,200,Merci | Clinica Belba,,page,0,0,
/dr-dewever-chirurgie-plastique/,mantener,/dr-dewever-chirurgie-plastique/,200,Dr Dewever Chirurgie Plastique | Clinica Belba,,page,1,0,
/dr-dewever-plastic-surgery/thank-you/,mantener,/dr-dewever-plastic-surgery/thank-you/,200,Thank you | Clinica Belba,,page,0,0,
/dr-dewever-plastic-surgery/,mantener,/dr-dewever-plastic-surgery/,200,Dr Mike Dewever | Cirugía Plástica | Clinica Belba,,page,0,0,
/pre/,mantener,/pre/,200,Pre | Clinica Belba,,page,0,0,
/wpbc-booking-received/,410,,410,Booking Received | Clinica Belba,,page,0,0,"Página de prueba/plantilla/formulario sin contenido real, 0 clics, 0 backlinks · OK Oscar 27/09: 410"
/encuentra-tu-hueco-calendario-de-descuentos/,mantener,/encuentra-tu-hueco-calendario-de-descuentos/,200,Encuentra tu hueco calendario de descuentos | Clinica Belba,,page,0,0,
/encuentra-tu-hueco/,mantener,/encuentra-tu-hueco/,200,Encuentra tu hueco | Clinica Belba,,page,0,0,
/drfelixchavarriacirugiaplastica/gracias/,mantener,/drfelixchavarriacirugiaplastica/gracias/,200,Gracias | Clinica Belba,,page,0,0,
/drfelixchavarriacirugiaplastica/,mantener,/drfelixchavarriacirugiaplastica/,200,"Dr. Félix Chavarría, cirujano plástico | Clínica Belba",,page,1,42,
/drdewevercirugiaplastica/gracias/,mantener,/drdewevercirugiaplastica/gracias/,200,Gracias | Clinica Belba,,page,0,0,
/drdewevercirugiaplastica/,mantener,/drdewevercirugiaplastica/,200,Dr Mike Dewever | Cirugía Plástica | Clinica Belba,,page,2,189,
/labioplastia/,mantener,/labioplastia/,200,Labioplastia en Barcelona | Cirugía genital Láser Femenina❤️,,page,1,61,
/himenoplastia-barcelona/,mantener,/himenoplastia-barcelona/,200,Himenoplastia Barcelona | Clínica Belba,,page,0,0,
/rinoplastia/,mantener,/rinoplastia/,200,Rinoplastia y Rinoplastia Ultrasónica - Barcelona - Clinica Belba,,page,0,0,
/dermolipectomia-de-brazos-o-muslos-lifting-braquial-crural/,mantener,/dermolipectomia-de-brazos-o-muslos-lifting-braquial-crural/,200,Dermolipectomia de brazos o muslos / lifting braquial / crural | Clinica Belba,,page,0,0,
/lipo-vaser/,mantener,/lipo-vaser/,200,Lipo Vaser Barcelona | Lipovaser Corporal | Clínica Belba,,page,1,52,
/abdominoplastia/,mantener,/abdominoplastia/,200,Abdominoplastia en Barcelona - Cirugía Abdominal - Clínica Belba,,page,1,0,
/liposuccion/,mantener,/liposuccion/,200,CIRUGÍA LIPOSUCCIÓN BARCELONA | LIPOESCULTURA 360°,,page,1,0,
/liposuccion-de-alta-definicion/,mantener,/liposuccion-de-alta-definicion/,200,Lipo HD Barcelona | Lipo 4D | Clinica Belba,,page,0,32,
/recambio-de-protesis/,mantener,/recambio-de-protesis/,200,Recambio de Prótesis Barcelona | Clínica Belba ⭐,,page,0,53,
/reduccion-de-areola/,mantener,/reduccion-de-areola/,200,Reducción de Areola | Reducción de Pezón | Clínica Belba,,page,0,54,
/reduccion-de-mama/,mantener,/reduccion-de-mama/,200,Reducción de Pecho - Barcelona | Clinica Belba ⭐,,page,2,27,
/elevacion-de-mama/,mantener,/elevacion-de-mama/,200,Elevación de Pecho Barcelona | Mastopexia | Lifting de Pechos,,page,0,11,
/aumento-de-mama/,mantener,/aumento-de-mama/,200,Aumento de Pecho Barcelona | Cirugía Mamaria | Prótesis,,page,0,0,
/aumento-de-mama-hibrido/,mantener,/aumento-de-mama-hibrido/,200,Aumento de Pecho Barcelona | Cirugía Mamaria | Prótesis,,page,12,0,
/minimal-scar/,mantener,/minimal-scar/,200,【 Minimal Scar Barcelona | Clínica Belba 】®,,page,0,11,
/consulta-online/,mantener,/consulta-online/,200,Consulta online | Clinica Belba,,page,0,0,
/politica-de-cookies/,mantener,/politica-de-cookies/,200,Política de cookies | Clinica Belba,,page,0,0,
/politica-de-privacidad/,mantener,/politica-de-privacidad/,200,Política de privacidad | Clinica Belba,,page,0,0,
/aviso-legal/,mantener,/aviso-legal/,200,Aviso legal | Clinica Belba,,page,0,1,
/contacto/,mantener,/contacto/,200,Contacto | Clinica Belba,,page,0,32,
/guia-del-paciente/,mantener,/guia-del-paciente/,200,Guía del paciente | Clinica Belba,,page,0,1,
/galeria/,mantener,/galeria/,200,Clínica Cirugía Plástica Barcelona | Clínica Belba,,page,0,0,
/cirugia-de-la-mama/,mantener,/cirugia-de-la-mama/,200,Cirugía de mama en Barcelona | Clínica Belba,,page,0,29,
/quienes-somos/,mantener,/quienes-somos/,200,Quienes somos | Clinica Belba,,page,0,46,
/test-post-2193c672-50fa-4ac0-84bf-874e83e57613-c19602556d950424/,410,,410,Whales: Giants of the Ocean | Clinica Belba,,post,0,0,"Página de prueba/plantilla/formulario sin contenido real, 0 clics, 0 backlinks · OK Oscar 27/09: 410"
/asimetria-mamaria-cuando-operar/,mantener,/asimetria-mamaria-cuando-operar/,200,Asimetría mamaria: por qué un pecho es más grande que el otro,,post,0,51,
/pezones-invertidos-correccion/,mantener,/pezones-invertidos-correccion/,200,"Pezón invertido: causas, grados y cómo corregirlo | Clinica Belba",,post,0,143,
/cicatriz-cesarea-correccion/,mantener,/cicatriz-cesarea-correccion/,200,Cicatriz de cesárea: por qué se abulta y qué hacer | Clinica Belba,,post,0,272,
/blefaroplastia-sin-cirugia/,mantener,/blefaroplastia-sin-cirugia/,200,Qué es la blefaroplastia sin cirugía y cuándo puede funcionar | Clinica Belba,,post,0,10,
/lipovaser-que-es/,mantener,/lipovaser-que-es/,200,Lipovaser: qué es y cómo funciona | Clínica Belba,,post,0,1,
/rinoplastia-ultrasonica-ventajas-limites/,mantener,/rinoplastia-ultrasonica-ventajas-limites/,200,"Rinoplastia ultrasónica: ventajas, límites y cuándo elegirla",,post,0,1,
/rinoplastia-hombre-antes-y-despues-mejorado/,mantener,/rinoplastia-hombre-antes-y-despues-mejorado/,200,Rinoplastia en hombres: guía completa con antes y después (2026) | Clinica Belba,,post,0,10,
/labios-vaginales-que-son-tipos-cuidados-y-cuando-consultar/,mantener,/labios-vaginales-que-son-tipos-cuidados-y-cuando-consultar/,200,"Labios vaginales: tipos, cuidados y cuándo consultar",,post,0,133,
/labios-vaginales/,mantener,/labios-vaginales/,200,Labios vaginales grandes o caídos: cuándo tratarlos,,post,0,283,
/seroma-tras-cirugia-que-es-como-prevenir/,mantener,/seroma-tras-cirugia-que-es-como-prevenir/,200,"Seroma tras cirugía: qué es, por qué sale y cómo prevenirlo",,post,0,630,
/braquioplastia-o-liposuccion-de-brazos/,mantener,/braquioplastia-o-liposuccion-de-brazos/,200,Braquioplastia o liposucción de brazos: diferencias reales,,post,0,16,
/hipertrofia-labios-menores/,mantener,/hipertrofia-labios-menores/,200,Hipertrofia de labios menores: cuándo valorar una labioplastia,,post,0,536,
/que-es-bichectomia/,mantener,/que-es-bichectomia/,200,"Bichectomía: qué es, en qué consiste y precio",,post,0,79,
/cuanto-dura-una-blefaroplastia/,mantener,/cuanto-dura-una-blefaroplastia/,200,Cuánto dura una blefaroplastia: cirugía y recuperación,,post,0,50,
/bbl-hialuronico-o-protesis-gluteo-cual-elegir/,mantener,/bbl-hialuronico-o-protesis-gluteo-cual-elegir/,200,"BBL, ácido hialurónico o prótesis de glúteo: cuál elegir",,post,0,37,
/rinoplastia-hombre-antes-y-despues/,mantener,/rinoplastia-hombre-antes-y-despues/,200,Rinoplastia en hombres: todo los que tenes que saber (2026),,post,0,16,
/merece-la-pena-operarse-el-pecho/,mantener,/merece-la-pena-operarse-el-pecho/,200,"¿Merece la pena operarse el pecho? Pros, contras y precio",,post,0,57,
/diastasis-abdominal-es-peligroso/,mantener,/diastasis-abdominal-es-peligroso/,200,Diástasis abdominal: ¿es peligroso? Riesgos y señales,,post,0,260,
/mama-tuberosa-grados-cirugia/,mantener,/mama-tuberosa-grados-cirugia/,200,Operación de Mamas tuberosas: grados y como saber si las tengo,,post,0,42,
/lipovaser-vs-liposuccion/,mantener,/lipovaser-vs-liposuccion/,200,Lipovaser vs liposucción: diferencias reales y cuándo compensa,,post,0,27,
/recuperacion-rinoplastia-semana-a-semana/,mantener,/recuperacion-rinoplastia-semana-a-semana/,200,Recuperación tras rinoplastia: guía semana a semana [2026],,post,0,286,
/vaginoplastia-cuando-se-recomienda/,mantener,/vaginoplastia-cuando-se-recomienda/,200,¿Qué es una Vaginoplastia y cuándo se recomienda?,,post,0,179,
/recuperacion-liposuccion-semana-a-semana/,mantener,/recuperacion-liposuccion-semana-a-semana/,200,Recuperación liposucción: guía semana a semana [2026],,post,0,232,
/abdominoplastia-recuperacion/,mantener,/abdominoplastia-recuperacion/,200,Recuperación de abdominoplastia mes a mes: tiempos y cuidados,,post,1,324,
/postoperatorio-lifting-facial-semana-a-semana/,mantener,/postoperatorio-lifting-facial-semana-a-semana/,200,Recuperación del lifting facial: guía semana a semana,,post,0,252,
/rinomodelacion-cuanto-dura/,mantener,/rinomodelacion-cuanto-dura/,200,Rinomodelación: cuánto dura y de qué depende ✅,,post,0,263,
/que-es-un-bbl-brazilian-butt-lift/,mantener,/que-es-un-bbl-brazilian-butt-lift/,200,¿Qué es un BBL? (Brazilian Butt Lift) | Belba Barcelona,,post,1,18,
/como-eliminar-grasa-abdominal/,mantener,/como-eliminar-grasa-abdominal/,200,Cómo eliminar grasa abdominal: lo que de verdad funciona ✅,,post,0,214,
/aumento-pecho-barcelona-elegir-cirujano/,mantener,/aumento-pecho-barcelona-elegir-cirujano/,200,Aumento de pecho: cómo elegir cirujano al mejor cirujano plástico,,post,0,1,
/protesis-motiva-ventajas-duracion-resultados/,mantener,/protesis-motiva-ventajas-duracion-resultados/,200,"Prótesis Motiva: ventajas, tipos, duración y resultados reales",,post,0,214,
/lifting-denise-richards/,mantener,/lifting-denise-richards/,200,Lifting de Denise Richards y la estética natural: análisis experto,,post,0,64,
/aumento-pecho-150cc/,mantener,/aumento-pecho-150cc/,200,Aumento pecho 150cc: cuándo favorece y cuándo se queda corto,,post,0,118,
/precio-liposuccion-espana/,mantener,/precio-liposuccion-espana/,200,Precio de Liposucción en España: Cuánto Cuesta por Zona (2026),,post,2,961,
/aumento-hibrido-vs-implantes/,mantener,/aumento-hibrido-vs-implantes/,200,Aumento de pecho híbrido vs implantes: diferencias y ventajas ⭐,,post,0,24,
/primera-consulta-cirugia-estetica/,mantener,/primera-consulta-cirugia-estetica/,200,Primera consulta de cirugía plástica: qué esperar y preguntar,,post,0,8,
/monte-de-venus-abultado/,mantener,/monte-de-venus-abultado/,200,¿Que es un monte de venus abultado? ✅ Clinica Belba,,post,0,1548,
/recuperacion-blefaroplastia/,mantener,/recuperacion-blefaroplastia/,200,"Blefaroplastia recuperación: tiempos, cuidados y resultados",,post,0,115,
/como-elegir-cirujano-plastico/,mantener,/como-elegir-cirujano-plastico/,200,Consejos para escoger un cirujano: claves para acertar,,post,0,3,
/precio-blefaroplastia/,mantener,/precio-blefaroplastia/,200,Precios blefaroplastia: operación de parpados en Barcelona 2026,,post,1,214,
/tipos-lifting-facial-corporal/,mantener,/tipos-lifting-facial-corporal/,200,Tipos de lifting ¿Cual es para Ti? Guía completa Facial y Corporal,,post,0,7,
/abdominoplastia-o-liposuccion/,mantener,/abdominoplastia-o-liposuccion/,200,Diferencias entre Abdominoplastia y liposucción: cuál necesitas,,post,0,28,
/cuando-hacer-ejercicio-despues-aumento-pecho/,mantener,/cuando-hacer-ejercicio-despues-aumento-pecho/,200,Cuándo hacer ejercicio después de un aumento de pecho ☝,,post,0,110,
/precio-abdominoplastia/,mantener,/precio-abdominoplastia/,200,Precio de la abdominoplastia: cuánto cuesta y de qué depende,,post,0,0,
/cuanto-vale-aumento-pecho-espana/,mantener,/cuanto-vale-aumento-pecho-espana/,200,Cuánto vale un aumento de pecho en España (Precio 2026)✅,,post,0,237,
/mejor-edad-para-aumento-pecho/,mantener,/mejor-edad-para-aumento-pecho/,200,Cuál es la mejor edad para un aumento de pecho,,post,0,25,
/como-conseguir-aumento-pecho-natural-opciones-resultados/,mantener,/como-conseguir-aumento-pecho-natural-opciones-resultados/,200,Aumento de pecho natural: opciones y qué técnica elegir,,post,0,178,
/recuperacion-aumento-pecho-tiempos-cuidados-evolucion/,mantener,/recuperacion-aumento-pecho-tiempos-cuidados-evolucion/,200,Tiempo recuperación mamoplastia de aumento | Clinica belba,,post,0,2,
/tipos-protesis-pecho-redondas-anatomicas/,mantener,/tipos-protesis-pecho-redondas-anatomicas/,200,Tipos de prótesis de pecho: redondas vs anatómicas,,post,0,0,
/que-tamano-protesis-pecho-elegir-aumento-de-pecho/,mantener,/que-tamano-protesis-pecho-elegir-aumento-de-pecho/,200,Qué tamaño de prótesis elegir para un aumento de pecho,,post,0,346,
/precio-aumento-pecho-barcelona/,mantener,/precio-aumento-pecho-barcelona/,200,Cuánto cuesta un aumento de pecho en Barcelona | Clinica Belba,,post,0,24,
/cuanto-duran-protesis-pecho/,mantener,/cuanto-duran-protesis-pecho/,200,Cuánto duran los implantes de pecho y cuándo cambiarlas ✅,,post,0,101,
/cintura-de-avispa-que-es-y-como-tenerla/,mantener,/cintura-de-avispa-que-es-y-como-tenerla/,200,Cintura de Avispa: ¿Qué es y Cómo Tenerla? | Clinica Belba,,post,0,52,
/quitarse-costillas-flotantes-mito-o-realidad/,mantener,/quitarse-costillas-flotantes-mito-o-realidad/,200,Quitarse las Costillas Flotantes: ¿Mito o Realidad? ✅,,post,0,227,
/ribxcar-vs-tecnica-tradicional-cual-es-mejor/,mantener,/ribxcar-vs-tecnica-tradicional-cual-es-mejor/,200,RibXCar vs Técnica Tradicional: ¿Cuál es Mejor? 🥇,,post,0,116,
/quitar-costillas-flotantes/,mantener,/quitar-costillas-flotantes/,200,Cirugía para Quitar Costillas Flotantes | Antes y Después,,post,1,285,
/ru/%d0%bf%d0%be%d0%bb%d0%be%d0%b2%d0%be%d0%b9-%d0%b6%d0%b8%d0%b7%d0%bd%d0%b8-%d1%8f%d0%b2%d0%bb%d1%8f%d1%8e%d1%89%d0%b8%d0%b5%d1%81%d1%8f-%d1%82%d0%b8%d0%bf%d0%b0%d0%bc%d0%b8-%d1%83%d1%85%d0%be%d0%b4/,mantener,/ru/%d0%bf%d0%be%d0%bb%d0%be%d0%b2%d0%be%d0%b9-%d0%b6%d0%b8%d0%b7%d0%bd%d0%b8-%d1%8f%d0%b2%d0%bb%d1%8f%d1%8e%d1%89%d0%b8%d0%b5%d1%81%d1%8f-%d1%82%d0%b8%d0%bf%d0%b0%d0%bc%d0%b8-%d1%83%d1%85%d0%be%d0%b4/,200,"Влагалищные губы: типы, уход и когда следует обратиться к врачу",,sitemap_only,0,449,
/uk/%d1%81%d1%82%d0%b0%d1%82%d0%b5%d0%b2%d1%96-%d0%b3%d1%83%d0%b1%d0%b8-%d1%8f%d0%ba-%d0%b4%d0%be%d0%b3%d0%bb%d1%8f%d0%b4%d0%b0%d1%82%d0%b8-%d0%b7%d0%b0-%d0%bd%d0%b8%d0%bc%d0%b8-%d1%82%d0%b0-%d0%ba%d0%be/,mantener,/uk/%d1%81%d1%82%d0%b0%d1%82%d0%b5%d0%b2%d1%96-%d0%b3%d1%83%d0%b1%d0%b8-%d1%8f%d0%ba-%d0%b4%d0%be%d0%b3%d0%bb%d1%8f%d0%b4%d0%b0%d1%82%d0%b8-%d0%b7%d0%b0-%d0%bd%d0%b8%d0%bc%d0%b8-%d1%82%d0%b0-%d0%ba%d0%be/,200,"Стінки піхви: види, догляд та коли слід звернутися до лікаря",,sitemap_only,0,47,
/de/vaginale-lippen-was-sie-sind-arten-pflege-und-wann-ein-arzt-aufgesucht-werden-sollte/,mantener,/de/vaginale-lippen-was-sie-sind-arten-pflege-und-wann-ein-arzt-aufgesucht-werden-sollte/,200,"Labien: Arten, Pflege und wann ein Arzt aufgesucht werden sollte",,sitemap_only,0,0,
/it/labbra-vaginali-cosa-sono-tipologie-cura-e-quando-consultare-un-medico/,mantener,/it/labbra-vaginali-cosa-sono-tipologie-cura-e-quando-consultare-un-medico/,200,"Labbra vaginali: tipi, cura e quando consultare",,sitemap_only,0,439,
/nl/labios-vaginales-que-son-tipos-cuidados-y-cuando-consultar/,mantener,/nl/labios-vaginales-que-son-tipos-cuidados-y-cuando-consultar/,200,"Labios vaginales: tipos, cuidados y cuándo consultar",,sitemap_only,0,1,
/ca/llavis-vaginals-quins-son-tipus-cures-i-quan-consultar/,mantener,/ca/llavis-vaginals-quins-son-tipus-cures-i-quan-consultar/,200,"Llavis vaginals: tipus, cures i quan consultar",,sitemap_only,0,19,
/fr/levres-vaginales-quest-ce-que-cest-types-soins-et-quand-consulter/,mantener,/fr/levres-vaginales-quest-ce-que-cest-types-soins-et-quand-consulter/,200,"Lèvres vaginales : types, soins et quand consulter",,sitemap_only,0,234,
/en/labia-what-they-are-types-care-and-when-to-consult-a-doctor/,mantener,/en/labia-what-they-are-types-care-and-when-to-consult-a-doctor/,200,"Vaginal lips: types, care, and when to consult",,sitemap_only,33,429,
/ru/%d0%bb%d0%b0%d0%b1%d0%b8%d0%b8-%d0%b2%d1%83%d0%bb%d1%8c%d0%b2%d1%8b/,mantener,/ru/%d0%bb%d0%b0%d0%b1%d0%b8%d0%b8-%d0%b2%d1%83%d0%bb%d1%8c%d0%b2%d1%8b/,200,Большие или отвисшие половые губы: когда следует их лечить,,sitemap_only,0,746,
/uk/%d1%81%d1%82%d0%b0%d1%82%d0%b5%d0%b2%d1%96-%d0%b3%d1%83%d0%b1%d0%b8/,mantener,/uk/%d1%81%d1%82%d0%b0%d1%82%d0%b5%d0%b2%d1%96-%d0%b3%d1%83%d0%b1%d0%b8/,200,Великі або обвислі статеві губи: коли слід їх лікувати,,sitemap_only,0,109,
/de/schamlippen/,mantener,/de/schamlippen/,200,Große oder hängende Schamlippen: Wann sie behandelt werden sollten,,sitemap_only,0,140,
/it/labbra-vaginali/,mantener,/it/labbra-vaginali/,200,Grandi o cadenti labbra vaginali: quando trattarle,,sitemap_only,0,657,
/nl/labia-minora/,mantener,/nl/labia-minora/,200,Grote of hangende binnenste schaamlippen: wanneer ze te behandelen,,sitemap_only,0,12,
/ca/llavis-vaginals/,mantener,/ca/llavis-vaginals/,200,Lavis vulvars grans o caiguts: quan tractar-los,,sitemap_only,0,5,
/fr/levres-vaginales/,mantener,/fr/levres-vaginales/,200,Lèvres vaginales grandes ou tombantes : quand les traiter,,sitemap_only,0,438,
/en/labia/,mantener,/en/labia/,200,Large or drooping labia: when to treat,,sitemap_only,0,3,
/ru/%d1%80%d0%b8%d0%bd%d0%be%d0%bf%d0%bb%d0%b0%d1%81%d1%82%d0%b8%d0%ba%d0%b0-%d0%bc%d1%83%d0%b6%d1%87%d0%b8%d0%bd%d0%b0-%d0%b4%d0%be-%d0%b8-%d0%bf%d0%be%d1%81%d0%bb%d0%b5-%d1%83%d0%bb%d1%83%d1%87%d1%88/,mantener,/ru/%d1%80%d0%b8%d0%bd%d0%be%d0%bf%d0%bb%d0%b0%d1%81%d1%82%d0%b8%d0%ba%d0%b0-%d0%bc%d1%83%d0%b6%d1%87%d0%b8%d0%bd%d0%b0-%d0%b4%d0%be-%d0%b8-%d0%bf%d0%be%d1%81%d0%bb%d0%b5-%d1%83%d0%bb%d1%83%d1%87%d1%88/,200,Ринопластика у мужчин: полное руководство с фотографиями до и после (2026) | Клиника Belba,,sitemap_only,0,8,
/uk/%d1%80%d0%b8%d0%bd%d0%be%d0%bf%d0%bb%d0%b0%d1%81%d1%82%d0%b8%d0%ba%d0%b0-%d1%83-%d1%87%d0%be%d0%bb%d0%be%d0%b2%d1%96%d0%ba%d1%96%d0%b2-%d0%b4%d0%be-%d1%96-%d0%bf%d1%96%d1%81%d0%bb/,mantener,/uk/%d1%80%d0%b8%d0%bd%d0%be%d0%bf%d0%bb%d0%b0%d1%81%d1%82%d0%b8%d0%ba%d0%b0-%d1%83-%d1%87%d0%be%d0%bb%d0%be%d0%b2%d1%96%d0%ba%d1%96%d0%b2-%d0%b4%d0%be-%d1%96-%d0%bf%d1%96%d1%81%d0%bb/,200,Ринопластика у чоловіків: повний посібник із фотографіями «до» та «після» (2026) | Клініка «Белба»,,sitemap_only,0,1,
/de/rhinoplastik-mann-vorher-und-nachher-verbessert/,mantener,/de/rhinoplastik-mann-vorher-und-nachher-verbessert/,200,Rhinoplastik bei Männern: Vollständiger Leitfaden mit Vorher-Nachher-Bildern (2026) | Clinica Belba,,sitemap_only,0,0,
/it/rinoplastica-uomo-prima-e-dopo-migliorata/,mantener,/it/rinoplastica-uomo-prima-e-dopo-migliorata/,200,Rinoplastica negli uomini: guida completa con prima e dopo (2026) | Clinica Belba,,sitemap_only,0,9,
/nl/rhinoplastiek-man-voor-en-na-verbeterd/,mantener,/nl/rhinoplastiek-man-voor-en-na-verbeterd/,200,Rinoplastiek bij mannen: complete gids met voor en na (2026) | Clinica Belba,,sitemap_only,0,0,Detector de spam: probable FALSO POSITIVO (es la traducción NL del artículo de rinoplastia de hombre). Propuesta: mantener · OK Oscar 27/09: se mantiene literal
/ca/rinoplastia-home-abans-i-despres-millorat/,mantener,/ca/rinoplastia-home-abans-i-despres-millorat/,200,Rinoplàstia en homes: guia completa amb abans i després (2026) | Clínica Belba,,sitemap_only,0,0,
/fr/rhinoplastie-homme-avant-et-apres-ameliore/,mantener,/fr/rhinoplastie-homme-avant-et-apres-ameliore/,200,Rinoplastie chez les hommes : guide complet avec avant et après (2026) | Clinica Belba,,sitemap_only,0,1,
/en/rhinoplasty-male-before-and-after-improved/,mantener,/en/rhinoplasty-male-before-and-after-improved/,200,Rhinoplasty in Men: Complete Guide with Before and After (2026) | Clinica Belba,,sitemap_only,0,5,
/ru/%d0%b1%d0%bb%d0%b5%d1%84%d0%b0%d1%80%d0%be%d0%bf%d0%bb%d0%b0%d1%81%d1%82%d0%b8%d0%ba%d0%b0-%d0%b1%d0%b5%d0%b7-%d1%85%d0%b8%d1%80%d1%83%d1%80%d0%b3%d0%b8%d1%87%d0%b5%d1%81%d0%ba%d0%be%d0%b3%d0%be/,mantener,/ru/%d0%b1%d0%bb%d0%b5%d1%84%d0%b0%d1%80%d0%be%d0%bf%d0%bb%d0%b0%d1%81%d1%82%d0%b8%d0%ba%d0%b0-%d0%b1%d0%b5%d0%b7-%d1%85%d0%b8%d1%80%d1%83%d1%80%d0%b3%d0%b8%d1%87%d0%b5%d1%81%d0%ba%d0%be%d0%b3%d0%be/,200,Что такое блефаропластика без операции и когда она может быть эффективна | Клиника Belba,,sitemap_only,0,6,
/uk/%d0%b1%d0%bb%d0%b5%d1%84%d0%b0%d1%80%d0%be%d0%bf%d0%bb%d0%b0%d1%81%d1%82%d0%b8%d0%ba%d0%b0-%d0%b1%d0%b5%d0%b7-%d1%85%d1%96%d1%80%d1%83%d1%80%d0%b3%d1%96%d1%87%d0%bd%d0%be%d0%b3%d0%be-%d0%b2%d1%82/,mantener,/uk/%d0%b1%d0%bb%d0%b5%d1%84%d0%b0%d1%80%d0%be%d0%bf%d0%bb%d0%b0%d1%81%d1%82%d0%b8%d0%ba%d0%b0-%d0%b1%d0%b5%d0%b7-%d1%85%d1%96%d1%80%d1%83%d1%80%d0%b3%d1%96%d1%87%d0%bd%d0%be%d0%b3%d0%be-%d0%b2%d1%82/,200,Що таке нехірургічна блефаропластика і в яких випадках вона може бути ефективною | Клініка «Белба»,,sitemap_only,0,0,
/de/blepharoplastik-ohne-operation/,mantener,/de/blepharoplastik-ohne-operation/,200,Was ist die nicht-chirurgische Lidstraffung und wann kann sie funktionieren | Clinica Belba,,sitemap_only,0,4,
/it/blefaroplastica-non-chirurgica/,mantener,/it/blefaroplastica-non-chirurgica/,200,Che cos'è la blefaroplastia senza chirurgia e quando può funzionare | Clinica Belba,,sitemap_only,0,3,
/nl/blefaroplastiek-zonder-chirurgie/,mantener,/nl/blefaroplastiek-zonder-chirurgie/,200,Wat is niet-chirurgische blefaroplastie en wanneer kan het werken | Clinica Belba,,sitemap_only,0,1,
/ca/blefaroplastia-sense-cirurgia/,mantener,/ca/blefaroplastia-sense-cirurgia/,200,Què és la blefaroplàstia sense cirurgia i quan pot funcionar | Clínica Belba,,sitemap_only,0,0,
/fr/blepharoplastie-sans-chirurgie/,mantener,/fr/blepharoplastie-sans-chirurgie/,200,Qu'est-ce que la blépharoplastie sans chirurgie et quand peut-elle fonctionner | Clinica Belba,,sitemap_only,0,0,
/en/non-surgical-blepharoplasty/,mantener,/en/non-surgical-blepharoplasty/,200,What is non-surgical blepharoplasty and when can it work | Clinica Belba,,sitemap_only,0,9,
/ru/%d0%bb%d0%b8%d0%bf%d0%be%d1%81%d0%b5%d1%80-%d1%87%d1%82%d0%be-%d1%8d%d1%82%d0%be/,mantener,/ru/%d0%bb%d0%b8%d0%bf%d0%be%d1%81%d0%b5%d1%80-%d1%87%d1%82%d0%be-%d1%8d%d1%82%d0%be/,200,Липосер: что это такое и как это работает | Клиника Belba,,sitemap_only,0,0,
/uk/%d1%89%d0%be-%d1%82%d0%b0%d0%ba%d0%b5-lipovaser/,mantener,/uk/%d1%89%d0%be-%d1%82%d0%b0%d0%ba%d0%b5-lipovaser/,200,Lipovaser: що це таке і як працює | Клініка «Белба»,,sitemap_only,0,0,
/de/lipovaser-was-ist/,mantener,/de/lipovaser-was-ist/,200,Lipovaser: Was es ist und wie es funktioniert | Klinik Belba,,sitemap_only,0,1,
/it/la-lipovaser-e-una-tecnica-di-liposuzione-assistita-da-ultrasuoni-che-utilizza-onde-ultrasoniche-per-sciogliere-il-grasso-prima-della-sua-rimozione/,mantener,/it/la-lipovaser-e-una-tecnica-di-liposuzione-assistita-da-ultrasuoni-che-utilizza-onde-ultrasoniche-per-sciogliere-il-grasso-prima-della-sua-rimozione/,200,Lipovaser: cos'è e come funziona | Clinica Belba,,sitemap_only,0,1,
/nl/lipovaser-wat-is-dat/,mantener,/nl/lipovaser-wat-is-dat/,200,Lipovaser: wat is het en hoe werkt het | Clínica Belba,,sitemap_only,0,0,
/ca/lipovaser-que-es/,mantener,/ca/lipovaser-que-es/,200,Lipovaser: què és i com funciona | Clínica Belba,,sitemap_only,0,0,
/fr/lipovaser-que-es/,mantener,/fr/lipovaser-que-es/,200,Lipovaser: qué es y cómo funciona | Clínica Belba,,sitemap_only,0,0,
/en/lipovaser-what-is-it/,mantener,/en/lipovaser-what-is-it/,200,Lipovaser: What It Is and How It Works | Clínica Belba,,sitemap_only,0,2,
/ru/%d1%83%d0%bb%d1%8c%d1%82%d1%80%d0%b0%d0%b7%d0%b2%d1%83%d0%ba%d0%be%d0%b2%d0%b0%d1%8f-%d1%80%d0%b8%d0%bd%d0%be%d0%bf%d0%bb%d0%b0%d1%81%d1%82%d0%b8%d0%ba%d0%b0-%d0%bf%d1%80%d0%b5%d0%b8%d0%bc%d1%83/,mantener,/ru/%d1%83%d0%bb%d1%8c%d1%82%d1%80%d0%b0%d0%b7%d0%b2%d1%83%d0%ba%d0%be%d0%b2%d0%b0%d1%8f-%d1%80%d0%b8%d0%bd%d0%be%d0%bf%d0%bb%d0%b0%d1%81%d1%82%d0%b8%d0%ba%d0%b0-%d0%bf%d1%80%d0%b5%d0%b8%d0%bc%d1%83/,200,"Ультразвуковая ринопластика: преимущества, ограничения и когда ее выбрать",,sitemap_only,0,2,
/uk/%d1%83%d0%bb%d1%8c%d1%82%d1%80%d0%b0%d0%b7%d0%b2%d1%83%d0%ba%d0%be%d0%b2%d0%b0-%d1%80%d0%b8%d0%bd%d0%be%d0%bf%d0%bb%d0%b0%d1%81%d1%82%d0%b8%d0%ba%d0%b0-%d0%bf%d0%b5%d1%80%d0%b5%d0%b2%d0%b0%d0%b3/,mantener,/uk/%d1%83%d0%bb%d1%8c%d1%82%d1%80%d0%b0%d0%b7%d0%b2%d1%83%d0%ba%d0%be%d0%b2%d0%b0-%d1%80%d0%b8%d0%bd%d0%be%d0%bf%d0%bb%d0%b0%d1%81%d1%82%d0%b8%d0%ba%d0%b0-%d0%bf%d0%b5%d1%80%d0%b5%d0%b2%d0%b0%d0%b3/,200,"Ультразвукова ринопластика: переваги, обмеження та коли її обирати",,sitemap_only,0,1,
/de/ultraschall-rhinoplastik-vorteile-grenzen/,mantener,/de/ultraschall-rhinoplastik-vorteile-grenzen/,200,"Ultraschall-Rhinoplastik: Vorteile, Grenzen und wann man sie wählen sollte",,sitemap_only,0,0,
/it/rinoplastica-ultrasonica-vantaggi-e-limiti/,mantener,/it/rinoplastica-ultrasonica-vantaggi-e-limiti/,200,"Rinoplastica ultrasonica: vantaggi, limiti e quando sceglierla",,sitemap_only,0,6,
/nl/ultrasone-neuscorrectie-voordelen-beperkingen/,mantener,/nl/ultrasone-neuscorrectie-voordelen-beperkingen/,200,"Ultrasone rhinoplastiek: voordelen, beperkingen en wanneer te kiezen",,sitemap_only,0,0,
/ca/rinoplastia-ultrasonica-avantatges-limits/,mantener,/ca/rinoplastia-ultrasonica-avantatges-limits/,200,"Rinoplàstia ultrasònica: avantatges, límits i quan escollir-la",,sitemap_only,0,0,
/fr/rinoplastia-ultrasonica-ventajas-limites/,mantener,/fr/rinoplastia-ultrasonica-ventajas-limites/,200,"Rinoplastia ultrasónica: ventajas, límites y cuándo elegirla",,sitemap_only,0,0,
/en/ultrasonic-rhinoplasty-advantages-limitations/,mantener,/en/ultrasonic-rhinoplasty-advantages-limitations/,200,"Ultrasound Rhinoplasty: Advantages, Limitations, and When to Choose It",,sitemap_only,0,11,
/ru/cicatriz-cesarea-correccion/,mantener,/ru/cicatriz-cesarea-correccion/,200,Cicatriz de cesárea: por qué se abulta y qué hacer | Clinica Belba,,sitemap_only,0,0,
/uk/cicatriz-cesarea-correccion/,mantener,/uk/cicatriz-cesarea-correccion/,200,Cicatriz de cesárea: por qué se abulta y qué hacer | Clinica Belba,,sitemap_only,0,1,
/de/cicatriz-cesarea-correccion/,mantener,/de/cicatriz-cesarea-correccion/,200,Cicatriz de cesárea: por qué se abulta y qué hacer | Clinica Belba,,sitemap_only,0,1,
/it/cicatriz-cesarea-correccion/,mantener,/it/cicatriz-cesarea-correccion/,200,Cicatriz de cesárea: por qué se abulta y qué hacer | Clinica Belba,,sitemap_only,0,0,
/nl/cicatriz-cesarea-correccion/,mantener,/nl/cicatriz-cesarea-correccion/,200,Cicatriz de cesárea: por qué se abulta y qué hacer | Clinica Belba,,sitemap_only,0,0,
/ca/cicatriz-cesarea-correccion/,mantener,/ca/cicatriz-cesarea-correccion/,200,Cicatriz de cesárea: por qué se abulta y qué hacer | Clinica Belba,,sitemap_only,0,3,
/fr/cicatriz-cesarea-correccion/,mantener,/fr/cicatriz-cesarea-correccion/,200,Cicatriz de cesárea: por qué se abulta y qué hacer | Clinica Belba,,sitemap_only,0,0,
/en/cicatriz-cesarea-correccion/,mantener,/en/cicatriz-cesarea-correccion/,200,Cicatriz de cesárea: por qué se abulta y qué hacer | Clinica Belba,,sitemap_only,0,0,
/ru/pezones-invertidos-correccion/,mantener,/ru/pezones-invertidos-correccion/,200,"Pezón invertido: causas, grados y cómo corregirlo | Clinica Belba",,sitemap_only,0,0,
/uk/pezones-invertidos-correccion/,mantener,/uk/pezones-invertidos-correccion/,200,"Pezón invertido: causas, grados y cómo corregirlo | Clinica Belba",,sitemap_only,0,0,
/de/pezones-invertidos-correccion/,mantener,/de/pezones-invertidos-correccion/,200,"Pezón invertido: causas, grados y cómo corregirlo | Clinica Belba",,sitemap_only,0,1,
/it/pezones-invertidos-correccion/,mantener,/it/pezones-invertidos-correccion/,200,"Pezón invertido: causas, grados y cómo corregirlo | Clinica Belba",,sitemap_only,0,0,
/nl/pezones-invertidos-correccion/,mantener,/nl/pezones-invertidos-correccion/,200,"Pezón invertido: causas, grados y cómo corregirlo | Clinica Belba",,sitemap_only,0,0,
/ca/pezones-invertidos-correccion/,mantener,/ca/pezones-invertidos-correccion/,200,"Pezón invertido: causas, grados y cómo corregirlo | Clinica Belba",,sitemap_only,0,7,
/fr/pezones-invertidos-correccion/,mantener,/fr/pezones-invertidos-correccion/,200,"Pezón invertido: causas, grados y cómo corregirlo | Clinica Belba",,sitemap_only,0,0,
/en/pezones-invertidos-correccion/,mantener,/en/pezones-invertidos-correccion/,200,"Pezón invertido: causas, grados y cómo corregirlo | Clinica Belba",,sitemap_only,0,1,
/ru/asimetria-mamaria-cuando-operar/,mantener,/ru/asimetria-mamaria-cuando-operar/,200,Asimetría mamaria: por qué un pecho es más grande que el otro,,sitemap_only,0,0,
/uk/asimetria-mamaria-cuando-operar/,mantener,/uk/asimetria-mamaria-cuando-operar/,200,Asimetría mamaria: por qué un pecho es más grande que el otro,,sitemap_only,0,0,
/de/asimetria-mamaria-cuando-operar/,mantener,/de/asimetria-mamaria-cuando-operar/,200,Asimetría mamaria: por qué un pecho es más grande que el otro,,sitemap_only,0,1,
/it/asimetria-mamaria-cuando-operar/,mantener,/it/asimetria-mamaria-cuando-operar/,200,Asimetría mamaria: por qué un pecho es más grande que el otro,,sitemap_only,0,0,
/nl/asimetria-mamaria-cuando-operar/,mantener,/nl/asimetria-mamaria-cuando-operar/,200,Asimetría mamaria: por qué un pecho es más grande que el otro,,sitemap_only,0,0,
/ca/asimetria-mamaria-cuando-operar/,mantener,/ca/asimetria-mamaria-cuando-operar/,200,Asimetría mamaria: por qué un pecho es más grande que el otro,,sitemap_only,0,2,
/fr/asimetria-mamaria-cuando-operar/,mantener,/fr/asimetria-mamaria-cuando-operar/,200,Asimetría mamaria: por qué un pecho es más grande que el otro,,sitemap_only,0,0,
/en/asimetria-mamaria-cuando-operar/,mantener,/en/asimetria-mamaria-cuando-operar/,200,Asimetría mamaria: por qué un pecho es más grande que el otro,,sitemap_only,0,0,
/ru/test-post-2193c672-50fa-4ac0-84bf-874e83e57613-c19602556d950424/,410,,410,Whales: Giants of the Ocean | Clinica Belba,,sitemap_only,0,0,"Página de prueba/plantilla/formulario sin contenido real, 0 clics, 0 backlinks · OK Oscar 27/09: 410"
/uk/test-post-2193c672-50fa-4ac0-84bf-874e83e57613-c19602556d950424/,410,,410,Whales: Giants of the Ocean | Clinica Belba,,sitemap_only,0,0,"Página de prueba/plantilla/formulario sin contenido real, 0 clics, 0 backlinks · OK Oscar 27/09: 410"
/de/test-post-2193c672-50fa-4ac0-84bf-874e83e57613-c19602556d950424/,410,,410,Whales: Giants of the Ocean | Clinica Belba,,sitemap_only,0,0,"Página de prueba/plantilla/formulario sin contenido real, 0 clics, 0 backlinks · OK Oscar 27/09: 410"
/it/test-post-2193c672-50fa-4ac0-84bf-874e83e57613-c19602556d950424/,410,,410,Whales: Giants of the Ocean | Clinica Belba,,sitemap_only,0,0,"Página de prueba/plantilla/formulario sin contenido real, 0 clics, 0 backlinks · OK Oscar 27/09: 410"
/nl/test-post-2193c672-50fa-4ac0-84bf-874e83e57613-c19602556d950424/,410,,410,Whales: Giants of the Ocean | Clinica Belba,,sitemap_only,0,0,"Página de prueba/plantilla/formulario sin contenido real, 0 clics, 0 backlinks · OK Oscar 27/09: 410"
/ca/test-post-2193c672-50fa-4ac0-84bf-874e83e57613-c19602556d950424/,410,,410,Whales: Giants of the Ocean | Clinica Belba,,sitemap_only,0,0,"Página de prueba/plantilla/formulario sin contenido real, 0 clics, 0 backlinks · OK Oscar 27/09: 410"
/fr/test-post-2193c672-50fa-4ac0-84bf-874e83e57613-c19602556d950424/,410,,410,Whales: Giants of the Ocean | Clinica Belba,,sitemap_only,0,0,"Página de prueba/plantilla/formulario sin contenido real, 0 clics, 0 backlinks · OK Oscar 27/09: 410"
/en/test-post-2193c672-50fa-4ac0-84bf-874e83e57613-c19602556d950424/,410,,410,Whales: Giants of the Ocean | Clinica Belba,,sitemap_only,0,0,"Página de prueba/plantilla/formulario sin contenido real, 0 clics, 0 backlinks · OK Oscar 27/09: 410"
/ru/,mantener,/ru/,200,Clínica Cirugía Plástica Barcelona | Clínica Belba,,sitemap_only,0,2,
/uk/,mantener,/uk/,200,Clínica Cirugía Plástica Barcelona | Clínica Belba,,sitemap_only,0,5,
/de/,mantener,/de/,200,Clínica Cirugía Plástica Barcelona | Clínica Belba,,sitemap_only,0,2,
/it/,mantener,/it/,200,Clínica Cirugía Plástica Barcelona | Clínica Belba,,sitemap_only,0,3,
/nl/,mantener,/nl/,200,Clínica Cirugía Plástica Barcelona | Clínica Belba,,sitemap_only,0,0,
/ca/,mantener,/ca/,200,Clínica Cirugía Plástica Barcelona | Clínica Belba,,sitemap_only,0,27,
/fr/,mantener,/fr/,200,Clínica Cirugía Plástica Barcelona | Clínica Belba,,sitemap_only,0,12,
/en/,mantener,/en/,200,Clínica Cirugía Plástica Barcelona | Clínica Belba,,sitemap_only,1,19,
/ru/%d0%bf%d0%bb%d0%b0%d1%81%d1%82%d0%b8%d1%87%d0%b5%d1%81%d0%ba%d0%b0%d1%8f-%d1%85%d0%b8%d1%80%d1%83%d1%80%d0%b3%d0%b8%d1%8f-%d0%b4%d0%be%d0%ba%d1%82%d0%be%d1%80%d0%b0-%d0%b4%d1%8e-%d0%b2%d0%b5%d0%b1/%d1%81%d0%bf%d0%b0%d1%81%d0%b8%d0%b1%d0%be/,mantener,/ru/%d0%bf%d0%bb%d0%b0%d1%81%d1%82%d0%b8%d1%87%d0%b5%d1%81%d0%ba%d0%b0%d1%8f-%d1%85%d0%b8%d1%80%d1%83%d1%80%d0%b3%d0%b8%d1%8f-%d0%b4%d0%be%d0%ba%d1%82%d0%be%d1%80%d0%b0-%d0%b4%d1%8e-%d0%b2%d0%b5%d0%b1/%d1%81%d0%bf%d0%b0%d1%81%d0%b8%d0%b1%d0%be/,200,Спасибо | Клиника Бельба,,sitemap_only,0,0,
/uk/%d0%ba%d0%bb%d1%96%d0%bd%d1%96%d0%ba%d0%b0-%d0%bf%d0%bb%d0%b0%d1%81%d1%82%d0%b8%d1%87%d0%bd%d0%be%d1%97-%d1%85%d1%96%d1%80%d1%83%d1%80%d0%b3%d1%96%d1%97-%d0%b4%d0%be%d0%ba%d1%82%d0%be%d1%80%d0%b0/%d0%b4%d1%8f%d0%ba%d1%83%d1%8e/,mantener,/uk/%d0%ba%d0%bb%d1%96%d0%bd%d1%96%d0%ba%d0%b0-%d0%bf%d0%bb%d0%b0%d1%81%d1%82%d0%b8%d1%87%d0%bd%d0%be%d1%97-%d1%85%d1%96%d1%80%d1%83%d1%80%d0%b3%d1%96%d1%97-%d0%b4%d0%be%d0%ba%d1%82%d0%be%d1%80%d0%b0/%d0%b4%d1%8f%d0%ba%d1%83%d1%8e/,200,Дякуємо | Клініка «Белба»,,sitemap_only,0,0,
/de/dr-de-wever-plastische-chirurgie/danke-schon/,mantener,/de/dr-de-wever-plastische-chirurgie/danke-schon/,200,Vielen Dank | Clinica Belba,,sitemap_only,0,0,
/it/chirurgia-plastica-dr-dewever/grazie/,mantener,/it/chirurgia-plastica-dr-dewever/grazie/,200,Grazie | Clinica Belba,,sitemap_only,0,0,
/nl/dr-de-wever-plastische-chirurgie/dank-u/,mantener,/nl/dr-de-wever-plastische-chirurgie/dank-u/,200,Hartelijk dank | Clinica Belba,,sitemap_only,0,0,
/ca/cirurgia-plastica-dr-deweaver/gracies/,mantener,/ca/cirurgia-plastica-dr-deweaver/gracies/,200,Thank you | Clinica Belba,,sitemap_only,0,0,
/fr/dr-dewever-plastic-surgery/thank-you/,mantener,/fr/dr-dewever-plastic-surgery/thank-you/,200,Thank you | Clinica Belba,,sitemap_only,0,0,
/en/dr-dewever-plastic-surgery/thank-you/,mantener,/en/dr-dewever-plastic-surgery/thank-you/,200,Thank you | Clinica Belba,,sitemap_only,0,0,
/ru/%d0%bc%d0%bd%d0%b5%d0%bd%d0%b8%d1%8f-%d0%b4%d0%be%d0%ba%d1%82%d0%be%d1%80-%d1%84%d0%b5%d0%bb%d0%b8%d0%ba%d1%81-%d1%87%d0%b0%d0%b2%d0%b0%d1%80%d1%80%d0%b8%d0%b0-2/,mantener,/ru/%d0%bc%d0%bd%d0%b5%d0%bd%d0%b8%d1%8f-%d0%b4%d0%be%d0%ba%d1%82%d0%be%d1%80-%d1%84%d0%b5%d0%bb%d0%b8%d0%ba%d1%81-%d1%87%d0%b0%d0%b2%d0%b0%d1%80%d1%80%d0%b8%d0%b0-2/,200,Отзывы доктора Феликса Чаваррии,,sitemap_only,0,1,"Parece página de prueba/plantilla/duplicado: confirmar si es contenido real (si no, 410 o 301) · OK Oscar 27/09: se mantiene literal"
/uk/%d0%b2%d1%96%d0%b4%d0%b3%d1%83%d0%ba%d0%b8-%d0%bf%d1%80%d0%be-%d0%b4%d0%be%d0%ba%d1%82%d0%be%d1%80%d0%b0-%d1%84%d0%b5%d0%bb%d1%96%d0%ba%d1%81%d0%b0-%d1%87%d0%b0%d0%b2%d0%b0%d1%80%d1%80%d1%96%d0%b0-5/,mantener,/uk/%d0%b2%d1%96%d0%b4%d0%b3%d1%83%d0%ba%d0%b8-%d0%bf%d1%80%d0%be-%d0%b4%d0%be%d0%ba%d1%82%d0%be%d1%80%d0%b0-%d1%84%d0%b5%d0%bb%d1%96%d0%ba%d1%81%d0%b0-%d1%87%d0%b0%d0%b2%d0%b0%d1%80%d1%80%d1%96%d0%b0-5/,200,Відгуки про доктора Фелікса Чаварріа — Відгуки,,sitemap_only,0,0,
/de/meinungen-dr-felix-chavarria-2/,mantener,/de/meinungen-dr-felix-chavarria-2/,200,Zeugnisse Dr. Felix Chavarria - Bewertungen,,sitemap_only,0,0,"Parece página de prueba/plantilla/duplicado: confirmar si es contenido real (si no, 410 o 301) · OK Oscar 27/09: se mantiene literal"
/it/pareri-dr-felix-chavarria-2/,mantener,/it/pareri-dr-felix-chavarria-2/,200,Testimonianze Dr. Felix Chavarria - Recensioni,,sitemap_only,0,0,"Parece página de prueba/plantilla/duplicado: confirmar si es contenido real (si no, 410 o 301) · OK Oscar 27/09: se mantiene literal"
/nl/meningen-dr-felix-chavarria-2/,mantener,/nl/meningen-dr-felix-chavarria-2/,200,Testimonials Dr. Felix Chavarria - Beoordelingen,,sitemap_only,0,0,"Parece página de prueba/plantilla/duplicado: confirmar si es contenido real (si no, 410 o 301) · OK Oscar 27/09: se mantiene literal"
/ca/opinions-dr-felix-chavarria-2/,mantener,/ca/opinions-dr-felix-chavarria-2/,200,Testimonis Dr. Felix Chavarria - Opiniones,,sitemap_only,0,0,"Parece página de prueba/plantilla/duplicado: confirmar si es contenido real (si no, 410 o 301) · OK Oscar 27/09: se mantiene literal"
/fr/avis-dr-felix-chavarria-2/,mantener,/fr/avis-dr-felix-chavarria-2/,200,Témoignages Dr. Félix Chavarria - Avis,,sitemap_only,0,1,"Parece página de prueba/plantilla/duplicado: confirmar si es contenido real (si no, 410 o 301) · OK Oscar 27/09: se mantiene literal"
/en/dr-felix-chavarria-reviews-2/,mantener,/en/dr-felix-chavarria-reviews-2/,200,Dr. Felix Chavarria Testimonials - Reviews,,sitemap_only,0,0,"Parece página de prueba/plantilla/duplicado: confirmar si es contenido real (si no, 410 o 301) · OK Oscar 27/09: se mantiene literal"
/ru/comentarios-y-feedback-dr-felix-chavarria/,mantener,/ru/comentarios-y-feedback-dr-felix-chavarria/,200,•▷ Feedback sobre el Dr. Felix Chavarría,,sitemap_only,0,0,
/uk/%d0%ba%d0%be%d0%bc%d0%b5%d0%bd%d1%82%d0%b0%d1%80%d1%96-%d1%82%d0%b0-%d0%b2%d1%96%d0%b4%d0%b3%d1%83%d0%ba%d0%b8-%d0%b4%d0%be%d0%ba%d1%82%d0%be%d1%80%d0%b0-%d1%84%d0%b5%d0%bb%d1%96%d0%ba%d1%81%d0%b0/,mantener,/uk/%d0%ba%d0%be%d0%bc%d0%b5%d0%bd%d1%82%d0%b0%d1%80%d1%96-%d1%82%d0%b0-%d0%b2%d1%96%d0%b4%d0%b3%d1%83%d0%ba%d0%b8-%d0%b4%d0%be%d0%ba%d1%82%d0%be%d1%80%d0%b0-%d1%84%d0%b5%d0%bb%d1%96%d0%ba%d1%81%d0%b0/,200,•▷ Відгуки про доктора Фелікса Чаварріа,,sitemap_only,0,0,
/de/kommentare-und-feedback-von-dr-felix-chavarria/,mantener,/de/kommentare-und-feedback-von-dr-felix-chavarria/,200,•▷ Rückmeldung über Dr. Felix Chavarría,,sitemap_only,0,0,
/it/commenti-e-feedback-dr-felix-chavarria/,mantener,/it/commenti-e-feedback-dr-felix-chavarria/,200,•▷ Feedback sul Dottor Felix Chavarría,,sitemap_only,0,0,
/nl/reacties-en-feedback-dr-felix-chavarria/,mantener,/nl/reacties-en-feedback-dr-felix-chavarria/,200,•▷ Feedback over Dr. Felix Chavarría,,sitemap_only,0,0,
/ca/comentaris-i-feedback-dr-felix-chavarria/,mantener,/ca/comentaris-i-feedback-dr-felix-chavarria/,200,•▷ Comentaris sobre el Dr. Fèlix Chavarría,,sitemap_only,0,0,
/fr/commentaires-et-retours-du-dr-felix-chavarria/,mantener,/fr/commentaires-et-retours-du-dr-felix-chavarria/,200,Commentaires sur le Dr Félix Chavarría,,sitemap_only,0,0,
/en/comments-and-feedback-dr-felix-chavarria/,mantener,/en/comments-and-feedback-dr-felix-chavarria/,200,•▷ Feedback on Dr. Felix Chavarría,,sitemap_only,0,0,
/ru/%d0%be%d1%82%d0%b7%d1%8b%d0%b2%d1%8b-%d0%b4%d0%be%d0%ba%d1%82%d0%be%d1%80-%d1%84%d0%b5%d0%bb%d0%b8%d0%ba%d1%81-%d1%87%d0%b0%d0%b2%d0%b0%d1%80%d1%80%d0%b8%d0%b0/,mantener,/ru/%d0%be%d1%82%d0%b7%d1%8b%d0%b2%d1%8b-%d0%b4%d0%be%d0%ba%d1%82%d0%be%d1%80-%d1%84%d0%b5%d0%bb%d0%b8%d0%ba%d1%81-%d1%87%d0%b0%d0%b2%d0%b0%d1%80%d1%80%d0%b8%d0%b0/,200,Отзывы. Доктор Феликс Чаваррия - Опыт - Отзывы - Обзор - Свидетельства | Клиника Бельба,,sitemap_only,0,0,
/uk/%d0%b2%d1%96%d0%b4%d0%b3%d1%83%d0%ba%d0%b8-%d0%bf%d1%80%d0%be-%d0%b4%d0%be%d0%ba%d1%82%d0%be%d1%80%d0%b0-%d1%84%d0%b5%d0%bb%d1%96%d0%ba%d1%81%d0%b0-%d1%87%d0%b0%d0%b2%d0%b0%d1%80%d1%80%d1%96%d0%b0/,mantener,/uk/%d0%b2%d1%96%d0%b4%d0%b3%d1%83%d0%ba%d0%b8-%d0%bf%d1%80%d0%be-%d0%b4%d0%be%d0%ba%d1%82%d0%be%d1%80%d0%b0-%d1%84%d0%b5%d0%bb%d1%96%d0%ba%d1%81%d0%b0-%d1%87%d0%b0%d0%b2%d0%b0%d1%80%d1%80%d1%96%d0%b0/,200,Відгуки про доктора Фелікса Чаварріа — Досвід — Відгуки — Огляди — Свідчення | Клініка «Белба»,,sitemap_only,0,0,
/de/meinungen-dr-felix-chavarria/,mantener,/de/meinungen-dr-felix-chavarria/,200,Opiniones Dr. Felix Chavarria - Experiencias - Opiniones - Review - Testimonios | Clinica Belba,,sitemap_only,0,0,
/it/opinioni-sul-dr-felix-chavarria/,mantener,/it/opinioni-sul-dr-felix-chavarria/,200,Opiniones Dr. Felix Chavarria - Experiencias - Opiniones - Review - Testimonios | Clinica Belba,,sitemap_only,0,0,
/nl/meningen-over-dr-felix-chavarria/,mantener,/nl/meningen-over-dr-felix-chavarria/,200,Meningen Dr. Felix Chavarria - Ervaringen - Meningen - Review - Getuigenissen | Clinica Belba,,sitemap_only,0,0,
/ca/opinions-dr-felix-chavarria/,mantener,/ca/opinions-dr-felix-chavarria/,200,Opinions Dr. Felix Chavarria - Experiències - Opinions - Review - Testimonis | Clínica Belba,,sitemap_only,0,0,
/fr/avis-dr-felix-chavarria/,mantener,/fr/avis-dr-felix-chavarria/,200,Avis Dr. Felix Chavarria - Expériences - Avis - Témoignages | Clinica Belba,,sitemap_only,0,0,
/en/opinions-dr-felix-chavarria/,mantener,/en/opinions-dr-felix-chavarria/,200,Dr. Felix Chavarria Reviews - Experiences - Opinions - Reviews - Testimonials | Clinica Belba,,sitemap_only,0,0,
/ru/comentarios-chavarria/,mantener,/ru/comentarios-chavarria/,200,Comentarios sobre el Dr. Felix Chavarria,,sitemap_only,0,0,
/uk/%d0%ba%d0%be%d0%bc%d0%b5%d0%bd%d1%82%d0%b0%d1%80%d1%96-%d1%87%d0%b0%d0%b2%d0%b0%d1%80%d1%80%d1%96%d1%8f/,mantener,/uk/%d0%ba%d0%be%d0%bc%d0%b5%d0%bd%d1%82%d0%b0%d1%80%d1%96-%d1%87%d0%b0%d0%b2%d0%b0%d1%80%d1%80%d1%96%d1%8f/,200,Відгуки про доктора Фелікса Чаварріа,,sitemap_only,0,0,
/de/kommentare-chavarria/,mantener,/de/kommentare-chavarria/,200,Kommentare zu Dr. Felix Chavarria,,sitemap_only,0,0,
/it/comentarios-chavarria/,mantener,/it/comentarios-chavarria/,200,Comentarios sobre el Dr. Felix Chavarria,,sitemap_only,0,0,
/nl/opmerkingen-chavarria/,mantener,/nl/opmerkingen-chavarria/,200,Opmerkingen over Dr. Felix Chavarria,,sitemap_only,0,0,
/ca/comentaris-chavarria/,mantener,/ca/comentaris-chavarria/,200,Comentaris sobre el Dr. Félix Chavarría,,sitemap_only,0,0,
/fr/comentarios-chavarria/,mantener,/fr/comentarios-chavarria/,200,Comentarios sobre el Dr. Felix Chavarria,,sitemap_only,0,0,
/en/chavarria-comments/,mantener,/en/chavarria-comments/,200,Comments about Dr. Felix Chavarria,,sitemap_only,0,0,
/ru/%d0%be%d0%bf%d1%8b%d1%82-%d0%b4%d0%be%d0%ba%d1%82%d0%be%d1%80%d0%b0-%d1%84%d0%b5%d0%bb%d0%b8%d0%ba%d1%81%d0%b0-%d1%87%d0%b0%d0%b2%d0%b0%d1%80%d1%80%d0%b8%d0%b8/,mantener,/ru/%d0%be%d0%bf%d1%8b%d1%82-%d0%b4%d0%be%d0%ba%d1%82%d0%be%d1%80%d0%b0-%d1%84%d0%b5%d0%bb%d0%b8%d0%ba%d1%81%d0%b0-%d1%87%d0%b0%d0%b2%d0%b0%d1%80%d1%80%d0%b8%d0%b8/,200,Опыт работы с доктором Феликсом Чаваррией,,sitemap_only,0,0,
/uk/%d0%b4%d0%be%d1%81%d0%b2%d1%96%d0%b4-%d0%b4%d0%be%d0%ba%d1%82%d0%be%d1%80%d0%b0-%d1%84%d0%b5%d0%bb%d1%96%d0%ba%d1%81%d0%b0-%d1%87%d0%b0%d0%b2%d0%b0%d1%80%d1%80%d1%96%d0%b0/,mantener,/uk/%d0%b4%d0%be%d1%81%d0%b2%d1%96%d0%b4-%d0%b4%d0%be%d0%ba%d1%82%d0%be%d1%80%d0%b0-%d1%84%d0%b5%d0%bb%d1%96%d0%ba%d1%81%d0%b0-%d1%87%d0%b0%d0%b2%d0%b0%d1%80%d1%80%d1%96%d0%b0/,200,Досвід роботи з доктором Феліксом Чаваррією,,sitemap_only,0,0,
/de/erfahrungen-dr-felix-chavarria/,mantener,/de/erfahrungen-dr-felix-chavarria/,200,Erfahrungen mit Dr. Felix Chavarría,,sitemap_only,0,0,
/it/esperienze-del-dott-felix-chavarria/,mantener,/it/esperienze-del-dott-felix-chavarria/,200,Esperienze con il Dott. Felix Chavarría,,sitemap_only,0,0,
/nl/ervaringen-dr-felix-chavarria/,mantener,/nl/ervaringen-dr-felix-chavarria/,200,Ervaringen met Dr. Felix Chavarría,,sitemap_only,0,0,
/ca/experiencias-dr-felix-chavarria/,mantener,/ca/experiencias-dr-felix-chavarria/,200,Experiencias con el Dr. Felix Chavarría,,sitemap_only,0,0,
/fr/experiences-du-dr-felix-chavarria/,mantener,/fr/experiences-du-dr-felix-chavarria/,200,Expériences avec le Dr Félix Chavarría,,sitemap_only,0,0,
/en/experiencias-dr-felix-chavarria/,mantener,/en/experiencias-dr-felix-chavarria/,200,Experiencias con el Dr. Felix Chavarría,,sitemap_only,0,0,
/ru/%d0%bf%d0%be%d0%bb%d0%be%d0%b6%d0%b8%d1%82%d0%b5%d0%bb%d1%8c%d0%bd%d1%8b%d0%b9-%d0%be%d1%82%d0%b7%d1%8b%d0%b2-%d0%be%d1%82-%d0%b4%d0%be%d0%ba%d1%82%d0%be%d1%80%d0%b0-%d1%87%d0%b0%d0%b2%d0%b0%d1%80/,mantener,/ru/%d0%bf%d0%be%d0%bb%d0%be%d0%b6%d0%b8%d1%82%d0%b5%d0%bb%d1%8c%d0%bd%d1%8b%d0%b9-%d0%be%d1%82%d0%b7%d1%8b%d0%b2-%d0%be%d1%82-%d0%b4%d0%be%d0%ba%d1%82%d0%be%d1%80%d0%b0-%d1%87%d0%b0%d0%b2%d0%b0%d1%80/,200,Положительные отзывы о докторе Феликсе Чаваррии - Свидетельства,,sitemap_only,0,0,
/uk/%d0%bf%d0%be%d0%b7%d0%b8%d1%82%d0%b8%d0%b2%d0%bd%d1%96-%d0%b2%d1%96%d0%b4%d0%b3%d1%83%d0%ba%d0%b8-%d0%bf%d1%80%d0%be-%d0%b4%d0%be%d0%ba%d1%82%d0%be%d1%80%d0%b0-%d1%87%d0%b0%d0%b2%d0%b0%d1%80%d1%80/,mantener,/uk/%d0%bf%d0%be%d0%b7%d0%b8%d1%82%d0%b8%d0%b2%d0%bd%d1%96-%d0%b2%d1%96%d0%b4%d0%b3%d1%83%d0%ba%d0%b8-%d0%bf%d1%80%d0%be-%d0%b4%d0%be%d0%ba%d1%82%d0%be%d1%80%d0%b0-%d1%87%d0%b0%d0%b2%d0%b0%d1%80%d1%80/,200,Позитивні відгуки про доктора Фелікса Чаварріа — Відгуки,,sitemap_only,0,0,
/de/positives-feedback-von-dr-chavarria/,mantener,/de/positives-feedback-von-dr-chavarria/,200,Positives Feedback über Dr. Felix Chavarria - Zeugnisse,,sitemap_only,0,0,
/it/feedback-positivo-dr-chavarria/,mantener,/it/feedback-positivo-dr-chavarria/,200,Feedback positivo sul Dott. Felix Chavarria - Testimonianze,,sitemap_only,0,0,
/nl/positieve-feedback-dr-chavarria/,mantener,/nl/positieve-feedback-dr-chavarria/,200,Positieve feedback over Dr. Felix Chavarria - Getuigenissen,,sitemap_only,0,0,
/ca/feedback-positiu-dr-chavarria/,mantener,/ca/feedback-positiu-dr-chavarria/,200,Feedback positiu sobre el Dr. Fèlix Chavarria - Testimonis,,sitemap_only,0,0,
/fr/feedback-positivo-dr-chavarria/,mantener,/fr/feedback-positivo-dr-chavarria/,200,Feedback positivo sobre el Dr. Felix Chavarria - Testimonios,,sitemap_only,0,0,
/en/positive-feedback-for-dr-chavarria/,mantener,/en/positive-feedback-for-dr-chavarria/,200,Positive Feedback for,,sitemap_only,0,0,
/ru/%d0%be%d1%82%d0%b7%d1%8b%d0%b2-%d0%b4%d0%be%d0%ba%d1%82%d0%be%d1%80-%d1%84%d0%b5%d0%bb%d0%b8%d0%ba%d1%81-%d1%87%d0%b0%d0%b2%d0%b0%d1%80%d1%80%d0%b8%d0%b0/,mantener,/ru/%d0%be%d1%82%d0%b7%d1%8b%d0%b2-%d0%b4%d0%be%d0%ba%d1%82%d0%be%d1%80-%d1%84%d0%b5%d0%bb%d0%b8%d0%ba%d1%81-%d1%87%d0%b0%d0%b2%d0%b0%d1%80%d1%80%d0%b8%d0%b0/,200,Отзыв о докторе Феликсе Чаваррии - Мнение - Обзор | Клиника Бельба,,sitemap_only,0,0,
/uk/%d0%b2%d1%96%d0%b4%d0%b3%d1%83%d0%ba-%d0%b4%d0%be%d0%ba%d1%82%d0%be%d1%80%d0%b0-%d1%84%d0%b5%d0%bb%d1%96%d0%ba%d1%81%d0%b0-%d1%87%d0%b0%d0%b2%d0%b0%d1%80%d1%80%d1%96%d0%b0/,mantener,/uk/%d0%b2%d1%96%d0%b4%d0%b3%d1%83%d0%ba-%d0%b4%d0%be%d0%ba%d1%82%d0%be%d1%80%d0%b0-%d1%84%d0%b5%d0%bb%d1%96%d0%ba%d1%81%d0%b0-%d1%87%d0%b0%d0%b2%d0%b0%d1%80%d1%80%d1%96%d0%b0/,200,Feedback sobre el Dr. Felix Chavarria - Opinión - Review | Clinica Belba,,sitemap_only,0,0,
/de/feedback-dr-felix-chavarria/,mantener,/de/feedback-dr-felix-chavarria/,200,Feedback zu Dr. Felix Chavarria - Meinung - Rezension | Clinica Belba,,sitemap_only,0,0,
/it/feedback-dr-felix-chavarria/,mantener,/it/feedback-dr-felix-chavarria/,200,Feedback sobre el Dr. Felix Chavarria - Opinión - Review | Clinica Belba,,sitemap_only,0,0,
/nl/feedback-dr-felix-chavarria/,mantener,/nl/feedback-dr-felix-chavarria/,200,Feedback over Dr. Felix Chavarria - Mening - Review | Clinica Belba,,sitemap_only,0,0,
/ca/feedback-dr-felix-chavarria/,mantener,/ca/feedback-dr-felix-chavarria/,200,Feedback sobre el Dr. Felix Chavarria - Opinión - Review | Clinica Belba,,sitemap_only,0,0,
/fr/commentaires-dr-felix-chavarria/,mantener,/fr/commentaires-dr-felix-chavarria/,200,Avis sur le Dr. Felix Chavarria - Opinion - Review | Clinica Belba,,sitemap_only,0,0,
/en/feedback-dr-felix-chavarria/,mantener,/en/feedback-dr-felix-chavarria/,200,Feedback on Dr. Felix Chavarria - Opinion - Review | Clinica Belba,,sitemap_only,0,0,
/ru/%d0%bf%d0%be%d0%bb%d0%be%d0%b6%d0%b8%d1%82%d0%b5%d0%bb%d1%8c%d0%bd%d1%8b%d0%b5-%d0%be%d1%82%d0%b7%d1%8b%d0%b2%d1%8b-%d0%b4%d0%be%d0%ba%d1%82%d0%be%d1%80-%d1%84%d0%b5%d0%bb%d0%b8%d0%ba%d1%81-%d1%87/,mantener,/ru/%d0%bf%d0%be%d0%bb%d0%be%d0%b6%d0%b8%d1%82%d0%b5%d0%bb%d1%8c%d0%bd%d1%8b%d0%b5-%d0%be%d1%82%d0%b7%d1%8b%d0%b2%d1%8b-%d0%b4%d0%be%d0%ba%d1%82%d0%be%d1%80-%d1%84%d0%b5%d0%bb%d0%b8%d0%ba%d1%81-%d1%87/,200,Положительные отзывы о докторе Феликсе Чаваррии - Свидетельства - Обзоры,,sitemap_only,0,1,
/uk/%d0%bf%d0%be%d0%b7%d0%b8%d1%82%d0%b8%d0%b2%d0%bd%d1%96-%d0%b2%d1%96%d0%b4%d0%b3%d1%83%d0%ba%d0%b8-%d0%bf%d1%80%d0%be-%d0%b4%d0%be%d0%ba%d1%82%d0%be%d1%80%d0%b0-%d1%84%d0%b5%d0%bb%d1%96%d0%ba%d1%81-2/,mantener,/uk/%d0%bf%d0%be%d0%b7%d0%b8%d1%82%d0%b8%d0%b2%d0%bd%d1%96-%d0%b2%d1%96%d0%b4%d0%b3%d1%83%d0%ba%d0%b8-%d0%bf%d1%80%d0%be-%d0%b4%d0%be%d0%ba%d1%82%d0%be%d1%80%d0%b0-%d1%84%d0%b5%d0%bb%d1%96%d0%ba%d1%81-2/,200,Позитивні відгуки доктора Фелікса Чаварріа — Відгуки — Рецензії,,sitemap_only,0,0,"Parece página de prueba/plantilla/duplicado: confirmar si es contenido real (si no, 410 o 301) · OK Oscar 27/09: se mantiene literal"
/de/criticas-positivas-dr-felix-chavarria/,mantener,/de/criticas-positivas-dr-felix-chavarria/,200,Críticas positivas del Dr. Felix Chavarría - Testimonios - Reseñas,,sitemap_only,0,0,
/it/critiche-positive-del-dr-felix-chavarria/,mantener,/it/critiche-positive-del-dr-felix-chavarria/,200,Critiche positive del Dott. Felix Chavarría - Testimonianze - Recensioni,,sitemap_only,0,0,
/nl/positieve-kritiek-dr-felix-chavarria/,mantener,/nl/positieve-kritiek-dr-felix-chavarria/,200,Positieve beoordelingen van Dr. Felix Chavarría - Getuigenissen - Recensies,,sitemap_only,0,0,
/ca/critiques-positives-dr-felix-chavarria/,mantener,/ca/critiques-positives-dr-felix-chavarria/,200,Crítiques positives del Dr. Felix Chavarría - Testimonis - Ressenyes,,sitemap_only,0,0,
/fr/critiques-positives-du-dr-felix-chavarria/,mantener,/fr/critiques-positives-du-dr-felix-chavarria/,200,Critiques positives du Dr Felix Chavarría - Témoignages - Avis,,sitemap_only,0,0,
/en/positive-reviews-dr-felix-chavarria/,mantener,/en/positive-reviews-dr-felix-chavarria/,200,Positive Reviews of Dr. Felix Chavarría - Testimonials - Reviews,,sitemap_only,0,0,
/ru/%d1%80%d0%b8%d0%bd%d0%be%d0%bf%d0%bb%d0%b0%d1%81%d1%82%d0%b8%d0%ba%d0%b0/,mantener,/ru/%d1%80%d0%b8%d0%bd%d0%be%d0%bf%d0%bb%d0%b0%d1%81%d1%82%d0%b8%d0%ba%d0%b0/,200,Ультразвуковая ринопластика в Барселоне ®,,sitemap_only,0,0,
/uk/%d1%80%d0%b8%d0%bd%d0%be%d0%bf%d0%bb%d0%b0%d1%81%d1%82%d0%b8%d0%ba%d0%b0/,mantener,/uk/%d1%80%d0%b8%d0%bd%d0%be%d0%bf%d0%bb%d0%b0%d1%81%d1%82%d0%b8%d0%ba%d0%b0/,200,Пластика носа в Барселоні 【РІНОПЛАСТИКА】 Ультразвукова ®,,sitemap_only,0,0,
/de/rhinoplastik/,mantener,/de/rhinoplastik/,200,Nasenoperation in Barcelona【Rhinoplastik】 Ultraschall ®,,sitemap_only,0,0,
/it/rinoplastica/,mantener,/it/rinoplastica/,200,Chirurgia del Naso a Barcellona (Rinoplastica) Ultrasonica®,,sitemap_only,0,0,
/nl/neuscorrectie/,mantener,/nl/neuscorrectie/,200,Neuscorrectie in Barcelona【RINOPLASTIE】 Ultrasoon ®,,sitemap_only,0,0,
/ca/rinoplastia/,mantener,/ca/rinoplastia/,200,Cirugía de Nariz en Barcelona【 RINOPLASTIA】 Ultrasónica ®,,sitemap_only,0,0,
/fr/rhinoplastie/,mantener,/fr/rhinoplastie/,200,Chirurgie du Nez à Barcelone (Rhinoplastie) Ultrasonique ®,,sitemap_only,0,0,
/en/rhinoplasty/,mantener,/en/rhinoplasty/,200,Nose Surgery in Barcelona (Ultrasonic Rhinoplasty)®,,sitemap_only,0,0,
/ru/%d0%b3%d0%b8%d0%bd%d0%b5%d0%ba%d0%be%d0%bc%d0%b0%d1%81%d1%82%d0%b8%d1%8f-%d0%b4%d0%be-%d0%b8-%d0%bf%d0%be%d1%81%d0%bb%d0%b5/,mantener,/ru/%d0%b3%d0%b8%d0%bd%d0%b5%d0%ba%d0%be%d0%bc%d0%b0%d1%81%d1%82%d0%b8%d1%8f-%d0%b4%d0%be-%d0%b8-%d0%bf%d0%be%d1%81%d0%bb%d0%b5/,200,Гинекомастия До и После | CLINICA BELBA,,sitemap_only,0,5,
/uk/%d0%b3%d1%96%d0%bd%d0%b5%d0%ba%d0%be%d0%bc%d0%b0%d1%81%d1%82%d1%96%d1%8f-%d0%b4%d0%be-%d1%96-%d0%bf%d1%96%d1%81%d0%bb%d1%8f/,mantener,/uk/%d0%b3%d1%96%d0%bd%d0%b5%d0%ba%d0%be%d0%bc%d0%b0%d1%81%d1%82%d1%96%d1%8f-%d0%b4%d0%be-%d1%96-%d0%bf%d1%96%d1%81%d0%bb%d1%8f/,200,【 Гінекомастія: до і після | КЛІНІКА BELBA 】⊛⊛,,sitemap_only,0,0,
/de/ginekomastie-vorher-und-nachher/,mantener,/de/ginekomastie-vorher-und-nachher/,200,Ginekomastie Vorher und Nachher | CLINICA BELBA,,sitemap_only,0,4,
/it/ginecomastia-prima-e-dopo/,mantener,/it/ginecomastia-prima-e-dopo/,200,Ginecomastia Prima e Dopo | CLINICA BELBA,,sitemap_only,0,1,
/nl/ginecomastie-voor-en-na/,mantener,/nl/ginecomastie-voor-en-na/,200,Ginecomastie Voor en Na | CLINICA BELBA,,sitemap_only,0,1,
/ca/ginecomastia-abans-i-despres/,mantener,/ca/ginecomastia-abans-i-despres/,200,【Ginecomàstia Abans i Després | CLÍNICA BELBA】⊛⊛,,sitemap_only,0,0,
/fr/gynecomastie-avant-et-apres/,mantener,/fr/gynecomastie-avant-et-apres/,200,Gynécomastie Avant et Après | CLINIQUE BELBA,,sitemap_only,0,1,
/en/gynecomastia-before-and-after/,mantener,/en/gynecomastia-before-and-after/,200,Gynecomastia Before and After | CLINICA BELBA,,sitemap_only,0,1,
/ru/%d0%bf%d0%bb%d0%b0%d1%81%d1%82%d0%b8%d1%87%d0%b5%d1%81%d0%ba%d0%b8%d0%b9-%d1%85%d0%b8%d1%80%d1%83%d1%80%d0%b3/%d0%b4%d0%be%d0%ba%d1%82%d0%be%d1%80-%d1%84%d0%b5%d0%bb%d0%b8%d0%ba%d1%81-%d1%87%d0%b0%d0%b2%d0%b0%d1%80%d1%80%d0%b8%d1%8f/,mantener,/ru/%d0%bf%d0%bb%d0%b0%d1%81%d1%82%d0%b8%d1%87%d0%b5%d1%81%d0%ba%d0%b8%d0%b9-%d1%85%d0%b8%d1%80%d1%83%d1%80%d0%b3/%d0%b4%d0%be%d0%ba%d1%82%d0%be%d1%80-%d1%84%d0%b5%d0%bb%d0%b8%d0%ba%d1%81-%d1%87%d0%b0%d0%b2%d0%b0%d1%80%d1%80%d0%b8%d1%8f/,200,Д-р Феликс Чаваррия | Клиника Белба,,sitemap_only,0,0,
/uk/%d0%bf%d0%bb%d0%b0%d1%81%d1%82%d0%b8%d1%87%d0%bd%d0%b8%d0%b9-%d1%85%d1%96%d1%80%d1%83%d1%80%d0%b3/%d0%b4%d0%be%d0%ba%d1%82%d0%be%d1%80-%d1%84%d0%b5%d0%bb%d1%96%d0%ba%d1%81-%d1%87%d0%b0%d0%b2%d0%b0%d1%80%d1%80%d1%96%d1%8f/,mantener,/uk/%d0%bf%d0%bb%d0%b0%d1%81%d1%82%d0%b8%d1%87%d0%bd%d0%b8%d0%b9-%d1%85%d1%96%d1%80%d1%83%d1%80%d0%b3/%d0%b4%d0%be%d0%ba%d1%82%d0%be%d1%80-%d1%84%d0%b5%d0%bb%d1%96%d0%ba%d1%81-%d1%87%d0%b0%d0%b2%d0%b0%d1%80%d1%80%d1%96%d1%8f/,200,Д-р Фелікс Чаваррія | Клініка «Белба»,,sitemap_only,0,0,
/de/plastischer-chirurg/dr-felix-chavarria/,mantener,/de/plastischer-chirurg/dr-felix-chavarria/,200,Dr Félix Chavarría | Clinica Belba,,sitemap_only,0,0,
/it/chirurgo-plastico/dott-felix-chavarria/,mantener,/it/chirurgo-plastico/dott-felix-chavarria/,200,Dr. Félix Chavarría | Clinica Belba,,sitemap_only,0,0,
/nl/plastisch-chirurg/dr-felix-chavarria/,mantener,/nl/plastisch-chirurg/dr-felix-chavarria/,200,Dr. Félix Chavarría | Clínica Belba,,sitemap_only,0,0,
/ca/cirurgia-plastic/dr-felix-chavarria/,mantener,/ca/cirurgia-plastic/dr-felix-chavarria/,200,Dr Félix Chavarría | Clinica Belba,,sitemap_only,0,0,
/fr/chirurgien-plasticien/docteur-felix-chavarria/,mantener,/fr/chirurgien-plasticien/docteur-felix-chavarria/,200,Dr Félix Chavarría | Clinica Belba,,sitemap_only,0,5,
/en/plastic-surgeon/dr-felix-chavarria/,mantener,/en/plastic-surgeon/dr-felix-chavarria/,200,Dr Félix Chavarría | Clinica Belba,,sitemap_only,0,0,
/ru/%d0%b1%d0%bb%d0%b5%d1%84%d0%b0%d1%80%d0%be%d0%bf%d0%bb%d0%b0%d1%81%d1%82%d0%b8%d0%ba%d0%b0-%d0%b4%d0%be-%d0%b8-%d0%bf%d0%be%d1%81%d0%bb%d0%b5/,mantener,/ru/%d0%b1%d0%bb%d0%b5%d1%84%d0%b0%d1%80%d0%be%d0%bf%d0%bb%d0%b0%d1%81%d1%82%d0%b8%d0%ba%d0%b0-%d0%b4%d0%be-%d0%b8-%d0%bf%d0%be%d1%81%d0%bb%d0%b5/,200,【 блефаропластика до и после | Клиника Бельба 】◁,,sitemap_only,0,0,
/uk/%d0%b1%d0%bb%d0%b5%d1%84%d0%b0%d1%80%d0%be%d0%bf%d0%bb%d0%b0%d1%81%d1%82%d0%b8%d0%ba%d0%b0-%d0%b4%d0%be-%d1%96-%d0%bf%d1%96%d1%81%d0%bb%d1%8f/,mantener,/uk/%d0%b1%d0%bb%d0%b5%d1%84%d0%b0%d1%80%d0%be%d0%bf%d0%bb%d0%b0%d1%81%d1%82%d0%b8%d0%ba%d0%b0-%d0%b4%d0%be-%d1%96-%d0%bf%d1%96%d1%81%d0%bb%d1%8f/,200,【 Блефаропластика: до і після | Клініка «Белба» 】◁,,sitemap_only,0,0,
/de/blepharoplastik-vorher-und-nachher/,mantener,/de/blepharoplastik-vorher-und-nachher/,200,Lidstraffung Vorher und Nachher | Klinik Belba,,sitemap_only,0,11,
/it/blefaroplastica-prima-e-dopo/,mantener,/it/blefaroplastica-prima-e-dopo/,200,Blefaroplastica Prima e Dopo | Clinica Belba,,sitemap_only,0,0,
/nl/blefaroplastiek-voor-en-na/,mantener,/nl/blefaroplastiek-voor-en-na/,200,【 Plastische ooglidcorrectie voor en na | Clinica Belba 】◁,,sitemap_only,0,0,
/ca/blefaroplastia-abans-i-despres/,mantener,/ca/blefaroplastia-abans-i-despres/,200,【 Blefaroplàstia Abans i Després | Belba Clinic 】◁,,sitemap_only,0,0,
/fr/blepharoplastie-avant-et-apres/,mantener,/fr/blepharoplastie-avant-et-apres/,200,【 Blépharoplastie : avant et après | Clinique Belba 】◁,,sitemap_only,0,1,
/en/blepharoplasty-before-and-after/,mantener,/en/blepharoplasty-before-and-after/,200,,,sitemap_only,0,1,Hoy en BUCLE de redirecciones (bug de slugs de TranslatePress) pese a ser la URL del hreflang. Se reconstruye con la traducción EN de TranslatePress (SQL) · OK Oscar 27/09
/ru/%d0%b6%d0%b4%d1%80%d0%b4%d0%b5%d0%b2%d0%b5%d1%80%d1%85%d0%b8%d1%80%d1%83%d1%80%d0%b3%d0%b8%d1%8f%d0%bf%d0%bb%d0%b0%d1%81%d1%82%d0%b8%d1%87%d0%b5%d1%81%d0%ba%d0%b0%d1%8f/,mantener,/ru/%d0%b6%d0%b4%d1%80%d0%b4%d0%b5%d0%b2%d0%b5%d1%80%d1%85%d0%b8%d1%80%d1%83%d1%80%d0%b3%d0%b8%d1%8f%d0%bf%d0%bb%d0%b0%d1%81%d1%82%d0%b8%d1%87%d0%b5%d1%81%d0%ba%d0%b0%d1%8f/,200,Доктор Майк Девевер | Пластическая хирургия | Клиника Бельба,,sitemap_only,0,0,
/uk/drdewever%d0%bf%d0%bb%d0%b0%d1%81%d1%82%d0%b8%d1%87%d0%bd%d0%b0%d1%85%d1%96%d1%80%d1%83%d1%80%d0%b3%d1%96%d1%8f/,mantener,/uk/drdewever%d0%bf%d0%bb%d0%b0%d1%81%d1%82%d0%b8%d1%87%d0%bd%d0%b0%d1%85%d1%96%d1%80%d1%83%d1%80%d0%b3%d1%96%d1%8f/,200,Д-р Майк Девевер | Пластична хірургія | Клініка «Белба»,,sitemap_only,0,0,
/de/dr-dewever-plastische-chirurgie/,mantener,/de/dr-dewever-plastische-chirurgie/,200,Dr. Mike Dewever | Plastische Chirurgie | Klinik Belba,,sitemap_only,0,1,
/it/drdeweverchirurgiaplastica/,mantener,/it/drdeweverchirurgiaplastica/,200,Dott. Mike Dewever | Chirurgia Plastica | Clinica Belba,,sitemap_only,0,0,
/nl/drdeweverplastischechirurgie/,mantener,/nl/drdeweverplastischechirurgie/,200,Dr. Mike Dewever | Plastische Chirurgie | Clínica Belba,,sitemap_only,0,1,
/ca/drdewevercirugiaplastica/,mantener,/ca/drdewevercirugiaplastica/,200,Dr Mike Dewever | Cirurgia Plàstica | Clínica Belba,,sitemap_only,0,4,
/fr/drdeweverplasticsurgery/,mantener,/fr/drdeweverplasticsurgery/,200,Dr Mike Dewever | Chirurgie Plastique | Clinica Belba,,sitemap_only,0,0,
/en/drdewevercosmeticsurgery/,mantener,/en/drdewevercosmeticsurgery/,200,Dr. Mike Dewever | Plastic Surgery | Belba Clinic,,sitemap_only,0,7,
/ru/%d0%b3%d0%b8%d0%bd%d0%b5%d0%ba%d0%be%d0%bc%d0%b0%d1%81%d1%82%d0%b8%d1%8f-%d1%86%d0%b5%d0%bd%d0%b0/,mantener,/ru/%d0%b3%d0%b8%d0%bd%d0%b5%d0%ba%d0%be%d0%bc%d0%b0%d1%81%d1%82%d0%b8%d1%8f-%d1%86%d0%b5%d0%bd%d0%b0/,200,Гинекомастия цена: Сколько стоит операция в Барселоне,,sitemap_only,0,0,
/uk/%d1%86%d1%96%d0%bd%d0%b0-%d0%bd%d0%b0-%d0%bb%d1%96%d0%ba%d1%83%d0%b2%d0%b0%d0%bd%d0%bd%d1%8f-%d0%b3%d1%96%d0%bd%d0%b5%d0%ba%d0%be%d0%bc%d0%b0%d1%81%d1%82%d1%96%d1%97/,mantener,/uk/%d1%86%d1%96%d0%bd%d0%b0-%d0%bd%d0%b0-%d0%bb%d1%96%d0%ba%d1%83%d0%b2%d0%b0%d0%bd%d0%bd%d1%8f-%d0%b3%d1%96%d0%bd%d0%b5%d0%ba%d0%be%d0%bc%d0%b0%d1%81%d1%82%d1%96%d1%97/,200,Вартість операції з приводу гінекомастії: скільки коштує операція в Барселоні,,sitemap_only,0,0,
/de/ginekomastie-preis/,mantener,/de/ginekomastie-preis/,200,Ginekomastie Preis: Wie viel kostet die Operation in Barcelona,,sitemap_only,0,0,
/it/ginecomastia-prezzo/,mantener,/it/ginecomastia-prezzo/,200,Ginecomastia prezzo: Quanto costa l'operazione a Barcellona,,sitemap_only,0,1,
/nl/gynecomastie-prijs/,mantener,/nl/gynecomastie-prijs/,200,Ginecomastie prijs: Wat kost de operatie in Barcelona,,sitemap_only,0,0,
/ca/preu-de-la-ginecomastia/,mantener,/ca/preu-de-la-ginecomastia/,200,Ginecomàstia preu: Quant costa l'operació a Barcelona,,sitemap_only,0,0,
/fr/prix-de-la-gynecomastie/,mantener,/fr/prix-de-la-gynecomastie/,200,Gynécomastie prix : Combien coûte l'opération à Barcelone,,sitemap_only,0,0,
/en/gynecomastia-cost/,mantener,/en/gynecomastia-cost/,200,Gynecomastia price: How much does the surgery cost in Barcelona,,sitemap_only,0,1,
/ru/%d0%bb%d0%b8%d0%bf%d0%be%d1%81%d0%b0%d0%ba%d1%86%d0%b8%d1%8f-%d0%bc%d0%be%d0%bd%d1%82%d0%b5-%d0%b2%d0%b5%d0%bd%d1%83%d1%81-%d1%86%d0%b5%d0%bd%d0%b0/,mantener,/ru/%d0%bb%d0%b8%d0%bf%d0%be%d1%81%d0%b0%d0%ba%d1%86%d0%b8%d1%8f-%d0%bc%d0%be%d0%bd%d1%82%d0%b5-%d0%b2%d0%b5%d0%bd%d1%83%d1%81-%d1%86%d0%b5%d0%bd%d0%b0/,200,Липосакция лобкового бугорка в Барселоне: цена и результаты,,sitemap_only,0,0,
/uk/%d1%86%d1%96%d0%bd%d0%b0-%d0%bb%d1%96%d0%bf%d0%be%d1%81%d0%b0%d0%ba%d1%86%d1%96%d1%97-%d0%b3%d0%be%d1%80%d0%b0-%d0%b2%d0%b5%d0%bd%d0%b5%d1%80%d0%b8/,mantener,/uk/%d1%86%d1%96%d0%bd%d0%b0-%d0%bb%d1%96%d0%bf%d0%be%d1%81%d0%b0%d0%ba%d1%86%d1%96%d1%97-%d0%b3%d0%be%d1%80%d0%b0-%d0%b2%d0%b5%d0%bd%d0%b5%d1%80%d0%b8/,200,Ліпосакція «гори Венери» в Барселоні: вартість та результати,,sitemap_only,0,0,
/de/fettabsaugung-monte-venus-preis/,mantener,/de/fettabsaugung-monte-venus-preis/,200,Fettabsaugung des Venushügels in Barcelona: Preis und Ergebnisse,,sitemap_only,0,0,
/it/prezzo-liposuzione-monte-venus/,mantener,/it/prezzo-liposuzione-monte-venus/,200,Liposuzione del Monte di Venere a Barcellona: prezzo e risultati,,sitemap_only,0,0,
/nl/liposuctie-monte-venus-prijs/,mantener,/nl/liposuctie-monte-venus-prijs/,200,Liposuctie van de venusheuvel in Barcelona: prijs en resultaten,,sitemap_only,0,0,
/ca/liposuccio-mont-imperi-preu/,mantener,/ca/liposuccio-mont-imperi-preu/,200,Lliposucció del mont de Venus a Barcelona: preu i resultats,,sitemap_only,0,0,
/fr/prix-liposuccion-mont-venus/,mantener,/fr/prix-liposuccion-mont-venus/,200,Liposu,,sitemap_only,0,0,
/en/liposuction-monte-venus-price/,mantener,/en/liposuction-monte-venus-price/,200,Mons pubis liposuction in Barcelona: price and results,,sitemap_only,0,1,
/ru/%d1%86%d0%b5%d0%bd%d0%b0-%d0%ba%d0%be%d1%81%d0%bc%d0%b5%d1%82%d0%b8%d1%87%d0%b5%d1%81%d0%ba%d0%be%d0%b9-%d0%be%d0%bf%d0%b5%d1%80%d0%b0%d1%86%d0%b8%d0%b8-%d0%b1%d0%b0%d1%80%d1%81%d0%b5%d0%bb%d0%be/,mantener,/ru/%d1%86%d0%b5%d0%bd%d0%b0-%d0%ba%d0%be%d1%81%d0%bc%d0%b5%d1%82%d0%b8%d1%87%d0%b5%d1%81%d0%ba%d0%be%d0%b9-%d0%be%d0%bf%d0%b5%d1%80%d0%b0%d1%86%d0%b8%d0%b8-%d0%b1%d0%b0%d1%80%d1%81%d0%b5%d0%bb%d0%be/,200,Precios de Cirugía Plástica Barcelona | Guía de precios,,sitemap_only,0,4,
/uk/%d1%86%d1%96%d0%bd%d0%b0-%d0%bd%d0%b0-%d0%bf%d0%bb%d0%b0%d1%81%d1%82%d0%b8%d1%87%d0%bd%d1%83-%d0%be%d0%bf%d0%b5%d1%80%d0%b0%d1%86%d1%96%d1%8e-%d0%b2-%d0%b1%d0%b0%d1%80%d1%81%d0%b5%d0%bb%d0%be%d0%bd/,mantener,/uk/%d1%86%d1%96%d0%bd%d0%b0-%d0%bd%d0%b0-%d0%bf%d0%bb%d0%b0%d1%81%d1%82%d0%b8%d1%87%d0%bd%d1%83-%d0%be%d0%bf%d0%b5%d1%80%d0%b0%d1%86%d1%96%d1%8e-%d0%b2-%d0%b1%d0%b0%d1%80%d1%81%d0%b5%d0%bb%d0%be%d0%bd/,200,Precios de Cirugía Plástica Barcelona | Guía de precios,,sitemap_only,0,0,
/de/preis-schonheitsoperation-barcelona/,mantener,/de/preis-schonheitsoperation-barcelona/,200,Precios de Cirugía Plástica Barcelona | Guía de precios,,sitemap_only,0,0,
/it/prezzo-chirurgia-estetica-barcelona/,mantener,/it/prezzo-chirurgia-estetica-barcelona/,200,Precios de Cirugía Plástica Barcelona | Guía de precios,,sitemap_only,0,0,
/nl/prijs-cosmetische-chirurgie-barcelona/,mantener,/nl/prijs-cosmetische-chirurgie-barcelona/,200,Precios de Cirugía Plástica Barcelona | Guía de precios,,sitemap_only,0,1,
/ca/preu-cirurgia-estetica-barcelona/,mantener,/ca/preu-cirurgia-estetica-barcelona/,200,Precios de Cirugía Plástica Barcelona | Guía de precios,,sitemap_only,0,2,
/fr/prix-chirurgie-esthetique-barcelone/,mantener,/fr/prix-chirurgie-esthetique-barcelone/,200,Precios de Cirugía Plástica Barcelona | Guía de precios,,sitemap_only,0,0,
/en/cosmetic-surgery-prices-barcelona/,mantener,/en/cosmetic-surgery-prices-barcelona/,200,Precios de Cirugía Plástica Barcelona | Guía de precios,,sitemap_only,0,9,
/ru/%d0%b1%d0%bb%d0%be%d0%b3/,mantener,/ru/%d0%b1%d0%bb%d0%be%d0%b3/,200,Блог пластической и эстетической хирургии | Клиника Belba,,sitemap_only,0,0,
/uk/%d0%b1%d0%bb%d0%be%d0%b3/,mantener,/uk/%d0%b1%d0%bb%d0%be%d0%b3/,200,Блог про пластичну та естетичну хірургію | Клініка «Белба»,,sitemap_only,0,0,
/de/blog/,mantener,/de/blog/,200,Chirurgie- und Ästhetik-Chirurgie-Blog | Clinica Belba,,sitemap_only,0,0,
/it/blog/,mantener,/it/blog/,200,Blog di Chirurgia Plastica ed Estetica | Clinica Belba,,sitemap_only,0,0,
/nl/blog/,mantener,/nl/blog/,200,Chirurgie Blog Plastische en Esthetische | Belba Kliniek,,sitemap_only,0,0,
/ca/bloc/,mantener,/ca/bloc/,200,Blog de Cirurgia Plàstica i Estètica | Clínica Belba,,sitemap_only,0,0,
/fr/blog/,mantener,/fr/blog/,200,Blog de Chirurgie Plastique et Esthétique | Clinica Belba,,sitemap_only,0,0,
/en/blog/,mantener,/en/blog/,200,Plastic and Aesthetic Surgery Blog | Belba Clinic,,sitemap_only,0,0,
/ru/%d0%ba%d0%be%d0%bd%d1%82%d0%b0%d0%ba%d1%82%d0%be/,mantener,/ru/%d0%ba%d0%be%d0%bd%d1%82%d0%b0%d0%ba%d1%82%d0%be/,200,Контакты | Клиника Бельба,,sitemap_only,0,0,
/uk/%d0%ba%d0%be%d0%bd%d1%82%d0%b0%d0%ba%d1%82/,mantener,/uk/%d0%ba%d0%be%d0%bd%d1%82%d0%b0%d0%ba%d1%82/,200,Контакти | Клініка «Белба»,,sitemap_only,0,0,
/de/kontakt/,mantener,/de/kontakt/,200,Kontakt | Klinik Belba,,sitemap_only,0,0,
/it/contatto/,mantener,/it/contatto/,200,Contatti | Clinica Belba,,sitemap_only,0,1,
/nl/contact/,mantener,/nl/contact/,200,Contact | Clinica Belba,,sitemap_only,0,0,
/ca/contacte/,mantener,/ca/contacte/,200,Contacte | Clínica Belba,,sitemap_only,0,1,
/fr/contact/,mantener,/fr/contact/,200,Contact | Clinique Belba,,sitemap_only,0,0,
/en/contact/,mantener,/en/contact/,200,Contact | Clínica Belba,,sitemap_only,0,1,
/ru/%d0%bc%d0%b8%d0%bd%d0%b8%d0%bb%d0%b8%d1%84%d1%82%d0%b8%d0%bd%d0%b3-%d0%bb%d0%b8%d1%86%d0%b0-%d1%86%d0%b5%d0%bd%d0%b0/,mantener,/ru/%d0%bc%d0%b8%d0%bd%d0%b8%d0%bb%d0%b8%d1%84%d1%82%d0%b8%d0%bd%d0%b3-%d0%bb%d0%b8%d1%86%d0%b0-%d1%86%d0%b5%d0%bd%d0%b0/,200,Мини-подтяжка лица в Барселоне: цена и результаты | Belba,,sitemap_only,0,2,
/uk/%d1%86%d1%96%d0%bd%d0%b0-%d0%bc%d1%96%d0%bd%d1%96-%d0%bb%d1%96%d1%84%d1%82%d0%b8%d0%bd%d0%b3%d1%83-%d0%be%d0%b1%d0%bb%d0%b8%d1%87%d1%87%d1%8f/,mantener,/uk/%d1%86%d1%96%d0%bd%d0%b0-%d0%bc%d1%96%d0%bd%d1%96-%d0%bb%d1%96%d1%84%d1%82%d0%b8%d0%bd%d0%b3%d1%83-%d0%be%d0%b1%d0%bb%d0%b8%d1%87%d1%87%d1%8f/,200,Міні-ліфтинг обличчя в Барселоні: ціна та результати | Belba,,sitemap_only,0,0,
/de/minilifting-gesicht-preis/,mantener,/de/minilifting-gesicht-preis/,200,Minilifting im Gesicht in Barcelona: Preis und Ergebnisse | Belba,,sitemap_only,0,1,
/it/minilifting-facciale-prezzo/,mantener,/it/minilifting-facciale-prezzo/,200,Minilifting facciale a Barcellona: prezzo e risultati | Belba,,sitemap_only,0,1,
/nl/prijs-faciale-minilifting/,mantener,/nl/prijs-faciale-minilifting/,200,Facelift en Barcelona: prijs en resultaten | Belba,,sitemap_only,0,0,
/ca/mini-lifting-facial-preu/,mantener,/ca/mini-lifting-facial-preu/,200,Minilifting facial a Barcelona: preu i resultats | Belba,,sitemap_only,0,2,
/fr/prix-minilifting-facial/,mantener,/fr/prix-minilifting-facial/,200,Minilifting du visage à Barcelone : prix et résultats | Belba,,sitemap_only,0,0,
/en/facelift-mini-price/,mantener,/en/facelift-mini-price/,200,Facial Mini-Lift in Barcelona: Price and Results | Belba,,sitemap_only,0,0,
/ru/%d1%81%d1%82%d0%be%d0%b8%d0%bc%d0%be%d1%81%d1%82%d1%8c-%d0%b0%d0%b1%d0%b4%d0%be%d0%bc%d0%b8%d0%bd%d0%be%d0%bf%d0%bb%d0%b0%d1%81%d1%82%d0%b8%d0%ba%d0%b8/,mantener,/ru/%d1%81%d1%82%d0%be%d0%b8%d0%bc%d0%be%d1%81%d1%82%d1%8c-%d0%b0%d0%b1%d0%b4%d0%be%d0%bc%d0%b8%d0%bd%d0%be%d0%bf%d0%bb%d0%b0%d1%81%d1%82%d0%b8%d0%ba%d0%b8/,200,Абдоминопластика в Барселоне: цена и результаты | Belba,,sitemap_only,0,1,
/uk/%d0%b2%d0%b0%d1%80%d1%82%d1%96%d1%81%d1%82%d1%8c-%d0%b0%d0%b1%d0%b4%d0%be%d0%bc%d1%96%d0%bd%d0%be%d0%bf%d0%bb%d0%b0%d1%81%d1%82%d0%b8%d0%ba%d0%b8-2/,mantener,/uk/%d0%b2%d0%b0%d1%80%d1%82%d1%96%d1%81%d1%82%d1%8c-%d0%b0%d0%b1%d0%b4%d0%be%d0%bc%d1%96%d0%bd%d0%be%d0%bf%d0%bb%d0%b0%d1%81%d1%82%d0%b8%d0%ba%d0%b8-2/,200,Абдомінопластика в Барселоні: вартість та результати | Belba,,sitemap_only,0,0,"Parece página de prueba/plantilla/duplicado: confirmar si es contenido real (si no, 410 o 301) · OK Oscar 27/09: se mantiene literal"
/de/abdominoplastik-preis/,mantener,/de/abdominoplastik-preis/,200,Bauchdeckenstraffung in Barcelona: Preis und Ergebnisse | Belba,,sitemap_only,0,2,
/it/prezzo-abdominoplastica/,mantener,/it/prezzo-abdominoplastica/,200,Addominoplastica a Barcellona: prezzo e risultati | Belba,,sitemap_only,0,0,
/nl/abdominoplastiek-prijs/,mantener,/nl/abdominoplastiek-prijs/,200,Buikwandcorrectie in Barcelona: prijs en resultaten | Belba,,sitemap_only,0,0,
/ca/preu-abdominoplastia/,mantener,/ca/preu-abdominoplastia/,200,Abdominoplàstia a Barcelona: preu i resultats | Belba,,sitemap_only,0,3,
/fr/prix-abdominoplastie/,mantener,/fr/prix-abdominoplastie/,200,Abdominoplastie à Barcelone : prix et résultats | Belba,,sitemap_only,0,0,
/en/tummy-tuck-price/,mantener,/en/tummy-tuck-price/,200,Tummy Tuck in Barcelona: Price and Results | Belba,,sitemap_only,0,1,
/ru/%d0%bf%d1%80%d0%b0%d0%b2%d0%be%d0%b2%d0%b0%d1%8f-%d0%be%d0%b3%d0%be%d0%b2%d0%be%d1%80%d0%ba%d0%b0/,mantener,/ru/%d0%bf%d1%80%d0%b0%d0%b2%d0%be%d0%b2%d0%b0%d1%8f-%d0%be%d0%b3%d0%be%d0%b2%d0%be%d1%80%d0%ba%d0%b0/,200,Правовая информация | Клиника Бельба,,sitemap_only,0,1,
/uk/%d1%8e%d1%80%d0%b8%d0%b4%d0%b8%d1%87%d0%bd%d0%b5-%d0%bf%d0%be%d0%b2%d1%96%d0%b4%d0%be%d0%bc%d0%bb%d0%b5%d0%bd%d0%bd%d1%8f/,mantener,/uk/%d1%8e%d1%80%d0%b8%d0%b4%d0%b8%d1%87%d0%bd%d0%b5-%d0%bf%d0%be%d0%b2%d1%96%d0%b4%d0%be%d0%bc%d0%bb%d0%b5%d0%bd%d0%bd%d1%8f/,200,Юридичне повідомлення | Клініка «Белба»,,sitemap_only,0,0,
/de/impressum/,mantener,/de/impressum/,200,Impressum | Clinica Belba,,sitemap_only,0,0,
/it/avviso-legale/,mantener,/it/avviso-legale/,200,Avviso Legale | Clinica Belba,,sitemap_only,0,0,
/nl/juridische-mededeling/,mantener,/nl/juridische-mededeling/,200,Juridische mededeling | Clinica Belba,,sitemap_only,0,0,
/ca/avis-legal/,mantener,/ca/avis-legal/,200,Avís legal | Clínica Belba,,sitemap_only,0,0,
/fr/aviso-legal/,mantener,/fr/aviso-legal/,200,Aviso legal | Clinica Belba,,sitemap_only,0,0,
/en/legal-notice/,mantener,/en/legal-notice/,200,Legal Notice | Clinica Belba,,sitemap_only,0,0,
/ru/%d0%bf%d0%be%d0%bb%d0%b8%d1%82%d0%b8%d0%ba%d0%b0-%d0%b8%d1%81%d0%bf%d0%be%d0%bb%d1%8c%d0%b7%d0%be%d0%b2%d0%b0%d0%bd%d0%b8%d1%8f-%d1%84%d0%b0%d0%b9%d0%bb%d0%be%d0%b2-cookie/,mantener,/ru/%d0%bf%d0%be%d0%bb%d0%b8%d1%82%d0%b8%d0%ba%d0%b0-%d0%b8%d1%81%d0%bf%d0%be%d0%bb%d1%8c%d0%b7%d0%be%d0%b2%d0%b0%d0%bd%d0%b8%d1%8f-%d1%84%d0%b0%d0%b9%d0%bb%d0%be%d0%b2-cookie/,200,Политика в отношении файлов cookie | Клиника Бельба,,sitemap_only,0,0,
/uk/%d0%bf%d0%be%d0%bb%d1%96%d1%82%d0%b8%d0%ba%d0%b0-%d1%89%d0%be%d0%b4%d0%be-%d1%84%d0%b0%d0%b9%d0%bb%d1%96%d0%b2-cookie/,mantener,/uk/%d0%bf%d0%be%d0%bb%d1%96%d1%82%d0%b8%d0%ba%d0%b0-%d1%89%d0%be%d0%b4%d0%be-%d1%84%d0%b0%d0%b9%d0%bb%d1%96%d0%b2-cookie/,200,Політика щодо файлів cookie | Клініка «Белба»,,sitemap_only,0,0,
/de/cookie-richtlinie/,mantener,/de/cookie-richtlinie/,200,Cookie-Richtlinie | Klinik Belba,,sitemap_only,0,0,
/it/politica-dei-cookie/,mantener,/it/politica-dei-cookie/,200,Informativa sui cookie | Clinica Belba,,sitemap_only,0,0,
/nl/cookiebeleid/,mantener,/nl/cookiebeleid/,200,Cookiebeleid | Clinica Belba,,sitemap_only,0,0,
/ca/politica-de-cookies/,mantener,/ca/politica-de-cookies/,200,Política de cookies | Clínica Belba,,sitemap_only,0,0,
/fr/politique-de-cookies/,mantener,/fr/politique-de-cookies/,200,Politique de cookies | Clinica Belba,,sitemap_only,0,0,
/en/cookie-policy/,mantener,/en/cookie-policy/,200,Política de cookies | Clinica Belba,,sitemap_only,0,0,
/ru/%d0%bf%d0%be%d0%bb%d0%b8%d1%82%d0%b8%d0%ba%d0%b0-%d0%ba%d0%be%d0%bd%d1%84%d0%b8%d0%b4%d0%b5%d0%bd%d1%86%d0%b8%d0%b0%d0%bb%d1%8c%d0%bd%d0%be%d1%81%d1%82%d0%b8/,mantener,/ru/%d0%bf%d0%be%d0%bb%d0%b8%d1%82%d0%b8%d0%ba%d0%b0-%d0%ba%d0%be%d0%bd%d1%84%d0%b8%d0%b4%d0%b5%d0%bd%d1%86%d0%b8%d0%b0%d0%bb%d1%8c%d0%bd%d0%be%d1%81%d1%82%d0%b8/,200,Политика конфиденциальности | Клиника Бельба,,sitemap_only,0,0,
/uk/%d0%bf%d0%be%d0%bb%d1%96%d1%82%d0%b8%d0%ba%d0%b0-%d0%ba%d0%be%d0%bd%d1%84%d1%96%d0%b4%d0%b5%d0%bd%d1%86%d1%96%d0%b9%d0%bd%d0%be%d1%81%d1%82%d1%96/,mantener,/uk/%d0%bf%d0%be%d0%bb%d1%96%d1%82%d0%b8%d0%ba%d0%b0-%d0%ba%d0%be%d0%bd%d1%84%d1%96%d0%b4%d0%b5%d0%bd%d1%86%d1%96%d0%b9%d0%bd%d0%be%d1%81%d1%82%d1%96/,200,Політика конфіденційності | Клініка «Белба»,,sitemap_only,0,0,
/de/datenschutzrichtlinie/,mantener,/de/datenschutzrichtlinie/,200,Datenschutzerklärung | Klinik Belba,,sitemap_only,0,0,
/it/politica-di-privacy/,mantener,/it/politica-di-privacy/,200,Politica sulla Privacy | Clinica Belba,,sitemap_only,0,0,
/nl/privacybeleid/,mantener,/nl/privacybeleid/,200,Privacybeleid | Clinica Belba,,sitemap_only,0,0,
/ca/politica-de-privadesa/,mantener,/ca/politica-de-privadesa/,200,Política de privacitat | Clínica Belba,,sitemap_only,0,0,
/fr/politique-de-confidentialite/,mantener,/fr/politique-de-confidentialite/,200,Politique de confidentialité | Clinica Belba,,sitemap_only,0,0,
/en/privacy-policy/,mantener,/en/privacy-policy/,200,Privacy Policy | Clinica Belba,,sitemap_only,0,0,
/ru/%d1%83%d0%b2%d0%b5%d0%bb%d0%b8%d1%87%d0%b5%d0%bd%d0%b8%d0%b5-%d0%b3%d1%80%d1%83%d0%b4%d0%b8-%d1%86%d0%b5%d0%bd%d0%b0/,mantener,/ru/%d1%83%d0%b2%d0%b5%d0%bb%d0%b8%d1%87%d0%b5%d0%bd%d0%b8%d0%b5-%d0%b3%d1%80%d1%83%d0%b4%d0%b8-%d1%86%d0%b5%d0%bd%d0%b0/,200,Увеличение груди: цена в Испании и Барселоне в 2026 году | Belba,,sitemap_only,0,5,
/uk/%d0%b2%d0%b0%d1%80%d1%82%d1%96%d1%81%d1%82%d1%8c-%d0%b7%d0%b1%d1%96%d0%bb%d1%8c%d1%88%d0%b5%d0%bd%d0%bd%d1%8f-%d0%b3%d1%80%d1%83%d0%b4%d0%b5%d0%b9/,mantener,/uk/%d0%b2%d0%b0%d1%80%d1%82%d1%96%d1%81%d1%82%d1%8c-%d0%b7%d0%b1%d1%96%d0%bb%d1%8c%d1%88%d0%b5%d0%bd%d0%bd%d1%8f-%d0%b3%d1%80%d1%83%d0%b4%d0%b5%d0%b9/,200,Збільшення грудей: ціна в Іспанії та Барселоні у 2026 році | Belba,,sitemap_only,0,0,
/de/brustvergroserung-preis/,mantener,/de/brustvergroserung-preis/,200,Brustvergrößerung: Preis in Spanien und Barcelona im Jahr 2026 | Belba,,sitemap_only,0,1,
/it/aumento-seno-prezzo/,mantener,/it/aumento-seno-prezzo/,200,Aumento di seno: prezzo in Spagna e Barcellona nel 2026 | Belba,,sitemap_only,0,3,
/nl/borstvergroting-prijs/,mantener,/nl/borstvergroting-prijs/,200,Borstvergroting: prijs in Spanje en Barcelona in 2026 | Belba,,sitemap_only,0,0,
/ca/augment-de-pits-preu/,mantener,/ca/augment-de-pits-preu/,200,Augment de pit: preu a Espanya i Barcelona el 2026 | Belba,,sitemap_only,0,4,
/fr/augmentation-mammaire-prix/,mantener,/fr/augmentation-mammaire-prix/,200,Augmentation mammaire : prix en Espagne et à Barcelone en 2026 | Belba,,sitemap_only,0,0,
/en/breast-augmentation-price/,mantener,/en/breast-augmentation-price/,200,Breast Augmentation: Price in Spain and Barcelona in 2026 | Belba,,sitemap_only,0,0,
/ru/%d0%bb%d0%b8%d0%bf%d0%be%d1%81%d0%b0%d0%ba%d1%86%d0%b8%d1%8f-%d1%86%d0%b5%d0%bd%d0%b0/,mantener,/ru/%d0%bb%d0%b8%d0%bf%d0%be%d1%81%d0%b0%d0%ba%d1%86%d0%b8%d1%8f-%d1%86%d0%b5%d0%bd%d0%b0/,200,Цена липосакции: Сколько стоит липосакция | Клиника Бельба,,sitemap_only,0,4,
/uk/%d1%86%d1%96%d0%bd%d0%b0-%d0%bb%d1%96%d0%bf%d0%be%d1%81%d0%b0%d0%ba%d1%86%d1%96%d1%97/,mantener,/uk/%d1%86%d1%96%d0%bd%d0%b0-%d0%bb%d1%96%d0%bf%d0%be%d1%81%d0%b0%d0%ba%d1%86%d1%96%d1%97/,200,Вартість ліпосакції: Скільки коштує ліпосакція | Клініка «Белба»,,sitemap_only,0,2,
/de/fettabsaugung-preis/,mantener,/de/fettabsaugung-preis/,200,Liposuktion Preis: Was kostet eine Fettabsaugung | Clinica Belba,,sitemap_only,0,1,
/it/prezzo-della-liposuzione/,mantener,/it/prezzo-della-liposuzione/,200,Prezzo della liposuzione: Quanto costa una liposuzione | Clinica Belba,,sitemap_only,0,2,
/nl/liposuctie-prijs/,mantener,/nl/liposuctie-prijs/,200,Liposuctie prijs: Hoeveel kost een liposuctie | Clinica Belba,,sitemap_only,0,1,
/ca/preu-de-la-lipoescultura/,mantener,/ca/preu-de-la-lipoescultura/,200,Lliposucció preu: Quin és el cost d'una liposucció | Clínica Belba,,sitemap_only,0,4,
/fr/prix-de-la-liposuccion/,mantener,/fr/prix-de-la-liposuccion/,200,Liposuccion prix : Combien coûte une liposuccion | Clinica Belba,,sitemap_only,0,4,
/en/liposuction-price/,mantener,/en/liposuction-price/,200,Liposuction Price: How Much Does Liposuction Cost | Clinica Belba,,sitemap_only,0,3,
/ru/%d0%bc%d0%b0%d0%bc%d0%bc%d0%be%d0%bf%d0%bb%d0%b0%d1%81%d1%82%d0%b8%d0%ba%d0%b0/,mantener,/ru/%d0%bc%d0%b0%d0%bc%d0%bc%d0%be%d0%bf%d0%bb%d0%b0%d1%81%d1%82%d0%b8%d0%ba%d0%b0/,200,Маммопластика в Барселоне | Клиника Belba,,sitemap_only,0,0,
/uk/%d1%85%d1%96%d1%80%d1%83%d1%80%d0%b3%d1%96%d1%8f-%d0%bc%d0%be%d0%bb%d0%be%d1%87%d0%bd%d0%be%d1%97-%d0%b7%d0%b0%d0%bb%d0%be%d0%b7%d0%b8/,mantener,/uk/%d1%85%d1%96%d1%80%d1%83%d1%80%d0%b3%d1%96%d1%8f-%d0%bc%d0%be%d0%bb%d0%be%d1%87%d0%bd%d0%be%d1%97-%d0%b7%d0%b0%d0%bb%d0%be%d0%b7%d0%b8/,200,Хірургія грудей у Барселоні | Клініка «Белба»,,sitemap_only,0,0,
/de/brustoperation/,mantener,/de/brustoperation/,200,Brustchirurgie in Barcelona | Klinik Belba,,sitemap_only,0,0,
/it/chirurgia-mammaria/,mantener,/it/chirurgia-mammaria/,200,Chirurgia del seno a Barcellona | Clinica Belba,,sitemap_only,0,1,
/nl/borstoperatie/,mantener,/nl/borstoperatie/,200,Borstoperatie in Barcelona | Clínica Belba,,sitemap_only,0,0,
/ca/cirurgia-de-mama/,mantener,/ca/cirurgia-de-mama/,200,Cirurgia de mama a Barcelona | Clínica Belba,,sitemap_only,0,0,
/fr/chirurgie-mammaire/,mantener,/fr/chirurgie-mammaire/,200,Chirurgie mammaire à Barcelone | Clinique Belba,,sitemap_only,0,1,
/en/breast-surgery/,mantener,/en/breast-surgery/,200,Breast Surgery in Barcelona | Clínica Belba,,sitemap_only,0,0,
/ru/%d0%bb%d0%b8%d0%bf%d0%be%d1%81%d0%b0%d0%ba%d1%86%d0%b8%d1%8f-%d0%b4%d0%be-%d0%b8-%d0%bf%d0%be%d1%81%d0%bb%d0%b5/,mantener,/ru/%d0%bb%d0%b8%d0%bf%d0%be%d1%81%d0%b0%d0%ba%d1%86%d0%b8%d1%8f-%d0%b4%d0%be-%d0%b8-%d0%bf%d0%be%d1%81%d0%bb%d0%b5/,200,【 Липосакция VASER до и после | CLINICA BELBA 】®,,sitemap_only,0,2,
/uk/lipovaser-%d0%b4%d0%be-%d1%96-%d0%bf%d1%96%d1%81%d0%bb%d1%8f/,mantener,/uk/lipovaser-%d0%b4%d0%be-%d1%96-%d0%bf%d1%96%d1%81%d0%bb%d1%8f/,200,【 Lipo Vaser: до і після | КЛІНІКА BELBA 】®,,sitemap_only,0,0,
/de/lipovaser-davor-und-danach/,mantener,/de/lipovaser-davor-und-danach/,200,Lipo Vaser Vorher und Nachher | KLINIK BELBA,,sitemap_only,0,1,
/it/lipovaser-prima-e-dopo/,mantener,/it/lipovaser-prima-e-dopo/,200,Lipo Vaser prima e dopo | CLINICA BELBA,,sitemap_only,0,24,
/nl/lipovaser-voor-en-na/,mantener,/nl/lipovaser-voor-en-na/,200,【 Lipo Vaser voor en na | CLINICA BELBA 】®,,sitemap_only,0,4,
/ca/lipovaser-abans-i-despres/,mantener,/ca/lipovaser-abans-i-despres/,200,Lipo Vaser abans i després | CLÍNICA BELBA ®,,sitemap_only,0,0,
/fr/lipovaser-avant-et-apres/,mantener,/fr/lipovaser-avant-et-apres/,200,【 Lipo Vaser avant et après | CLINIQUE BELBA 】®,,sitemap_only,0,4,
/en/lipolaser-before-and-after/,mantener,/en/lipolaser-before-and-after/,200,Lipo Vaser Before and After | CLINICA BELBA ®,,sitemap_only,0,2,
/ru/%d1%80%d0%b8%d0%bd%d0%be%d0%bf%d0%bb%d0%b0%d1%81%d1%82%d0%b8%d0%ba%d0%b0-%d0%b4%d0%be-%d0%b8-%d0%bf%d0%be%d1%81%d0%bb%d0%b5/,mantener,/ru/%d1%80%d0%b8%d0%bd%d0%be%d0%bf%d0%bb%d0%b0%d1%81%d1%82%d0%b8%d0%ba%d0%b0-%d0%b4%d0%be-%d0%b8-%d0%bf%d0%be%d1%81%d0%bb%d0%b5/,200,Фотографии ринопластики до и после — доктор Майк де Вивер,,sitemap_only,0,4,
/uk/%d1%80%d0%b8%d0%bd%d0%be%d0%bf%d0%bb%d0%b0%d1%81%d1%82%d0%b8%d0%ba%d0%b0-%d0%b4%d0%be-%d1%96-%d0%bf%d1%96%d1%81%d0%bb%d1%8f/,mantener,/uk/%d1%80%d0%b8%d0%bd%d0%be%d0%bf%d0%bb%d0%b0%d1%81%d1%82%d0%b8%d0%ba%d0%b0-%d0%b4%d0%be-%d1%96-%d0%bf%d1%96%d1%81%d0%bb%d1%8f/,200,Фотографії до та після ринопластики — доктор Майк Дювевер,,sitemap_only,0,0,
/de/rhinoplastik-davor-und-danach/,mantener,/de/rhinoplastik-davor-und-danach/,200,Fotos von Nasen-OPs vorher und nachher - Dr. Mike Dewever,,sitemap_only,0,2,
/it/rinoplastica-prima-e-dopo/,mantener,/it/rinoplastica-prima-e-dopo/,200,Foto di Rinoplastica prima e dopo - Dr. Mike Dewever,,sitemap_only,0,1,
/nl/rinoplastiek-voor-en-na/,mantener,/nl/rinoplastiek-voor-en-na/,200,Foto's Rinoplastiek voor en na - Dr. Mike Dewever,,sitemap_only,0,1,
/ca/rinoplastia-abans-i-despres/,mantener,/ca/rinoplastia-abans-i-despres/,200,Fotos de Rinoplàstia abans i després - Dr. Mike Dewever,,sitemap_only,0,0,
/fr/rhinoplastie-avant-et-apres/,mantener,/fr/rhinoplastie-avant-et-apres/,200,Photos avant et après de rhinoplastie - Dr. Mike Dewever,,sitemap_only,0,0,
/en/rhinoplasty-before-and-after/,mantener,/en/rhinoplasty-before-and-after/,200,Rhinoplasty Before and After Photos - Dr. Mike Dewever,,sitemap_only,0,0,
/ru/%d0%bf%d0%b0%d0%bc%d1%8f%d1%82%d0%ba%d0%b0-%d0%b4%d0%bb%d1%8f-%d0%bf%d0%b0%d1%86%d0%b8%d0%b5%d0%bd%d1%82%d0%b0/,mantener,/ru/%d0%bf%d0%b0%d0%bc%d1%8f%d1%82%d0%ba%d0%b0-%d0%b4%d0%bb%d1%8f-%d0%bf%d0%b0%d1%86%d0%b8%d0%b5%d0%bd%d1%82%d0%b0/,200,Памятка для пациента | Клиника Бельба,,sitemap_only,0,0,
/uk/%d0%bf%d0%be%d1%81%d1%96%d0%b1%d0%bd%d0%b8%d0%ba-%d0%b4%d0%bb%d1%8f-%d0%bf%d0%b0%d1%86%d1%96%d1%94%d0%bd%d1%82%d0%b0/,mantener,/uk/%d0%bf%d0%be%d1%81%d1%96%d0%b1%d0%bd%d0%b8%d0%ba-%d0%b4%d0%bb%d1%8f-%d0%bf%d0%b0%d1%86%d1%96%d1%94%d0%bd%d1%82%d0%b0/,200,Посібник для пацієнта | Клініка «Белба»,,sitemap_only,0,0,
/de/patientenleitfaden/,mantener,/de/patientenleitfaden/,200,Patientenhandbuch | Klinik Belba,,sitemap_only,0,0,
/it/guida-del-paziente/,mantener,/it/guida-del-paziente/,200,Guida del Paziente | Clinica Belba,,sitemap_only,0,0,
/nl/patienten-gids/,mantener,/nl/patienten-gids/,200,Patiëntengids | Clinica Belba,,sitemap_only,0,0,
/ca/guia-del-pacient/,mantener,/ca/guia-del-pacient/,200,Guia del pacient | Clínica Belba,,sitemap_only,0,0,
/fr/guide-du-patient/,mantener,/fr/guide-du-patient/,200,Guide du patient | Clinique Belba,,sitemap_only,0,0,
/en/patient-guide/,mantener,/en/patient-guide/,200,Patient Guide | Belba Clinic,,sitemap_only,0,0,
/ru/%d1%86%d0%b5%d0%bd%d0%b0-%d1%83%d0%bb%d1%8c%d1%82%d1%80%d0%b0%d0%b7%d0%b2%d1%83%d0%ba%d0%be%d0%b2%d0%be%d0%b9-%d1%80%d0%b8%d0%bd%d0%be%d0%bf%d0%bb%d0%b0%d1%81%d1%82%d0%b8%d0%ba%d0%b8/,mantener,/ru/%d1%86%d0%b5%d0%bd%d0%b0-%d1%83%d0%bb%d1%8c%d1%82%d1%80%d0%b0%d0%b7%d0%b2%d1%83%d0%ba%d0%be%d0%b2%d0%be%d0%b9-%d1%80%d0%b8%d0%bd%d0%be%d0%bf%d0%bb%d0%b0%d1%81%d1%82%d0%b8%d0%ba%d0%b8/,200,Ультразвуковая ринопластика в Барселоне: цена | Клиника Бельба,,sitemap_only,0,0,
/uk/%d1%86%d1%96%d0%bd%d0%b0-%d1%83%d0%bb%d1%8c%d1%82%d1%80%d0%b0%d0%b7%d0%b2%d1%83%d0%ba%d0%be%d0%b2%d0%be%d1%97-%d1%80%d0%b8%d0%bd%d0%be%d0%bf%d0%bb%d0%b0%d1%81%d1%82%d0%b8%d0%ba%d0%b8/,mantener,/uk/%d1%86%d1%96%d0%bd%d0%b0-%d1%83%d0%bb%d1%8c%d1%82%d1%80%d0%b0%d0%b7%d0%b2%d1%83%d0%ba%d0%be%d0%b2%d0%be%d1%97-%d1%80%d0%b8%d0%bd%d0%be%d0%bf%d0%bb%d0%b0%d1%81%d1%82%d0%b8%d0%ba%d0%b8/,200,Ультразвукова ринопластика в Барселоні: вартість | Клініка «Белба»,,sitemap_only,0,1,
/de/ultraschall-nasenkorrektur-preis/,mantener,/de/ultraschall-nasenkorrektur-preis/,200,Ultraschall-Nasenkorrektur in Barcelona: Preis | Klinik Belba,,sitemap_only,0,0,
/it/prezzo-rinoplastica-a-ultrasuoni/,mantener,/it/prezzo-rinoplastica-a-ultrasuoni/,200,Rinoplastica ultrasonica a Barcellona: prezzo | Clinica Belba,,sitemap_only,0,0,
/nl/rinoplastiek-ultratonisch-prijs/,mantener,/nl/rinoplastiek-ultratonisch-prijs/,200,Ultrasone neuscorrectie in Barcelona: prijs | Clinica Belba,,sitemap_only,0,0,
/ca/preu-rinoplastia-ultrasonica/,mantener,/ca/preu-rinoplastia-ultrasonica/,200,Rinoplàstia ultrasònica a Barcelona: preu | Clínica Belba,,sitemap_only,0,1,
/fr/prix-de-la-rhinoplastie-a-ultrasons/,mantener,/fr/prix-de-la-rhinoplastie-a-ultrasons/,200,Rinoplastie ultrasonique à Barcelone : prix | Clinica Belba,,sitemap_only,0,1,
/en/ultrasonic-rhinoplasty-price/,mantener,/en/ultrasonic-rhinoplasty-price/,200,Ultrasonic Rhinoplasty in Barcelona: Price | Clinica Belba,,sitemap_only,0,0,
/ru/%d1%80%d0%b5%d0%bc%d0%be%d0%b4%d0%b5%d0%bb%d0%b8%d1%80%d0%be%d0%b2%d0%b0%d0%bd%d0%b8%d0%b5-%d1%80%d0%b5%d0%b1%d0%b5%d1%80/,mantener,/ru/%d1%80%d0%b5%d0%bc%d0%be%d0%b4%d0%b5%d0%bb%d0%b8%d1%80%d0%be%d0%b2%d0%b0%d0%bd%d0%b8%d0%b5-%d1%80%d0%b5%d0%b1%d0%b5%d1%80/,200,Реконструкция ребер Барселона | Вывих ребер | Belba,,sitemap_only,0,1,
/uk/%d1%80%d0%b5%d0%ba%d0%be%d0%bd%d1%81%d1%82%d1%80%d1%83%d0%ba%d1%86%d1%96%d1%8f-%d1%80%d0%b5%d0%b1%d0%b5%d1%80/,mantener,/uk/%d1%80%d0%b5%d0%ba%d0%be%d0%bd%d1%81%d1%82%d1%80%d1%83%d0%ba%d1%86%d1%96%d1%8f-%d1%80%d0%b5%d0%b1%d0%b5%d1%80/,200,Реконструкція ребер у Барселоні | Вивих ребер | Белба,,sitemap_only,0,0,
/de/rippenrekonstruktion/,mantener,/de/rippenrekonstruktion/,200,Rippenrekonstruktion Barcelona | Rippenluxation | Belba,,sitemap_only,0,1,
/it/rimozione-costale/,mantener,/it/rimozione-costale/,200,Rimodellamento Costale Barcellona | Lussazione Costale | Belba,,sitemap_only,0,4,
/nl/ribreconstructie/,mantener,/nl/ribreconstructie/,200,Costalezenovatie Barcelona | Ribluxatie | Belba,,sitemap_only,0,1,
/ca/remodelacio-costal/,mantener,/ca/remodelacio-costal/,200,Remodelació Costal Barcelona | Luxació de Costelles | Belba,,sitemap_only,0,1,
/fr/resection-costale/,mantener,/fr/resection-costale/,200,Rénovation Côtière Barcelone | Luxation des Côtes | Belba,,sitemap_only,0,3,
/en/rib-remodeling/,mantener,/en/rib-remodeling/,200,Rib Remodeling Barcelona | Rib Dislocation | Belba,,sitemap_only,0,25,
/ru/%d0%b2%d0%b0%d0%b3%d0%b8%d0%bd%d0%be%d0%bf%d0%bb%d0%b0%d1%81%d1%82%d0%b8%d0%ba%d0%b0/,mantener,/ru/%d0%b2%d0%b0%d0%b3%d0%b8%d0%bd%d0%be%d0%bf%d0%bb%d0%b0%d1%81%d1%82%d0%b8%d0%ba%d0%b0/,200,【 Вагинопластика в Барселоне | Омоложение влагалища 】®,,sitemap_only,0,4,
/uk/%d0%b2%d0%b0%d0%b3%d1%96%d0%bd%d0%be%d0%bf%d0%bb%d0%b0%d1%81%d1%82%d0%b8%d0%ba%d0%b0/,mantener,/uk/%d0%b2%d0%b0%d0%b3%d1%96%d0%bd%d0%be%d0%bf%d0%bb%d0%b0%d1%81%d1%82%d0%b8%d0%ba%d0%b0/,200,【 Вагінопластика в Барселоні | Омолодження піхви 】®,,sitemap_only,0,0,
/de/vaginoplastik/,mantener,/de/vaginoplastik/,200,Vaginoplastik in Barcelona | Vaginale Erneuerung,,sitemap_only,0,1,
/it/vaginoplastica/,mantener,/it/vaginoplastica/,200,Vaginoplastica a Barcellona | Rinnova Vaginale ®,,sitemap_only,0,9,
/nl/vaginoplastiek/,mantener,/nl/vaginoplastiek/,200,【 Vaginoplastiek in Barcelona | Vaginale verjonging 】®,,sitemap_only,0,0,
/ca/vaginoplastia/,mantener,/ca/vaginoplastia/,200,Vaginoplàstia a Barcelona | Rejoveniment vaginal,,sitemap_only,0,0,
/fr/vaginoplastie/,mantener,/fr/vaginoplastie/,200,Vaginoplastie à Barcelone | Renouvellement vaginal,,sitemap_only,0,4,
/en/vaginoplasty/,mantener,/en/vaginoplasty/,200,【 Vaginoplastia en Barcelona | Renovación vaginal 】®,,sitemap_only,0,3,
/ru/%d0%bf%d0%bb%d0%b0%d1%81%d1%82%d0%b8%d1%87%d0%b5%d1%81%d0%ba%d0%b8%d0%b5-%d1%85%d0%b8%d1%80%d1%83%d1%80%d0%b3%d0%b8-%d0%b1%d0%b0%d1%80%d1%81%d0%b5%d0%bb%d0%be%d0%bd%d0%b0/,mantener,/ru/%d0%bf%d0%bb%d0%b0%d1%81%d1%82%d0%b8%d1%87%d0%b5%d1%81%d0%ba%d0%b8%d0%b5-%d1%85%d0%b8%d1%80%d1%83%d1%80%d0%b3%d0%b8-%d0%b1%d0%b0%d1%80%d1%81%d0%b5%d0%bb%d0%be%d0%bd%d0%b0/,200,"Лучшие пластические хирурги Барселоны - доктор Чаваррия, доктор Девевер",,sitemap_only,0,2,
/uk/%d0%bf%d0%bb%d0%b0%d1%81%d1%82%d0%b8%d1%87%d0%bd%d1%96-%d1%85%d1%96%d1%80%d1%83%d1%80%d0%b3%d0%b8-%d0%b2-%d0%b1%d0%b0%d1%80%d1%81%d0%b5%d0%bb%d0%be%d0%bd%d1%96/,mantener,/uk/%d0%bf%d0%bb%d0%b0%d1%81%d1%82%d0%b8%d1%87%d0%bd%d1%96-%d1%85%d1%96%d1%80%d1%83%d1%80%d0%b3%d0%b8-%d0%b2-%d0%b1%d0%b0%d1%80%d1%81%d0%b5%d0%bb%d0%be%d0%bd%d1%96/,200,"Кращі пластичні хірурги Барселони — д-р Чаваррія, д-р Девевер",,sitemap_only,0,0,
/de/plastische-chirurgen-barcelona/,mantener,/de/plastische-chirurgen-barcelona/,200,Beste plastische Chirurgen Barcelona - Dr. Chavarría Dr. Dewever,,sitemap_only,0,2,
/it/chirurghi-plastici-barcellona/,mantener,/it/chirurghi-plastici-barcellona/,200,"I migliori chirurghi plastici a Barcellona: Dott. Chavarría, Dott. Dewever",,sitemap_only,0,0,
/nl/plastisch-chirurgen-barcelona/,mantener,/nl/plastisch-chirurgen-barcelona/,200,Beste Plastisch Chirurgen Barcelona - Dr. Chavarría Dr. Dewever,,sitemap_only,0,1,
/ca/cirurgians-plastics-barcelona/,mantener,/ca/cirurgians-plastics-barcelona/,200,"Millors cirurgians plàstics de Barcelona – Dr. Chavarría, Dr. Dewever",,sitemap_only,0,3,
/fr/chirurgiens-plasticiens-barcelone/,mantener,/fr/chirurgiens-plasticiens-barcelone/,200,Meilleurs Chirurgiens Plasticiens Barcelone - Dr. Chavarría Dr. Dewever,,sitemap_only,0,4,
/en/plastic-surgeons-barcelona/,mantener,/en/plastic-surgeons-barcelona/,200,Best Plastic Surgeons Barcelona - Dr. Chavarría Dr. Dewever,,sitemap_only,0,10,
/ru/%d0%ba%d1%82%d0%be-%d0%bc%d1%8b/,mantener,/ru/%d0%ba%d1%82%d0%be-%d0%bc%d1%8b/,200,Кто мы | Клиника Бельба,,sitemap_only,0,0,
/uk/%d0%bf%d1%80%d0%be-%d0%bd%d0%b0%d1%81/,mantener,/uk/%d0%bf%d1%80%d0%be-%d0%bd%d0%b0%d1%81/,200,Про нас | Клініка «Белба»,,sitemap_only,0,0,
/de/wer-wir-sind/,mantener,/de/wer-wir-sind/,200,Wer wir sind | Klinik Belba,,sitemap_only,0,0,
/it/chi-siamo/,mantener,/it/chi-siamo/,200,Chi Siamo | Clinica Belba,,sitemap_only,0,1,
/nl/wie-zijn-wij/,mantener,/nl/wie-zijn-wij/,200,Wie zijn wij | Clinica Belba,,sitemap_only,0,1,
/ca/qui-som/,mantener,/ca/qui-som/,200,Qui som | Clínica Belba,,sitemap_only,0,2,
/fr/qui-sommes-nous/,mantener,/fr/qui-sommes-nous/,200,Qui sommes-nous | Clinica Belba,,sitemap_only,0,4,
/en/who-are-we/,mantener,/en/who-are-we/,200,Who We Are | Clinica Belba,,sitemap_only,0,2,
/ru/%d0%bb%d0%b0%d0%b1%d0%b8%d0%be%d0%bf%d0%bb%d0%b0%d1%81%d1%82%d0%b8%d0%ba%d0%b0/,mantener,/ru/%d0%bb%d0%b0%d0%b1%d0%b8%d0%be%d0%bf%d0%bb%d0%b0%d1%81%d1%82%d0%b8%d0%ba%d0%b0/,200,Лабиопластика в Барселоне | Женская генитальная лазерная хирургия❤️,,sitemap_only,0,1,
/uk/%d0%bb%d0%b0%d0%b1%d1%96%d0%be%d0%bf%d0%bb%d0%b0%d1%81%d1%82%d0%b8%d0%ba%d0%b0/,mantener,/uk/%d0%bb%d0%b0%d0%b1%d1%96%d0%be%d0%bf%d0%bb%d0%b0%d1%81%d1%82%d0%b8%d0%ba%d0%b0/,200,Лабіопластика в Барселоні | Лазерна хірургія жіночих статевих органів❤️,,sitemap_only,0,0,
/de/lippenkorrektur/,mantener,/de/lippenkorrektur/,200,Labioplastik in Barcelona | Weibliche Genitalchirurgie mit Laser ❤️,,sitemap_only,0,1,
/it/labioplastica/,mantener,/it/labioplastica/,200,Labioplastica a Barcellona | Chirurgia Genitale Laser Femminile ❤️,,sitemap_only,0,0,
/nl/labiaplastiek/,mantener,/nl/labiaplastiek/,200,Labioplastiek in Barcelona | Vrouwelijke laser-genitale chirurgie❤️,,sitemap_only,0,0,
/ca/labioplastia/,mantener,/ca/labioplastia/,200,Labioplàstia a Barcelona | Cirurgia genital Làser Femenina❤️,,sitemap_only,0,4,
/fr/labioplastie/,mantener,/fr/labioplastie/,200,Labioplastie à Barcelone | Chirurgie Génitale Laser Féminine❤️,,sitemap_only,0,15,
/en/labiaplasty/,mantener,/en/labiaplasty/,200,Labiaplasty in Barcelona | Feminine Laser Genital Surgery❤️,,sitemap_only,0,7,
/ru/%d0%b0%d0%b1%d0%b4%d0%be%d0%bc%d0%b8%d0%bd%d0%be%d0%bf%d0%bb%d0%b0%d1%81%d1%82%d0%b8%d0%ba%d0%b0-%d0%b4%d0%be-%d0%b8-%d0%bf%d0%be%d1%81%d0%bb%d0%b5/,mantener,/ru/%d0%b0%d0%b1%d0%b4%d0%be%d0%bc%d0%b8%d0%bd%d0%be%d0%bf%d0%bb%d0%b0%d1%81%d1%82%d0%b8%d0%ba%d0%b0-%d0%b4%d0%be-%d0%b8-%d0%bf%d0%be%d1%81%d0%bb%d0%b5/,200,Абдоминопластика до и после | реальные фото © BELBA,,sitemap_only,0,0,
/uk/%d0%b0%d0%b1%d0%b4%d0%be%d0%bc%d1%96%d0%bd%d0%be%d0%bf%d0%bb%d0%b0%d1%81%d1%82%d0%b8%d0%ba%d0%b0-%d0%b4%d0%be-%d1%96-%d0%bf%d1%96%d1%81%d0%bb%d1%8f/,mantener,/uk/%d0%b0%d0%b1%d0%b4%d0%be%d0%bc%d1%96%d0%bd%d0%be%d0%bf%d0%bb%d0%b0%d1%81%d1%82%d0%b8%d0%ba%d0%b0-%d0%b4%d0%be-%d1%96-%d0%bf%d1%96%d1%81%d0%bb%d1%8f/,200,【 Абдомінопластика: до і після | реальні фото 】© BELBA,,sitemap_only,0,0,
/de/bauchdeckenstraffung-vorher-und-nachher/,mantener,/de/bauchdeckenstraffung-vorher-und-nachher/,200,Bauchdeckenstraffung Vorher und Nachher | echte Fotos BELBA,,sitemap_only,0,6,
/it/addominoplastica-prima-e-dopo/,mantener,/it/addominoplastica-prima-e-dopo/,200,[Addominoplastica Prima e Dopo | foto reali] © BELBA,,sitemap_only,0,11,
/nl/buikwandcorrectie-voor-en-na/,mantener,/nl/buikwandcorrectie-voor-en-na/,200,Abdominoplastiek Voor en Na | Echte foto's © BELBA,,sitemap_only,0,0,
/ca/abdominoplastia-abans-i-despres/,mantener,/ca/abdominoplastia-abans-i-despres/,200,【 Abdominoplàstia Abans i Després | fotos reals 】© BELBA,,sitemap_only,0,0,
/fr/abdominoplastie-avant-et-apres/,mantener,/fr/abdominoplastie-avant-et-apres/,200,【 Abdominoplastia Antes y Después | fotos reales 】© BELBA,,sitemap_only,0,0,
/en/abdominoplasty-before-and-after/,mantener,/en/abdominoplasty-before-and-after/,200,Abdominoplasty Before and After | Real Photos © BELBA,,sitemap_only,0,6,
/ru/%d0%b0%d0%b1%d0%b4%d0%be%d0%bc%d0%b8%d0%bd%d0%be%d0%bf%d0%bb%d0%b0%d1%81%d1%82%d0%b8%d0%ba%d0%b0/,mantener,/ru/%d0%b0%d0%b1%d0%b4%d0%be%d0%bc%d0%b8%d0%bd%d0%be%d0%bf%d0%bb%d0%b0%d1%81%d1%82%d0%b8%d0%ba%d0%b0/,200,【 Abdominoplastia en Barcelona | Cirugía de abdomen 】®,,sitemap_only,0,0,
/uk/%d0%b0%d0%b1%d0%b4%d0%be%d0%bc%d1%96%d0%bd%d0%be%d0%bf%d0%bb%d0%b0%d1%81%d1%82%d0%b8%d0%ba%d0%b0/,mantener,/uk/%d0%b0%d0%b1%d0%b4%d0%be%d0%bc%d1%96%d0%bd%d0%be%d0%bf%d0%bb%d0%b0%d1%81%d1%82%d0%b8%d0%ba%d0%b0/,200,【 Абдомінопластика в Барселоні | Хірургія живота 】®,,sitemap_only,0,0,
/de/bauchdeckenstraffung/,mantener,/de/bauchdeckenstraffung/,200,Bauchdeckenstraffung in Barcelona | Bauchoperation []®,,sitemap_only,0,0,
/it/addominoplastica/,mantener,/it/addominoplastica/,200,【 Abdominoplastia en Barcelona | Cirugía de abdomen 】®,,sitemap_only,0,2,
/nl/abdominoplastiek/,mantener,/nl/abdominoplastiek/,200,Buikwandcorrectie in Barcelona | Buikchirurgie,,sitemap_only,0,0,
/ca/abdominoplastia/,mantener,/ca/abdominoplastia/,200,【 Abdominoplastia en Barcelona | Cirugía de abdomen 】®,,sitemap_only,0,0,
/fr/abdominoplastie/,mantener,/fr/abdominoplastie/,200,Abdominoplastie à Barcelone | Chirurgie de l'abdomen,,sitemap_only,0,0,
/en/tummy-tuck/,mantener,/en/tummy-tuck/,200,Abdominoplasty in Barcelona | Tummy Tuck Surgery ®,,sitemap_only,0,0,
/ru/%d0%bb%d0%b8%d0%bf%d0%be%d1%81%d0%b0%d0%ba%d1%86%d0%b8%d1%8f-%d0%bb%d0%be%d0%b1%d0%ba%d0%b0/,mantener,/ru/%d0%bb%d0%b8%d0%bf%d0%be%d1%81%d0%b0%d0%ba%d1%86%d0%b8%d1%8f-%d0%bb%d0%be%d0%b1%d0%ba%d0%b0/,200,Липосакция лобка Барселона ❤️ | Клиника Belba,,sitemap_only,0,0,
/uk/%d0%bb%d1%96%d0%bf%d0%be%d1%81%d0%b0%d0%ba%d1%86%d1%96%d1%8f-%d0%bb%d0%be%d0%b1%d0%ba%d0%b0/,mantener,/uk/%d0%bb%d1%96%d0%bf%d0%be%d1%81%d0%b0%d0%ba%d1%86%d1%96%d1%8f-%d0%bb%d0%be%d0%b1%d0%ba%d0%b0/,200,Ліпосакція «гори Венери» у Барселоні ❤️ | Клініка «Белба»,,sitemap_only,0,0,
/de/fettabsaugung-am-venushugel/,mantener,/de/fettabsaugung-am-venushugel/,200,Fettabsaugung Venushügel Barcelona ❤️ | Klinik Belba,,sitemap_only,0,4,
/it/liposuzione-del-monte-di-venere/,mantener,/it/liposuzione-del-monte-di-venere/,200,Liposuzione del Monte di Venere Barcelona ❤️ | Clinica Belba,,sitemap_only,0,21,
/nl/liposuctie-venusheuvel/,mantener,/nl/liposuctie-venusheuvel/,200,Liposuctie venusheuvel Barcelona ❤️ | Clínica Belba,,sitemap_only,0,1,
/ca/liposuccio-del-mont-de-venus/,mantener,/ca/liposuccio-del-mont-de-venus/,200,Lipoescultura del mont de Venus Barcelona ❤️ | Clínica Belba,,sitemap_only,0,5,
/fr/liposuccion-du-mont-de-venus/,mantener,/fr/liposuccion-du-mont-de-venus/,200,Liposuccion du mont de Vénus Barcelone ❤️ | Clinique Belba,,sitemap_only,0,4,
/en/mons-pubis-liposuction/,mantener,/en/mons-pubis-liposuction/,200,Mons Pubis Liposuction Barcelona ❤️ | Clínica Belba,,sitemap_only,0,32,
/ru/%d1%83%d0%b2%d0%b5%d0%bb%d0%b8%d1%87%d0%b5%d0%bd%d0%b8%d0%b5-%d0%b3%d1%80%d1%83%d0%b4%d0%b8-%d0%b1%d0%b0%d1%80%d1%81%d0%b5%d0%bb%d0%be%d0%bd%d0%b0/,mantener,/ru/%d1%83%d0%b2%d0%b5%d0%bb%d0%b8%d1%87%d0%b5%d0%bd%d0%b8%d0%b5-%d0%b3%d1%80%d1%83%d0%b4%d0%b8-%d0%b1%d0%b0%d1%80%d1%81%d0%b5%d0%bb%d0%be%d0%bd%d0%b0/,200,Увеличение груди в Барселоне | Маммопластика | Импланты,,sitemap_only,0,1,
/uk/%d0%b7%d0%b1%d1%96%d0%bb%d1%8c%d1%88%d0%b5%d0%bd%d0%bd%d1%8f-%d0%b3%d1%80%d1%83%d0%b4%d0%b5%d0%b9-%d1%83-%d0%b1%d0%b0%d1%80%d1%81%d0%b5%d0%bb%d0%be%d0%bd%d1%96/,mantener,/uk/%d0%b7%d0%b1%d1%96%d0%bb%d1%8c%d1%88%d0%b5%d0%bd%d0%bd%d1%8f-%d0%b3%d1%80%d1%83%d0%b4%d0%b5%d0%b9-%d1%83-%d0%b1%d0%b0%d1%80%d1%81%d0%b5%d0%bb%d0%be%d0%bd%d1%96/,200,Збільшення грудей у Барселоні | Пластична хірургія грудей | Імплантати,,sitemap_only,0,0,
/de/brustvergroserung-barcelona/,mantener,/de/brustvergroserung-barcelona/,200,Brustvergrößerung Barcelona | Brustchirurgie | Implantate,,sitemap_only,0,0,
/it/aumento-seno-barcellona/,mantener,/it/aumento-seno-barcellona/,200,Aumento del Seno Barcellona | Chirurgia Mammaria | Protesi,,sitemap_only,0,0,
/nl/borstvergroting-barcelona/,mantener,/nl/borstvergroting-barcelona/,200,Borstvergroting Barcelona | Borstchirurgie | Implantaten,,sitemap_only,0,1,
/ca/augment-de-pit-barcelona/,mantener,/ca/augment-de-pit-barcelona/,200,Augmentació de Pit Barcelona | Cirurgia Mamària | Pròtesis,,sitemap_only,0,2,
/fr/augmentation-mammaire-barcelone/,mantener,/fr/augmentation-mammaire-barcelone/,200,Augmentation Mammaire Barcelone | Chirurgie Mammaire | Prothèses,,sitemap_only,0,1,
/en/breast-augmentation-barcelona/,mantener,/en/breast-augmentation-barcelona/,200,Breast Augmentation Barcelona | Breast Surgery | Implants,,sitemap_only,0,1,
/ru/%d1%82%d0%b8%d0%bf%d1%8b-%d1%83%d0%b2%d0%b5%d0%bb%d0%b8%d1%87%d0%b5%d0%bd%d0%b8%d1%8f-%d0%b3%d1%80%d1%83%d0%b4%d0%b8/,mantener,/ru/%d1%82%d0%b8%d0%bf%d1%8b-%d1%83%d0%b2%d0%b5%d0%bb%d0%b8%d1%87%d0%b5%d0%bd%d0%b8%d1%8f-%d0%b3%d1%80%d1%83%d0%b4%d0%b8/,200,Типы увеличения груди | Клиника Бельба,,sitemap_only,0,1,
/uk/%d0%b2%d0%b8%d0%b4%d0%b8-%d0%b7%d0%b1%d1%96%d0%bb%d1%8c%d1%88%d0%b5%d0%bd%d0%bd%d1%8f-%d0%b3%d1%80%d1%83%d0%b4%d0%b5%d0%b9/,mantener,/uk/%d0%b2%d0%b8%d0%b4%d0%b8-%d0%b7%d0%b1%d1%96%d0%bb%d1%8c%d1%88%d0%b5%d0%bd%d0%bd%d1%8f-%d0%b3%d1%80%d1%83%d0%b4%d0%b5%d0%b9/,200,Види операцій зі збільшення грудей | Клініка «Белба»,,sitemap_only,0,0,
/de/arten-von-brustvergroserungen/,mantener,/de/arten-von-brustvergroserungen/,200,Brustvergrößerungsarten | Klinik Belba,,sitemap_only,0,0,
/it/tipi-di-aumento-del-seno/,mantener,/it/tipi-di-aumento-del-seno/,200,Tipi di aumento del seno | Clinica Belba,,sitemap_only,0,0,
/nl/soorten-borstvergroting/,mantener,/nl/soorten-borstvergroting/,200,Borstvergroting soorten | Clinica Belba,,sitemap_only,0,0,
/ca/tipus-daugment-de-pit/,mantener,/ca/tipus-daugment-de-pit/,200,Tipus de mamoplàstia d'augment | Clínica Belba,,sitemap_only,0,1,
/fr/types-deaugmentation-mammaire/,mantener,/fr/types-deaugmentation-mammaire/,200,Types de prothèses mammaires | Clinique Belba,,sitemap_only,0,0,
/en/breast-augmentation-types/,mantener,/en/breast-augmentation-types/,200,Types of Breast Augmentation | Clinica Belba,,sitemap_only,0,0,
/ru/%d0%be%d1%86%d0%b5%d0%bd%d0%ba%d0%b8-%d0%b4%d0%be%d0%ba%d1%82%d0%be%d1%80%d0%b0-%d1%87%d0%b0%d0%b2%d0%b0%d1%80%d1%80%d0%b8%d0%b0/,mantener,/ru/%d0%be%d1%86%d0%b5%d0%bd%d0%ba%d0%b8-%d0%b4%d0%be%d0%ba%d1%82%d0%be%d1%80%d0%b0-%d1%87%d0%b0%d0%b2%d0%b0%d1%80%d1%80%d0%b8%d0%b0/,200,Крис: Ваш опыт с доктором Чаваррией | Бельба,,sitemap_only,0,0,
/uk/valoraciones-dr-chavarria/,mantener,/uk/valoraciones-dr-chavarria/,200,Chris: su experiencia con el Dr. Chavarría | Belba,,sitemap_only,0,0,
/de/bewertungen-dr-chavarria/,mantener,/de/bewertungen-dr-chavarria/,200,Chris: Seine Erfahrung mit Dr. Chavarría | Belba,,sitemap_only,0,0,
/it/valutazioni-dott-chavarria/,mantener,/it/valutazioni-dott-chavarria/,200,Chris: la sua esperienza con il Dr. Chavarría | Belba,,sitemap_only,0,0,
/nl/waarderingen-dr-chavarria/,mantener,/nl/waarderingen-dr-chavarria/,200,Chris: de ervaring van [Naam] met Dr. Chavarría | Belba,,sitemap_only,0,0,
/ca/valoracions-del-doctor-chavarria/,mantener,/ca/valoracions-del-doctor-chavarria/,200,Chris: la seva experiència amb el Dr. Chavarría | Belba,,sitemap_only,0,0,
/fr/valoraciones-dr-chavarria/,mantener,/fr/valoraciones-dr-chavarria/,200,Chris: su experiencia con el Dr. Chavarría | Belba,,sitemap_only,0,0,
/en/dr-chavarria-reviews-2/,mantener,/en/dr-chavarria-reviews-2/,200,Chris: his experience with Dr. Chavarría | Belba,,sitemap_only,0,1,"Parece página de prueba/plantilla/duplicado: confirmar si es contenido real (si no, 410 o 301) · OK Oscar 27/09: se mantiene literal"
/ru/%d0%b4%d1%80%d1%84%d0%b5%d0%bb%d0%b8%d0%ba%d1%81%d1%87%d0%b0%d0%b2%d0%b0%d1%80%d1%80%d0%b8%d0%b0%d1%86%d0%b8%d1%80%d1%83%d0%b4%d0%b6%d0%b8%d0%b0%d0%bf%d0%bb%d0%b0%d1%81%d1%82%d0%b8%d0%ba%d0%b0/,mantener,/ru/%d0%b4%d1%80%d1%84%d0%b5%d0%bb%d0%b8%d0%ba%d1%81%d1%87%d0%b0%d0%b2%d0%b0%d1%80%d1%80%d0%b8%d0%b0%d1%86%d0%b8%d1%80%d1%83%d0%b4%d0%b6%d0%b8%d0%b0%d0%bf%d0%bb%d0%b0%d1%81%d1%82%d0%b8%d0%ba%d0%b0/,200,"Доктор Феликс Чаварриа, пластический хирург | Клиника Belba",,sitemap_only,0,0,
/uk/drfelixchavarriacirugiaplastica/,mantener,/uk/drfelixchavarriacirugiaplastica/,200,"Д-р Фелікс Чаваррія, пластичний хірург | Клініка «Белба»",,sitemap_only,0,0,
/de/dr-felix-chavarria-plastische-chirurgie/,mantener,/de/dr-felix-chavarria-plastische-chirurgie/,200,"Dr. Félix Chavarría, Plastischer Chirurg | Klinik Belba",,sitemap_only,0,0,
/it/dr-felix-chavarria-chirurgia-plastica/,mantener,/it/dr-felix-chavarria-chirurgia-plastica/,200,"Dott. Félix Chavarría, Chirurgo Plastico | Clinica Belba",,sitemap_only,0,0,
/nl/drfelixchavarriacirugiaplastica/,mantener,/nl/drfelixchavarriacirugiaplastica/,200,"Dr. Félix Chavarría, plastisch chirurg | Kliniek Belba",,sitemap_only,0,0,
/ca/drfelixchavarriacirugiaplastica/,mantener,/ca/drfelixchavarriacirugiaplastica/,200,"Dr. Félix Chavarría, cirujano plástico | Clínica Belba",,sitemap_only,0,0,
/fr/drfelixchavarriacirugiaplastica/,mantener,/fr/drfelixchavarriacirugiaplastica/,200,"Dr. Félix Chavarría, chirurgien plasticien | Clinique Belba",,sitemap_only,0,0,
/en/drfelixchavarriacirugiaplastica/,mantener,/en/drfelixchavarriacirugiaplastica/,200,"Dr. Félix Chavarría, cirujano plástico | Clínica Belba",,sitemap_only,0,1,
/ru/%d0%be%d1%82%d0%b7%d1%8b%d0%b2%d1%8b-%d0%b4-%d1%80%d0%b0-%d1%87%d0%b0%d0%b2%d0%b0%d1%80%d0%b8%d0%b8/,mantener,/ru/%d0%be%d1%82%d0%b7%d1%8b%d0%b2%d1%8b-%d0%b4-%d1%80%d0%b0-%d1%87%d0%b0%d0%b2%d0%b0%d1%80%d0%b8%d0%b8/,200,Абелина: ее история с доктором Чаваррией | Belba,,sitemap_only,0,0,
/uk/resenas-dr-chavarria/,mantener,/uk/resenas-dr-chavarria/,200,Abelina: su historia con el Dr. Chavarría | Belba,,sitemap_only,0,0,
/de/rezensionen-dr-chavarria/,mantener,/de/rezensionen-dr-chavarria/,200,Abelina: Ihre Geschichte mit Dr. Chavarría | Belba,,sitemap_only,0,0,
/it/recensioni-del-dr-chavarria/,mantener,/it/recensioni-del-dr-chavarria/,200,Abelina: la sua storia con il Dott. Chavarría | Belba,,sitemap_only,0,0,
/nl/resenas-dr-chavarria/,mantener,/nl/resenas-dr-chavarria/,200,Abelina: su historia con el Dr. Chavarría | Belba,,sitemap_only,0,0,
/ca/ressenyes-dr-chavarria/,mantener,/ca/ressenyes-dr-chavarria/,200,Abelina: la seva història amb el Dr. Chavarría | Belba,,sitemap_only,0,0,
/fr/avis-du-dr-chavarria/,mantener,/fr/avis-du-dr-chavarria/,200,Abelina : son histoire avec le Dr. Chavarría | Belba,,sitemap_only,0,1,
/en/reviews-dr-chavarria/,mantener,/en/reviews-dr-chavarria/,200,Abelina: Her Story with Dr. Chavarría | Belba,,sitemap_only,0,0,
/ru/%d0%ba%d0%be%d0%bc%d0%bc%d0%b5%d0%bd%d1%82%d0%b0%d1%80%d0%b8%d0%b8-%d0%b4-%d1%80%d0%b0-%d1%87%d0%b0%d0%b2%d0%b0%d1%80%d1%80%d0%b8%d0%b8/,mantener,/ru/%d0%ba%d0%be%d0%bc%d0%bc%d0%b5%d0%bd%d1%82%d0%b0%d1%80%d0%b8%d0%b8-%d0%b4-%d1%80%d0%b0-%d1%87%d0%b0%d0%b2%d0%b0%d1%80%d1%80%d0%b8%d0%b8/,200,Бруно: его преображение с доктором Чаваррией | Belba,,sitemap_only,0,0,
/uk/%d0%ba%d0%be%d0%bc%d0%b5%d0%bd%d1%82%d0%b0%d1%80%d1%96-%d0%b4%d0%be%d0%ba%d1%82%d0%be%d1%80%d0%b0-%d1%87%d0%b0%d0%b2%d0%b0%d1%80%d1%80%d1%96%d1%97/,mantener,/uk/%d0%ba%d0%be%d0%bc%d0%b5%d0%bd%d1%82%d0%b0%d1%80%d1%96-%d0%b4%d0%be%d0%ba%d1%82%d0%be%d1%80%d0%b0-%d1%87%d0%b0%d0%b2%d0%b0%d1%80%d1%80%d1%96%d1%97/,200,Бруно: його перетворення з доктором Чаварріа | Белба,,sitemap_only,0,0,
/de/kommentare-von-dr-chavarria/,mantener,/de/kommentare-von-dr-chavarria/,200,Bruno: seine Transformation mit Dr. Chavarría | Belba,,sitemap_only,0,0,
/it/commenti-del-dott-chavarria/,mantener,/it/commenti-del-dott-chavarria/,200,Bruno: la sua trasformazione con il Dott. Chavarría | Belba,,sitemap_only,0,0,
/nl/comentarios-dr-chavarria/,mantener,/nl/comentarios-dr-chavarria/,200,Bruno: su transformación con el Dr. Chavarría | Belba,,sitemap_only,0,0,
/ca/comentaris-del-dr-chavarria/,mantener,/ca/comentaris-del-dr-chavarria/,200,Bruno: la seva transformació amb el Dr. Chavarría | Belba,,sitemap_only,0,0,
/fr/commentaires-du-dr-chavarria/,mantener,/fr/commentaires-du-dr-chavarria/,200,Bruno : sa transformation avec le Dr Chavarría | Belba,,sitemap_only,0,0,
/en/dr-chavarrias-comments/,mantener,/en/dr-chavarrias-comments/,200,Bruno: His Transformation with Dr. Chavarría | Belba,,sitemap_only,0,0,
/ru/%d0%bc%d0%bd%d0%b5%d0%bd%d0%b8%d1%8f-%d0%b4%d0%be%d0%ba%d1%82%d0%be%d1%80%d0%b0-%d1%87%d0%b0%d0%b2%d0%b0%d1%80%d1%80%d0%b8%d0%b8/,mantener,/ru/%d0%bc%d0%bd%d0%b5%d0%bd%d0%b8%d1%8f-%d0%b4%d0%be%d0%ba%d1%82%d0%be%d1%80%d0%b0-%d1%87%d0%b0%d0%b2%d0%b0%d1%80%d1%80%d0%b8%d0%b8/,200,Мнение Бруно о докторе Чаваррии | Belba,,sitemap_only,0,0,
/uk/%d0%b2%d1%96%d0%b4%d0%b3%d1%83%d0%ba%d0%b8-%d0%bf%d1%80%d0%be-%d0%b4%d0%be%d0%ba%d1%82%d0%be%d1%80%d0%b0-%d1%87%d0%b0%d0%b2%d0%b0%d1%80%d1%80%d1%96%d1%8e/,mantener,/uk/%d0%b2%d1%96%d0%b4%d0%b3%d1%83%d0%ba%d0%b8-%d0%bf%d1%80%d0%be-%d0%b4%d0%be%d0%ba%d1%82%d0%be%d1%80%d0%b0-%d1%87%d0%b0%d0%b2%d0%b0%d1%80%d1%80%d1%96%d1%8e/,200,Opinión de Bruno sobre el Dr. Chavarría | Belba,,sitemap_only,0,0,
/de/dr-chavarria-meinungen/,mantener,/de/dr-chavarria-meinungen/,200,Meinung von Bruno über Dr. Chavarría | Belba,,sitemap_only,0,0,
/it/opinioni-sul-dott-chavarria/,mantener,/it/opinioni-sul-dott-chavarria/,200,Opinione di Bruno sul Dr. Chavarría | Belba,,sitemap_only,0,0,
/nl/dr-chavarria-meningen/,mantener,/nl/dr-chavarria-meningen/,200,Mening van Bruno over Dr. Chavarría | Belba,,sitemap_only,0,0,
/ca/opinions-dr-chavarria/,mantener,/ca/opinions-dr-chavarria/,200,Opinió de Bruno sobre el Dr. Chavarría | Belba,,sitemap_only,0,0,
/fr/dr-chavarria-avis/,mantener,/fr/dr-chavarria-avis/,200,Avis de Bruno sur le Dr Chavarría | Belba,,sitemap_only,0,0,
/en/dr-chavarria-reviews/,mantener,/en/dr-chavarria-reviews/,200,Bruno's Opinion of,,sitemap_only,0,0,
/ru/experiencias-positivas-dr-chavarria/,mantener,/ru/experiencias-positivas-dr-chavarria/,200,Rafa: su experiencia con el Dr. Chavarría | Belba,,sitemap_only,0,0,
/uk/%d0%bf%d0%be%d0%b7%d0%b8%d1%82%d0%b8%d0%b2%d0%bd%d0%b8%d0%b9-%d0%b4%d0%be%d1%81%d0%b2%d1%96%d0%b4-%d0%b4%d0%be%d0%ba%d1%82%d0%be%d1%80%d0%b0-%d1%87%d0%b0%d0%b2%d0%b0%d1%80%d1%80%d1%96%d0%b0/,mantener,/uk/%d0%bf%d0%be%d0%b7%d0%b8%d1%82%d0%b8%d0%b2%d0%bd%d0%b8%d0%b9-%d0%b4%d0%be%d1%81%d0%b2%d1%96%d0%b4-%d0%b4%d0%be%d0%ba%d1%82%d0%be%d1%80%d0%b0-%d1%87%d0%b0%d0%b2%d0%b0%d1%80%d1%80%d1%96%d0%b0/,200,Рафа: його досвід спілкування з доктором Чаваррією | Белба,,sitemap_only,0,0,
/de/positive-erfahrungen-dr-chavarria/,mantener,/de/positive-erfahrungen-dr-chavarria/,200,Rafa: seine Erfahrung mit Dr. Chavarría | Belba,,sitemap_only,0,0,
/it/esperienze-positive-del-dr-chavarria/,mantener,/it/esperienze-positive-del-dr-chavarria/,200,Rafa: la sua esperienza con il Dott. Chavarría | Belba,,sitemap_only,0,0,
/nl/positieve-ervaringen-dr-chavarria/,mantener,/nl/positieve-ervaringen-dr-chavarria/,200,Rafa: zijn ervaring met Dr. Chavarría | Belba,,sitemap_only,0,1,
/ca/experiencias-positivas-dr-chavarria/,mantener,/ca/experiencias-positivas-dr-chavarria/,200,Rafa: su experiencia con el Dr. Chavarría | Belba,,sitemap_only,0,0,
/fr/experiencias-positivas-dr-chavarria/,mantener,/fr/experiencias-positivas-dr-chavarria/,200,Rafa: su experiencia con el Dr. Chavarría | Belba,,sitemap_only,0,0,
/en/experiencias-positivas-dr-chavarria/,mantener,/en/experiencias-positivas-dr-chavarria/,200,Rafa: su experiencia con el Dr. Chavarría | Belba,,sitemap_only,0,0,
/ru/%d0%b4%d0%be%d0%ba%d1%82%d0%be%d1%80-%d1%84%d0%b5%d0%bb%d0%b8%d0%ba%d1%81-%d1%87%d0%b0%d0%b2%d0%b0%d1%80%d1%80%d0%b8%d0%b0-%d0%bc%d0%bd%d0%b5%d0%bd%d0%b8%d1%8f/,mantener,/ru/%d0%b4%d0%be%d0%ba%d1%82%d0%be%d1%80-%d1%84%d0%b5%d0%bb%d0%b8%d0%ba%d1%81-%d1%87%d0%b0%d0%b2%d0%b0%d1%80%d1%80%d0%b8%d0%b0-%d0%bc%d0%bd%d0%b5%d0%bd%d0%b8%d1%8f/,200,Наталия: её показания с доктором Чаваррия | Belba,,sitemap_only,0,0,
/uk/%d0%b2%d1%96%d0%b4%d0%b3%d1%83%d0%ba%d0%b8-%d0%bf%d1%80%d0%be-%d0%b4%d0%be%d0%ba%d1%82%d0%be%d1%80%d0%b0-%d1%84%d0%b5%d0%bb%d1%96%d0%ba%d1%81%d0%b0-%d1%87%d0%b0%d0%b2%d0%b0%d1%80%d1%80%d1%96%d0%b0-4/,mantener,/uk/%d0%b2%d1%96%d0%b4%d0%b3%d1%83%d0%ba%d0%b8-%d0%bf%d1%80%d0%be-%d0%b4%d0%be%d0%ba%d1%82%d0%be%d1%80%d0%b0-%d1%84%d0%b5%d0%bb%d1%96%d0%ba%d1%81%d0%b0-%d1%87%d0%b0%d0%b2%d0%b0%d1%80%d1%80%d1%96%d0%b0-4/,200,Наталія: її розповідь про зустріч із доктором Чаваррією | Белба,,sitemap_only,0,0,
/de/dr-felix-chavarria-meinungen/,mantener,/de/dr-felix-chavarria-meinungen/,200,Natalia: Ihr Zeugnis mit Dr. Chavarría | Belba,,sitemap_only,0,0,
/it/dott-felix-chavarria-opinioni/,mantener,/it/dott-felix-chavarria-opinioni/,200,Natalia: La sua testimonianza con il Dott. Chavarría | Belba,,sitemap_only,0,0,
/nl/dr-felix-chavarria-meningen/,mantener,/nl/dr-felix-chavarria-meningen/,200,Natalia: haar getuigenis bij Dr. Chavarría | Belba,,sitemap_only,0,0,
/ca/dr-felix-chavarria-opinions/,mantener,/ca/dr-felix-chavarria-opinions/,200,Natalia: el seu testimoni amb el Dr. Chavarría | Belba,,sitemap_only,0,0,
/fr/dr-felix-chavarria-avis/,mantener,/fr/dr-felix-chavarria-avis/,200,Natalia : son témoignage avec le Dr Chavarría | Belba,,sitemap_only,0,0,
/en/dr-felix-chavarria-reviews/,mantener,/en/dr-felix-chavarria-reviews/,200,Natalia: Her Testimony with Dr. Chavarría | Belba,,sitemap_only,0,0,
/ru/%d0%be%d1%82%d0%b7%d1%8b%d0%b2%d1%8b-%d0%be-%d0%b4%d0%be%d0%ba%d1%82%d0%be%d1%80%d0%b5-%d1%84%d0%b5%d0%bb%d0%b8%d0%ba%d1%81%d0%b5-%d1%87%d0%b0%d0%b2%d0%b0%d1%80%d1%80%d0%b8%d0%b8/,mantener,/ru/%d0%be%d1%82%d0%b7%d1%8b%d0%b2%d1%8b-%d0%be-%d0%b4%d0%be%d0%ba%d1%82%d0%be%d1%80%d0%b5-%d1%84%d0%b5%d0%bb%d0%b8%d0%ba%d1%81%d0%b5-%d1%87%d0%b0%d0%b2%d0%b0%d1%80%d1%80%d0%b8%d0%b8/,200,Клаудия: её опыт с доктором Чаваррией | Belba,,sitemap_only,0,0,
/uk/%d0%b2%d1%96%d0%b4%d0%b3%d1%83%d0%ba%d0%b8-%d0%bf%d1%80%d0%be-%d0%b4%d0%be%d0%ba%d1%82%d0%be%d1%80%d0%b0-%d1%84%d0%b5%d0%bb%d1%96%d0%ba%d1%81%d0%b0-%d1%87%d0%b0%d0%b2%d0%b0%d1%80%d1%80%d1%96%d0%b0-2/,mantener,/uk/%d0%b2%d1%96%d0%b4%d0%b3%d1%83%d0%ba%d0%b8-%d0%bf%d1%80%d0%be-%d0%b4%d0%be%d0%ba%d1%82%d0%be%d1%80%d0%b0-%d1%84%d0%b5%d0%bb%d1%96%d0%ba%d1%81%d0%b0-%d1%87%d0%b0%d0%b2%d0%b0%d1%80%d1%80%d1%96%d0%b0-2/,200,Клаудія: її лікування у доктора Чаварріа | Белба,,sitemap_only,0,0,"Parece página de prueba/plantilla/duplicado: confirmar si es contenido real (si no, 410 o 301) · OK Oscar 27/09: se mantiene literal"
/de/bewertungen-dr-felix-chavarria-2/,mantener,/de/bewertungen-dr-felix-chavarria-2/,200,Claudia: ihr Prozess mit Dr. Chavarría | Belba,,sitemap_only,0,1,"Parece página de prueba/plantilla/duplicado: confirmar si es contenido real (si no, 410 o 301) · OK Oscar 27/09: se mantiene literal"
/it/valoraciones-dr-felix-chavarria/,mantener,/it/valoraciones-dr-felix-chavarria/,200,Claudia: su proceso con el Dr. Chavarría | Belba,,sitemap_only,0,0,
/nl/beoordelingen-dr-felix-chavarria/,mantener,/nl/beoordelingen-dr-felix-chavarria/,200,Claudia: haar proces met Dr. Chavarría | Belba,,sitemap_only,0,0,
/ca/valoracions-dr-felix-xavarria/,mantener,/ca/valoracions-dr-felix-xavarria/,200,Claudia: el seu procés amb el Dr. Chavarría | Belba,,sitemap_only,0,0,
/fr/evaluations-du-dr-felix-chavarria/,mantener,/fr/evaluations-du-dr-felix-chavarria/,200,Claudia : son parcours avec le Dr. Chavarría | Belba,,sitemap_only,0,0,
/en/dr-felix-chavarria-reviews-3/,mantener,/en/dr-felix-chavarria-reviews-3/,200,Claudia: Her process with Dr. Chavarría | Belba,,sitemap_only,0,0,
/ru/%d0%be%d1%82%d0%b7%d1%8b%d0%b2%d1%8b-%d1%87%d0%b0%d0%b2%d0%b0%d1%80%d1%80%d0%b8%d1%8f/,mantener,/ru/%d0%be%d1%82%d0%b7%d1%8b%d0%b2%d1%8b-%d1%87%d0%b0%d0%b2%d0%b0%d1%80%d1%80%d0%b8%d1%8f/,200,Липоабдоминопластика: реальный отзыв | Клиника Belba,,sitemap_only,0,0,
/uk/%d0%b2%d1%96%d0%b4%d0%b3%d1%83%d0%ba%d0%b8-%d0%bf%d1%80%d0%be-%d1%87%d0%b0%d0%b2%d0%b0%d1%80%d1%80%d1%96%d1%8e/,mantener,/uk/%d0%b2%d1%96%d0%b4%d0%b3%d1%83%d0%ba%d0%b8-%d0%bf%d1%80%d0%be-%d1%87%d0%b0%d0%b2%d0%b0%d1%80%d1%80%d1%96%d1%8e/,200,Ліпоабдомінопластика: реальний відгук | Клініка «Белба»,,sitemap_only,0,0,
/de/testimonios-chavarria/,mantener,/de/testimonios-chavarria/,200,Lipoabdominoplastia: testimonio real | Clínica Belba,,sitemap_only,0,0,"Parece página de prueba/plantilla/duplicado: confirmar si es contenido real (si no, 410 o 301) · OK Oscar 27/09: se mantiene literal"
/it/testimonianze-chavarria/,mantener,/it/testimonianze-chavarria/,200,Lipoaddominoplastica: testimonianza reale | Clinica Belba,,sitemap_only,0,0,"Parece página de prueba/plantilla/duplicado: confirmar si es contenido real (si no, 410 o 301) · OK Oscar 27/09: se mantiene literal"
/nl/testimonios-chavarria/,mantener,/nl/testimonios-chavarria/,200,Lipoabdominoplastiek: echte getuigenis | Clínica Belba,,sitemap_only,0,0,"Parece página de prueba/plantilla/duplicado: confirmar si es contenido real (si no, 410 o 301) · OK Oscar 27/09: se mantiene literal"
/ca/testimonis-xavaria/,mantener,/ca/testimonis-xavaria/,200,Lipoabdominoplastia: testimonio real | Clínica Belba,,sitemap_only,0,0,"Parece página de prueba/plantilla/duplicado: confirmar si es contenido real (si no, 410 o 301) · OK Oscar 27/09: se mantiene literal"
/fr/temoignages-chavarria/,mantener,/fr/temoignages-chavarria/,200,Lipoabdominoplastie : témoignage réel | Clinique Belba,,sitemap_only,0,0,
/en/testimonios-chavarria/,mantener,/en/testimonios-chavarria/,200,Lipoabdominoplastia: testimonio real | Clínica Belba,,sitemap_only,0,0,"Parece página de prueba/plantilla/duplicado: confirmar si es contenido real (si no, 410 o 301) · OK Oscar 27/09: se mantiene literal"
/ru/%d0%bf%d0%be%d0%bb%d0%be%d0%b6%d0%b8%d1%82%d0%b5%d0%bb%d1%8c%d0%bd%d1%8b%d0%b5-%d0%be%d1%82%d0%b7%d1%8b%d0%b2%d1%8b-%d0%b4-%d1%80-%d1%84%d0%b5%d0%bb%d0%b8%d0%ba%d1%81-%d1%87%d0%b0%d0%b2%d0%b0%d1%80/,mantener,/ru/%d0%bf%d0%be%d0%bb%d0%be%d0%b6%d0%b8%d1%82%d0%b5%d0%bb%d1%8c%d0%bd%d1%8b%d0%b5-%d0%be%d1%82%d0%b7%d1%8b%d0%b2%d1%8b-%d0%b4-%d1%80-%d1%84%d0%b5%d0%bb%d0%b8%d0%ba%d1%81-%d1%87%d0%b0%d0%b2%d0%b0%d1%80/,200,"Послеоперационное наблюдение, пациент | Belba",,sitemap_only,0,0,
/uk/%d0%bf%d0%be%d0%b7%d0%b8%d1%82%d0%b8%d0%b2%d0%bd%d1%96-%d0%b2%d1%96%d0%b4%d0%b3%d1%83%d0%ba%d0%b8-%d0%bf%d1%80%d0%be-%d0%b4%d0%be%d0%ba%d1%82%d0%be%d1%80%d0%b0-%d1%84%d0%b5%d0%bb%d1%96%d0%ba%d1%81/,mantener,/uk/%d0%bf%d0%be%d0%b7%d0%b8%d1%82%d0%b8%d0%b2%d0%bd%d1%96-%d0%b2%d1%96%d0%b4%d0%b3%d1%83%d0%ba%d0%b8-%d0%bf%d1%80%d0%be-%d0%b4%d0%be%d0%ba%d1%82%d0%be%d1%80%d0%b0-%d1%84%d0%b5%d0%bb%d1%96%d0%ba%d1%81/,200,Післяопераційне спостереження з точки зору пацієнта | Белба,,sitemap_only,0,0,
/de/valoraciones-positivas-dr-felix-chavarria/,mantener,/de/valoraciones-positivas-dr-felix-chavarria/,200,"El seguimiento post-cirugía, por un paciente | Belba",,sitemap_only,0,0,
/it/valoraciones-positivas-dr-felix-chavarria/,mantener,/it/valoraciones-positivas-dr-felix-chavarria/,200,"El seguimiento post-cirugía, por un paciente | Belba",,sitemap_only,0,0,
/nl/positieve-beoordelingen-dr-felix-chavarria/,mantener,/nl/positieve-beoordelingen-dr-felix-chavarria/,200,"Postoperatieve follow-up, door een patiënt | Belba",,sitemap_only,0,0,
/ca/valoracions-positives-dr-felix-chavarria/,mantener,/ca/valoracions-positives-dr-felix-chavarria/,200,"El seguiment post-quirúrgic, per un pacient | Belba",,sitemap_only,0,0,
/fr/evaluations-positives-du-dr-felix-chavarria/,mantener,/fr/evaluations-positives-du-dr-felix-chavarria/,200,"Le suivi post-chirurgical, par un patient | Belba",,sitemap_only,0,0,
/en/positive-reviews-dr-felix-chavarria-2/,mantener,/en/positive-reviews-dr-felix-chavarria-2/,200,"Post-surgery follow-up, by a patient | Belba",,sitemap_only,0,0,"Parece página de prueba/plantilla/duplicado: confirmar si es contenido real (si no, 410 o 301) · OK Oscar 27/09: se mantiene literal"
/ru/experiencias-dr-felix-chavarria-2/,mantener,/ru/experiencias-dr-felix-chavarria-2/,200,Una paciente cuenta su transformación | Clínica Belba,,sitemap_only,0,0,"Parece página de prueba/plantilla/duplicado: confirmar si es contenido real (si no, 410 o 301) · OK Oscar 27/09: se mantiene literal"
/uk/%d0%b4%d0%be%d1%81%d0%b2%d1%96%d0%b4-%d0%b4%d0%be%d0%ba%d1%82%d0%be%d1%80%d0%b0-%d1%84%d0%b5%d0%bb%d1%96%d0%ba%d1%81%d0%b0-%d1%87%d0%b0%d0%b2%d0%b0%d1%80%d1%80%d1%96%d0%b0-2/,mantener,/uk/%d0%b4%d0%be%d1%81%d0%b2%d1%96%d0%b4-%d0%b4%d0%be%d0%ba%d1%82%d0%be%d1%80%d0%b0-%d1%84%d0%b5%d0%bb%d1%96%d0%ba%d1%81%d0%b0-%d1%87%d0%b0%d0%b2%d0%b0%d1%80%d1%80%d1%96%d0%b0-2/,200,Пацієнтка розповідає про свою трансформацію | Клініка «Белба»,,sitemap_only,0,0,"Parece página de prueba/plantilla/duplicado: confirmar si es contenido real (si no, 410 o 301) · OK Oscar 27/09: se mantiene literal"
/de/erfahrungen-dr-felix-chavarria-2/,mantener,/de/erfahrungen-dr-felix-chavarria-2/,200,Eine Patientin erzählt von ihrer Verwandlung | Klinik Belba,,sitemap_only,0,0,"Parece página de prueba/plantilla/duplicado: confirmar si es contenido real (si no, 410 o 301) · OK Oscar 27/09: se mantiene literal"
/it/esperienze-dr-felix-chavarria-2/,mantener,/it/esperienze-dr-felix-chavarria-2/,200,Una paziente racconta la sua trasformazione | Clínica Belba,,sitemap_only,0,0,"Parece página de prueba/plantilla/duplicado: confirmar si es contenido real (si no, 410 o 301) · OK Oscar 27/09: se mantiene literal"
/nl/ervaringen-dr-felix-chavarria-2/,mantener,/nl/ervaringen-dr-felix-chavarria-2/,200,Een patiënt vertelt over haar transformatie | Clínica Belba,,sitemap_only,0,0,"Parece página de prueba/plantilla/duplicado: confirmar si es contenido real (si no, 410 o 301) · OK Oscar 27/09: se mantiene literal"
/ca/experiencias-dr-felix-chavarria-2/,mantener,/ca/experiencias-dr-felix-chavarria-2/,200,Una pacient explica la seva transformació | Clínica Belba,,sitemap_only,0,0,"Parece página de prueba/plantilla/duplicado: confirmar si es contenido real (si no, 410 o 301) · OK Oscar 27/09: se mantiene literal"
/fr/experiences-du-dr-felix-chavarria-2/,mantener,/fr/experiences-du-dr-felix-chavarria-2/,200,Une patiente raconte sa transformation | Clinique Belba,,sitemap_only,0,0,"Parece página de prueba/plantilla/duplicado: confirmar si es contenido real (si no, 410 o 301) · OK Oscar 27/09: se mantiene literal"
/en/dr-felix-chavarria-experiences-2/,mantener,/en/dr-felix-chavarria-experiences-2/,200,A patient tells about her transformation | Clínica Belba,,sitemap_only,0,0,"Parece página de prueba/plantilla/duplicado: confirmar si es contenido real (si no, 410 o 301) · OK Oscar 27/09: se mantiene literal"
/ru/%d1%80%d0%b5%d1%86%d0%b5%d0%bd%d0%b7%d0%b8%d0%b8-%d0%b4%d0%be%d0%ba%d1%82%d0%be%d1%80%d0%b0-%d1%84%d0%b5%d0%bb%d0%b8%d0%ba%d1%81%d0%b0-%d1%87%d0%b0%d0%b2%d0%b0%d1%80%d1%80%d0%b8%d0%b8/,mantener,/ru/%d1%80%d0%b5%d1%86%d0%b5%d0%bd%d0%b7%d0%b8%d0%b8-%d0%b4%d0%be%d0%ba%d1%82%d0%be%d1%80%d0%b0-%d1%84%d0%b5%d0%bb%d0%b8%d0%ba%d1%81%d0%b0-%d1%87%d0%b0%d0%b2%d0%b0%d1%80%d1%80%d0%b8%d0%b8/,200,Отзыв пациентки после операции | Клиника Белба,,sitemap_only,0,0,
/uk/%d1%80%d0%b5%d1%86%d0%b5%d0%bd%d0%b7%d1%96%d1%97-%d0%bd%d0%b0-%d0%ba%d0%bd%d0%b8%d0%b3%d0%b8-%d0%b4%d0%be%d0%ba%d1%82%d0%be%d1%80%d0%b0-%d1%84%d0%b5%d0%bb%d1%96%d0%ba%d1%81%d0%b0-%d1%87%d0%b0%d0%b2/,mantener,/uk/%d1%80%d0%b5%d1%86%d0%b5%d0%bd%d0%b7%d1%96%d1%97-%d0%bd%d0%b0-%d0%ba%d0%bd%d0%b8%d0%b3%d0%b8-%d0%b4%d0%be%d0%ba%d1%82%d0%be%d1%80%d0%b0-%d1%84%d0%b5%d0%bb%d1%96%d0%ba%d1%81%d0%b0-%d1%87%d0%b0%d0%b2/,200,"Відгук пацієнтки, якій провели операцію | Клініка «Белба»",,sitemap_only,0,0,
/de/bewertungen-von-dr-felix-chavarria/,mantener,/de/bewertungen-von-dr-felix-chavarria/,200,La opinión de una paciente operada | Clínica Belba,,sitemap_only,0,0,
/it/recensioni-del-dott-felix-chavarria/,mantener,/it/recensioni-del-dott-felix-chavarria/,200,Il parere di una paziente operata | Clinica Belba,,sitemap_only,0,0,
/nl/recensies-dr-felix-chavarria/,mantener,/nl/recensies-dr-felix-chavarria/,200,De mening van een geopereerde patiënt | Clínica Belba,,sitemap_only,0,0,
/ca/resum-dr-felix-chavarria/,mantener,/ca/resum-dr-felix-chavarria/,200,La opinió d'una pacient operada | Clínica Belba,,sitemap_only,0,0,
/fr/avis-du-dr-felix-chavarria/,mantener,/fr/avis-du-dr-felix-chavarria/,200,Avis d’une patiente opérée | Clinique Belba,,sitemap_only,0,0,
/en/reviews-dr-felix-chavarria-2/,mantener,/en/reviews-dr-felix-chavarria-2/,200,Patient's Opinion After Surgery | Clínica Belba,,sitemap_only,0,0,"Parece página de prueba/plantilla/duplicado: confirmar si es contenido real (si no, 410 o 301) · OK Oscar 27/09: se mantiene literal"
/ru/%d0%be%d1%82%d0%b7%d1%8b%d0%b2%d1%8b-%d0%b8-%d1%81%d0%b2%d0%b8%d0%b4%d0%b5%d1%82%d0%b5%d0%bb%d1%8c%d1%81%d1%82%d0%b2%d0%b0-%d0%b4%d0%be%d0%ba%d1%82%d0%be%d1%80%d0%b0-%d1%84%d0%b5%d0%bb%d0%b8%d0%ba/,mantener,/ru/%d0%be%d1%82%d0%b7%d1%8b%d0%b2%d1%8b-%d0%b8-%d1%81%d0%b2%d0%b8%d0%b4%d0%b5%d1%82%d0%b5%d0%bb%d1%8c%d1%81%d1%82%d0%b2%d0%b0-%d0%b4%d0%be%d0%ba%d1%82%d0%be%d1%80%d0%b0-%d1%84%d0%b5%d0%bb%d0%b8%d0%ba/,200,Отзывы и свидетельства пациентов | Клиника Бельба,,sitemap_only,0,0,
/uk/%d0%b2%d1%96%d0%b4%d0%b3%d1%83%d0%ba%d0%b8-%d1%82%d0%b0-%d1%81%d0%b2%d1%96%d0%b4%d1%87%d0%b5%d0%bd%d0%bd%d1%8f-%d0%b4%d0%be%d0%ba%d1%82%d0%be%d1%80%d0%b0-%d1%84%d0%b5%d0%bb%d1%96%d0%ba%d1%81%d0%b0/,mantener,/uk/%d0%b2%d1%96%d0%b4%d0%b3%d1%83%d0%ba%d0%b8-%d1%82%d0%b0-%d1%81%d0%b2%d1%96%d0%b4%d1%87%d0%b5%d0%bd%d0%bd%d1%8f-%d0%b4%d0%be%d0%ba%d1%82%d0%be%d1%80%d0%b0-%d1%84%d0%b5%d0%bb%d1%96%d0%ba%d1%81%d0%b0/,200,Відгуки та свідчення пацієнтів | Клініка «Белба»,,sitemap_only,0,0,
/de/rezensionen-und-erfahrungsberichte-von-dr-felix-chavarria/,mantener,/de/rezensionen-und-erfahrungsberichte-von-dr-felix-chavarria/,200,Patientenrezensionen und Zeugnisse | Klinik Belba,,sitemap_only,0,0,
/it/recensioni-e-testimonianze-del-dr-felix-chavarria/,mantener,/it/recensioni-e-testimonianze-del-dr-felix-chavarria/,200,Reseñas y testimonios de pacientes | Clínica Belba,,sitemap_only,0,0,"Parece página de prueba/plantilla/duplicado: confirmar si es contenido real (si no, 410 o 301) · OK Oscar 27/09: se mantiene literal"
/nl/recensies-en-testimonials-van-dr-felix-chavarria/,mantener,/nl/recensies-en-testimonials-van-dr-felix-chavarria/,200,Beoordelingen en getuigenissen van patiënten | Kliniek Belba,,sitemap_only,0,0,"Parece página de prueba/plantilla/duplicado: confirmar si es contenido real (si no, 410 o 301) · OK Oscar 27/09: se mantiene literal"
/ca/resenas-y-testimonios-del-dr-felix-chavarria/,mantener,/ca/resenas-y-testimonios-del-dr-felix-chavarria/,200,Reseñas y testimonios de pacientes | Clínica Belba,,sitemap_only,0,0,"Parece página de prueba/plantilla/duplicado: confirmar si es contenido real (si no, 410 o 301) · OK Oscar 27/09: se mantiene literal"
/fr/avis-et-temoignages-du-dr-felix-chavarria/,mantener,/fr/avis-et-temoignages-du-dr-felix-chavarria/,200,Avis et témoignages de patients | Clinique Belba,,sitemap_only,0,1,
/en/reviews-and-testimonials-of-dr-felix-chavarria/,mantener,/en/reviews-and-testimonials-of-dr-felix-chavarria/,200,Patient Reviews and Testimonials | Belba Clinic,,sitemap_only,0,1,"Parece página de prueba/plantilla/duplicado: confirmar si es contenido real (si no, 410 o 301) · OK Oscar 27/09: se mantiene literal"
/ru/%d1%81%d0%b2%d0%b8%d0%b4%d0%b5%d1%82%d0%b5%d0%bb%d1%8c%d1%81%d1%82%d0%b2%d0%b0-%d0%b4%d0%be%d0%ba%d1%82%d0%be%d1%80%d0%b0-%d1%84%d0%b5%d0%bb%d0%b8%d0%ba%d1%81%d0%b0-%d1%87%d0%b0%d0%b2%d0%b0%d1%80-2/,mantener,/ru/%d1%81%d0%b2%d0%b8%d0%b4%d0%b5%d1%82%d0%b5%d0%bb%d1%8c%d1%81%d1%82%d0%b2%d0%b0-%d0%b4%d0%be%d0%ba%d1%82%d0%be%d1%80%d0%b0-%d1%84%d0%b5%d0%bb%d0%b8%d0%ba%d1%81%d0%b0-%d1%87%d0%b0%d0%b2%d0%b0%d1%80-2/,200,Свидетельства о докторе Чаваррии | Клиника Бельба,,sitemap_only,0,0,"Parece página de prueba/plantilla/duplicado: confirmar si es contenido real (si no, 410 o 301) · OK Oscar 27/09: se mantiene literal"
/uk/%d0%b2%d1%96%d0%b4%d0%b3%d1%83%d0%ba%d0%b8-%d0%b4%d0%be%d0%ba%d1%82%d0%be%d1%80%d0%b0-%d1%84%d0%b5%d0%bb%d1%96%d0%ba%d1%81%d0%b0-%d1%87%d0%b0%d0%b2%d0%b0%d1%80%d1%80%d1%96%d0%b0-2/,mantener,/uk/%d0%b2%d1%96%d0%b4%d0%b3%d1%83%d0%ba%d0%b8-%d0%b4%d0%be%d0%ba%d1%82%d0%be%d1%80%d0%b0-%d1%84%d0%b5%d0%bb%d1%96%d0%ba%d1%81%d0%b0-%d1%87%d0%b0%d0%b2%d0%b0%d1%80%d1%80%d1%96%d0%b0-2/,200,Відгуки про доктора Чаварріа | Клініка «Белба»,,sitemap_only,0,0,"Parece página de prueba/plantilla/duplicado: confirmar si es contenido real (si no, 410 o 301) · OK Oscar 27/09: se mantiene literal"
/de/zeugnisse-dr-felix-chavarria-2/,mantener,/de/zeugnisse-dr-felix-chavarria-2/,200,Zeugnisse über Dr. Chavarría | Klinik Belba,,sitemap_only,0,0,"Parece página de prueba/plantilla/duplicado: confirmar si es contenido real (si no, 410 o 301) · OK Oscar 27/09: se mantiene literal"
/it/testimonios-dr-felix-chavarria-2/,mantener,/it/testimonios-dr-felix-chavarria-2/,200,Testimonios sobre el Dr. Chavarría | Clínica Belba,,sitemap_only,0,0,"Parece página de prueba/plantilla/duplicado: confirmar si es contenido real (si no, 410 o 301) · OK Oscar 27/09: se mantiene literal"
/nl/testimonios-dr-felix-chavarria-2/,mantener,/nl/testimonios-dr-felix-chavarria-2/,200,Testimonios sobre el Dr. Chavarría | Clínica Belba,,sitemap_only,0,0,"Parece página de prueba/plantilla/duplicado: confirmar si es contenido real (si no, 410 o 301) · OK Oscar 27/09: se mantiene literal"
/ca/testimonios-dr-felix-chavarria-2/,mantener,/ca/testimonios-dr-felix-chavarria-2/,200,Testimonios sobre el Dr. Chavarría | Clínica Belba,,sitemap_only,0,0,"Parece página de prueba/plantilla/duplicado: confirmar si es contenido real (si no, 410 o 301) · OK Oscar 27/09: se mantiene literal"
/fr/temoignages-du-dr-felix-chavarria-2/,mantener,/fr/temoignages-du-dr-felix-chavarria-2/,200,Témoignages sur le Dr Chavarría | Clinique Belba,,sitemap_only,0,0,"Parece página de prueba/plantilla/duplicado: confirmar si es contenido real (si no, 410 o 301) · OK Oscar 27/09: se mantiene literal"
/en/testimonials-dr-felix-chavarria-2/,mantener,/en/testimonials-dr-felix-chavarria-2/,200,Testimonials about Dr. Chavarría | Clínica Belba,,sitemap_only,0,0,"Parece página de prueba/plantilla/duplicado: confirmar si es contenido real (si no, 410 o 301) · OK Oscar 27/09: se mantiene literal"
/ru/%d0%ba%d0%be%d0%bc%d0%bc%d0%b5%d0%bd%d1%82%d0%b0%d1%80%d0%b8%d0%b8-%d0%b4%d0%be%d0%ba%d1%82%d0%be%d1%80%d0%b0-%d1%84%d0%b5%d0%bb%d0%b8%d0%ba%d1%81%d0%b0-%d1%87%d0%b0%d0%b2%d0%b0%d1%80%d1%80%d0%b8/,mantener,/ru/%d0%ba%d0%be%d0%bc%d0%bc%d0%b5%d0%bd%d1%82%d0%b0%d1%80%d0%b8%d0%b8-%d0%b4%d0%be%d0%ba%d1%82%d0%be%d1%80%d0%b0-%d1%84%d0%b5%d0%bb%d0%b8%d0%ba%d1%81%d0%b0-%d1%87%d0%b0%d0%b2%d0%b0%d1%80%d1%80%d0%b8/,200,Что говорят ваши пациенты | Доктор Чаваррия · Бельба,,sitemap_only,0,0,
/uk/%d0%b2%d1%96%d0%b4%d0%b3%d1%83%d0%ba%d0%b8-%d0%bf%d0%b0%d1%86%d1%96%d1%94%d0%bd%d1%82%d1%96%d0%b2-%d0%bf%d1%80%d0%be-%d0%b4%d0%be%d0%ba%d1%82%d0%be%d1%80%d0%b0-%d1%84%d0%b5%d0%bb%d1%96%d0%ba%d1%81/,mantener,/uk/%d0%b2%d1%96%d0%b4%d0%b3%d1%83%d0%ba%d0%b8-%d0%bf%d0%b0%d1%86%d1%96%d1%94%d0%bd%d1%82%d1%96%d0%b2-%d0%bf%d1%80%d0%be-%d0%b4%d0%be%d0%ba%d1%82%d0%be%d1%80%d0%b0-%d1%84%d0%b5%d0%bb%d1%96%d0%ba%d1%81/,200,Що кажуть пацієнти | Д-р Чаваррія · Белба,,sitemap_only,0,0,
/de/kommentare-von-patienten-uber-dr-felix-chavarria/,mantener,/de/kommentare-von-patienten-uber-dr-felix-chavarria/,200,Was seine Patienten sagen | Dr. Chavarría · Belba,,sitemap_only,0,0,
/it/commenti-dei-pazienti-del-dr-felix-chavarria/,mantener,/it/commenti-dei-pazienti-del-dr-felix-chavarria/,200,Ciò che dicono i suoi pazienti | Dr. Chavarría · Belba,,sitemap_only,0,0,
/nl/opmerkingen-van-patienten-van-dr-felix-chavarria/,mantener,/nl/opmerkingen-van-patienten-van-dr-felix-chavarria/,200,Lo que dicen sus pacientes | Dr. Chavarría · Belba,,sitemap_only,0,0,
/ca/comentaris-del-dr-felix-chavarria-de-pacients/,mantener,/ca/comentaris-del-dr-felix-chavarria-de-pacients/,200,El que diuen els seus pacients | Dr. Chavarría · Belba,,sitemap_only,0,0,
/fr/comentarios-dr-felix-chavarria-de-pacientes/,mantener,/fr/comentarios-dr-felix-chavarria-de-pacientes/,200,Lo que dicen sus pacientes | Dr. Chavarría · Belba,,sitemap_only,0,0,
/en/dr-felix-chavarria-patient-reviews/,mantener,/en/dr-felix-chavarria-patient-reviews/,200,What his patients say | Dr. Chavarría · Belba,,sitemap_only,0,0,
/ru/%d0%be%d1%82%d0%b7%d1%8b%d0%b2%d1%8b-%d0%be-%d0%b4%d0%be%d0%ba%d1%82%d0%be%d1%80%d0%b5-%d1%87%d0%b0%d0%b2%d0%b0%d1%80%d1%80%d0%b8%d0%b8/,mantener,/ru/%d0%be%d1%82%d0%b7%d1%8b%d0%b2%d1%8b-%d0%be-%d0%b4%d0%be%d0%ba%d1%82%d0%be%d1%80%d0%b5-%d1%87%d0%b0%d0%b2%d0%b0%d1%80%d1%80%d0%b8%d0%b8/,200,Отзывы пациентов | Д-р Чаваррия · Бельба,,sitemap_only,0,0,
/uk/%d0%b2%d1%96%d0%b4%d0%b3%d1%83%d0%ba%d0%b8-%d0%bf%d1%80%d0%be-%d0%b4%d0%be%d0%ba%d1%82%d0%be%d1%80%d0%b0-%d1%87%d0%b0%d0%b2%d0%b0%d1%80%d1%80%d1%96%d0%b0/,mantener,/uk/%d0%b2%d1%96%d0%b4%d0%b3%d1%83%d0%ba%d0%b8-%d0%bf%d1%80%d0%be-%d0%b4%d0%be%d0%ba%d1%82%d0%be%d1%80%d0%b0-%d1%87%d0%b0%d0%b2%d0%b0%d1%80%d1%80%d1%96%d0%b0/,200,Відгуки пацієнтів | Д-р Чаваррія · Бельба,,sitemap_only,0,0,
/de/bewertungen-von-dr-chavarria/,mantener,/de/bewertungen-von-dr-chavarria/,200,Patientenbewertungen | Dr. Chavarría · Belba,,sitemap_only,0,0,
/it/recensioni-del-dr-chavarria-2/,mantener,/it/recensioni-del-dr-chavarria-2/,200,Valutazioni dei pazienti | Dr. Chavarría · Belba,,sitemap_only,0,0,"Parece página de prueba/plantilla/duplicado: confirmar si es contenido real (si no, 410 o 301) · OK Oscar 27/09: se mantiene literal"
/nl/reviews-del-dr-chavarria/,mantener,/nl/reviews-del-dr-chavarria/,200,Valoraciones de pacientes | Dr. Chavarría · Belba,,sitemap_only,0,0,
/ca/resums-del-dr-chavarria/,mantener,/ca/resums-del-dr-chavarria/,200,Valoracions de pacients | Dr. Chavarría · Belba,,sitemap_only,0,0,
/fr/avis-sur-le-dr-chavarria/,mantener,/fr/avis-sur-le-dr-chavarria/,200,Évaluations des patients | Dr. Chavarría · Belba,,sitemap_only,0,0,
/en/dr-chavarria-reviews-3/,mantener,/en/dr-chavarria-reviews-3/,200,Patient Reviews | Dr. Chavarría · Belba,,sitemap_only,0,0,
/ru/%d1%80%d0%b5%d0%b0%d0%bb%d1%8c%d0%bd%d1%8b%d0%b5-%d0%be%d1%82%d0%b7%d1%8b%d0%b2%d1%8b-%d0%b4%d0%be%d0%ba%d1%82%d0%be%d1%80-%d1%84%d0%b5%d0%bb%d0%b8%d0%ba%d1%81-%d1%87%d0%b0%d0%b2%d0%b0%d1%80%d1%80/,mantener,/ru/%d1%80%d0%b5%d0%b0%d0%bb%d1%8c%d0%bd%d1%8b%d0%b5-%d0%be%d1%82%d0%b7%d1%8b%d0%b2%d1%8b-%d0%b4%d0%be%d0%ba%d1%82%d0%be%d1%80-%d1%84%d0%b5%d0%bb%d0%b8%d0%ba%d1%81-%d1%87%d0%b0%d0%b2%d0%b0%d1%80%d1%80/,200,Реальные отзывы пациентов | Доктор Чаваррия · Бельба,,sitemap_only,0,0,
/uk/opiniones-reales-dr-felix-chavarria/,mantener,/uk/opiniones-reales-dr-felix-chavarria/,200,Opiniones reales de pacientes | Dr. Chavarría · Belba,,sitemap_only,0,0,
/de/echte-meinungen-dr-felix-chavarria/,mantener,/de/echte-meinungen-dr-felix-chavarria/,200,Reale Meinungen von Patienten | Dr. Chavarría · Belba,,sitemap_only,0,0,
/it/pareri-reali-del-dr-felix-chavarria/,mantener,/it/pareri-reali-del-dr-felix-chavarria/,200,Recensioni verificate dei pazienti | Dott. Chavarría · Belba,,sitemap_only,0,0,
/nl/echte-meningen-over-dr-felix-chavarria/,mantener,/nl/echte-meningen-over-dr-felix-chavarria/,200,Opiniones reales de pacientes | Dr. Chavarría · Belba,,sitemap_only,0,0,
/ca/opinions-reals-dr-felix-chavarria/,mantener,/ca/opinions-reals-dr-felix-chavarria/,200,Opinions reals de pacients | Dr. Chavarría · Belba,,sitemap_only,0,2,
/fr/avis-reels-dr-felix-chavarria/,mantener,/fr/avis-reels-dr-felix-chavarria/,200,Avis réels de patients | Dr. Chavarría · Belba,,sitemap_only,0,0,
/en/opiniones-reales-dr-felix-chavarria/,mantener,/en/opiniones-reales-dr-felix-chavarria/,200,Opiniones reales de pacientes | Dr. Chavarría · Belba,,sitemap_only,0,0,
/ru/reviews-dr-felix-chavarria/,mantener,/ru/reviews-dr-felix-chavarria/,200,Reviews del Dr. Félix Chavarría | Clínica Belba,,sitemap_only,0,0,
/uk/%d0%b2%d1%96%d0%b4%d0%b3%d1%83%d0%ba%d0%b8-%d0%bf%d1%80%d0%be-%d0%b4%d0%be%d0%ba%d1%82%d0%be%d1%80%d0%b0-%d1%84%d0%b5%d0%bb%d1%96%d0%ba%d1%81%d0%b0-%d1%87%d0%b0%d0%b2%d0%b0%d1%80%d1%80%d1%96%d0%b0-3/,mantener,/uk/%d0%b2%d1%96%d0%b4%d0%b3%d1%83%d0%ba%d0%b8-%d0%bf%d1%80%d0%be-%d0%b4%d0%be%d0%ba%d1%82%d0%be%d1%80%d0%b0-%d1%84%d0%b5%d0%bb%d1%96%d0%ba%d1%81%d0%b0-%d1%87%d0%b0%d0%b2%d0%b0%d1%80%d1%80%d1%96%d0%b0-3/,200,Відгуки про доктора Фелікса Чаварріа | Клініка «Белба»,,sitemap_only,0,0,
/de/bewertungen-dr-felix-chavarria/,mantener,/de/bewertungen-dr-felix-chavarria/,200,Bewertungen von Dr. Félix Chavarría | Clínica Belba,,sitemap_only,0,0,
/it/reviews-dr-felix-chavarria/,mantener,/it/reviews-dr-felix-chavarria/,200,Reviews del Dr. Félix Chavarría | Clínica Belba,,sitemap_only,0,0,
/nl/beoordelingen-dr-felix-chavarria-2/,mantener,/nl/beoordelingen-dr-felix-chavarria-2/,200,Recensies van Dr. Félix Chavarría | Clínica Belba,,sitemap_only,0,0,"Parece página de prueba/plantilla/duplicado: confirmar si es contenido real (si no, 410 o 301) · OK Oscar 27/09: se mantiene literal"
/ca/ressenyes-dr-felix-chavarria/,mantener,/ca/ressenyes-dr-felix-chavarria/,200,Ressenyes del Dr. Félix Chavarría | Clínica Belba,,sitemap_only,0,0,
/fr/avis-dr-felix-chavarria-3/,mantener,/fr/avis-dr-felix-chavarria-3/,200,Avis du Dr Félix Chavarría | Clinique Belba,,sitemap_only,0,0,
/en/reviews-dr-felix-chavarria/,mantener,/en/reviews-dr-felix-chavarria/,200,Reviews of Dr. Félix Chavarría | Clínica Belba,,sitemap_only,0,0,
/ru/%d1%81%d0%b2%d0%b8%d0%b4%d0%b5%d1%82%d0%b5%d0%bb%d1%8c%d1%81%d1%82%d0%b2%d0%b0-%d0%b4%d0%be%d0%ba%d1%82%d0%be%d1%80%d0%b0-%d1%84%d0%b5%d0%bb%d0%b8%d0%ba%d1%81%d0%b0-%d1%87%d0%b0%d0%b2%d0%b0%d1%80/,mantener,/ru/%d1%81%d0%b2%d0%b8%d0%b4%d0%b5%d1%82%d0%b5%d0%bb%d1%8c%d1%81%d1%82%d0%b2%d0%b0-%d0%b4%d0%be%d0%ba%d1%82%d0%be%d1%80%d0%b0-%d1%84%d0%b5%d0%bb%d0%b8%d0%ba%d1%81%d0%b0-%d1%87%d0%b0%d0%b2%d0%b0%d1%80/,200,Отзывы пациентов | Доктор Чаваррия · Belba,,sitemap_only,0,0,
/uk/%d0%b2%d1%96%d0%b4%d0%b3%d1%83%d0%ba%d0%b8-%d0%b4%d0%be%d0%ba%d1%82%d0%be%d1%80%d0%b0-%d1%84%d0%b5%d0%bb%d1%96%d0%ba%d1%81%d0%b0-%d1%87%d0%b0%d0%b2%d0%b0%d1%80%d1%80%d1%96%d0%b0/,mantener,/uk/%d0%b2%d1%96%d0%b4%d0%b3%d1%83%d0%ba%d0%b8-%d0%b4%d0%be%d0%ba%d1%82%d0%be%d1%80%d0%b0-%d1%84%d0%b5%d0%bb%d1%96%d0%ba%d1%81%d0%b0-%d1%87%d0%b0%d0%b2%d0%b0%d1%80%d1%80%d1%96%d0%b0/,200,Відгуки пацієнтів | Д-р Чаваррія · Белба,,sitemap_only,0,0,
/de/zeugenaussagen-dr-felix-chavarria/,mantener,/de/zeugenaussagen-dr-felix-chavarria/,200,Patientenstimmen | Dr. Chavarría · Belba,,sitemap_only,0,0,
/it/testimonianze-dr-felix-chavarria/,mantener,/it/testimonianze-dr-felix-chavarria/,200,Testimonianze dei pazienti | Dr. Chavarría · Belba,,sitemap_only,0,0,"Parece página de prueba/plantilla/duplicado: confirmar si es contenido real (si no, 410 o 301) · OK Oscar 27/09: se mantiene literal"
/nl/testimonios-dr-felix-chavarria/,mantener,/nl/testimonios-dr-felix-chavarria/,200,Testimonios de pacientes | Dr. Chavarría · Belba,,sitemap_only,0,0,"Parece página de prueba/plantilla/duplicado: confirmar si es contenido real (si no, 410 o 301) · OK Oscar 27/09: se mantiene literal"
/ca/testimonis-dr-felix-xavaria/,mantener,/ca/testimonis-dr-felix-xavaria/,200,Testimonis de pacients | Dr. Chavarría · Belba,,sitemap_only,0,0,"Parece página de prueba/plantilla/duplicado: confirmar si es contenido real (si no, 410 o 301) · OK Oscar 27/09: se mantiene literal"
/fr/temoignages-dr-felix-chavarria/,mantener,/fr/temoignages-dr-felix-chavarria/,200,Témoignages de patients | Dr. Chavarría · Belba,,sitemap_only,0,0,
/en/testimonials-dr-felix-chavarria/,mantener,/en/testimonials-dr-felix-chavarria/,200,Patient Testimonials | Dr. Chavarría · Belba,,sitemap_only,0,0,"Parece página de prueba/plantilla/duplicado: confirmar si es contenido real (si no, 410 o 301) · OK Oscar 27/09: se mantiene literal"
/ru/%d0%b4%d0%be%d0%ba%d1%82%d0%be%d1%80-%d1%84%d0%b5%d0%bb%d0%b8%d0%ba%d1%81-%d1%87%d0%b0%d0%b2%d0%b0%d1%80%d1%80%d0%b8%d0%b0-%d0%be%d0%bf%d1%8b%d1%82/,mantener,/ru/%d0%b4%d0%be%d0%ba%d1%82%d0%be%d1%80-%d1%84%d0%b5%d0%bb%d0%b8%d0%ba%d1%81-%d1%87%d0%b0%d0%b2%d0%b0%d1%80%d1%80%d0%b8%d0%b0-%d0%be%d0%bf%d1%8b%d1%82/,200,Experiencias con el Dr. Chavarría | Clínica Belba,,sitemap_only,0,0,
/uk/%d0%b4%d0%be%d0%ba%d1%82%d0%be%d1%80-%d1%84%d0%b5%d0%bb%d1%96%d0%ba%d1%81-%d1%87%d0%b0%d0%b2%d0%b0%d1%80%d1%80%d1%96%d1%8f-%d0%b4%d0%be%d1%81%d0%b2%d1%96%d0%b4/,mantener,/uk/%d0%b4%d0%be%d0%ba%d1%82%d0%be%d1%80-%d1%84%d0%b5%d0%bb%d1%96%d0%ba%d1%81-%d1%87%d0%b0%d0%b2%d0%b0%d1%80%d1%80%d1%96%d1%8f-%d0%b4%d0%be%d1%81%d0%b2%d1%96%d0%b4/,200,Досвід роботи з доктором Чаварріа | Клініка «Белба»,,sitemap_only,0,0,
/de/dr-felix-chavarrias-erfahrungen/,mantener,/de/dr-felix-chavarrias-erfahrungen/,200,Erfahrungen mit Dr. Chavarría | Belba Klinik,,sitemap_only,0,0,
/it/dr-felix-chavarria-esperienze/,mantener,/it/dr-felix-chavarria-esperienze/,200,Esperienze con il Dr. Chavarría | Clinica Belba,,sitemap_only,0,0,
/nl/dr-felix-chavarria-ervaringen/,mantener,/nl/dr-felix-chavarria-ervaringen/,200,Experiencias con el Dr. Chavarría | Clínica Belba,,sitemap_only,0,0,
/ca/dr-felix-chavarria-experiencias/,mantener,/ca/dr-felix-chavarria-experiencias/,200,Experiencias con el Dr. Chavarría | Clínica Belba,,sitemap_only,0,0,
/fr/dr-felix-chavarria-experiences/,mantener,/fr/dr-felix-chavarria-experiences/,200,Expériences avec le Dr. Chavarría | Clinique Belba,,sitemap_only,0,0,
/en/dr-felix-chavarria-experiences/,mantener,/en/dr-felix-chavarria-experiences/,200,Experiences with Dr. Chavarría | Clínica Belba,,sitemap_only,0,0,
/ru/%d1%83%d0%b2%d0%b5%d0%bb%d0%b8%d1%87%d0%b5%d0%bd%d0%b8%d0%b5-%d1%8f%d0%b3%d0%be/,mantener,/ru/%d1%83%d0%b2%d0%b5%d0%bb%d0%b8%d1%87%d0%b5%d0%bd%d0%b8%d0%b5-%d1%8f%d0%b3%d0%be/,200,Увеличение ягодиц в Барселоне | С гиалуроновой кислотой | BBL,,sitemap_only,0,1,
/uk/%d0%b7%d0%b1%d1%96%d0%bb%d1%8c%d1%88%d0%b5%d0%bd%d0%bd%d1%8f-%d1%81%d1%96%d0%b4%d0%bd%d0%b8%d1%86%d1%8c-%d1%83-%d0%b1%d0%b0%d1%80%d1%81%d0%b5%d0%bb%d0%be%d0%bd%d1%96/,mantener,/uk/%d0%b7%d0%b1%d1%96%d0%bb%d1%8c%d1%88%d0%b5%d0%bd%d0%bd%d1%8f-%d1%81%d1%96%d0%b4%d0%bd%d0%b8%d1%86%d1%8c-%d1%83-%d0%b1%d0%b0%d1%80%d1%81%d0%b5%d0%bb%d0%be%d0%bd%d1%96/,200,Збільшення сідниць у Барселоні | З використанням гіалуронової кислоти | BBL,,sitemap_only,0,0,
/de/gesasvergroserung-barcelona/,mantener,/de/gesasvergroserung-barcelona/,200,Gesäßvergrößerung in Barcelona | Mit Hyaluronsäure | BBL,,sitemap_only,0,0,
/it/aumento-di-glutei-barcellona/,mantener,/it/aumento-di-glutei-barcellona/,200,Aumento di glutei a Barcellona | Con acido ialuronico | BBL,,sitemap_only,0,0,
/nl/biljartkeu-grens/,mantener,/nl/biljartkeu-grens/,200,Bilvergroting in Barcelona | Met Hyaluronzuur | BBL,,sitemap_only,0,1,
/ca/augment-de-glutis-barcelona/,mantener,/ca/augment-de-glutis-barcelona/,200,Augment de glutis a Barcelona | Amb Àcid Hialurònic | BBL,,sitemap_only,0,6,
/fr/augmentation-des-fessiers-barcelone/,mantener,/fr/augmentation-des-fessiers-barcelone/,200,Augmentation des fesses à Barcelone | Avec de l'acide hyaluronique | BBL,,sitemap_only,0,9,
/en/buttock-augmentation-barcelona/,mantener,/en/buttock-augmentation-barcelona/,200,,,sitemap_only,0,8,Hoy en BUCLE de redirecciones (bug de slugs de TranslatePress) pese a ser la URL del hreflang. Se reconstruye con la traducción EN de TranslatePress (SQL) · OK Oscar 27/09
/ru/%d1%83%d0%b2%d0%b5%d0%bb%d0%b8%d1%87%d0%b8%d1%82%d1%8c-%d0%b3%d1%80%d1%83%d0%b4%d1%8c-%d1%82%d0%b5%d1%85%d0%bd%d0%b8%d0%ba%d0%b0-brst/,mantener,/ru/%d1%83%d0%b2%d0%b5%d0%bb%d0%b8%d1%87%d0%b8%d1%82%d1%8c-%d0%b3%d1%80%d1%83%d0%b4%d1%8c-%d1%82%d0%b5%d1%85%d0%bd%d0%b8%d0%ba%d0%b0-brst/,200,BRST-техника Увеличение груди | Клиника Belba ®🥇,,sitemap_only,0,0,
/uk/%d0%b7%d0%b1%d1%96%d0%bb%d1%8c%d1%88%d0%b5%d0%bd%d0%bd%d1%8f-%d0%b3%d1%80%d1%83%d0%b4%d0%b5%d0%b9-%d0%b7%d0%b0-%d0%b4%d0%be%d0%bf%d0%be%d0%bc%d0%be%d0%b3%d0%be%d1%8e-%d1%82%d0%b5%d1%85%d0%bd%d1%96/,mantener,/uk/%d0%b7%d0%b1%d1%96%d0%bb%d1%8c%d1%88%d0%b5%d0%bd%d0%bd%d1%8f-%d0%b3%d1%80%d1%83%d0%b4%d0%b5%d0%b9-%d0%b7%d0%b0-%d0%b4%d0%be%d0%bf%d0%be%d0%bc%d0%be%d0%b3%d0%be%d1%8e-%d1%82%d0%b5%d1%85%d0%bd%d1%96/,200,Метод BRST для збільшення грудей | Клініка Belba ®🥇,,sitemap_only,0,0,
/de/brustvergroserungstechnik/,mantener,/de/brustvergroserungstechnik/,200,BRST-Technik Brustvergrößerung | Klinik Belba ®🥇,,sitemap_only,0,0,
/it/mastoplastica-additiva-tecnica-b-r-s-t/,mantener,/it/mastoplastica-additiva-tecnica-b-r-s-t/,200,Tecnica BRST Aumento del seno | Clinica Belba ®🥇,,sitemap_only,0,0,
/nl/borstvergroting-techniek-brst/,mantener,/nl/borstvergroting-techniek-brst/,200,BRST-techniek Borstvergroting | Clinica Belba ®🥇,,sitemap_only,0,0,
/ca/augment-de-pit-tecnica-brst/,mantener,/ca/augment-de-pit-tecnica-brst/,200,Tècnica BRST Augment de pits | Clínica Belba ®🥇,,sitemap_only,0,0,
/fr/augmentation-mammaire-technique-brst/,mantener,/fr/augmentation-mammaire-technique-brst/,200,Technique BRST Augmentation mammaire | Clinique Belba ®🥇,,sitemap_only,0,0,
/en/breast-augmentation-brst-technique/,mantener,/en/breast-augmentation-brst-technique/,200,BRST Technique Breast Augmentation | Belba Clinic ®🥇,,sitemap_only,0,6,
/ru/%d0%bb%d0%b8%d0%bf%d0%be%d1%81%d0%b0%d0%ba%d1%86%d0%b8%d1%8f-%d0%b1%d0%b0%d1%80%d1%81%d0%b5%d0%bb%d0%be%d0%bd%d0%b0/,mantener,/ru/%d0%bb%d0%b8%d0%bf%d0%be%d1%81%d0%b0%d0%ba%d1%86%d0%b8%d1%8f-%d0%b1%d0%b0%d1%80%d1%81%d0%b5%d0%bb%d0%be%d0%bd%d0%b0/,200,Хирургия липосакции Барселона | Липоскульптура 360°,,sitemap_only,0,1,
/uk/%d0%bb%d1%96%d0%bf%d0%be%d1%81%d0%b0%d0%ba%d1%86%d1%96%d1%8f-%d0%b2-%d0%b1%d0%b0%d1%80%d1%81%d0%b5%d0%bb%d0%be%d0%bd%d1%96/,mantener,/uk/%d0%bb%d1%96%d0%bf%d0%be%d1%81%d0%b0%d0%ba%d1%86%d1%96%d1%8f-%d0%b2-%d0%b1%d0%b0%d1%80%d1%81%d0%b5%d0%bb%d0%be%d0%bd%d1%96/,200,ЛІПОСАКЦІЯ В БАРСЕЛОНІ | ЛІПОСКУЛЬПТУРА 360°,,sitemap_only,0,0,
/de/fettabsaugung-barcelona/,mantener,/de/fettabsaugung-barcelona/,200,Chirurgie Fettabsaugung Barcelona | Liposkulptur 360°,,sitemap_only,0,0,
/it/liposuzione-barcellona/,mantener,/it/liposuzione-barcellona/,200,CHIRURGIA DELLA LIPOSUZIONE A BARCELLONA | LIPOSCULTURA A 360°,,sitemap_only,0,1,
/nl/liposuctie-barcelona/,mantener,/nl/liposuctie-barcelona/,200,LIPOSUCTIE BARCELONA | LIPOESCULTUUR 360°,,sitemap_only,0,0,
/ca/liposuccio-barcelona/,mantener,/ca/liposuccio-barcelona/,200,CIRURGIA LIPOSUCCIÓ BADALONA | LIPOESCULTURA 360°,,sitemap_only,0,3,
/fr/liposuccion-barcelone/,mantener,/fr/liposuccion-barcelone/,200,CHIRURGIE LIPOSUCCION BARCELONE | LIPO SCULPTURE 360°,,sitemap_only,0,4,
/en/liposuction-barcelona/,mantener,/en/liposuction-barcelona/,200,LIPOSUCTION SURGERY BARCELONA | 360° LIPO CONTOURING,,sitemap_only,0,20,
/ru/%d0%bb%d0%b8%d0%bf%d0%be%d1%81%d0%b0%d0%ba%d1%86%d0%b8%d1%8f-%d0%b2%d1%8b%d1%81%d0%be%d0%ba%d0%be%d0%b9-%d1%87%d0%b5%d1%82%d0%ba%d0%be%d1%81%d1%82%d0%b8/,mantener,/ru/%d0%bb%d0%b8%d0%bf%d0%be%d1%81%d0%b0%d0%ba%d1%86%d0%b8%d1%8f-%d0%b2%d1%8b%d1%81%d0%be%d0%ba%d0%be%d0%b9-%d1%87%d0%b5%d1%82%d0%ba%d0%be%d1%81%d1%82%d0%b8/,200,Липо HD Барселона | Липо 4D | Клиника Бельба,,sitemap_only,0,1,
/uk/%d0%bb%d1%96%d0%bf%d0%be%d1%81%d0%b0%d0%ba%d1%86%d1%96%d1%8f-%d0%b2%d0%b8%d1%81%d0%be%d0%ba%d0%be%d1%97-%d1%87%d1%96%d1%82%d0%ba%d0%be%d1%81%d1%82%d1%96/,mantener,/uk/%d0%bb%d1%96%d0%bf%d0%be%d1%81%d0%b0%d0%ba%d1%86%d1%96%d1%8f-%d0%b2%d0%b8%d1%81%d0%be%d0%ba%d0%be%d1%97-%d1%87%d1%96%d1%82%d0%ba%d0%be%d1%81%d1%82%d1%96/,200,Lipo HD Барселона | Lipo 4D | Клініка «Белба»,,sitemap_only,0,0,
/de/hochdefinitions-fettabsaugung/,mantener,/de/hochdefinitions-fettabsaugung/,200,Lipo HD Barcelona | Lipo 4D | Klinik Belba,,sitemap_only,0,0,
/it/lipoaspirazione-ad-alta-definizione/,mantener,/it/lipoaspirazione-ad-alta-definizione/,200,Lipo HD Barcellona | Lipo 4D | Clinica Belba,,sitemap_only,0,1,
/nl/high-definition-liposuctie/,mantener,/nl/high-definition-liposuctie/,200,Lipo HD Barcelona | Lipo 4D | Clinica Belba,,sitemap_only,0,0,
/ca/liposuccio-dalta-definicio/,mantener,/ca/liposuccio-dalta-definicio/,200,Lipo HD Barcelona | Lipo 4D | Clínica Belba,,sitemap_only,0,0,
/fr/liposuccion-haute-definition/,mantener,/fr/liposuccion-haute-definition/,200,Lipo HD Barcelona | Lipo 4D | Clinica Belba,,sitemap_only,0,0,
/en/high-definition-liposuction/,mantener,/en/high-definition-liposuction/,200,Lipo HD Barcelona | Lipo 4D | Belba Clinic,,sitemap_only,0,14,
/ru/%d0%b6%d0%b8%d0%bc-%d1%80%d1%83%d0%ba%d0%b0%d0%bc%d0%b8/,mantener,/ru/%d0%b6%d0%b8%d0%bc-%d1%80%d1%83%d0%ba%d0%b0%d0%bc%d0%b8/,200,Брахиопластика Барселона или Подтяжка рук | Клиника BELBA,,sitemap_only,0,2,
/uk/%d0%bf%d1%96%d0%b4%d1%82%d1%8f%d0%b6%d0%ba%d0%b0-%d1%80%d1%83%d0%ba/,mantener,/uk/%d0%bf%d1%96%d0%b4%d1%82%d1%8f%d0%b6%d0%ba%d0%b0-%d1%80%d1%83%d0%ba/,200,Брахіопластика в Барселоні або підтяжка рук | Клініка BELBA,,sitemap_only,0,0,
/de/armheben/,mantener,/de/armheben/,200,Braquioplastik Barcelona oder Armstraffung | Klinik BELBA,,sitemap_only,0,3,
/it/sollevamento-delle-braccia/,mantener,/it/sollevamento-delle-braccia/,200,Braquioplastica Barcellona o Lifting delle Braccia | Clinica BELBA,,sitemap_only,0,3,
/nl/armen-heffen/,mantener,/nl/armen-heffen/,200,Braquioplastiek Barcelona of Armlift | Clínica BELBA,,sitemap_only,0,0,
/ca/elevacio-de-bracos/,mantener,/ca/elevacio-de-bracos/,200,Braquioplàstia Barcelona o Coll/Esculpir braços | Clínica BELBA,,sitemap_only,0,1,
/fr/lifting-des-bras/,mantener,/fr/lifting-des-bras/,200,Braquioplastie Barcelone ou Lifting des Bras | Clinique BELBA,,sitemap_only,0,5,
/en/arm-lift/,mantener,/en/arm-lift/,200,,,sitemap_only,0,2,Hoy en BUCLE de redirecciones (bug de slugs de TranslatePress) pese a ser la URL del hreflang. Se reconstruye con la traducción EN de TranslatePress (SQL) · OK Oscar 27/09
/ru/%d0%bc%d0%b0%d0%bc%d0%be%d1%87%d0%ba%d0%b8%d0%bd-%d0%bc%d0%b0%d0%ba%d0%b8%d1%8f%d0%b6-%d0%b1%d0%b0%d1%80%d1%81%d0%b5%d0%bb%d0%be%d0%bd%d0%b0/,mantener,/ru/%d0%bc%d0%b0%d0%bc%d0%be%d1%87%d0%ba%d0%b8%d0%bd-%d0%bc%d0%b0%d0%ba%d0%b8%d1%8f%d0%b6-%d0%b1%d0%b0%d1%80%d1%81%d0%b5%d0%bb%d0%be%d0%bd%d0%b0/,200,Материнский рестайлинг в Барселоне - Послеродовая хирургия 🥇,,sitemap_only,0,0,
/uk/%d0%bc%d0%b0%d0%bc%d0%b8%d0%bd%d0%b5-%d0%be%d0%bd%d0%be%d0%b2%d0%bb%d0%b5%d0%bd%d0%bd%d1%8f-%d1%83-%d0%b1%d0%b0%d1%80%d1%81%d0%b5%d0%bb%d0%be%d0%bd%d1%96/,mantener,/uk/%d0%bc%d0%b0%d0%bc%d0%b8%d0%bd%d0%b5-%d0%be%d0%bd%d0%be%d0%b2%d0%bb%d0%b5%d0%bd%d0%bd%d1%8f-%d1%83-%d0%b1%d0%b0%d1%80%d1%81%d0%b5%d0%bb%d0%be%d0%bd%d1%96/,200,«Mommy Makeover» у Барселоні — післяпологова хірургія 🥇,,sitemap_only,0,0,
/de/mutti-umstyling-barcelona/,mantener,/de/mutti-umstyling-barcelona/,200,Mutti-Makeover in Barcelona - Nach der Geburt Operation 🥇,,sitemap_only,0,0,
/it/mommy-makeover-barcellona/,mantener,/it/mommy-makeover-barcellona/,200,Mommy Makeover a Barcellona - Chirurgia Post-Parto 🥇,,sitemap_only,0,0,
/nl/mommy-makeover-barcelona/,mantener,/nl/mommy-makeover-barcelona/,200,Mommy Makeover en Barcelona - Postnatale chirurgie 🥇,,sitemap_only,0,1,
/ca/mommy-makeover-barcelona/,mantener,/ca/mommy-makeover-barcelona/,200,Mommy Makeover a Barcelona - Cirurgia Postpart 🥇,,sitemap_only,0,0,
/fr/maman-relooking-barcelone/,mantener,/fr/maman-relooking-barcelone/,200,Maman Métamorphosée à Barcelone - Chirurgie Post-Grossesse 🥇,,sitemap_only,0,0,
/en/mommy-makeover-barcelona/,mantener,/en/mommy-makeover-barcelona/,200,Mommy Makeover in Barcelona - Postpartum Surgery 🥇,,sitemap_only,0,9,
/ru/%d0%bf%d0%be%d0%b4%d1%82%d1%8f%d0%b6%d0%ba%d0%b0-%d0%b1%d0%b5%d0%b4%d0%b5%d1%80/,mantener,/ru/%d0%bf%d0%be%d0%b4%d1%82%d1%8f%d0%b6%d0%ba%d0%b0-%d0%b1%d0%b5%d0%b4%d0%b5%d1%80/,200,Лифтинг бедер в Барселоне | Круропластика ◁ © BELBA,,sitemap_only,0,1,
/uk/%d0%bf%d1%96%d0%b4%d1%82%d1%8f%d0%b6%d0%ba%d0%b0-%d1%81%d1%82%d0%b5%d0%b3%d0%be%d0%bd/,mantener,/uk/%d0%bf%d1%96%d0%b4%d1%82%d1%8f%d0%b6%d0%ba%d0%b0-%d1%81%d1%82%d0%b5%d0%b3%d0%be%d0%bd/,200,Підтяжка стегон у Барселоні | Круропластика ◁ © BELBA,,sitemap_only,0,0,
/de/oberschenkelstraffung/,mantener,/de/oberschenkelstraffung/,200,Oberschenkelstraffung in Barcelona | Cruroplastik ◁ © BELBA,,sitemap_only,0,1,
/it/lifting-delle-cosce/,mantener,/it/lifting-delle-cosce/,200,Lifting Cosce a Barcellona | Cruroplastica ◁ © BELBA,,sitemap_only,0,3,
/nl/lifting-van-de-dijen/,mantener,/nl/lifting-van-de-dijen/,200,Dijlift in Barcelona | Cruroplastie ◁ © BELBA,,sitemap_only,0,1,
/ca/elevacio-de-cuixes/,mantener,/ca/elevacio-de-cuixes/,200,Llifting de Muse­lls a Barcelona | Cruroplàstia ◁ © BELBA,,sitemap_only,0,0,
/fr/lifting-de-cuisse/,mantener,/fr/lifting-de-cuisse/,200,Lifting des Cuisses à Barcelone | Cruroplastie ◁ © BELBA,,sitemap_only,0,1,
/en/thigh-lift/,mantener,/en/thigh-lift/,200,Thigh Lift in Barcelona | Cruroplasty ◁ © BELBA,,sitemap_only,0,2,
/ru/%d0%bb%d0%b8%d0%bf%d0%be-%d0%b2%d0%b0%d0%b7%d0%b5%d1%80/,mantener,/ru/%d0%bb%d0%b8%d0%bf%d0%be-%d0%b2%d0%b0%d0%b7%d0%b5%d1%80/,200,Липо Васер Барселона | ЛипоВасер для тела | Клиника Бельба,,sitemap_only,0,2,
/uk/%d0%bb%d1%96%d0%bf%d0%be-%d0%b2%d0%b0%d0%b7%d0%b5%d1%80/,mantener,/uk/%d0%bb%d1%96%d0%bf%d0%be-%d0%b2%d0%b0%d0%b7%d0%b5%d1%80/,200,Lipo Vaser у Барселоні | Ліповазер для тіла | Клініка «Белба»,,sitemap_only,0,0,
/de/lipo-vaser/,mantener,/de/lipo-vaser/,200,Lipo Vaser Barcelona | Lipovaser Körper | Klinik Belba,,sitemap_only,0,2,
/it/lipo-vaser/,mantener,/it/lipo-vaser/,200,Lipo Vaser Barcelona | Lipovaser Corporeo | Clínica Belba,,sitemap_only,0,3,
/nl/lipo-vaser/,mantener,/nl/lipo-vaser/,200,Lipo Vaser Barcelona | Lichaamsliposuctie Vaser | Clínica Belba,,sitemap_only,0,0,
/ca/lipo-vaser/,mantener,/ca/lipo-vaser/,200,Lipo Vaser Barcelona | Lipo Vaser Corporal | Clínica Belba,,sitemap_only,0,2,
/fr/lipo-vaser/,mantener,/fr/lipo-vaser/,200,Lipo Vaser Barcelona | Lipovaser Corporal | Clínica Belba,,sitemap_only,0,0,
/en/vaser-liposuction/,mantener,/en/vaser-liposuction/,200,Lipo Vaser Barcelona | Body Lipo Vaser | Clínica Belba,,sitemap_only,0,17,
/ru/%d0%b3%d0%b8%d0%bd%d0%b5%d0%ba%d0%be%d0%bc%d0%b0%d1%81%d1%82%d0%b8%d1%8f-%d0%b1%d0%b0%d1%80%d1%81%d0%b5%d0%bb%d0%be%d0%bd%d0%b0/,mantener,/ru/%d0%b3%d0%b8%d0%bd%d0%b5%d0%ba%d0%be%d0%bc%d0%b0%d1%81%d1%82%d0%b8%d1%8f-%d0%b1%d0%b0%d1%80%d1%81%d0%b5%d0%bb%d0%be%d0%bd%d0%b0/,200,Ginecomastia en Barcelona - Cirugía Plástica - Clinica Belba,,sitemap_only,0,0,
/uk/%d0%b3%d1%96%d0%bd%d0%b5%d0%ba%d0%be%d0%bc%d0%b0%d1%81%d1%82%d1%96%d1%8f-%d0%b2-%d0%b1%d0%b0%d1%80%d1%81%d0%b5%d0%bb%d0%be%d0%bd%d1%96/,mantener,/uk/%d0%b3%d1%96%d0%bd%d0%b5%d0%ba%d0%be%d0%bc%d0%b0%d1%81%d1%82%d1%96%d1%8f-%d0%b2-%d0%b1%d0%b0%d1%80%d1%81%d0%b5%d0%bb%d0%be%d0%bd%d1%96/,200,Ginecomastia en Barcelona - Cirugía Plástica - Clinica Belba,,sitemap_only,0,0,
/de/ginekomastie-barcelona/,mantener,/de/ginekomastie-barcelona/,200,Ginecomastia en Barcelona - Cirugía Plástica - Clinica Belba,,sitemap_only,0,0,
/it/ginecomastia-barcellona/,mantener,/it/ginecomastia-barcellona/,200,Ginecomastia en Barcelona - Cirugía Plástica - Clinica Belba,,sitemap_only,0,2,
/nl/gynecomastie-barcelona/,mantener,/nl/gynecomastie-barcelona/,200,Ginecomastia en Barcelona - Cirugía Plástica - Clinica Belba,,sitemap_only,0,0,
/ca/ginecomastia-barcelona/,mantener,/ca/ginecomastia-barcelona/,200,Ginecomastia en Barcelona - Cirugía Plástica - Clinica Belba,,sitemap_only,0,5,
/fr/ginecomastia-barcelona/,mantener,/fr/ginecomastia-barcelona/,200,Ginecomastia en Barcelona - Cirugía Plástica - Clinica Belba,,sitemap_only,0,1,
/en/gynecomastia-barcelona/,mantener,/en/gynecomastia-barcelona/,200,,,sitemap_only,0,7,Hoy en BUCLE de redirecciones (bug de slugs de TranslatePress) pese a ser la URL del hreflang. Se reconstruye con la traducción EN de TranslatePress (SQL) · OK Oscar 27/09
/ru/%d1%80%d0%b8%d0%bd%d0%be%d0%bf%d0%bb%d0%b0%d1%81%d1%82%d0%b8%d0%ba%d0%b0-%d0%b1%d0%b0%d1%80%d1%81%d0%b5%d0%bb%d0%be%d0%bd%d0%b0/,mantener,/ru/%d1%80%d0%b8%d0%bd%d0%be%d0%bf%d0%bb%d0%b0%d1%81%d1%82%d0%b8%d0%ba%d0%b0-%d0%b1%d0%b0%d1%80%d1%81%d0%b5%d0%bb%d0%be%d0%bd%d0%b0/,200,Ринопластика и ультразвуковая ринопластика - Барселона - Клиника Белба,,sitemap_only,0,3,
/uk/%d1%80%d0%b8%d0%bd%d0%be%d0%bf%d0%bb%d0%b0%d1%81%d1%82%d0%b8%d0%ba%d0%b0-%d0%b2-%d0%b1%d0%b0%d1%80%d1%81%d0%b5%d0%bb%d0%be%d0%bd%d1%96/,mantener,/uk/%d1%80%d0%b8%d0%bd%d0%be%d0%bf%d0%bb%d0%b0%d1%81%d1%82%d0%b8%d0%ba%d0%b0-%d0%b2-%d0%b1%d0%b0%d1%80%d1%81%d0%b5%d0%bb%d0%be%d0%bd%d1%96/,200,Ринопластика та ультразвукова ринопластика — Барселона — Клініка «Белба»,,sitemap_only,0,0,
/de/rhinoplastik-barcelona/,mantener,/de/rhinoplastik-barcelona/,200,Rhinoplastik und ultraschallgestützte Rhinoplastik - Barcelona - Clinica Belba,,sitemap_only,0,0,
/it/rinoplastica-barcellona/,mantener,/it/rinoplastica-barcellona/,200,Rinoplastica e Rinoplastica Ultr,,sitemap_only,0,1,
/nl/rinoplastiek-barcelona/,mantener,/nl/rinoplastiek-barcelona/,200,Rinoplastiek en ultrasone rinoplastiek - Barcelona - Clinica Belba,,sitemap_only,0,0,
/ca/rinoplastia-barcelona/,mantener,/ca/rinoplastia-barcelona/,200,Rinoplàstia i Rinoplàstia Ultrasònica - Barcelona - Clínica Belba,,sitemap_only,0,2,
/fr/rhinoplastie-barcelone/,mantener,/fr/rhinoplastie-barcelone/,200,Rhinoplastie et Rhinoplastie Ultrasonique - Barcelone - Clinica Belba,,sitemap_only,0,4,
/en/rhinoplasty-barcelona/,mantener,/en/rhinoplasty-barcelona/,200,Rhinoplasty and Ultrasonic Rhinoplasty - Barcelona - Clinica Belba,,sitemap_only,0,12,
/ru/%d0%b1%d0%bb%d0%b5%d1%84%d0%b0%d1%80%d0%be%d0%bf%d0%bb%d0%b0%d1%81%d1%82%d0%b8%d0%ba%d0%b0/,mantener,/ru/%d0%b1%d0%bb%d0%b5%d1%84%d0%b0%d1%80%d0%be%d0%bf%d0%bb%d0%b0%d1%81%d1%82%d0%b8%d0%ba%d0%b0/,200,Блефаропластика в Барселоне | Пластика век,,sitemap_only,0,2,
/uk/%d0%b1%d0%bb%d0%b5%d1%84%d0%b0%d1%80%d0%be%d0%bf%d0%bb%d0%b0%d1%81%d1%82%d0%b8%d0%ba%d0%b0/,mantener,/uk/%d0%b1%d0%bb%d0%b5%d1%84%d0%b0%d1%80%d0%be%d0%bf%d0%bb%d0%b0%d1%81%d1%82%d0%b8%d0%ba%d0%b0/,200,Блефаропластика в Барселоні | Хірургія повік,,sitemap_only,0,0,
/de/blepharoplastik/,mantener,/de/blepharoplastik/,200,Blepharoplastik in Barcelona | Augenlidoperation,,sitemap_only,0,2,
/it/blefaroplastica/,mantener,/it/blefaroplastica/,200,Blefaroplastica a Barcellona | Chirurgia delle palpebre,,sitemap_only,0,0,
/nl/blefaroplastiek/,mantener,/nl/blefaroplastiek/,200,Blefaroplastie in Barcelona | Ooglidcorrectie,,sitemap_only,0,3,
/ca/blefaroplastia/,mantener,/ca/blefaroplastia/,200,Blefaroplàstia a Barcelona | Cirurgia de parpelles,,sitemap_only,0,3,
/fr/blepharoplastie/,mantener,/fr/blepharoplastie/,200,Blépharoplastie à Barcelone | Chirurgie des paupières,,sitemap_only,0,4,
/en/blepharoplasty/,mantener,/en/blepharoplasty/,200,Blepharoplasty in Barcelona | Eyelid Surgery,,sitemap_only,0,5,
/ru/%d0%be%d1%82%d0%be%d0%bf%d0%bb%d0%b0%d1%81%d1%82%d0%b8%d0%ba%d0%b0/,mantener,/ru/%d0%be%d1%82%d0%be%d0%bf%d0%bb%d0%b0%d1%81%d1%82%d0%b8%d0%ba%d0%b0/,200,Отопластика - Барселона - Пластика ушей - Доктор Майк Девевер,,sitemap_only,0,2,
/uk/%d0%be%d1%82%d0%be%d0%bf%d0%bb%d0%b0%d1%81%d1%82%d0%b8%d0%ba%d0%b0/,mantener,/uk/%d0%be%d1%82%d0%be%d0%bf%d0%bb%d0%b0%d1%81%d1%82%d0%b8%d0%ba%d0%b0/,200,Отопластика — Барселона — Хірургія вух — д-р Майк Девевер,,sitemap_only,0,0,
/de/ohrenkorrektur/,mantener,/de/ohrenkorrektur/,200,Otoplastik - Barcelona - Ohrenchirurgie - Dr. Mike Dewever,,sitemap_only,0,1,
/it/otoplastica/,mantener,/it/otoplastica/,200,Otoplastica - Barcellona - Chirurgia delle Orecchie - Dr. Mike Dewever,,sitemap_only,0,1,
/nl/otoplastie/,mantener,/nl/otoplastie/,200,Otoplastiek - Barcelona - Oorcorrectie - Dr. Mike Dewever,,sitemap_only,0,0,
/ca/otoplastia/,mantener,/ca/otoplastia/,200,Otoplàstia - Barcelona - Cirurgia d'Orelles - Dr. Mike Dewever,,sitemap_only,0,3,
/fr/otoplastie/,mantener,/fr/otoplastie/,200,Otoplastie - Barcelone - Chirurgie des oreilles - Dr. Mike Dewever,,sitemap_only,0,3,
/en/otoplasty/,mantener,/en/otoplasty/,200,Otoplasty - Barcelona - Ear Surgery - Dr. Mike Dewever,,sitemap_only,0,3,
/ru/%d0%bb%d0%b8%d1%84%d1%82%d0%b8%d0%bd%d0%b3-%d0%bb%d0%b8%d1%86%d0%b0-%d0%b1%d0%b0%d1%80%d1%81%d0%b5%d0%bb%d0%be%d0%bd%d0%b0/,mantener,/ru/%d0%bb%d0%b8%d1%84%d1%82%d0%b8%d0%bd%d0%b3-%d0%bb%d0%b8%d1%86%d0%b0-%d0%b1%d0%b0%d1%80%d1%81%d0%b5%d0%bb%d0%be%d0%bd%d0%b0/,200,Подтяжка лица - Барселона - Клиника Бельба,,sitemap_only,0,1,
/uk/%d0%bf%d1%96%d0%b4%d1%82%d1%8f%d0%b6%d0%ba%d0%b0-%d0%be%d0%b1%d0%bb%d0%b8%d1%87%d1%87%d1%8f-%d0%b2-%d0%b1%d0%b0%d1%80%d1%81%d0%b5%d0%bb%d0%be%d0%bd%d1%96/,mantener,/uk/%d0%bf%d1%96%d0%b4%d1%82%d1%8f%d0%b6%d0%ba%d0%b0-%d0%be%d0%b1%d0%bb%d0%b8%d1%87%d1%87%d1%8f-%d0%b2-%d0%b1%d0%b0%d1%80%d1%81%d0%b5%d0%bb%d0%be%d0%bd%d1%96/,200,Ліфтинг обличчя — Барселона — Клініка «Белба»,,sitemap_only,0,0,
/de/gesichtsstraffung-barcelona/,mantener,/de/gesichtsstraffung-barcelona/,200,Gesichtsstraffung - Barcelona - Clinica Belba,,sitemap_only,0,0,
/it/lifting-facciale-barcellona/,mantener,/it/lifting-facciale-barcellona/,200,Lifting del Viso - Barcellona - Clinica Belba,,sitemap_only,0,0,
/nl/gezichtsbehandeling-barcelona/,mantener,/nl/gezichtsbehandeling-barcelona/,200,Facelift - Barcelona - Clinica Belba,,sitemap_only,0,2,
/ca/lifting-facial-barcelona/,mantener,/ca/lifting-facial-barcelona/,200,Llifting Facial - Barcelona - Clínica Belba,,sitemap_only,0,0,
/fr/lifting-facial-barcelone/,mantener,/fr/lifting-facial-barcelone/,200,Lifting Facial - Barcelone - Clinica Belba,,sitemap_only,0,0,
/en/facelift-barcelona/,mantener,/en/facelift-barcelona/,200,Facial Lifting - Barcelona - Clinica Belba,,sitemap_only,0,1,
/ru/%d0%bc%d0%b8%d0%bd%d0%b8-%d0%bb%d0%b8%d1%84%d1%82%d0%b8%d0%bd%d0%b3-%d0%bb%d0%b8%d1%86%d0%b0-%d0%b1%d0%b0%d1%80%d1%81%d0%b5%d0%bb%d0%be%d0%bd%d0%b0/,mantener,/ru/%d0%bc%d0%b8%d0%bd%d0%b8-%d0%bb%d0%b8%d1%84%d1%82%d0%b8%d0%bd%d0%b3-%d0%bb%d0%b8%d1%86%d0%b0-%d0%b1%d0%b0%d1%80%d1%81%d0%b5%d0%bb%d0%be%d0%bd%d0%b0/,200,Мини-лифтинг лица в Барселоне | Клиника Бельба ⭐,,sitemap_only,0,1,
/uk/%d0%bc%d1%96%d0%bd%d1%96-%d0%bb%d1%96%d1%84%d1%82%d0%b8%d0%bd%d0%b3-%d0%be%d0%b1%d0%bb%d0%b8%d1%87%d1%87%d1%8f-%d0%b2-%d0%b1%d0%b0%d1%80%d1%81%d0%b5%d0%bb%d0%be%d0%bd%d1%96/,mantener,/uk/%d0%bc%d1%96%d0%bd%d1%96-%d0%bb%d1%96%d1%84%d1%82%d0%b8%d0%bd%d0%b3-%d0%be%d0%b1%d0%bb%d0%b8%d1%87%d1%87%d1%8f-%d0%b2-%d0%b1%d0%b0%d1%80%d1%81%d0%b5%d0%bb%d0%be%d0%bd%d1%96/,200,Міні-ліфтинг обличчя в Барселоні | Клініка «Белба» ⭐,,sitemap_only,0,0,
/de/mini-lifting-gesicht-barcelona/,mantener,/de/mini-lifting-gesicht-barcelona/,200,MiniFacelift in Barcelona | Belba Klinik ⭐,,sitemap_only,0,0,
/it/mini-lifting-facciale-barcellona/,mantener,/it/mini-lifting-facciale-barcellona/,200,MiniLifting Facciale a Barcellona | Clinica Belba ⭐,,sitemap_only,0,0,
/nl/mini-facelift-barcelona/,mantener,/nl/mini-facelift-barcelona/,200,MiniFacelift Gezicht en Barcelona | Clinica Belba ⭐,,sitemap_only,0,1,
/ca/mini-lifting-facial-barcelona/,mantener,/ca/mini-lifting-facial-barcelona/,200,MiniLifting Facial a Barcelona | Clínica Belba ⭐,,sitemap_only,0,0,
/fr/mini-lifting-facial-barcelone/,mantener,/fr/mini-lifting-facial-barcelone/,200,MiniLifting Facial à Barcelone | Clinique Belba ⭐,,sitemap_only,0,0,
/en/mini-lifting-facial-barcelona/,mantener,/en/mini-lifting-facial-barcelona/,200,MiniLifting Facial en Barcelona | Clinica Belba ⭐,,sitemap_only,0,0,
/ru/%d0%bb%d0%be%d0%b1%d1%83%d0%bb%d0%be%d0%bf%d0%bb%d0%b0%d1%81%d1%82%d0%b8%d0%ba%d0%b0-%d0%b1%d0%b0%d1%80%d1%81%d0%b5%d0%bb%d0%be%d0%bd%d0%b0/,mantener,/ru/%d0%bb%d0%be%d0%b1%d1%83%d0%bb%d0%be%d0%bf%d0%bb%d0%b0%d1%81%d1%82%d0%b8%d0%ba%d0%b0-%d0%b1%d0%b0%d1%80%d1%81%d0%b5%d0%bb%d0%be%d0%bd%d0%b0/,200,【 Лобопластика Барселона | Коррекция мочек ушей 】®,,sitemap_only,0,0,
/uk/%d0%bb%d0%be%d0%b1%d1%83%d0%bb%d0%be%d0%bf%d0%bb%d0%b0%d1%81%d1%82%d0%b8%d0%ba%d0%b0-%d0%b2-%d0%b1%d0%b0%d1%80%d1%81%d0%b5%d0%bb%d0%be%d0%bd%d1%96/,mantener,/uk/%d0%bb%d0%be%d0%b1%d1%83%d0%bb%d0%be%d0%bf%d0%bb%d0%b0%d1%81%d1%82%d0%b8%d0%ba%d0%b0-%d0%b2-%d0%b1%d0%b0%d1%80%d1%81%d0%b5%d0%bb%d0%be%d0%bd%d1%96/,200,【 Лобулопластика в Барселоні | Корекція мочок вух 】®,,sitemap_only,0,0,
/de/lobuloplastik-barcelona/,mantener,/de/lobuloplastik-barcelona/,200,Lobuloplastik Barcelona | Korrektur Ohrläppchen ®,,sitemap_only,0,0,
/it/lobuloplastica-barcellona/,mantener,/it/lobuloplastica-barcellona/,200,Lobuloplastica Barcellona | Correzione Lobi Orecchie,,sitemap_only,0,0,
/nl/lobuloplastiek-barcelona/,mantener,/nl/lobuloplastiek-barcelona/,200,Lobuloplastiek Barcelona | Oorlelcorrectie ®,,sitemap_only,0,0,
/ca/lobuloplastia-barcelona/,mantener,/ca/lobuloplastia-barcelona/,200,【 Lobuloplàstia Barcelona | Correcció lòbul orelles 】®,,sitemap_only,0,1,
/fr/lobuloplastia-barcelona/,mantener,/fr/lobuloplastia-barcelona/,200,【 Lobuloplastie Barcelone | Correction du lobe d'oreille 】®,,sitemap_only,0,3,
/en/lobuloplasty-barcelona/,mantener,/en/lobuloplasty-barcelona/,200,Lobuloplasty Barcelona | Ear Lobe Correction,,sitemap_only,0,2,
/ru/%d0%bc%d0%b5%d0%bd%d1%82%d0%be%d0%bf%d0%bb%d0%b0%d1%81%d1%82%d0%b8%d0%ba%d0%b0-%d0%b1%d0%b0%d1%80%d1%81%d0%b5%d0%bb%d0%be%d0%bd%d0%b0/,mantener,/ru/%d0%bc%d0%b5%d0%bd%d1%82%d0%be%d0%bf%d0%bb%d0%b0%d1%81%d1%82%d0%b8%d0%ba%d0%b0-%d0%b1%d0%b0%d1%80%d1%81%d0%b5%d0%bb%d0%be%d0%bd%d0%b0/,200,Mentoplastia Barcelona | Cirugía plástica de Mentón | Belba,,sitemap_only,0,1,
/uk/%d0%bc%d0%b5%d0%bd%d1%82%d0%be%d0%bf%d0%bb%d0%b0%d1%81%d1%82%d0%b8%d0%ba%d0%b0-%d0%b2-%d0%b1%d0%b0%d1%80%d1%81%d0%b5%d0%bb%d0%be%d0%bd%d1%96/,mantener,/uk/%d0%bc%d0%b5%d0%bd%d1%82%d0%be%d0%bf%d0%bb%d0%b0%d1%81%d1%82%d0%b8%d0%ba%d0%b0-%d0%b2-%d0%b1%d0%b0%d1%80%d1%81%d0%b5%d0%bb%d0%be%d0%bd%d1%96/,200,Mentoplastia Barcelona | Cirugía plástica de Mentón | Belba,,sitemap_only,0,0,
/de/mentoplastik-barcelona/,mantener,/de/mentoplastik-barcelona/,200,Mentoplastia Barcelona | Cirugía plástica de Mentón | Belba,,sitemap_only,0,0,
/it/mentoplastica-barcellona/,mantener,/it/mentoplastica-barcellona/,200,Mentoplastia Barcelona | Cirugía plástica de Mentón | Belba,,sitemap_only,0,0,
/nl/mentoplastiek-barcelona/,mantener,/nl/mentoplastiek-barcelona/,200,Mentoplastia Barcelona | Cirugía plástica de Mentón | Belba,,sitemap_only,0,0,
/ca/mentoplastia-barcelona/,mantener,/ca/mentoplastia-barcelona/,200,Mentoplastia Barcelona | Cirugía plástica de Mentón | Belba,,sitemap_only,0,0,
/fr/mentoplastia-barcelona/,mantener,/fr/mentoplastia-barcelona/,200,Mentoplastia Barcelona | Cirugía plástica de Mentón | Belba,,sitemap_only,0,1,
/en/mentoplasty-barcelona/,mantener,/en/mentoplasty-barcelona/,200,Mentoplastia Barcelona | Cirugía plástica de Mentón | Belba,,sitemap_only,0,13,
/ru/%d1%80%d0%b8%d0%bd%d0%be%d0%bc%d0%be%d0%b4%d0%b5%d0%bb%d0%b8%d1%80%d0%be%d0%b2%d0%b0%d0%bd%d0%b8%d0%b5-%d0%b1%d0%b0%d1%80%d1%81%d0%b5%d0%bb%d0%be%d0%bd%d0%b0/,mantener,/ru/%d1%80%d0%b8%d0%bd%d0%be%d0%bc%d0%be%d0%b4%d0%b5%d0%bb%d0%b8%d1%80%d0%be%d0%b2%d0%b0%d0%bd%d0%b8%d0%b5-%d0%b1%d0%b0%d1%80%d1%81%d0%b5%d0%bb%d0%be%d0%bd%d0%b0/,200,Риномоделирование в Барселоне без операции - Клиника Belba ®,,sitemap_only,0,2,
/uk/%d1%80%d0%b8%d0%bd%d0%be%d0%bf%d0%bb%d0%b0%d1%81%d1%82%d0%b8%d0%ba%d0%b0-%d0%b2-%d0%b1%d0%b0%d1%80%d1%81%d0%b5%d0%bb%d0%be%d0%bd%d1%96-2/,mantener,/uk/%d1%80%d0%b8%d0%bd%d0%be%d0%bf%d0%bb%d0%b0%d1%81%d1%82%d0%b8%d0%ba%d0%b0-%d0%b2-%d0%b1%d0%b0%d1%80%d1%81%d0%b5%d0%bb%d0%be%d0%bd%d1%96-2/,200,Рінопластика в Барселоні без хірургічного втручання — Клініка Belba ®,,sitemap_only,0,0,"Parece página de prueba/plantilla/duplicado: confirmar si es contenido real (si no, 410 o 301) · OK Oscar 27/09: se mantiene literal"
/de/rinomodellierung-barcelona/,mantener,/de/rinomodellierung-barcelona/,200,Rinomodellierung in Barcelona Ohne Operation - Klinik Belba ®,,sitemap_only,0,0,
/it/rinoplastica-a-barcellona/,mantener,/it/rinoplastica-a-barcellona/,200,Rinmodellazione a Barcellona Senza Chirurgia - Clinica Belba ®,,sitemap_only,0,1,
/nl/rinomodelacion-barcelona/,mantener,/nl/rinomodelacion-barcelona/,200,Rinomodelación in Barcelona Zonder Chirurgie - Clinica Belba ®,,sitemap_only,0,0,
/ca/rinomodelacio-barcelona/,mantener,/ca/rinomodelacio-barcelona/,200,Rinomodel·lació a Barcelona Sense Cirurgia - Clínica Belba ®,,sitemap_only,0,0,
/fr/rinomodelacion-barcelona/,mantener,/fr/rinomodelacion-barcelona/,200,Rinomodélisation à Barcelone sans chirurgie - Clinique Belba ®,,sitemap_only,0,4,
/en/rhinomodeling-barcelona/,mantener,/en/rhinomodeling-barcelona/,200,Nose Reshaping in Barcelona Without Surgery - Clinica Belba ®,,sitemap_only,0,0,
/ru/%d0%b0%d0%b1%d0%b4%d0%be%d0%bc%d0%b8%d0%bd%d0%be%d0%bf%d0%bb%d0%b0%d1%81%d1%82%d0%b8%d0%ba%d0%b0-%d0%b1%d0%b0%d1%80%d1%81%d0%b5%d0%bb%d0%be%d0%bd%d0%b0/,mantener,/ru/%d0%b0%d0%b1%d0%b4%d0%be%d0%bc%d0%b8%d0%bd%d0%be%d0%bf%d0%bb%d0%b0%d1%81%d1%82%d0%b8%d0%ba%d0%b0-%d0%b1%d0%b0%d1%80%d1%81%d0%b5%d0%bb%d0%be%d0%bd%d0%b0/,200,Абдоминопластика в Барселоне - Пластика живота - Клиника Бельба,,sitemap_only,0,1,
/uk/%d0%b0%d0%b1%d0%b4%d0%be%d0%bc%d1%96%d0%bd%d0%be%d0%bf%d0%bb%d0%b0%d1%81%d1%82%d0%b8%d0%ba%d0%b0-%d0%b2-%d0%b1%d0%b0%d1%80%d1%81%d0%b5%d0%bb%d0%be%d0%bd%d1%96/,mantener,/uk/%d0%b0%d0%b1%d0%b4%d0%be%d0%bc%d1%96%d0%bd%d0%be%d0%bf%d0%bb%d0%b0%d1%81%d1%82%d0%b8%d0%ba%d0%b0-%d0%b2-%d0%b1%d0%b0%d1%80%d1%81%d0%b5%d0%bb%d0%be%d0%bd%d1%96/,200,Абдомінопластика в Барселоні — Хірургія черевної порожнини — Клініка «Белба»,,sitemap_only,0,0,
/de/bauchdeckenstraffung-barcelona/,mantener,/de/bauchdeckenstraffung-barcelona/,200,Bauchdeckenstraffung in Barcelona - Bauchoperation - Klinik Belba,,sitemap_only,0,0,
/it/addominoplastica-barcellona/,mantener,/it/addominoplastica-barcellona/,200,Addominoplastica a Barcellona - Chirurgia Addominale - Clinica Belba,,sitemap_only,0,0,
/nl/buikwandcorrectie-barcelona/,mantener,/nl/buikwandcorrectie-barcelona/,200,Buikwandcorrectie in Barcelona - Abdominale Chirurgie - Clínica Belba,,sitemap_only,0,2,
/ca/abdominoplastia-barcelona/,mantener,/ca/abdominoplastia-barcelona/,200,Abdominoplàstia a Barcelona - Cirurgia Abdominal - Clínica Belba,,sitemap_only,0,0,
/fr/abdominoplastie-barcelone/,mantener,/fr/abdominoplastie-barcelone/,200,Abdominoplastie à Barcelone - Chirurgie abdominale - Clinique Belba,,sitemap_only,0,1,
/en/tummy-tuck-barcelona/,mantener,/en/tummy-tuck-barcelona/,200,Abdominoplasty in Barcelona - Abdominal Surgery - Belba Clinic,,sitemap_only,0,1,
/ru/%d1%80%d0%b5%d0%b4%d1%83%d0%ba%d1%86%d0%b8%d1%8f-%d0%b0%d1%80%d0%b5%d0%be%d0%bb%d1%8b/,mantener,/ru/%d1%80%d0%b5%d0%b4%d1%83%d0%ba%d1%86%d0%b8%d1%8f-%d0%b0%d1%80%d0%b5%d0%be%d0%bb%d1%8b/,200,Уменьшение ареолы | Уменьшение соска | Клиника Belba,,sitemap_only,0,16,
/uk/%d0%b7%d0%bc%d0%b5%d0%bd%d1%88%d0%b5%d0%bd%d0%bd%d1%8f-%d0%b0%d1%80%d0%b5%d0%be%d0%bb%d0%b8/,mantener,/uk/%d0%b7%d0%bc%d0%b5%d0%bd%d1%88%d0%b5%d0%bd%d0%bd%d1%8f-%d0%b0%d1%80%d0%b5%d0%be%d0%bb%d0%b8/,200,Зменшення ареоли | Зменшення соска | Клініка «Белба»,,sitemap_only,0,0,
/de/brustwarzenhofverkleinerung/,mantener,/de/brustwarzenhofverkleinerung/,200,Areolaverkleinerung | Brustwarzenverkleinerung | Klinik Belba,,sitemap_only,0,3,
/it/riduzione-dellareola/,mantener,/it/riduzione-dellareola/,200,Riduzione dell'Areola | Riduzione del Capezzolo | Clinica Belba,,sitemap_only,0,22,
/nl/reductie-van-de-areola/,mantener,/nl/reductie-van-de-areola/,200,Areolaverkleining | Tepelverkleining | Clínica Belba,,sitemap_only,0,2,
/ca/reduccio-dareola/,mantener,/ca/reduccio-dareola/,200,Reducció d'Areola | Reducció de Mugró | Clínica Belba,,sitemap_only,0,1,
/fr/reduction-dareole/,mantener,/fr/reduction-dareole/,200,Réduction de l'aréole | Réduction du mamelon | Clinique Belba,,sitemap_only,0,5,
/en/areola-reduction/,mantener,/en/areola-reduction/,200,Areola Reduction | Nipple Reduction | Clínica Belba,,sitemap_only,0,10,
/ru/%d0%bc%d0%b8%d0%bd%d0%b8%d0%bc%d0%b0%d0%bb%d1%8c%d0%bd%d1%8b%d0%b9-%d1%88%d1%80%d0%b0%d0%bc/,mantener,/ru/%d0%bc%d0%b8%d0%bd%d0%b8%d0%bc%d0%b0%d0%bb%d1%8c%d0%bd%d1%8b%d0%b9-%d1%88%d1%80%d0%b0%d0%bc/,200,【 Минимальные шрамы Барселона | Клиника Бельба 】®,,sitemap_only,0,0,
/uk/%d0%bc%d1%96%d0%bd%d1%96%d0%bc%d0%b0%d0%bb%d1%8c%d0%bd%d0%b8%d0%b9-%d1%80%d1%83%d0%b1%d0%b5%d1%86%d1%8c/,mantener,/uk/%d0%bc%d1%96%d0%bd%d1%96%d0%bc%d0%b0%d0%bb%d1%8c%d0%bd%d0%b8%d0%b9-%d1%80%d1%83%d0%b1%d0%b5%d1%86%d1%8c/,200,【 Minimal Scar Barcelona | Клініка Belba 】®,,sitemap_only,0,0,
/de/minimale-narbe/,mantener,/de/minimale-narbe/,200,【 Minimale Narbe Barcelona | Clínica Belba 】®,,sitemap_only,0,0,
/it/cicatrice-minima/,mantener,/it/cicatrice-minima/,200,【 Minimal Scar Barcelona | Clínica Belba 】®,,sitemap_only,0,0,
/nl/minimale-litteken/,mantener,/nl/minimale-litteken/,200,【 Minimale Litteken Barcelona | Clínica Belba 】®,,sitemap_only,0,0,
/ca/cicatritz-minima/,mantener,/ca/cicatritz-minima/,200,Minimal Scar Barcelona | Clínica Belba ®,,sitemap_only,0,0,
/fr/cicatrice-minimale/,mantener,/fr/cicatrice-minimale/,200,【 Cicatrice Minimale Barcelone | Clínica Belba 】®,,sitemap_only,0,2,
/en/minimal-scar/,mantener,/en/minimal-scar/,200,Minimal Scar Barcelona | Clínica Belba ®,,sitemap_only,0,1,
/ru/%d0%b7%d0%b0%d0%bc%d0%b5%d0%bd%d0%b0-%d0%bf%d1%80%d0%be%d1%82%d0%b5%d0%b7%d0%b0/,mantener,/ru/%d0%b7%d0%b0%d0%bc%d0%b5%d0%bd%d0%b0-%d0%bf%d1%80%d0%be%d1%82%d0%b5%d0%b7%d0%b0/,200,Замена протеза Барселона | Клиника Бельба ⭐,,sitemap_only,0,0,
/uk/%d0%b7%d0%b0%d0%bc%d1%96%d0%bd%d0%b0-%d0%bf%d1%80%d0%be%d1%82%d0%b5%d0%b7%d0%b0/,mantener,/uk/%d0%b7%d0%b0%d0%bc%d1%96%d0%bd%d0%b0-%d0%bf%d1%80%d0%be%d1%82%d0%b5%d0%b7%d0%b0/,200,Заміна протезів у Барселоні | Клініка «Белба» ⭐,,sitemap_only,0,0,
/de/prothesenersatz/,mantener,/de/prothesenersatz/,200,Prothesenwechsel Barcelona | Klinik Belba ⭐,,sitemap_only,0,1,
/it/ricambio-di-protesi/,mantener,/it/ricambio-di-protesi/,200,Ricambio Protesi Barcellona | Clinica Belba ⭐,,sitemap_only,0,1,
/nl/prothese-wisseling/,mantener,/nl/prothese-wisseling/,200,Prothesevervanging Barcelona | Belba Kliniek ⭐,,sitemap_only,0,4,
/ca/recanvi-de-protesi/,mantener,/ca/recanvi-de-protesi/,200,Recanvi de Pròtesis Barcelona | Clínica Belba ⭐,,sitemap_only,0,1,
/fr/remplacement-de-prothese/,mantener,/fr/remplacement-de-prothese/,200,Remplacement de prothèse Barcelone | Clinique Belba ⭐,,sitemap_only,0,0,
/en/prosthesis-replacement/,mantener,/en/prosthesis-replacement/,200,Prosthesis Replacement Barcelona | Clínica Belba ⭐,,sitemap_only,0,0,
/ru/%d0%bf%d0%be%d0%b4%d1%82%d1%8f%d0%b6%d0%ba%d0%b0-%d0%b3%d1%80%d1%83%d0%b4%d0%b8/,mantener,/ru/%d0%bf%d0%be%d0%b4%d1%82%d1%8f%d0%b6%d0%ba%d0%b0-%d0%b3%d1%80%d1%83%d0%b4%d0%b8/,200,Увеличение груди Барселона | Мастопексия | Подтяжка груди,,sitemap_only,0,5,
/uk/%d0%bf%d1%96%d0%b4%d1%82%d1%8f%d0%b6%d0%ba%d0%b0-%d0%b3%d1%80%d1%83%d0%b4%d0%b5%d0%b9/,mantener,/uk/%d0%bf%d1%96%d0%b4%d1%82%d1%8f%d0%b6%d0%ba%d0%b0-%d0%b3%d1%80%d1%83%d0%b4%d0%b5%d0%b9/,200,Підтяжка грудей у Барселоні | Мастопексія | Ліфтинг грудей,,sitemap_only,0,0,
/de/bruststraffung/,mantener,/de/bruststraffung/,200,Bruststraffung Barcelona | Mastopexie | Brustlifting,,sitemap_only,0,0,
/it/mastopessi/,mantener,/it/mastopessi/,200,Mastopessi Barcellona | Sollevamento del Seno | Lifting del Seno,,sitemap_only,0,0,
/nl/borstvergroting/,mantener,/nl/borstvergroting/,200,Borstlift Barcelona | Mastopexie | Borstversteviging,,sitemap_only,0,2,
/ca/elevacio-de-mama/,mantener,/ca/elevacio-de-mama/,200,Elevació de Pitades Barcelona | Mastectomia | Reducció de Pitades,,sitemap_only,0,8,
/fr/mastopexie/,mantener,/fr/mastopexie/,200,Réduction Mammaire Barcelone | Mastopexie | Lifting des Seins,,sitemap_only,0,4,
/en/breast-lift/,mantener,/en/breast-lift/,200,Breast Lift Barcelona | Mastopexy | Breast Augmentation,,sitemap_only,0,5,
/ru/%d1%80%d0%b5%d0%b4%d1%83%d0%ba%d1%86%d0%b8%d1%8f-%d0%b3%d1%80%d1%83%d0%b4%d0%b8/,mantener,/ru/%d1%80%d0%b5%d0%b4%d1%83%d0%ba%d1%86%d0%b8%d1%8f-%d0%b3%d1%80%d1%83%d0%b4%d0%b8/,200,Уменьшение груди - Барселона | Клиника Бельба ⭐,,sitemap_only,0,4,
/uk/%d0%b7%d0%bc%d0%b5%d0%bd%d1%88%d0%b5%d0%bd%d0%bd%d1%8f-%d0%b3%d1%80%d1%83%d0%b4%d0%b5%d0%b9/,mantener,/uk/%d0%b7%d0%bc%d0%b5%d0%bd%d1%88%d0%b5%d0%bd%d0%bd%d1%8f-%d0%b3%d1%80%d1%83%d0%b4%d0%b5%d0%b9/,200,Зменшення грудей — Барселона | Клініка «Белба» ⭐,,sitemap_only,0,0,
/de/brustverkleinerung/,mantener,/de/brustverkleinerung/,200,Brustverkleinerung - Barcelona | Klinik Belba ⭐,,sitemap_only,0,0,
/it/riduzione-mammaria/,mantener,/it/riduzione-mammaria/,200,Riduzione del Seno - Barcellona | Clinica Belba ⭐,,sitemap_only,0,4,
/nl/borstverkleining/,mantener,/nl/borstverkleining/,200,Borstverkleining - Barcelona | Clinica Belba ⭐,,sitemap_only,0,4,
/ca/reduccio-de-mama/,mantener,/ca/reduccio-de-mama/,200,Reducció de pits - Barcelona | Clínica Belba ⭐,,sitemap_only,0,12,
/fr/reduction-mammaire/,mantener,/fr/reduction-mammaire/,200,Réduction Mammaire - Barcelone | Clinica Belba ⭐,,sitemap_only,0,1,
/en/breast-reduction/,mantener,/en/breast-reduction/,200,Breast Reduction - Barcelona | Clinica Belba ⭐,,sitemap_only,0,3,
/ru/%d1%83%d0%b2%d0%b5%d0%bb%d0%b8%d1%87%d0%b8%d1%82%d1%8c-%d0%b3%d1%80%d1%83%d0%b4%d1%8c-%d1%81%d0%be%d1%85%d1%80%d0%b0%d0%bd%d0%b8%d1%82%d1%8c/,mantener,/ru/%d1%83%d0%b2%d0%b5%d0%bb%d0%b8%d1%87%d0%b8%d1%82%d1%8c-%d0%b3%d1%80%d1%83%d0%b4%d1%8c-%d1%81%d0%be%d1%85%d1%80%d0%b0%d0%bd%d0%b8%d1%82%d1%8c/,200,Увеличение груди Preservé | Клиника Belba ® №1,,sitemap_only,0,14,
/uk/%d0%b7%d0%b1%d1%96%d0%bb%d1%8c%d1%88%d0%b5%d0%bd%d0%bd%d1%8f-%d0%b3%d1%80%d1%83%d0%b4%d0%b5%d0%b9-%d0%b7-%d0%b7%d0%b1%d0%b5%d1%80%d0%b5%d0%b6%d0%b5%d0%bd%d0%bd%d1%8f%d0%bc-%d1%84%d0%be%d1%80%d0%bc/,mantener,/uk/%d0%b7%d0%b1%d1%96%d0%bb%d1%8c%d1%88%d0%b5%d0%bd%d0%bd%d1%8f-%d0%b3%d1%80%d1%83%d0%b4%d0%b5%d0%b9-%d0%b7-%d0%b7%d0%b1%d0%b5%d1%80%d0%b5%d0%b6%d0%b5%d0%bd%d0%bd%d1%8f%d0%bc-%d1%84%d0%be%d1%80%d0%bc/,200,Збільшення грудей методом «Preservé» | Клініка Belba ® № 1,,sitemap_only,0,0,
/de/brustvergroserung-erhalten/,mantener,/de/brustvergroserung-erhalten/,200,Brustvergrößerung Preservé | Clinica Belba ® Nr. 1,,sitemap_only,0,0,
/it/aumento-del-seno-preservato/,mantener,/it/aumento-del-seno-preservato/,200,Aumento del Seno Preservato | Clinica Belba ® N°1,,sitemap_only,0,3,
/nl/borstvergroting-bewaren/,mantener,/nl/borstvergroting-bewaren/,200,Borstvergroting - Kliniek Belba N°1,,sitemap_only,0,11,
/ca/augment-de-pit-preserve/,mantener,/ca/augment-de-pit-preserve/,200,Augment de pit conservador | Clinica Belba ® Núm. 1,,sitemap_only,0,0,
/fr/augmentation-mammaire-sans-alteration-de-laspect-naturel/,mantener,/fr/augmentation-mammaire-sans-alteration-de-laspect-naturel/,200,Augmentation mammaire avec préservation des tissus | Clinique Belba ® N°1,,sitemap_only,0,8,
/en/breast-augmentation-preserve/,mantener,/en/breast-augmentation-preserve/,200,Breast Augmentation Preserved | Belba Clinic ® No. 1,,sitemap_only,0,14,
/ru/%d0%bf%d0%bb%d0%b0%d1%81%d1%82%d0%b8%d1%87%d0%b5%d1%81%d0%ba%d0%b0%d1%8f-%d1%85%d0%b8%d1%80%d1%83%d1%80%d0%b3%d0%b8%d1%8f/,mantener,/ru/%d0%bf%d0%bb%d0%b0%d1%81%d1%82%d0%b8%d1%87%d0%b5%d1%81%d0%ba%d0%b0%d1%8f-%d1%85%d0%b8%d1%80%d1%83%d1%80%d0%b3%d0%b8%d1%8f/,200,Пластическая и эстетическая хирургия в Испании | Клиника Belba,,sitemap_only,0,3,
/uk/%d1%85%d1%96%d1%80%d1%83%d1%80%d0%b3%d1%96%d1%8f-%d1%82%d1%96%d0%bb%d0%b0/,mantener,/uk/%d1%85%d1%96%d1%80%d1%83%d1%80%d0%b3%d1%96%d1%8f-%d1%82%d1%96%d0%bb%d0%b0/,200,Хірургія тіла та естетична хірургія в Іспанії | Клініка «Белба»,,sitemap_only,0,0,
/de/korperchirurgie/,mantener,/de/korperchirurgie/,200,Körper- und Schönheitschirurgie in Spanien | Klinik Belba,,sitemap_only,0,1,
/it/chirurgia-del-corpo/,mantener,/it/chirurgia-del-corpo/,200,Chirurgia Estetica e Plastica in Spagna | Clinica Belba,,sitemap_only,0,0,
/nl/lichaamschirurgie/,mantener,/nl/lichaamschirurgie/,200,Cosmetische en Lichaamschirurgie in Spanje | Clínica Belba,,sitemap_only,0,1,
/ca/cirugia-corporal/,mantener,/ca/cirugia-corporal/,200,Cirugía Corporal y Estética en España | Clínica Belba,,sitemap_only,0,0,
/fr/chirurgie-corporelle/,mantener,/fr/chirurgie-corporelle/,200,Chirurgie Corporelle et Esthétique en Espagne | Clinique Belba,,sitemap_only,0,4,
/en/body-surgery/,mantener,/en/body-surgery/,200,Body and Aesthetic Surgery in Spain | Belba Clinic,,sitemap_only,0,3,
/ru/%d0%b8%d0%bd%d1%82%d0%b8%d0%bc%d0%bd%d0%b0%d1%8f-%d1%85%d0%b8%d1%80%d1%83%d1%80%d0%b3%d0%b8%d1%8f/,mantener,/ru/%d0%b8%d0%bd%d1%82%d0%b8%d0%bc%d0%bd%d0%b0%d1%8f-%d1%85%d0%b8%d1%80%d1%83%d1%80%d0%b3%d0%b8%d1%8f/,200,Интимная хирургия в Испании | Клиника Belba,,sitemap_only,0,3,
/uk/%d1%85%d1%96%d1%80%d1%83%d1%80%d0%b3%d1%96%d1%8f-%d1%96%d0%bd%d1%82%d0%b8%d0%bc%d0%bd%d0%b8%d1%85-%d0%be%d1%80%d0%b3%d0%b0%d0%bd%d1%96%d0%b2/,mantener,/uk/%d1%85%d1%96%d1%80%d1%83%d1%80%d0%b3%d1%96%d1%8f-%d1%96%d0%bd%d1%82%d0%b8%d0%bc%d0%bd%d0%b8%d1%85-%d0%be%d1%80%d0%b3%d0%b0%d0%bd%d1%96%d0%b2/,200,Інтимна хірургія в Іспанії | Клініка «Белба»,,sitemap_only,0,0,
/de/intimchirurgie/,mantener,/de/intimchirurgie/,200,Intime Chirurgie in Spanien | Klinik Belba,,sitemap_only,0,2,
/it/chirurgia-intima/,mantener,/it/chirurgia-intima/,200,Chirurgia Intima in Spagna | Clinica Belba,,sitemap_only,0,0,
/nl/intieme-chirurgie/,mantener,/nl/intieme-chirurgie/,200,Intieme chirurgie in Spanje | Clínica Belba,,sitemap_only,0,2,
/ca/cirurgia-intima/,mantener,/ca/cirurgia-intima/,200,Cirurgia Íntima a Espanya | Clínica Belba,,sitemap_only,0,0,
/fr/cirugia-intima/,mantener,/fr/cirugia-intima/,200,Cirugía Íntima en España | Clínica Belba,,sitemap_only,0,0,
/en/intimate-surgery/,mantener,/en/intimate-surgery/,200,Intimate Surgery in Spain | Clínica Belba,,sitemap_only,0,2,
/metform-form/new-form-1777668110/,410,,410,New Form # 1777668110 | Clinica Belba,"noindex,nofollow",sitemap_only,0,0,"Página de prueba/plantilla/formulario sin contenido real, 0 clics, 0 backlinks · OK Oscar 27/09: 410"
/ru/metform-form/new-form-1777668110/,410,,410,New Form # 1777668110 | Clinica Belba,"noindex,nofollow",sitemap_only,0,0,"Página de prueba/plantilla/formulario sin contenido real, 0 clics, 0 backlinks · OK Oscar 27/09: 410"
/uk/metform-form/new-form-1777668110/,410,,410,New Form # 1777668110 | Clinica Belba,"noindex,nofollow",sitemap_only,0,0,"Página de prueba/plantilla/formulario sin contenido real, 0 clics, 0 backlinks · OK Oscar 27/09: 410"
/de/metformin-form/neues-formular-1777668110/,410,,410,Neues Formular # 1777668110 | Klinik Belba,"noindex,nofollow",sitemap_only,0,0,"Página de prueba/plantilla/formulario sin contenido real, 0 clics, 0 backlinks · OK Oscar 27/09: 410"
/it/metform-form/new-form-1777668110/,410,,410,New Form # 1777668110 | Clinica Belba,"noindex,nofollow",sitemap_only,0,0,"Página de prueba/plantilla/formulario sin contenido real, 0 clics, 0 backlinks · OK Oscar 27/09: 410"
/nl/metform-form/new-form-1777668110/,410,,410,New Form # 1777668110 | Clinica Belba,"noindex,nofollow",sitemap_only,0,0,"Página de prueba/plantilla/formulario sin contenido real, 0 clics, 0 backlinks · OK Oscar 27/09: 410"
/ca/metform-form/new-form-1777668110/,410,,410,New Form # 1777668110 | Clinica Belba,"noindex,nofollow",sitemap_only,0,0,"Página de prueba/plantilla/formulario sin contenido real, 0 clics, 0 backlinks · OK Oscar 27/09: 410"
/fr/metform-form/new-form-1777668110/,410,,410,New Form # 1777668110 | Clinica Belba,"noindex,nofollow",sitemap_only,0,0,"Página de prueba/plantilla/formulario sin contenido real, 0 clics, 0 backlinks · OK Oscar 27/09: 410"
/en/metform-form/new-form-1777668110/,410,,410,New Form # 1777668110 | Clinica Belba,"noindex,nofollow",sitemap_only,0,0,"Página de prueba/plantilla/formulario sin contenido real, 0 clics, 0 backlinks · OK Oscar 27/09: 410"
/author/nicols/,301,/blog/,301,"nicols, autor en Clinica Belba",,sistema,0,0,
/ru/%d0%b0%d0%b2%d1%82%d0%be%d1%80/%d0%bd%d0%b8%d0%ba%d0%be%d0%bb%d1%8b/,mantener,/ru/%d0%b0%d0%b2%d1%82%d0%be%d1%80/%d0%bd%d0%b8%d0%ba%d0%be%d0%bb%d1%8b/,200,"nicols, autor en Clinica Belba",,sitemap_only,0,0,
/uk/%d0%b0%d0%b2%d1%82%d0%be%d1%80/%d0%bd%d1%96%d0%ba%d0%be%d0%bb%d1%81/,mantener,/uk/%d0%b0%d0%b2%d1%82%d0%be%d1%80/%d0%bd%d1%96%d0%ba%d0%be%d0%bb%d1%81/,200,"nicols, autor en Clinica Belba",,sitemap_only,0,0,
/de/autor/nikolaus/,mantener,/de/autor/nikolaus/,200,"nicols, autor en Clinica Belba",,sitemap_only,0,0,
/it/autore/nicols/,mantener,/it/autore/nicols/,200,"nicols, autor en Clinica Belba",,sitemap_only,0,0,
/nl/auteur/nicols/,mantener,/nl/auteur/nicols/,200,"nicols, autor en Clinica Belba",,sitemap_only,0,0,
/ca/autor/nicolas/,mantener,/ca/autor/nicolas/,200,"nicols, autor en Clinica Belba",,sitemap_only,0,0,
/fr/auteur/nicols/,mantener,/fr/auteur/nicols/,200,"nicols, autor en Clinica Belba",,sitemap_only,0,0,
/en/author/nicols/,mantener,/en/author/nicols/,200,"nicols, autor en Clinica Belba",,sitemap_only,0,0,
/author/seo2/,301,/blog/,301,"Diego, autor en Clinica Belba",,sistema,0,0,
/ru/%d0%b0%d0%b2%d1%82%d0%be%d1%80/seo2/,mantener,/ru/%d0%b0%d0%b2%d1%82%d0%be%d1%80/seo2/,200,"Diego, autor en Clinica Belba",,sitemap_only,0,0,
/uk/%d0%b0%d0%b2%d1%82%d0%be%d1%80/seo2/,mantener,/uk/%d0%b0%d0%b2%d1%82%d0%be%d1%80/seo2/,200,"Diego, autor en Clinica Belba",,sitemap_only,0,0,
/de/autor/seo2/,mantener,/de/autor/seo2/,200,"Diego, autor en Clinica Belba",,sitemap_only,0,0,
/it/autore/seo2/,mantener,/it/autore/seo2/,200,"Diego, autor en Clinica Belba",,sitemap_only,0,0,
/nl/auteur/seo2/,mantener,/nl/auteur/seo2/,200,"Diego, autor en Clinica Belba",,sitemap_only,0,0,
/ca/autor/seo2/,mantener,/ca/autor/seo2/,200,"Diego, autor en Clinica Belba",,sitemap_only,0,0,
/fr/auteur/seo2/,mantener,/fr/auteur/seo2/,200,"Diego, autor en Clinica Belba",,sitemap_only,0,0,
/en/author/seo2/,mantener,/en/author/seo2/,200,"Diego, autor en Clinica Belba",,sitemap_only,0,0,
/author/webbelba/,mantener,/author/webbelba/,200,Artículos del Dr. Mike Dewever | Clínica Belba,,sistema,0,4,"GSC: 4 clics / 333 impresiones — no perder en silencio · Es el archivo de autor del Dr. Mike Dewever: propuesta mantener como página de autor (E-E-A-T, autor de BlogPosting) · OK Oscar 27/09: se mantiene literal"
/ru/%d0%b0%d0%b2%d1%82%d0%be%d1%80/%d0%b2%d0%b5%d0%b1%d0%b1%d0%b5%d0%bb%d0%b1%d0%b0/,mantener,/ru/%d0%b0%d0%b2%d1%82%d0%be%d1%80/%d0%b2%d0%b5%d0%b1%d0%b1%d0%b5%d0%bb%d0%b1%d0%b0/,200,Статьи д-ра Майка ДеВервиля | Клиника Бельба,,sitemap_only,0,0,
/uk/%d0%b0%d0%b2%d1%82%d0%be%d1%80/webbelba/,mantener,/uk/%d0%b0%d0%b2%d1%82%d0%be%d1%80/webbelba/,200,Статті доктора Майка Девевера | Клініка «Белба»,,sitemap_only,0,0,
/de/autor/webbelba/,mantener,/de/autor/webbelba/,200,Artikel von Dr. Mike Dewever | Belba Klinik,,sitemap_only,0,0,
/it/autore/bellissima/,mantener,/it/autore/bellissima/,200,Articoli del Dott. Mike Dewever | Clinica Belba,,sitemap_only,0,0,
/nl/auteur/webbel/,mantener,/nl/auteur/webbel/,200,Artikelen van Dr. Mike Dewever | Clinique Belba,,sitemap_only,0,0,
/ca/autor/webbelba/,mantener,/ca/autor/webbelba/,200,Articles del Dr. Mike Dewever | Clínica Belba,,sitemap_only,0,0,
/fr/auteur/webbelba/,mantener,/fr/auteur/webbelba/,200,Articles du Dr Mike Dewever | Clinique Belba,,sitemap_only,0,0,
/en/author/webbelba/,mantener,/en/author/webbelba/,200,Articles by Dr. Mike Dewever | Belba Clinic,,sitemap_only,0,0,
/author/alejandro_yhi4p50l/,301,/blog/,301,"admin, autor en Clinica Belba",,sistema,0,0,
/ru/%d0%b0%d0%b2%d1%82%d0%be%d1%80/alejandro_yhi4p50l/,mantener,/ru/%d0%b0%d0%b2%d1%82%d0%be%d1%80/alejandro_yhi4p50l/,200,"admin, autor en Clinica Belba",,sitemap_only,0,0,
/uk/%d0%b0%d0%b2%d1%82%d0%be%d1%80/alejandro_yhi4p50l/,mantener,/uk/%d0%b0%d0%b2%d1%82%d0%be%d1%80/alejandro_yhi4p50l/,200,"admin, autor en Clinica Belba",,sitemap_only,0,0,
/de/autor/alejandro_yhi4p50l/,mantener,/de/autor/alejandro_yhi4p50l/,200,"admin, autor en Clinica Belba",,sitemap_only,0,0,
/it/autore/alejandro_yhi4p50l/,mantener,/it/autore/alejandro_yhi4p50l/,200,"admin, autor en Clinica Belba",,sitemap_only,0,0,
/nl/auteur/alejandro_yhi4p50l/,mantener,/nl/auteur/alejandro_yhi4p50l/,200,"admin, autor en Clinica Belba",,sitemap_only,0,0,
/ca/autor/alejandro_yhi4p50l/,mantener,/ca/autor/alejandro_yhi4p50l/,200,"admin, autor en Clinica Belba",,sitemap_only,0,0,
/fr/auteur/alejandro_yhi4p50l/,mantener,/fr/auteur/alejandro_yhi4p50l/,200,"admin, autor en Clinica Belba",,sitemap_only,0,0,
/en/author/alejandro_yhi4p50l/,mantener,/en/author/alejandro_yhi4p50l/,200,"admin, autor en Clinica Belba",,sitemap_only,0,0,
/nl/online-consult/,mantener,/nl/online-consult/,200,Online consult | Clinica Belba,,screamingfrog_only,0,0,
/nl/test-patient/,410,,410,Test patiënt | Kliniek Belba,,screamingfrog_only,0,0,"Página de prueba/plantilla/formulario sin contenido real, 0 clics, 0 backlinks · OK Oscar 27/09: 410"
/nl/gezichtsoperatie/,mantener,/nl/gezichtsoperatie/,200,Gezichtsbehandelingen in Spanje | Clínica Belba,,screamingfrog_only,0,0,
/uk/тест-пацієнта/,mantener,/uk/тест-пацієнта/,200,Тест для пацієнтів | Клініка «Белба»,,screamingfrog_only,0,0,
/uk/онлайн-консультація/,mantener,/uk/онлайн-консультація/,200,Онлайн-консультація | Клініка «Белба»,,screamingfrog_only,0,0,
/uk/пластична-хірургія-обличчя/,mantener,/uk/пластична-хірургія-обличчя/,200,Хірургія обличчя в Іспанії | Клініка «Белба»,,screamingfrog_only,0,0,
/ru/тест-пациента/,mantener,/ru/тест-пациента/,200,Тест пациента | Клиника Белба,,screamingfrog_only,0,0,
/ru/челюстно-лицевая-хирургия/,mantener,/ru/челюстно-лицевая-хирургия/,200,Хирургия лица в Испании | Клиника Бельба,,screamingfrog_only,0,0,
/ru/онлайн-консультация/,mantener,/ru/онлайн-консультация/,200,Онлайн-консультация | Клиника Бельба,,screamingfrog_only,0,0,
/fr/consultation-en-ligne/,mantener,/fr/consultation-en-ligne/,200,Consultation en ligne | Clinica Belba,,screamingfrog_only,0,0,
/fr/patient-test/,410,,410,Test de patiente | Clinique Belba,,screamingfrog_only,0,0,"Página de prueba/plantilla/formulario sin contenido real, 0 clics, 0 backlinks · OK Oscar 27/09: 410"
/fr/chirurgie-faciale/,mantener,/fr/chirurgie-faciale/,200,Chirurgie Faciale en Espagne | Clinique Belba,,screamingfrog_only,0,0,
/wp-content/uploads/2026/01/CV-Dra-Marel-Gomez.pdf,mantener,/wp-content/uploads/2026/01/CV-Dra-Marel-Gomez.pdf,200,,,screamingfrog_only,0,1,
/wp-content/uploads/2025/12/Cv-Dr.-Mike-Dewever.pdf,mantener,/wp-content/uploads/2025/12/Cv-Dr.-Mike-Dewever.pdf,200,,,screamingfrog_only,0,0,
/wp-content/uploads/2025/12/Cv-Dr.-Felix-Chavarria.pdf,mantener,/wp-content/uploads/2025/12/Cv-Dr.-Felix-Chavarria.pdf,200,,,screamingfrog_only,0,0,
/de/patiententest/,410,,410,Testpatient | Klinik Belba,,screamingfrog_only,0,0,"Página de prueba/plantilla/formulario sin contenido real, 0 clics, 0 backlinks · OK Oscar 27/09: 410"
/de/online-beratung/,mantener,/de/online-beratung/,200,Online-Beratung | Klinik Belba,,screamingfrog_only,0,0,
/de/gesichtsoperation/,mantener,/de/gesichtsoperation/,200,Gesichtschirurgie in Spanien | Klinik Belba,,screamingfrog_only,0,0,
/en/online-consultation/,mantener,/en/online-consultation/,200,Online Consultation | Clinica Belba,,screamingfrog_only,0,0,
/en/facial-surgery/,mantener,/en/facial-surgery/,200,Facial Surgery in Spain | Belba Clinic,,screamingfrog_only,0,0,
/en/test-patient/,410,,410,Patient Test | Belba Clinic,,screamingfrog_only,0,0,"Página de prueba/plantilla/formulario sin contenido real, 0 clics, 0 backlinks · OK Oscar 27/09: 410"
/ca/prova-pacient/,mantener,/ca/prova-pacient/,200,Prova del pacient | Clínica Belba,,screamingfrog_only,0,0,
/ca/cirurgia-facial/,mantener,/ca/cirurgia-facial/,200,Cirurgia Facial a Espanya | Clínica Belba,,screamingfrog_only,0,0,
/ca/consulta-en-linia/,mantener,/ca/consulta-en-linia/,200,Consulta en línia | Clínica Belba,,screamingfrog_only,0,0,
/it/chirurgia-facciale/,mantener,/it/chirurgia-facciale/,200,Chirurgia Facciale in Spagna | Clinica Belba,,screamingfrog_only,0,0,
/it/consultazione-online/,mantener,/it/consultazione-online/,200,Consulta online | Clinica Belba,,screamingfrog_only,0,0,
/it/paziente-di-prova/,mantener,/it/paziente-di-prova/,200,Test Paziente | Clinica Belba,,screamingfrog_only,0,0,
/wp-content/uploads/2023/01/Guia-del-paciente-Consulta-de-Cirurgia-Plastica.pdf,mantener,/wp-content/uploads/2023/01/Guia-del-paciente-Consulta-de-Cirurgia-Plastica.pdf,200,,,screamingfrog_only,0,3,
/wp-content/uploads/2026/03/cv-laura-torrano-romero-esp.pdf,mantener,/wp-content/uploads/2026/03/cv-laura-torrano-romero-esp.pdf,200,,,screamingfrog_only,0,0,
/blog/2/,mantener,/blog/2/,200,Blog de Cirugía Plástica y Estética | Clinica Belba,,screamingfrog_only,0,0,
/blog/10/,mantener,/blog/10/,200,Blog de Cirugía Plástica y Estética | Clinica Belba,,screamingfrog_only,0,0,
/blog/4/,mantener,/blog/4/,200,Blog de Cirugía Plástica y Estética | Clinica Belba,,screamingfrog_only,0,0,
/blog/3/,mantener,/blog/3/,200,Blog de Cirugía Plástica y Estética | Clinica Belba,,screamingfrog_only,0,0,
/blog/6/,mantener,/blog/6/,200,Blog de Cirugía Plástica y Estética | Clinica Belba,,screamingfrog_only,0,0,
/blog/5/,mantener,/blog/5/,200,Blog de Cirugía Plástica y Estética | Clinica Belba,,screamingfrog_only,0,0,
/blog/8/,mantener,/blog/8/,200,Blog de Cirugía Plástica y Estética | Clinica Belba,,screamingfrog_only,0,0,
/blog/7/,mantener,/blog/7/,200,Blog de Cirugía Plástica y Estética | Clinica Belba,,screamingfrog_only,0,0,
/blog/9/,mantener,/blog/9/,200,Blog de Cirugía Plástica y Estética | Clinica Belba,,screamingfrog_only,0,0,
/fr/blog/2/,mantener,/fr/blog/2/,200,Blog de Chirurgie Plastique et Esthétique | Clinica Belba,,screamingfrog_only,0,0,
/fr/blog/3/,mantener,/fr/blog/3/,200,Blog de Chirurgie Plastique et Esthétique | Clinica Belba,,screamingfrog_only,0,0,
/fr/blog/4/,mantener,/fr/blog/4/,200,Blog de Chirurgie Plastique et Esthétique | Clinica Belba,,screamingfrog_only,0,0,
/fr/blog/5/,mantener,/fr/blog/5/,200,Blog de Chirurgie Plastique et Esthétique | Clinica Belba,,screamingfrog_only,0,0,
/fr/blog/6/,mantener,/fr/blog/6/,200,Blog de Chirurgie Plastique et Esthétique | Clinica Belba,,screamingfrog_only,0,0,
/fr/blog/7/,mantener,/fr/blog/7/,200,Blog de Chirurgie Plastique et Esthétique | Clinica Belba,,screamingfrog_only,0,0,
/fr/blog/10/,mantener,/fr/blog/10/,200,Blog de Chirurgie Plastique et Esthétique | Clinica Belba,,screamingfrog_only,0,0,
/fr/blog/8/,mantener,/fr/blog/8/,200,Blog de Chirurgie Plastique et Esthétique | Clinica Belba,,screamingfrog_only,0,0,
/fr/blog/9/,mantener,/fr/blog/9/,200,Blog de Chirurgie Plastique et Esthétique | Clinica Belba,,screamingfrog_only,0,0,
/de/blog/2/,mantener,/de/blog/2/,200,Chirurgie- und Ästhetik-Chirurgie-Blog | Clinica Belba,,screamingfrog_only,0,0,
/de/blog/3/,mantener,/de/blog/3/,200,Chirurgie- und Ästhetik-Chirurgie-Blog | Clinica Belba,,screamingfrog_only,0,0,
/de/blog/4/,mantener,/de/blog/4/,200,Chirurgie- und Ästhetik-Chirurgie-Blog | Clinica Belba,,screamingfrog_only,0,0,
/de/blog/9/,mantener,/de/blog/9/,200,Chirurgie- und Ästhetik-Chirurgie-Blog | Clinica Belba,,screamingfrog_only,0,0,
/de/blog/6/,mantener,/de/blog/6/,200,Chirurgie- und Ästhetik-Chirurgie-Blog | Clinica Belba,,screamingfrog_only,0,0,
/de/blog/10/,mantener,/de/blog/10/,200,Chirurgie- und Ästhetik-Chirurgie-Blog | Clinica Belba,,screamingfrog_only,0,0,
/de/blog/5/,mantener,/de/blog/5/,200,Chirurgie- und Ästhetik-Chirurgie-Blog | Clinica Belba,,screamingfrog_only,0,0,
/de/blog/7/,mantener,/de/blog/7/,200,Chirurgie- und Ästhetik-Chirurgie-Blog | Clinica Belba,,screamingfrog_only,0,0,
/de/blog/8/,mantener,/de/blog/8/,200,Chirurgie- und Ästhetik-Chirurgie-Blog | Clinica Belba,,screamingfrog_only,0,0,
/en/blog/4/,mantener,/en/blog/4/,200,Plastic and Aesthetic Surgery Blog | Belba Clinic,,screamingfrog_only,0,0,
/en/blog/3/,mantener,/en/blog/3/,200,Plastic and Aesthetic Surgery Blog | Belba Clinic,,screamingfrog_only,0,0,
/en/blog/2/,mantener,/en/blog/2/,200,Plastic and Aesthetic Surgery Blog | Belba Clinic,,screamingfrog_only,0,0,
/en/blog/8/,mantener,/en/blog/8/,200,Plastic and Aesthetic Surgery Blog | Belba Clinic,,screamingfrog_only,0,0,
/en/blog/7/,mantener,/en/blog/7/,200,Plastic and Aesthetic Surgery Blog | Belba Clinic,,screamingfrog_only,0,0,
/en/blog/6/,mantener,/en/blog/6/,200,Plastic and Aesthetic Surgery Blog | Belba Clinic,,screamingfrog_only,0,0,
/en/blog/5/,mantener,/en/blog/5/,200,Plastic and Aesthetic Surgery Blog | Belba Clinic,,screamingfrog_only,0,0,
/en/blog/10/,mantener,/en/blog/10/,200,Plastic and Aesthetic Surgery Blog | Belba Clinic,,screamingfrog_only,0,0,
/en/blog/9/,mantener,/en/blog/9/,200,Plastic and Aesthetic Surgery Blog | Belba Clinic,,screamingfrog_only,0,0,
/ca/bloc/2/,mantener,/ca/bloc/2/,200,Blog de Cirurgia Plàstica i Estètica | Clínica Belba,,screamingfrog_only,0,0,
/ca/bloc/4/,mantener,/ca/bloc/4/,200,Blog de Cirurgia Plàstica i Estètica | Clínica Belba,,screamingfrog_only,0,0,
/ca/bloc/5/,mantener,/ca/bloc/5/,200,Blog de Cirurgia Plàstica i Estètica | Clínica Belba,,screamingfrog_only,0,0,
/ca/bloc/3/,mantener,/ca/bloc/3/,200,Blog de Cirurgia Plàstica i Estètica | Clínica Belba,,screamingfrog_only,0,0,
/ca/bloc/8/,mantener,/ca/bloc/8/,200,Blog de Cirurgia Plàstica i Estètica | Clínica Belba,,screamingfrog_only,0,0,
/ca/bloc/9/,mantener,/ca/bloc/9/,200,Blog de Cirurgia Plàstica i Estètica | Clínica Belba,,screamingfrog_only,0,0,
/ca/bloc/6/,mantener,/ca/bloc/6/,200,Blog de Cirurgia Plàstica i Estètica | Clínica Belba,,screamingfrog_only,0,0,
/ca/bloc/7/,mantener,/ca/bloc/7/,200,Blog de Cirurgia Plàstica i Estètica | Clínica Belba,,screamingfrog_only,0,0,
/ca/bloc/10/,mantener,/ca/bloc/10/,200,Blog de Cirurgia Plàstica i Estètica | Clínica Belba,,screamingfrog_only,0,0,
/nl/blog/10/,mantener,/nl/blog/10/,200,Chirurgie Blog Plastische en Esthetische | Belba Kliniek,,screamingfrog_only,0,0,
/nl/blog/8/,mantener,/nl/blog/8/,200,Chirurgie Blog Plastische en Esthetische | Belba Kliniek,,screamingfrog_only,0,0,
/nl/blog/9/,mantener,/nl/blog/9/,200,Chirurgie Blog Plastische en Esthetische | Belba Kliniek,,screamingfrog_only,0,0,
/nl/blog/6/,mantener,/nl/blog/6/,200,Chirurgie Blog Plastische en Esthetische | Belba Kliniek,,screamingfrog_only,0,0,
/nl/blog/5/,mantener,/nl/blog/5/,200,Chirurgie Blog Plastische en Esthetische | Belba Kliniek,,screamingfrog_only,0,0,
/nl/blog/7/,mantener,/nl/blog/7/,200,Chirurgie Blog Plastische en Esthetische | Belba Kliniek,,screamingfrog_only,0,0,
/nl/blog/4/,mantener,/nl/blog/4/,200,Chirurgie Blog Plastische en Esthetische | Belba Kliniek,,screamingfrog_only,0,0,
/nl/blog/3/,mantener,/nl/blog/3/,200,Chirurgie Blog Plastische en Esthetische | Belba Kliniek,,screamingfrog_only,0,0,
/nl/blog/2/,mantener,/nl/blog/2/,200,Chirurgie Blog Plastische en Esthetische | Belba Kliniek,,screamingfrog_only,0,0,
/uk/блог/9/,mantener,/uk/блог/9/,200,Блог про пластичну та естетичну хірургію | Клініка «Белба»,,screamingfrog_only,0,0,
/uk/блог/3/,mantener,/uk/блог/3/,200,Блог про пластичну та естетичну хірургію | Клініка «Белба»,,screamingfrog_only,0,0,
/uk/блог/4/,mantener,/uk/блог/4/,200,Блог про пластичну та естетичну хірургію | Клініка «Белба»,,screamingfrog_only,0,0,
/uk/блог/2/,mantener,/uk/блог/2/,200,Блог про пластичну та естетичну хірургію | Клініка «Белба»,,screamingfrog_only,0,0,
/uk/блог/7/,mantener,/uk/блог/7/,200,Блог про пластичну та естетичну хірургію | Клініка «Белба»,,screamingfrog_only,0,0,
/uk/блог/8/,mantener,/uk/блог/8/,200,Блог про пластичну та естетичну хірургію | Клініка «Белба»,,screamingfrog_only,0,0,
/uk/блог/6/,mantener,/uk/блог/6/,200,Блог про пластичну та естетичну хірургію | Клініка «Белба»,,screamingfrog_only,0,0,
/uk/блог/5/,mantener,/uk/блог/5/,200,Блог про пластичну та естетичну хірургію | Клініка «Белба»,,screamingfrog_only,0,0,
/uk/блог/10/,mantener,/uk/блог/10/,200,Блог про пластичну та естетичну хірургію | Клініка «Белба»,,screamingfrog_only,0,0,
/ru/блог/3/,mantener,/ru/блог/3/,200,Блог пластической и эстетической хирургии | Клиника Belba,,screamingfrog_only,0,0,
/ru/блог/2/,mantener,/ru/блог/2/,200,Блог пластической и эстетической хирургии | Клиника Belba,,screamingfrog_only,0,0,
/ru/блог/5/,mantener,/ru/блог/5/,200,Блог пластической и эстетической хирургии | Клиника Belba,,screamingfrog_only,0,0,
/ru/блог/4/,mantener,/ru/блог/4/,200,Блог пластической и эстетической хирургии | Клиника Belba,,screamingfrog_only,0,0,
/ru/блог/10/,mantener,/ru/блог/10/,200,Блог пластической и эстетической хирургии | Клиника Belba,,screamingfrog_only,0,0,
/ru/блог/7/,mantener,/ru/блог/7/,200,Блог пластической и эстетической хирургии | Клиника Belba,,screamingfrog_only,0,0,
/ru/блог/6/,mantener,/ru/блог/6/,200,Блог пластической и эстетической хирургии | Клиника Belba,,screamingfrog_only,0,0,
/ru/блог/9/,mantener,/ru/блог/9/,200,Блог пластической и эстетической хирургии | Клиника Belba,,screamingfrog_only,0,0,
/ru/блог/8/,mantener,/ru/блог/8/,200,Блог пластической и эстетической хирургии | Клиника Belba,,screamingfrog_only,0,0,
/it/blog/2/,mantener,/it/blog/2/,200,Blog di Chirurgia Plastica ed Estetica | Clinica Belba,,screamingfrog_only,0,0,
/it/blog/6/,mantener,/it/blog/6/,200,Blog di Chirurgia Plastica ed Estetica | Clinica Belba,,screamingfrog_only,0,0,
/it/blog/10/,mantener,/it/blog/10/,200,Blog di Chirurgia Plastica ed Estetica | Clinica Belba,,screamingfrog_only,0,0,
/it/blog/4/,mantener,/it/blog/4/,200,Blog di Chirurgia Plastica ed Estetica | Clinica Belba,,screamingfrog_only,0,0,
/it/blog/5/,mantener,/it/blog/5/,200,Blog di Chirurgia Plastica ed Estetica | Clinica Belba,,screamingfrog_only,0,0,
/it/blog/3/,mantener,/it/blog/3/,200,Blog di Chirurgia Plastica ed Estetica | Clinica Belba,,screamingfrog_only,0,0,
/it/blog/9/,mantener,/it/blog/9/,200,Blog di Chirurgia Plastica ed Estetica | Clinica Belba,,screamingfrog_only,0,0,
/it/blog/8/,mantener,/it/blog/8/,200,Blog di Chirurgia Plastica ed Estetica | Clinica Belba,,screamingfrog_only,0,0,
/it/blog/7/,mantener,/it/blog/7/,200,Blog di Chirurgia Plastica ed Estetica | Clinica Belba,,screamingfrog_only,0,0,
/ru/aumento-de-mama-hibrido/,mantener,/ru/aumento-de-mama-hibrido/,200,Aumento de mama híbrido | Clinica Belba,,screamingfrog_only,0,0,
/en/aumento-de-mama-hibrido/,mantener,/en/aumento-de-mama-hibrido/,200,Aumento de mama híbrido | Clinica Belba,,screamingfrog_only,0,0,
/it/aumento-de-mama-hibrido/,mantener,/it/aumento-de-mama-hibrido/,200,Aumento de mama híbrido | Clinica Belba,,screamingfrog_only,0,0,
/de/aumento-de-mama-hibrido/,mantener,/de/aumento-de-mama-hibrido/,200,Aumento de mama híbrido | Clinica Belba,,screamingfrog_only,0,0,
/uk/гібридне-збільшення-грудей/,mantener,/uk/гібридне-збільшення-грудей/,200,Гібридна операція зі збільшення грудей | Клініка «Белба»,,screamingfrog_only,0,0,
/nl/hybride-borstvergroting/,mantener,/nl/hybride-borstvergroting/,200,Hybride borstvergroting | Clinica Belba,,screamingfrog_only,0,0,
/ca/aumento-de-mama-hibrido/,mantener,/ca/aumento-de-mama-hibrido/,200,Aumento de mama híbrido | Clinica Belba,,screamingfrog_only,0,0,
/author/webbelba/page/2/,301,/author/webbelba/,301,Artículos del Dr. Mike Dewever | Clínica Belba,,sistema,0,0,
/fr/aumento-de-mama-hibrido/,mantener,/fr/aumento-de-mama-hibrido/,200,Aumento de mama híbrido | Clinica Belba,,screamingfrog_only,0,0,
/author/webbelba/page/3/,301,/author/webbelba/,301,Artículos del Dr. Mike Dewever | Clínica Belba,,sistema,0,0,
/ru/автор/веббелба/страница/2/,mantener,/ru/автор/веббелба/страница/2/,200,Статьи д-ра Майка ДеВервиля | Клиника Бельба,,screamingfrog_only,0,0,
/ca/autor/webbelba/pagina/2/,mantener,/ca/autor/webbelba/pagina/2/,200,Articles del Dr. Mike Dewever | Clínica Belba,,screamingfrog_only,0,0,
/fr/auteur/webbelba/page/2/,301,/fr/auteur/webbelba/,301,Articles du Dr Mike Dewever | Clinique Belba,,sistema,0,0,
/uk/автор/webbelba/сторінка/2/,mantener,/uk/автор/webbelba/сторінка/2/,200,Статті доктора Майка Девевера | Клініка «Белба»,,screamingfrog_only,0,0,
/de/autor/webbelba/seite/2/,mantener,/de/autor/webbelba/seite/2/,200,Artikel von Dr. Mike Dewever | Belba Klinik,,screamingfrog_only,0,0,
/en/author/webbelba/page/2/,301,/en/author/webbelba/,301,Articles by Dr. Mike Dewever | Belba Clinic,,sistema,0,0,
/nl/auteur/webbel/pagina/2/,mantener,/nl/auteur/webbel/pagina/2/,200,Artikelen van Dr. Mike Dewever | Clinique Belba,,screamingfrog_only,0,0,
/it/autore/bellissima/pagina/2/,mantener,/it/autore/bellissima/pagina/2/,200,Articoli del Dott. Mike Dewever | Clinica Belba,,screamingfrog_only,0,0,
/fr/auteur/webbelba/page/3/,301,/fr/auteur/webbelba/,301,Articles du Dr Mike Dewever | Clinique Belba,,sistema,0,0,
/de/autor/webbelba/seite/3/,mantener,/de/autor/webbelba/seite/3/,200,Artikel von Dr. Mike Dewever | Belba Klinik,,screamingfrog_only,0,0,
/en/author/webbelba/page/3/,301,/en/author/webbelba/,301,Articles by Dr. Mike Dewever | Belba Clinic,,sistema,0,1,GSC: 1 clics / 3 impresiones — no perder en silencio · OK Oscar 27/09: 301 a equivalente
/it/autore/bellissima/pagina/3/,mantener,/it/autore/bellissima/pagina/3/,200,Articoli del Dott. Mike Dewever | Clinica Belba,,screamingfrog_only,0,0,
/ru/автор/веббелба/страница/3/,mantener,/ru/автор/веббелба/страница/3/,200,Статьи д-ра Майка ДеВервиля | Клиника Бельба,,screamingfrog_only,0,0,
/author/webbelba/page/4/,301,/author/webbelba/,301,Artículos del Dr. Mike Dewever | Clínica Belba,,sistema,0,0,
/nl/auteur/webbel/pagina/3/,mantener,/nl/auteur/webbel/pagina/3/,200,Artikelen van Dr. Mike Dewever | Clinique Belba,,screamingfrog_only,0,0,
/ca/autor/webbelba/pagina/3/,mantener,/ca/autor/webbelba/pagina/3/,200,Articles del Dr. Mike Dewever | Clínica Belba,,screamingfrog_only,0,0,
/uk/автор/webbelba/сторінка/3/,mantener,/uk/автор/webbelba/сторінка/3/,200,Статті доктора Майка Девевера | Клініка «Белба»,,screamingfrog_only,0,0,
/author/webbelba/page/5/,301,/author/webbelba/,301,Artículos del Dr. Mike Dewever | Clínica Belba,,sistema,0,0,
/nl/auteur/webbel/pagina/4/,mantener,/nl/auteur/webbel/pagina/4/,200,Artikelen van Dr. Mike Dewever | Clinique Belba,,screamingfrog_only,0,0,
/uk/автор/webbelba/сторінка/4/,mantener,/uk/автор/webbelba/сторінка/4/,200,Статті доктора Майка Девевера | Клініка «Белба»,,screamingfrog_only,0,0,
/ca/autor/webbelba/pagina/4/,mantener,/ca/autor/webbelba/pagina/4/,200,Articles del Dr. Mike Dewever | Clínica Belba,,screamingfrog_only,0,0,
/ru/автор/веббелба/страница/4/,mantener,/ru/автор/веббелба/страница/4/,200,Статьи д-ра Майка ДеВервиля | Клиника Бельба,,screamingfrog_only,0,0,
/it/autore/bellissima/pagina/4/,mantener,/it/autore/bellissima/pagina/4/,200,Articoli del Dott. Mike Dewever | Clinica Belba,,screamingfrog_only,0,0,
/en/author/webbelba/page/4/,301,/en/author/webbelba/,301,Articles by Dr. Mike Dewever | Belba Clinic,,sistema,0,0,
/fr/auteur/webbelba/page/4/,301,/fr/auteur/webbelba/,301,Articles du Dr Mike Dewever | Clinique Belba,,sistema,0,0,
/de/autor/webbelba/seite/4/,mantener,/de/autor/webbelba/seite/4/,200,Artikel von Dr. Mike Dewever | Belba Klinik,,screamingfrog_only,0,0,
/de/autor/webbelba/seite/5/,mantener,/de/autor/webbelba/seite/5/,200,Artikel von Dr. Mike Dewever | Belba Klinik,,screamingfrog_only,0,0,
/it/autore/bellissima/pagina/5/,mantener,/it/autore/bellissima/pagina/5/,200,Articoli del Dott. Mike Dewever | Clinica Belba,,screamingfrog_only,0,0,
/en/author/webbelba/page/5/,301,/en/author/webbelba/,301,Articles by Dr. Mike Dewever | Belba Clinic,,sistema,0,0,
/fr/auteur/webbelba/page/5/,301,/fr/auteur/webbelba/,301,Articles du Dr Mike Dewever | Clinique Belba,,sistema,0,0,
/nl/auteur/webbel/pagina/5/,mantener,/nl/auteur/webbel/pagina/5/,200,Artikelen van Dr. Mike Dewever | Clinique Belba,,screamingfrog_only,0,0,
/ca/autor/webbelba/pagina/5/,mantener,/ca/autor/webbelba/pagina/5/,200,Articles del Dr. Mike Dewever | Clínica Belba,,screamingfrog_only,0,0,
/author/webbelba/page/6/,301,/author/webbelba/,301,Artículos del Dr. Mike Dewever | Clínica Belba,,sistema,0,0,
/ru/автор/веббелба/страница/5/,mantener,/ru/автор/веббелба/страница/5/,200,Статьи д-ра Майка ДеВервиля | Клиника Бельба,,screamingfrog_only,0,0,
/uk/автор/webbelba/сторінка/5/,mantener,/uk/автор/webbelba/сторінка/5/,200,Статті доктора Майка Девевера | Клініка «Белба»,,screamingfrog_only,0,0,
/nl/auteur/webbel/pagina/6/,mantener,/nl/auteur/webbel/pagina/6/,200,Artikelen van Dr. Mike Dewever | Clinique Belba,,screamingfrog_only,0,0,
/ca/autor/webbelba/pagina/6/,mantener,/ca/autor/webbelba/pagina/6/,200,Articles del Dr. Mike Dewever | Clínica Belba,,screamingfrog_only,0,0,
/uk/автор/webbelba/сторінка/6/,mantener,/uk/автор/webbelba/сторінка/6/,200,Статті доктора Майка Девевера | Клініка «Белба»,,screamingfrog_only,0,0,
/ru/автор/веббелба/страница/6/,mantener,/ru/автор/веббелба/страница/6/,200,Статьи д-ра Майка ДеВервиля | Клиника Бельба,,screamingfrog_only,0,0,
/fr/auteur/webbelba/page/6/,301,/fr/auteur/webbelba/,301,Articles du Dr Mike Dewever | Clinique Belba,,sistema,0,0,
/en/author/webbelba/page/6/,301,/en/author/webbelba/,301,Articles by Dr. Mike Dewever | Belba Clinic,,sistema,0,0,
/it/autore/bellissima/pagina/6/,mantener,/it/autore/bellissima/pagina/6/,200,Articoli del Dott. Mike Dewever | Clinica Belba,,screamingfrog_only,0,0,
/de/autor/webbelba/seite/6/,mantener,/de/autor/webbelba/seite/6/,200,Artikel von Dr. Mike Dewever | Belba Klinik,,screamingfrog_only,0,0,
/en/preserve-breast-augmentation/,301,/en/breast-augmentation-preserve/,301,,,legacy,0,25,Redirección que ya existe hoy · GSC 3m: 25 clics / 1611 impr · backlinks 0
/ca/seroma-tras-cirugia-que-es-como-prevenir/,301,/seroma-tras-cirugia-que-es-como-prevenir/,301,,,legacy,0,22,Redirección que ya existe hoy · GSC 3m: 22 clics / 1868 impr · backlinks 0
/en/costal-remodeling/,301,/en/rib-remodeling/,301,,,legacy,0,21,Redirección que ya existe hoy · GSC 3m: 21 clics / 1147 impr · backlinks 0
/ca/precio-liposuccion-espana/,301,/precio-liposuccion-espana/,301,,,legacy,0,12,Redirección que ya existe hoy · GSC 3m: 12 clics / 2011 impr · backlinks 0
/it/labios-vaginales-que-son-tipos-cuidados-y-cuando-consultar/,301,/it/labbra-vaginali-cosa-sono-tipologie-cura-e-quando-consultare-un-medico/,301,,,legacy,0,11,Redirección que ya existe hoy · GSC 3m: 11 clics / 1483 impr · backlinks 0
/en/abdominoplastia-recuperacion/,301,/abdominoplastia-recuperacion/,301,,,legacy,0,10,Redirección que ya existe hoy · GSC 3m: 10 clics / 1578 impr · backlinks 0
/en/abdominoplasty-barcelona/,301,/en/tummy-tuck-barcelona/,301,,,legacy,0,10,Redirección que ya existe hoy · GSC 3m: 10 clics / 569 impr · backlinks 0
/ca/precio-cirugia-estetica-barcelona/,301,/ca/preu-cirurgia-estetica-barcelona/,301,,,legacy,0,10,Redirección que ya existe hoy · GSC 3m: 10 clics / 456 impr · backlinks 0
/en/rib-removal-surgery/,301,/en/rib-remodeling/,301,,,legacy,0,9,Hoy da 404 y Google la sigue mostrando: proponer 301 a su equivalente · GSC 3m: 9 clics / 348 impr · backlinks 0 · OK Oscar 27/09: 301 a equivalente
/ca/labios-vaginales-que-son-tipos-cuidados-y-cuando-consultar/,301,/ca/llavis-vaginals-quins-son-tipus-cures-i-quan-consultar/,301,,,legacy,0,9,Redirección que ya existe hoy · GSC 3m: 9 clics / 124 impr · backlinks 0
/en/mini-facelift-barcelona/,301,/en/mini-lifting-facial-barcelona/,301,,,legacy,0,8,Hoy da 404 y Google la sigue mostrando: proponer 301 a su equivalente · GSC 3m: 8 clics / 81 impr · backlinks 0 · OK Oscar 27/09: 301 a equivalente
/en/que-es-un-bbl-brazilian-butt-lift/,301,/que-es-un-bbl-brazilian-butt-lift/,301,,,legacy,0,7,Redirección que ya existe hoy · GSC 3m: 7 clics / 7598 impr · backlinks 0
/de/labios-vaginales/,301,/de/schamlippen/,301,,,legacy,0,6,Redirección que ya existe hoy · GSC 3m: 6 clics / 468 impr · backlinks 0
/uk/labios-vaginales-que-son-tipos-cuidados-y-cuando-consultar/,301,/uk/%d1%81%d1%82%d0%b0%d1%82%d0%b5%d0%b2%d1%96-%d0%b3%d1%83%d0%b1%d0%b8-%d1%8f%d0%ba-%d0%b4%d0%be%d0%b3%d0%bb%d1%8f%d0%b4%d0%b0%d1%82%d0%b8-%d0%b7%d0%b0-%d0%bd%d0%b8%d0%bc%d0%b8-%d1%82%d0%b0-%d0%ba%d0%be/,301,,,legacy,0,6,Redirección que ya existe hoy · GSC 3m: 6 clics / 599 impr · backlinks 0
/en/about-us/,301,/en/who-are-we/,301,,,legacy,0,5,Redirección que ya existe hoy · GSC 3m: 5 clics / 219 impr · backlinks 0
/en/precio-cirugia-estetica-barcelona/,301,/en/cosmetic-surgery-prices-barcelona/,301,,,legacy,0,5,Redirección que ya existe hoy · GSC 3m: 5 clics / 670 impr · backlinks 0
/ca/lipovaser-vs-liposuccion/,301,/lipovaser-vs-liposuccion/,301,,,legacy,0,5,Redirección que ya existe hoy · GSC 3m: 5 clics / 186 impr · backlinks 0
/en/diastasis-abdominal-es-peligroso/,301,/diastasis-abdominal-es-peligroso/,301,,,legacy,0,4,Redirección que ya existe hoy · GSC 3m: 4 clics / 484 impr · backlinks 0
/en/rinoplastia-barcelona/,301,/en/rhinoplasty-barcelona/,301,,,legacy,0,4,Redirección que ya existe hoy · GSC 3m: 4 clics / 414 impr · backlinks 0
/ca/labios-vaginales/,301,/ca/llavis-vaginals/,301,,,legacy,0,4,Redirección que ya existe hoy · GSC 3m: 4 clics / 352 impr · backlinks 0
/en/tummy-tuck-recovery/,301,/abdominoplastia-recuperacion/,301,,,legacy,0,4,Hoy da 404 y Google la sigue mostrando: proponer 301 a su equivalente · GSC 3m: 4 clics / 960 impr · backlinks 0 · OK Oscar 27/09: 301 a equivalente
/uk/lipovaser-que-es/,301,/uk/%d1%89%d0%be-%d1%82%d0%b0%d0%ba%d0%b5-lipovaser/,301,,,legacy,0,4,Redirección que ya existe hoy · GSC 3m: 4 clics / 1584 impr · backlinks 0
/ru/rinoplastia-hombre-antes-y-despues-mejorado/,301,/ru/%d1%80%d0%b8%d0%bd%d0%be%d0%bf%d0%bb%d0%b0%d1%81%d1%82%d0%b8%d0%ba%d0%b0-%d0%bc%d1%83%d0%b6%d1%87%d0%b8%d0%bd%d0%b0-%d0%b4%d0%be-%d0%b8-%d0%bf%d0%be%d1%81%d0%bb%d0%b5-%d1%83%d0%bb%d1%83%d1%87%d1%88/,301,,,legacy,0,4,Redirección que ya existe hoy · GSC 3m: 4 clics / 100 impr · backlinks 0
/ca/abdominoplastia-recuperacio/,301,/abdominoplastia-recuperacion/,301,,,legacy,0,3,Redirección que ya existe hoy · GSC 3m: 3 clics / 37 impr · backlinks 0
/de/reduccion-de-areola/,301,/de/brustwarzenhofverkleinerung/,301,,,legacy,0,3,Redirección que ya existe hoy · GSC 3m: 3 clics / 123 impr · backlinks 0
/de/serom-nach-operation-was-ist-und-wie-man-vorbeugt/,301,/seroma-tras-cirugia-que-es-como-prevenir/,301,,,legacy,0,3,Redirección que ya existe hoy · GSC 3m: 3 clics / 274 impr · backlinks 0
/ru/liposuccion-precio/,301,/ru/%d0%bb%d0%b8%d0%bf%d0%be%d1%81%d0%b0%d0%ba%d1%86%d0%b8%d1%8f-%d1%86%d0%b5%d0%bd%d0%b0/,301,,,legacy,0,3,Redirección que ya existe hoy · GSC 3m: 3 clics / 167 impr · backlinks 0
/en/lipovaser-before-and-after/,301,/en/lipolaser-before-and-after/,301,,,legacy,0,2,Hoy da 404 y Google la sigue mostrando: proponer 301 a su equivalente · GSC 3m: 2 clics / 363 impr · backlinks 0 · OK Oscar 27/09: 301 a equivalente
/en/recuperacion-rinoplastia-semana-a-semana/,301,/recuperacion-rinoplastia-semana-a-semana/,301,,,legacy,0,2,Redirección que ya existe hoy · GSC 3m: 2 clics / 317 impr · backlinks 0
/ca/lifting-de-bracos/,301,/ca/elevacio-de-bracos/,301,,,legacy,0,2,Redirección que ya existe hoy · GSC 3m: 2 clics / 70 impr · backlinks 0
/ca/recanvi-protesi/,301,/ca/recanvi-de-protesi/,301,,,legacy,0,2,Redirección que ya existe hoy · GSC 3m: 2 clics / 36 impr · backlinks 0
/en/hipertrofia-labios-menores/,301,/hipertrofia-labios-menores/,301,,,legacy,0,2,Redirección que ya existe hoy · GSC 3m: 2 clics / 150 impr · backlinks 0
/ca/aumento-pecho-precio/,301,/ca/augment-de-pits-preu/,301,,,legacy,0,2,Redirección que ya existe hoy · GSC 3m: 2 clics / 11 impr · backlinks 0
/ca/reduccio-de-pit/,301,/ca/reduccio-de-mama/,301,,,legacy,0,2,Hoy da 404 y Google la sigue mostrando: proponer 301 a su equivalente · GSC 3m: 2 clics / 55 impr · backlinks 0 · OK Oscar 27/09: 301 a equivalente
/de/lipovaser-antes-y-despues/,301,/de/lipovaser-davor-und-danach/,301,,,legacy,0,2,Redirección que ya existe hoy · GSC 3m: 2 clics / 372 impr · backlinks 0
/de/wie-viel-kostet-brustvergroserung-spanien/,301,/cuanto-vale-aumento-pecho-espana/,301,,,legacy,0,2,Redirección que ya existe hoy · GSC 3m: 2 clics / 84 impr · backlinks 0
/ca/quins-pits-de-protesis-triar-per-a-un-augment-de-pit/,301,/que-tamano-protesis-pecho-elegir-aumento-de-pecho/,301,,,legacy,0,2,Redirección que ya existe hoy · GSC 3m: 2 clics / 78 impr · backlinks 0
/fr/author/webbelba/,301,/fr/auteur/webbelba/,301,,,legacy,0,2,Redirección que ya existe hoy · GSC 3m: 2 clics / 12 impr · backlinks 0
/it/lipovaser-antes-y-despues/,301,/it/lipovaser-prima-e-dopo/,301,,,legacy,0,2,Redirección que ya existe hoy · GSC 3m: 2 clics / 80 impr · backlinks 0
/de/abdominoplastia-recuperacion/,301,/abdominoplastia-recuperacion/,301,,,legacy,0,2,Redirección que ya existe hoy · GSC 3m: 2 clics / 50 impr · backlinks 0
/ru/rinoplastia-antes-y-despues/,301,/ru/%d1%80%d0%b8%d0%bd%d0%be%d0%bf%d0%bb%d0%b0%d1%81%d1%82%d0%b8%d0%ba%d0%b0-%d0%b4%d0%be-%d0%b8-%d0%bf%d0%be%d1%81%d0%bb%d0%b5/,301,,,legacy,0,2,Redirección que ya existe hoy · GSC 3m: 2 clics / 78 impr · backlinks 0
/de/wespentaille-was-sie-ist-und-wie-man-sie-bekommt/,301,/cintura-de-avispa-que-es-y-como-tenerla/,301,,,legacy,0,2,Redirección que ya existe hoy · GSC 3m: 2 clics / 172 impr · backlinks 0
/nl/abdominoplastia-recuperacion/,301,/abdominoplastia-recuperacion/,301,,,legacy,0,2,Redirección que ya existe hoy · GSC 3m: 2 clics / 320 impr · backlinks 0
/uk/braquioplastia-o-liposuccion-de-brazos/,301,/braquioplastia-o-liposuccion-de-brazos/,301,,,legacy,0,2,Redirección que ya existe hoy · GSC 3m: 2 clics / 444 impr · backlinks 0
/uk/liposuccion/,301,/uk/%D0%BB%D1%96%D0%BF%D0%BE%D1%81%D0%B0%D0%BA%D1%86%D1%96%D1%8F-%D0%B2-%D0%B1%D0%B0%D1%80%D1%81%D0%B5%D0%BB%D0%BE%D0%BD%D1%96/,301,,,legacy,0,2,Responde 200 pero no está en sitemap ni en el rastreo (huérfana/duplicada de slug sin traducir): decidir mantener o 301 · GSC 3m: 2 clics / 1263 impr · backlinks 0 · OK Oscar 27/09: 301 a equivalente
/en/labios-vaginales-que-son-tipos-cuidados-y-cuando-consultar/,301,/en/labia-what-they-are-types-care-and-when-to-consult-a-doctor/,301,,,legacy,0,2,Redirección que ya existe hoy · GSC 3m: 2 clics / 174 impr · backlinks 0
/en/aumento-pecho-precio/,301,/en/breast-augmentation-price/,301,,,legacy,0,1,Redirección que ya existe hoy · GSC 3m: 1 clics / 128 impr · backlinks 0
/en/lift-of-thighs/,301,/en/thigh-lift/,301,,,legacy,0,1,Redirección que ya existe hoy · GSC 3m: 1 clics / 106 impr · backlinks 0
/en/merece-la-pena-operarse-el-pecho/,301,/merece-la-pena-operarse-el-pecho/,301,,,legacy,0,1,Redirección que ya existe hoy · GSC 3m: 1 clics / 75 impr · backlinks 0
/fr/augmentation-mammaire-preserve/,301,/fr/augmentation-mammaire-sans-alteration-de-laspect-naturel/,301,,,legacy,0,1,Hoy da 404 y Google la sigue mostrando: proponer 301 a su equivalente · GSC 3m: 1 clics / 12 impr · backlinks 0 · OK Oscar 27/09: 301 a equivalente
/ca/abdominoplastia-recuperacion/,301,/abdominoplastia-recuperacion/,301,,,legacy,0,1,Redirección que ya existe hoy · GSC 3m: 1 clics / 51 impr · backlinks 0
/ca/lip-vaser/,301,/ca/lipo-vaser/,301,,,legacy,0,1,Redirección que ya existe hoy · GSC 3m: 1 clics / 24 impr · backlinks 0
/ca/mama-tuberosa-grados-cirugia/,301,/mama-tuberosa-grados-cirugia/,301,,,legacy,0,1,Redirección que ya existe hoy · GSC 3m: 1 clics / 155 impr · backlinks 0
/ca/merece-la-pena-operarse-el-pecho/,301,/merece-la-pena-operarse-el-pecho/,301,,,legacy,0,1,Redirección que ya existe hoy · GSC 3m: 1 clics / 45 impr · backlinks 0
/ca/reduccio-d-areola/,301,/ca/reduccio-dareola/,301,,,legacy,0,1,Redirección que ya existe hoy · GSC 3m: 1 clics / 101 impr · backlinks 0
/en/rinoplastia-ultrasonica-precio/,301,/en/ultrasonic-rhinoplasty-price/,301,,,legacy,0,1,Redirección que ya existe hoy · GSC 3m: 1 clics / 334 impr · backlinks 0
/ca/postoperatorio-lifting-facial-semana-a-semana/,301,/postoperatorio-lifting-facial-semana-a-semana/,301,,,legacy,0,1,Redirección que ya existe hoy · GSC 3m: 1 clics / 45 impr · backlinks 0
/ca/protesis-motiva-ventajas-duracion-resultados/,301,/protesis-motiva-ventajas-duracion-resultados/,301,,,legacy,0,1,Redirección que ya existe hoy · GSC 3m: 1 clics / 115 impr · backlinks 0
/en/ginecomastia-antes-y-despues/,301,/en/gynecomastia-before-and-after/,301,,,legacy,0,1,Redirección que ya existe hoy · GSC 3m: 1 clics / 28 impr · backlinks 0
/fr/reamenagement-cotier/,301,/fr/resection-costale/,301,,,legacy,0,1,Hoy da 404 y Google la sigue mostrando: proponer 301 a su equivalente · GSC 3m: 1 clics / 1 impr · backlinks 0 · OK Oscar 27/09: 301 a equivalente
/ca/augment-pit-barcelona/,301,/ca/augment-de-pit-barcelona/,301,,,legacy,0,1,Redirección que ya existe hoy · GSC 3m: 1 clics / 89 impr · backlinks 0
/ca/liposuccion/,301,/ca/liposuccio-barcelona/,301,,,legacy,0,1,Redirección que ya existe hoy · GSC 3m: 1 clics / 377 impr · backlinks 0 · destino resuelto sin cadena
/ca/augment-pit-preserve/,301,/ca/augment-de-pit-preserve/,301,,,legacy,0,1,Redirección que ya existe hoy · GSC 3m: 1 clics / 39 impr · backlinks 0
/en/abdominoplastia-barcelona/,301,/en/tummy-tuck-barcelona/,301,,,legacy,0,1,Redirección que ya existe hoy · GSC 3m: 1 clics / 118 impr · backlinks 0
/ca/braquioplastia-o-liposuccion-de-brazos/,301,/braquioplastia-o-liposuccion-de-brazos/,301,,,legacy,0,1,Redirección que ya existe hoy · GSC 3m: 1 clics / 187 impr · backlinks 0
/en/what-is-bbl-brazilian-butt-lift/,301,/que-es-un-bbl-brazilian-butt-lift/,301,,,legacy,0,1,Hoy da 404 y Google la sigue mostrando: proponer 301 a su equivalente · GSC 3m: 1 clics / 1870 impr · backlinks 0 · OK Oscar 27/09: 301 a equivalente
/en/tummy-tuck-before-and-after/,301,/en/abdominoplasty-before-and-after/,301,,,legacy,0,1,Hoy da 404 y Google la sigue mostrando: proponer 301 a su equivalente · GSC 3m: 1 clics / 31 impr · backlinks 0 · OK Oscar 27/09: 301 a equivalente
/ca/augment-pit-tecnica-brst/,301,/ca/augment-de-pit-tecnica-brst/,301,,,legacy,0,1,Hoy da 404 y Google la sigue mostrando: proponer 301 a su equivalente · GSC 3m: 1 clics / 3 impr · backlinks 0 · OK Oscar 27/09: 301 a equivalente
/en/resection-of-the-rib/,301,/en/rib-remodeling/,301,,,legacy,0,1,Hoy da 404 y Google la sigue mostrando: proponer 301 a su equivalente · GSC 3m: 1 clics / 59 impr · backlinks 0 · OK Oscar 27/09: 301 a equivalente
/fr/recuperacion-blefaroplastia/,301,/recuperacion-blefaroplastia/,301,,,legacy,0,1,Redirección que ya existe hoy · GSC 3m: 1 clics / 278 impr · backlinks 0
/en/recuperacion-blefaroplastia/,301,/recuperacion-blefaroplastia/,301,,,legacy,0,1,Redirección que ya existe hoy · GSC 3m: 1 clics / 26 impr · backlinks 0
/nl/hoeveel-kost-borstvergroting-spanje/,301,/cuanto-vale-aumento-pecho-espana/,301,,,legacy,0,1,Redirección que ya existe hoy · GSC 3m: 1 clics / 30 impr · backlinks 0
/de/abdominoplastia-antes-y-despues/,301,/de/bauchdeckenstraffung-vorher-und-nachher/,301,,,legacy,0,1,Redirección que ya existe hoy · GSC 3m: 1 clics / 73 impr · backlinks 0
/de/quitarse-costillas-flotantes-mito-o-realidad/,301,/quitarse-costillas-flotantes-mito-o-realidad/,301,,,legacy,0,1,Redirección que ya existe hoy · GSC 3m: 1 clics / 186 impr · backlinks 0
/fr/le-diastasis-abdominal-est-il-dangereux/,301,/diastasis-abdominal-es-peligroso/,301,,,legacy,0,1,Redirección que ya existe hoy · GSC 3m: 1 clics / 35 impr · backlinks 0
/it/mommy-makeover-barcelona/,301,/it/mommy-makeover-barcellona/,301,,,legacy,0,1,Redirección que ya existe hoy · GSC 3m: 1 clics / 7 impr · backlinks 0
/it/reduccion-de-mama/,301,/it/riduzione-mammaria/,301,,,legacy,0,1,Redirección que ya existe hoy · GSC 3m: 1 clics / 311 impr · backlinks 0
/ca/reduccion-de-areola/,301,/ca/reduccio-dareola/,301,,,legacy,0,1,Redirección que ya existe hoy · GSC 3m: 1 clics / 32 impr · backlinks 0
/ca/que-es-un-brazilian-butt-lift-bbl/,301,/que-es-un-bbl-brazilian-butt-lift/,301,,,legacy,0,1,Redirección que ya existe hoy · GSC 3m: 1 clics / 350 impr · backlinks 0
/nl/liposuccion-de-monte-de-venus/,301,/nl/liposuctie-venusheuvel/,301,,,legacy,0,1,Redirección que ya existe hoy · GSC 3m: 1 clics / 46 impr · backlinks 0
/de/lifting-de-brazos/,301,/de/armheben/,301,,,legacy,0,1,Redirección que ya existe hoy · GSC 3m: 1 clics / 164 impr · backlinks 0
/de/que-es-un-bbl-brazilian-butt-lift/,301,/que-es-un-bbl-brazilian-butt-lift/,301,,,legacy,0,1,Redirección que ya existe hoy · GSC 3m: 1 clics / 49 impr · backlinks 0
/en/lipovaser-antes-y-despues/,301,/en/lipolaser-before-and-after/,301,,,legacy,0,1,Redirección que ya existe hoy · GSC 3m: 1 clics / 92 impr · backlinks 0
/en/remodelacion-costal/,301,/en/rib-remodeling/,301,,,legacy,0,1,Redirección que ya existe hoy · GSC 3m: 1 clics / 165 impr · backlinks 0
/en/rhinoplasty-recovery-week-by-week/,301,/recuperacion-rinoplastia-semana-a-semana/,301,,,legacy,0,1,Redirección que ya existe hoy · GSC 3m: 1 clics / 40 impr · backlinks 0
/ca/mama-tuberosa-graus-cirurgia/,301,/mama-tuberosa-grados-cirugia/,301,,,legacy,0,1,Redirección que ya existe hoy · GSC 3m: 1 clics / 725 impr · backlinks 0
/uk/cuanto-vale-aumento-pecho-espana/,301,/cuanto-vale-aumento-pecho-espana/,301,,,legacy,0,1,Redirección que ya existe hoy · GSC 3m: 1 clics / 208 impr · backlinks 0
/it/elevacion-de-mama/,301,/it/mastopessi/,301,,,legacy,0,1,Redirección que ya existe hoy · GSC 3m: 1 clics / 182 impr · backlinks 0
/it/monte-de-venus-abultado/,301,/monte-de-venus-abultado/,301,,,legacy,0,1,Redirección que ya existe hoy · GSC 3m: 1 clics / 251 impr · backlinks 0
/ca/la-diastasi-abdominal-es-perillosa/,301,/diastasis-abdominal-es-peligroso/,301,,,legacy,0,1,Redirección que ya existe hoy · GSC 3m: 1 clics / 198 impr · backlinks 0
/ru/%D0%B0%D0%B1%D0%B4%D0%BE%D0%BC%D0%B8%D0%BD%D0%BE%D0%BF%D0%BB%D0%B0%D1%81%D1%82%D0%B8%D0%BA%D0%B0-%D0%B2%D0%BE%D1%81%D1%81%D1%82%D0%B0%D0%BD%D0%BE%D0%B2%D0%BB%D0%B5%D0%BD%D0%B8%D0%B5/,301,/abdominoplastia-recuperacion/,301,,,legacy,0,1,Redirección que ya existe hoy · GSC 3m: 1 clics / 23 impr · backlinks 0
/de/blefaroplastia-antes-y-despues/,301,/de/blepharoplastik-vorher-und-nachher/,301,,,legacy,0,1,Redirección que ya existe hoy · GSC 3m: 1 clics / 90 impr · backlinks 0
/de/lifting-denise-richards/,301,/lifting-denise-richards/,301,,,legacy,0,1,Redirección que ya existe hoy · GSC 3m: 1 clics / 68 impr · backlinks 0
/de/wie-bekomme-ich-brustvergroserung-naturlich-optionen-ergebnisse/,301,/como-conseguir-aumento-pecho-natural-opciones-resultados/,301,,,legacy,0,1,Redirección que ya existe hoy · GSC 3m: 1 clics / 64 impr · backlinks 0
/it/decorso-postoperatorio-di-lifting-facciale-settimana-per-settimana/,301,/postoperatorio-lifting-facial-semana-a-semana/,301,,,legacy,0,1,Redirección que ya existe hoy · GSC 3m: 1 clics / 43 impr · backlinks 0
/uk/monte-de-venus-abultado/,301,/monte-de-venus-abultado/,301,,,legacy,0,1,Redirección que ya existe hoy · GSC 3m: 1 clics / 23 impr · backlinks 0
/it/precio-liposuccion-espana/,301,/precio-liposuccion-espana/,301,,,legacy,0,1,Redirección que ya existe hoy · GSC 3m: 1 clics / 83 impr · backlinks 0
/de/preis-fettabsaugung-spanien/,301,/precio-liposuccion-espana/,301,,,legacy,0,1,Redirección que ya existe hoy · GSC 3m: 1 clics / 46 impr · backlinks 0
/ru/diastasis-abdominal-es-peligroso/,301,/diastasis-abdominal-es-peligroso/,301,,,legacy,0,1,Redirección que ya existe hoy · GSC 3m: 1 clics / 17 impr · backlinks 0
/uk/ginecomastia-antes-y-despues/,301,/uk/%d0%b3%d1%96%d0%bd%d0%b5%d0%ba%d0%be%d0%bc%d0%b0%d1%81%d1%82%d1%96%d1%8f-%d0%b4%d0%be-%d1%96-%d0%bf%d1%96%d1%81%d0%bb%d1%8f/,301,,,legacy,0,1,Redirección que ya existe hoy · GSC 3m: 1 clics / 28 impr · backlinks 0
/de/aumento-pecho-precio/,301,/de/brustvergroserung-preis/,301,,,legacy,0,1,Redirección que ya existe hoy · GSC 3m: 1 clics / 10 impr · backlinks 0
/it/hipertrofia-labios-menores/,301,/hipertrofia-labios-menores/,301,,,legacy,0,1,Redirección que ya existe hoy · GSC 3m: 1 clics / 348 impr · backlinks 0
/ca/liposuccion-precio/,301,/ca/preu-de-la-lipoescultura/,301,,,legacy,0,1,Redirección que ya existe hoy · GSC 3m: 1 clics / 148 impr · backlinks 0
/nl/diastasis-abdominal-es-peligroso/,301,/diastasis-abdominal-es-peligroso/,301,,,legacy,0,1,Redirección que ya existe hoy · GSC 3m: 1 clics / 202 impr · backlinks 0
/ru/protesis-motiva-ventajas-duracion-resultados/,301,/protesis-motiva-ventajas-duracion-resultados/,301,,,legacy,0,1,Redirección que ya existe hoy · GSC 3m: 1 clics / 46 impr · backlinks 0
/uk/recuperacion-rinoplastia-semana-a-semana/,301,/recuperacion-rinoplastia-semana-a-semana/,301,,,legacy,0,1,Redirección que ya existe hoy · GSC 3m: 1 clics / 19 impr · backlinks 0
/en/rinomodelacion-barcelona/,301,/en/rhinomodeling-barcelona/,301,,,legacy,0,1,Redirección que ya existe hoy · GSC 3m: 1 clics / 191 impr · backlinks 0
/it/labios-vaginales/,301,/it/labbra-vaginali/,301,,,legacy,0,1,Redirección que ya existe hoy · GSC 3m: 1 clics / 165 impr · backlinks 0
/it/rinoplastia-hombre-antes-y-despues-mejorado/,301,/it/rinoplastica-uomo-prima-e-dopo-migliorata/,301,,,legacy,0,1,Redirección que ya existe hoy · GSC 3m: 1 clics / 562 impr · backlinks 0
/fr/labios-vaginales/,301,/fr/levres-vaginales/,301,,,legacy,0,1,Redirección que ya existe hoy · GSC 3m: 1 clics / 9 impr · backlinks 0
/en/quitar-costillas-flotantes/,301,/quitar-costillas-flotantes/,301,,,legacy,0,1,Redirección que ya existe hoy · GSC 3m: 1 clics / 300 impr · backlinks 0
/ca/resenas-dr-felix-chavarria/,301,/ca/resum-dr-felix-chavarria/,301,,,legacy,0,1,Redirección que ya existe hoy · GSC 3m: 1 clics / 2 impr · backlinks 0
/ru/feedback-positivo-dr-chavarria/,301,/ru/%d0%bf%d0%be%d0%bb%d0%be%d0%b6%d0%b8%d1%82%d0%b5%d0%bb%d1%8c%d0%bd%d1%8b%d0%b9-%d0%be%d1%82%d0%b7%d1%8b%d0%b2-%d0%be%d1%82-%d0%b4%d0%be%d0%ba%d1%82%d0%be%d1%80%d0%b0-%d1%87%d0%b0%d0%b2%d0%b0%d1%80/,301,,,legacy,0,1,Redirección que ya existe hoy · GSC 3m: 1 clics / 2 impr · backlinks 0
/fr/opiniones-reales-dr-felix-chavarria/,301,/fr/avis-reels-dr-felix-chavarria/,301,,,legacy,0,1,Redirección que ya existe hoy · GSC 3m: 1 clics / 1 impr · backlinks 0
/presupuesto/,301,/precio-cirugia-estetica-barcelona/,301,,,legacy,1,0,Hoy da 404 y Google la sigue mostrando: proponer 301 a su equivalente · GSC 3m: 0 clics / 124 impr · backlinks 1 · OK Oscar 27/09: 301 a equivalente
/en/liposuccion-barcelona/,301,/en/liposuction-barcelona/,301,,,legacy,0,0,Redirección que ya existe hoy · GSC 3m: 0 clics / 295 impr · backlinks 0
/ca/abdominoplastia-precio/,301,/ca/preu-abdominoplastia/,301,,,legacy,0,0,Redirección que ya existe hoy · GSC 3m: 0 clics / 170 impr · backlinks 0
/ca/liposuccion-de-monte-de-venus/,301,/ca/liposuccio-del-mont-de-venus/,301,,,legacy,0,0,Redirección que ya existe hoy · GSC 3m: 0 clics / 171 impr · backlinks 0
/ca/que-es-un-bbl-brazilian-butt-lift/,301,/que-es-un-bbl-brazilian-butt-lift/,301,,,legacy,0,0,Redirección que ya existe hoy · GSC 3m: 0 clics / 414 impr · backlinks 0
/en/recuperacion-liposuccion-semana-a-semana/,301,/recuperacion-liposuccion-semana-a-semana/,301,,,legacy,0,0,Redirección que ya existe hoy · GSC 3m: 0 clics / 166 impr · backlinks 0
/ca/bbl-hialuronico-o-protesis-gluteo-cual-elegir/,301,/bbl-hialuronico-o-protesis-gluteo-cual-elegir/,301,,,legacy,0,0,Redirección que ya existe hoy · GSC 3m: 0 clics / 173 impr · backlinks 0
/en/reduccion-de-areola/,301,/en/areola-reduction/,301,,,legacy,0,0,Redirección que ya existe hoy · GSC 3m: 0 clics / 135 impr · backlinks 0
/ca/cuanto-dura-una-blefaroplastia/,301,/cuanto-dura-una-blefaroplastia/,301,,,legacy,0,0,Redirección que ya existe hoy · GSC 3m: 0 clics / 102 impr · backlinks 0
/en/cuanto-dura-una-blefaroplastia/,301,/cuanto-dura-una-blefaroplastia/,301,,,legacy,0,0,Redirección que ya existe hoy · GSC 3m: 0 clics / 102 impr · backlinks 0
/en/que-es-bichectomia/,301,/que-es-bichectomia/,301,,,legacy,0,0,Redirección que ya existe hoy · GSC 3m: 0 clics / 1017 impr · backlinks 0
/ca/que-es-bbl-brazilian-butt-lift/,301,/que-es-un-bbl-brazilian-butt-lift/,301,,,legacy,0,0,Hoy da 404 y Google la sigue mostrando: proponer 301 a su equivalente · GSC 3m: 0 clics / 124 impr · backlinks 0 · OK Oscar 27/09: 301 a equivalente
/en/vaser-liposuction-before-and-after/,301,/en/lipolaser-before-and-after/,301,,,legacy,0,0,Hoy da 404 y Google la sigue mostrando: proponer 301 a su equivalente · GSC 3m: 0 clics / 205 impr · backlinks 0 · OK Oscar 27/09: 301 a equivalente
/en/como-conseguir-aumento-pecho-natural-opciones-resultados/,301,/como-conseguir-aumento-pecho-natural-opciones-resultados/,301,,,legacy,0,0,Redirección que ya existe hoy · GSC 3m: 0 clics / 168 impr · backlinks 0
/en/quienes-somos/,301,/en/who-are-we/,301,,,legacy,0,0,Redirección que ya existe hoy · GSC 3m: 0 clics / 105 impr · backlinks 0
/ca/quitar-costillas-flotantes/,301,/quitar-costillas-flotantes/,301,,,legacy,0,0,Redirección que ya existe hoy · GSC 3m: 0 clics / 183 impr · backlinks 0
/en/liposuccion-de-alta-definicion/,301,/en/high-definition-liposuction/,301,,,legacy,0,0,Redirección que ya existe hoy · GSC 3m: 0 clics / 258 impr · backlinks 0
/en/otoplastia/,301,/en/otoplasty/,301,,,legacy,0,0,Redirección que ya existe hoy · GSC 3m: 0 clics / 191 impr · backlinks 0
/fr/liposuccion-de-alta-definicion/,301,/fr/liposuccion-haute-definition/,301,,,legacy,0,0,Redirección que ya existe hoy · GSC 3m: 0 clics / 197 impr · backlinks 0
/ru/aumento-de-gluteos-barcelona/,301,/ru/%d1%83%d0%b2%d0%b5%d0%bb%d0%b8%d1%87%d0%b5%d0%bd%d0%b8%d0%b5-%d1%8f%d0%b3%d0%be/,301,,,legacy,0,0,Redirección que ya existe hoy · GSC 3m: 0 clics / 248 impr · backlinks 0
/de/cirujanos-plasticos-barcelona/,301,/de/plastische-chirurgen-barcelona/,301,,,legacy,0,0,Redirección que ya existe hoy · GSC 3m: 0 clics / 161 impr · backlinks 0
/de/lifting-de-muslos/,301,/de/oberschenkelstraffung/,301,,,legacy,0,0,Redirección que ya existe hoy · GSC 3m: 0 clics / 136 impr · backlinks 0
/de/rinoplastia-antes-y-despues/,301,/de/rhinoplastik-davor-und-danach/,301,,,legacy,0,0,Redirección que ya existe hoy · GSC 3m: 0 clics / 290 impr · backlinks 0
/en/cirujanos-plasticos-barcelona/,301,/en/plastic-surgeons-barcelona/,301,,,legacy,0,0,Redirección que ya existe hoy · GSC 3m: 0 clics / 203 impr · backlinks 0
/de/liposuccion-de-alta-definicion/,301,/de/hochdefinitions-fettabsaugung/,301,,,legacy,0,0,Redirección que ya existe hoy · GSC 3m: 0 clics / 154 impr · backlinks 0
/en/vaginoplasty-is-recommended-in-several-situations-gender-affirmation-surgery-for-transgender-women-who-wish-to-align-their-physical-characteristics-with-their-gender-identity-congeni/,301,/vaginoplastia-cuando-se-recomienda/,301,,,legacy,0,0,Redirección que ya existe hoy · GSC 3m: 0 clics / 164 impr · backlinks 0
/ca/recuperacion-aumento-pecho-tiempos-cuidados-evolucion/,301,/recuperacion-aumento-pecho-tiempos-cuidados-evolucion/,301,,,legacy,0,0,Redirección que ya existe hoy · GSC 3m: 0 clics / 149 impr · backlinks 0
/ru/precio-liposuccion-espana/,301,/precio-liposuccion-espana/,301,,,legacy,0,0,Redirección que ya existe hoy · GSC 3m: 0 clics / 110 impr · backlinks 0
/de/liposuccion/,301,/de/fettabsaugung-barcelona/,301,,,legacy,0,0,Redirección que ya existe hoy · GSC 3m: 0 clics / 102 impr · backlinks 0 · destino resuelto sin cadena
/de/quitar-costillas-flotantes/,301,/quitar-costillas-flotantes/,301,,,legacy,0,0,Redirección que ya existe hoy · GSC 3m: 0 clics / 120 impr · backlinks 0
/it/come-eliminare-il-grasso-addominale/,301,/como-eliminar-grasa-abdominal/,301,,,legacy,0,0,Redirección que ya existe hoy · GSC 3m: 0 clics / 292 impr · backlinks 0
/ca/recuperacio-abdominoplastia/,301,/abdominoplastia-recuperacion/,301,,,legacy,0,0,Redirección que ya existe hoy · GSC 3m: 0 clics / 206 impr · backlinks 0
/nl/cuanto-duran-protesis-pecho/,301,/cuanto-duran-protesis-pecho/,301,,,legacy,0,0,Redirección que ya existe hoy · GSC 3m: 0 clics / 220 impr · backlinks 0
/nl/precio-liposuccion-espana/,301,/precio-liposuccion-espana/,301,,,legacy,0,0,Redirección que ya existe hoy · GSC 3m: 0 clics / 395 impr · backlinks 0
/de/hipertrofia-labios-menores/,301,/hipertrofia-labios-menores/,301,,,legacy,0,0,Redirección que ya existe hoy · GSC 3m: 0 clics / 170 impr · backlinks 0
/it/lifting-facial-barcelona/,301,/it/lifting-facciale-barcellona/,301,,,legacy,0,0,Redirección que ya existe hoy · GSC 3m: 0 clics / 162 impr · backlinks 0
/uk/que-es-bichectomia/,301,/que-es-bichectomia/,301,,,legacy,0,0,Redirección que ya existe hoy · GSC 3m: 0 clics / 359 impr · backlinks 0
/it/precio-aumento-pecho-barcelona/,301,/precio-aumento-pecho-barcelona/,301,,,legacy,0,0,Redirección que ya existe hoy · GSC 3m: 0 clics / 122 impr · backlinks 0
/uk/que-es-un-bbl-brazilian-butt-lift/,301,/que-es-un-bbl-brazilian-butt-lift/,301,,,legacy,0,0,Redirección que ya existe hoy · GSC 3m: 0 clics / 897 impr · backlinks 0
/de/reduccion-de-mama/,301,/de/brustverkleinerung/,301,,,legacy,0,0,Redirección que ya existe hoy · GSC 3m: 0 clics / 135 impr · backlinks 0
/en/rhinoplasty-men-before-and-after/,301,/rinoplastia-hombre-antes-y-despues/,301,,,legacy,0,0,Redirección que ya existe hoy · GSC 3m: 0 clics / 213 impr · backlinks 0
/uk/cirugia-intima/,301,/uk/%d1%85%d1%96%d1%80%d1%83%d1%80%d0%b3%d1%96%d1%8f-%d1%96%d0%bd%d1%82%d0%b8%d0%bc%d0%bd%d0%b8%d1%85-%d0%be%d1%80%d0%b3%d0%b0%d0%bd%d1%96%d0%b2/,301,,,legacy,0,0,Redirección que ya existe hoy · GSC 3m: 0 clics / 103 impr · backlinks 0
/it/liposuccion-precio/,301,/it/prezzo-della-liposuzione/,301,,,legacy,0,0,Redirección que ya existe hoy · GSC 3m: 0 clics / 126 impr · backlinks 0
/fr/rinoplastia-ultrasonica-precio/,301,/fr/prix-de-la-rhinoplastie-a-ultrasons/,301,,,legacy,0,0,Redirección que ya existe hoy · GSC 3m: 0 clics / 132 impr · backlinks 0
/ru/rinoplastia/,301,/ru/%d1%80%d0%b8%d0%bd%d0%be%d0%bf%d0%bb%d0%b0%d1%81%d1%82%d0%b8%d0%ba%d0%b0/,301,,,legacy,0,0,Redirección que ya existe hoy · GSC 3m: 0 clics / 164 impr · backlinks 0
/ca/liposuccio/,301,/ca/liposuccio-barcelona/,301,,,legacy,0,0,Responde 200 pero no está en sitemap ni en el rastreo (huérfana/duplicada de slug sin traducir): decidir mantener o 301 · GSC 3m: 0 clics / 733 impr · backlinks 0 · OK Oscar 27/09: 301 a equivalente
/ru/liposuccion/,301,/ru/%D0%BB%D0%B8%D0%BF%D0%BE%D1%81%D0%B0%D0%BA%D1%86%D0%B8%D1%8F-%D0%B1%D0%B0%D1%80%D1%81%D0%B5%D0%BB%D0%BE%D0%BD%D0%B0/,301,,,legacy,0,0,Responde 200 pero no está en sitemap ni en el rastreo (huérfana/duplicada de slug sin traducir): decidir mantener o 301 · GSC 3m: 0 clics / 231 impr · backlinks 0 · OK Oscar 27/09: 301 a equivalente
/ca/botox/,301,/ca/,301,,,legacy,2,0,Hoy da 404 y Google la sigue mostrando: proponer 301 a su equivalente · GSC 3m: 0 clics / 0 impr · backlinks 2 · OK Oscar 27/09: 301 a equivalente
/lifting-facial/,301,/lifting-facial-barcelona/,301,,,legacy,2,0,Redirección que ya existe hoy · GSC 3m: 0 clics / 0 impr · backlinks 2
/ca/rinoplastia-ultrasonica-precio/,301,/ca/preu-rinoplastia-ultrasonica/,301,,,legacy,1,0,Redirección que ya existe hoy · GSC 3m: 0 clics / 0 impr · backlinks 1
/medicina-estetica/,301,/,301,,,legacy,1,0,Hoy da 404 y Google la sigue mostrando: proponer 301 a su equivalente · GSC 3m: 0 clics / 0 impr · backlinks 1 · OK Oscar 27/09: 301 a equivalente
/de/fettabsaugung/,301,/de/fettabsaugung-barcelona/,301,,,legacy,0,0,"Huérfana 200 (duplicado de slug de /liposuccion/), mismo criterio que uk/ru/ca · OK Oscar 27/09"
